brand_key,campaign_key,group_key,year,month,impressions,reach,clicks,sales,family,budget,cost,contribution,_merge,matched
,aon tajamar 2026,CRM,2026,1,0.0,9954.0,0.0,0.0,,,,,left_only,False
,black marzo 2026,CRM,2026,4,0.0,653646.0,0.0,0.0,,,,,left_only,False
,push flobal,CRM,2026,3,0.0,308738.0,0.0,0.0,,,,,left_only,False
,sin campana,CRM,2025,12,0.0,50232.0,0.0,0.0,,,,,left_only,False
,tactcio marzo tajamar 2026,CRM,2026,3,0.0,117176.0,226.0,0.0,,,,,left_only,False
,venta final enero 2026,CRM,2026,2,0.0,53902.0,0.0,0.0,,,,,left_only,False
3m,,Otros,2026,5,40352.0,0.0,9.0,0.0,,,,,left_only,False
3m,6189516 009379,CRM,2023,5,0.0,98983.0,135.0,11374842.0,,,,,left_only,False
3m,6189516 010187,CRM,2023,7,0.0,54157.0,8225.0,5184602.0,,,,,left_only,False
3m,6189516 010315,CRM,2023,7,0.0,101966.0,133.0,3527228.0,,,,,left_only,False
3m,6189516 010432,CRM,2023,8,0.0,27506.0,4931.0,2602167.0,,,,,left_only,False
3m,6189516 010517,CRM,2023,8,0.0,101302.0,97.0,4087349.0,,,,,left_only,False
3m,6189516 010670,CRM,2023,8,0.0,54044.0,6198.0,3388824.0,,,,,left_only,False
3m,6189516 011796,CRM,2023,11,0.0,50139.0,4364.0,1981412.0,,,,,left_only,False
3m,aon febrero,Retail Display,2026,2,76935.0,0.0,32.0,0.0,FERRETERIA,200000.0,160000.0,40000.0,both,True
3m,aon febrero,Sponsored Products,2026,2,2787.0,0.0,44.0,29430.0,FERRETERIA,250000.0,206000.0,44000.0,both,True
3m,aon marzo,Retail Display,2026,3,76942.0,0.0,30.0,0.0,FERRETERIA,200000.0,160000.0,40000.0,both,True
3m,aon marzo,Retail Display,2026,4,76933.0,0.0,32.0,0.0,,,,,left_only,False
3m,aon marzo,Sponsored Products,2026,3,0.0,0.0,0.0,9990.0,FERRETERIA,154659.0,127439.0,27220.0,both,True
3m,awt7iqbdx,CRM,2024,1,0.0,101711.0,1138.0,5250484.0,,,,,left_only,False
3m,black week,Retail Display,2026,3,45890.0,0.0,17.0,0.0,,,,,left_only,False
3m,black week,Retail Display,2026,4,31041.0,0.0,14.0,0.0,,,,,left_only,False
3m,black week,Sponsored Products,2026,3,0.0,0.0,0.0,4580.0,,,,,left_only,False
3m,plqjlg3ar,CRM,2024,2,0.0,101635.0,344.0,4699622.0,,,,,left_only,False
3m,tlwatiikm,CRM,2024,3,0.0,102042.0,209.0,7705564.0,,,,,left_only,False
3m,zbvfyq0od,CRM,2024,1,0.0,103578.0,1142.0,5753196.0,,,,,left_only,False
3m command,,Retail Display,2025,11,159650.0,0.0,96.0,0.0,,,,,left_only,False
3m scotch,montaje,Retail Display,2025,8,86275.0,0.0,77.0,0.0,,,,,left_only,False
3m scotch,montaje,Retail Display,2025,9,82196.0,0.0,78.0,0.0,,,,,left_only,False
3m scotch,montaje,Retail Display,2025,10,81143.0,0.0,75.0,0.0,,,,,left_only,False
3m scotch,tc,Retail Display,2025,8,165097.0,0.0,128.0,0.0,,,,,left_only,False
3m scotchgard,lanzamiento scotchgard,Meta,2025,8,255656.0,0.0,4804.0,0.0,,,,,left_only,False
3m scotchgard,lanzamiento scotchgard,Retail Display,2025,8,126481.0,0.0,131.0,0.0,,,,,left_only,False
3m scotchgard,lanzamiento scotchgard,Retail Display,2025,9,122992.0,0.0,69.0,0.0,,,,,left_only,False
ad clean,limpieza parrillas,Retail Display,2025,8,38240.0,0.0,39.0,0.0,,,,,left_only,False
ad clean,limpieza parrillas,Retail Display,2025,9,166323.0,0.0,168.0,0.0,,,,,left_only,False
adclean,2r6oojht4,CRM,2025,8,0.0,101368.0,538.0,251670.0,,,,,left_only,False
adepac,59epv5hf1,CRM,2024,4,0.0,100756.0,285.0,426481.0,,,,,left_only,False
agorex,1crbn9h7z,CRM,2024,11,0.0,101226.0,260.0,2581517.0,,,,,left_only,False
agorex,2wstwsg a,CRM,2025,7,0.0,294819.0,824.0,8394010.0,,,,,left_only,False
agorex,370kdwpsz,CRM,2024,4,0.0,1120533.0,32187.0,11573523.0,,,,,left_only,False
agorex,44fcnwlrw,CRM,2024,8,0.0,101276.0,128.0,4508596.0,,,,,left_only,False
agorex,6189516 008623,CRM,2023,3,0.0,17221.0,52.0,1134474.0,,,,,left_only,False
agorex,6189516 008648,CRM,2023,3,0.0,53998.0,8091.0,478378.0,,,,,left_only,False
agorex,6189516 008753,CRM,2023,4,0.0,100939.0,141.0,451552.0,,,,,left_only,False
agorex,6189516 008785,CRM,2023,4,0.0,101169.0,99.0,489310.0,,,,,left_only,False
agorex,6189516 008827,CRM,2023,4,0.0,54070.0,6162.0,384622.0,,,,,left_only,False
agorex,6189516 009286,CRM,2023,5,0.0,101318.0,67.0,1130953.0,,,,,left_only,False
agorex,6189516 010226,CRM,2023,7,0.0,53893.0,7705.0,986642.0,,,,,left_only,False
agorex,6189516 010350,CRM,2023,7,0.0,103856.0,672.0,1412855.0,,,,,left_only,False
agorex,6189516 010444,CRM,2023,8,0.0,101821.0,461.0,952424.0,,,,,left_only,False
agorex,6189516 010711,CRM,2023,8,0.0,27724.0,5411.0,1450233.0,,,,,left_only,False
agorex,6189516 010721,CRM,2023,8,0.0,79702.0,1002.0,1275680.0,,,,,left_only,False
agorex,6189516 011507,CRM,2023,10,0.0,52406.0,205.0,903627.0,,,,,left_only,False
agorex,6189516 011510,CRM,2023,10,0.0,52229.0,227.0,269801.0,,,,,left_only,False
agorex,6189516 011573,CRM,2023,10,0.0,101792.0,352.0,598717.0,,,,,left_only,False
agorex,6189516 011664,CRM,2023,11,0.0,50815.0,4314.0,437192.0,,,,,left_only,False
agorex,6189516 011954,CRM,2023,11,0.0,100202.0,346.0,385779.0,,,,,left_only,False
agorex,6189516 011973,CRM,2023,11,0.0,27809.0,4678.0,615073.0,,,,,left_only,False
agorex,6189516 012070,CRM,2023,11,0.0,101307.0,394.0,1231442.0,,,,,left_only,False
agorex,6189516 012089,CRM,2023,12,0.0,53978.0,4849.0,667173.0,,,,,left_only,False
agorex,6189516 012106,CRM,2023,12,0.0,85480.0,137.0,3060294.0,,,,,left_only,False
agorex,6h49g04th,CRM,2024,10,0.0,84075.0,222.0,2707631.0,,,,,left_only,False
agorex,6jzirgtkb,CRM,2024,1,0.0,65506.0,298.0,3024892.0,,,,,left_only,False
agorex,7yklawwib,CRM,2024,9,0.0,288.0,6.0,3328051.0,,,,,left_only,False
agorex,81lwhzncz,CRM,2024,6,0.0,59287.0,2758.0,1698393.0,,,,,left_only,False
agorex,a9pftjpy9,CRM,2024,4,0.0,54111.0,2396.0,1054916.0,,,,,left_only,False
agorex,alkjqtdev,CRM,2024,3,0.0,101350.0,314.0,1531292.0,,,,,left_only,False
agorex,aon abril henkel 2026,CRM,2026,4,0.0,329654.0,0.0,25291289.0,PINTURA Y ACCESORIOS,1305000.0,27586.0,1277414.0,both,True
agorex,aon febrero,CRM,2026,2,0.0,1199220.0,0.0,115180104.0,PINTURA Y ACCESORIOS,1305000.0,76190.0,1228810.0,both,True
agorex,aon marzo henkel 2026,Sponsored Products,2026,3,165545.0,0.0,3277.0,3256114.0,PINTURA Y ACCESORIOS,500000.0,412000.0,88000.0,both,True
agorex,bnqp1n74t,CRM,2025,6,0.0,54124.0,266.0,3638344.0,,,,,left_only,False
agorex,bpgssdkja,CRM,2024,7,0.0,102398.0,284.0,4742760.0,,,,,left_only,False
agorex,c5eeqtqls,CRM,2025,4,0.0,53903.0,365.0,796527.0,,,,,left_only,False
agorex,cm7i2xrxn,CRM,2024,8,0.0,101119.0,550.0,4627001.0,,,,,left_only,False
agorex,cyber day,Retail Display,2024,6,296320.0,0.0,666.0,0.0,,,,,left_only,False
agorex,fdnix oqj,CRM,2024,8,0.0,100010.0,157.0,5015957.0,,,,,left_only,False
agorex,fqclldcow,CRM,2024,4,0.0,100827.0,219.0,886447.0,,,,,left_only,False
agorex,fwhvrxzx8,CRM,2024,12,0.0,54018.0,1861.0,967827.0,,,,,left_only,False
agorex,fys0nvo4h,CRM,2024,10,0.0,91742.0,210.0,2434702.0,,,,,left_only,False
agorex,ghq2rr6lv,CRM,2024,4,0.0,51801.0,1427.0,918272.0,,,,,left_only,False
agorex,gkbdg5spt,CRM,2025,3,0.0,324172.0,1762.0,5310817.0,,,,,left_only,False
agorex,hakeqeui9,CRM,2024,11,0.0,65769.0,258.0,3305015.0,,,,,left_only,False
agorex,hv8cv es7,CRM,2025,4,0.0,53994.0,342.0,359340.0,,,,,left_only,False
agorex,iaqfavmfa,CRM,2024,8,0.0,57.0,2.0,649075.0,,,,,left_only,False
agorex,ionm0xejr,CRM,2024,10,0.0,79535.0,276.0,2092738.0,,,,,left_only,False
agorex,iw1mc71df,CRM,2025,2,0.0,101909.0,348.0,1305746.0,,,,,left_only,False
agorex,jjvdscybr,CRM,2024,9,0.0,83342.0,215.0,4138629.0,,,,,left_only,False
agorex,jkentefpq,CRM,2025,7,0.0,101287.0,387.0,3932097.0,,,,,left_only,False
agorex,jzl5pdxty,CRM,2024,9,0.0,101912.0,155.0,3141932.0,,,,,left_only,False
agorex,msqv5oz q,CRM,2024,8,0.0,101106.0,259.0,2592037.0,,,,,left_only,False
agorex,nj1nas54o,CRM,2025,7,0.0,54070.0,254.0,1441666.0,,,,,left_only,False
agorex,ouzjk9vke,CRM,2024,4,0.0,51591.0,51.0,629911.0,,,,,left_only,False
agorex,oypofwfxx,CRM,2024,4,0.0,53885.0,2911.0,1654542.0,,,,,left_only,False
agorex,qbthrtben,CRM,2025,3,0.0,101906.0,277.0,1733048.0,,,,,left_only,False
agorex,qvfkscuwj,CRM,2024,2,0.0,55717.0,242.0,3388890.0,,,,,left_only,False
agorex,roq dqowd,CRM,2024,6,0.0,27711.0,1817.0,1033579.0,,,,,left_only,False
agorex,sag7tdr c,CRM,2025,8,0.0,53957.0,214.0,1177970.0,,,,,left_only,False
agorex,tuxtummcs,CRM,2025,6,0.0,25430.0,363.0,1946492.0,,,,,left_only,False
agorex,vms2uiqc1,CRM,2024,8,0.0,54140.0,2113.0,1554227.0,,,,,left_only,False
agorex,wdl2dfcyh,CRM,2024,11,0.0,74795.0,216.0,1352582.0,,,,,left_only,False
agorex,x,CRM,2024,9,0.0,28066.0,2033.0,765180.0,,,,,left_only,False
agorex,xxy2d7mqy,CRM,2025,7,0.0,53959.0,242.0,1625481.0,,,,,left_only,False
agorex,y3xsf8avc,CRM,2024,7,0.0,1121376.0,29313.0,16224134.0,,,,,left_only,False
agorex,yyqjvqykg,CRM,2025,5,0.0,54038.0,325.0,841407.0,,,,,left_only,False
agrocommerce,aon febrero 2026,Meta,2026,2,393943.0,0.0,29274.0,486270.0,,,,,left_only,False
agrocommerce,aon febrero 2026,Meta,2026,3,317415.0,0.0,25243.0,536384.0,,,,,left_only,False
agrocommerce,aseo,Google,2025,5,56668.0,0.0,1467.0,0.0,,,,,left_only,False
agrocommerce,aseo,Google,2025,6,15606.0,0.0,483.0,0.0,,,,,left_only,False
agrocommerce dr beckmann,aseo,Retail Display,2025,4,190071.0,0.0,519.0,0.0,,,,,left_only,False
agrocommerce dr beckmann,black friday,Retail Display,2025,11,32227.0,0.0,57.0,0.0,,,,,left_only,False
agrocommerce dr beckmann,black friday,Retail Display,2025,12,5187.0,0.0,9.0,0.0,,,,,left_only,False
agrocommerce dr beckmann,black week,Retail Display,2026,3,7792.0,0.0,16.0,0.0,,,,,left_only,False
agrocommerce dr beckmann,black week,Retail Display,2026,4,69138.0,0.0,88.0,0.0,,,,,left_only,False
agrocommerce dr beckmann,cyber day,Retail Display,2025,6,74612.0,0.0,178.0,0.0,,,,,left_only,False
agrocommerce drbeckmann,cyber monday,Retail Display,2025,10,54626.0,0.0,139.0,0.0,,,,,left_only,False
agrocommerce vileda,,Retail Display,2025,4,200674.0,0.0,712.0,0.0,,,,,left_only,False
agrocommerce vileda,aseo,Retail Display,2024,10,31349.0,0.0,141.0,0.0,,,,,left_only,False
agrocommerce vileda,aseo,Retail Display,2024,11,130182.0,0.0,571.0,0.0,,,,,left_only,False
agrocommerce vileda,black friday,Retail Display,2025,11,65082.0,0.0,180.0,0.0,,,,,left_only,False
agrocommerce vileda,black friday,Retail Display,2025,12,28540.0,0.0,114.0,0.0,,,,,left_only,False
agrocommerce vileda,black week,Retail Display,2026,4,38469.0,0.0,108.0,0.0,,,,,left_only,False
agrocommerce vileda,cyber day,Retail Display,2025,6,113224.0,0.0,486.0,0.0,,,,,left_only,False
agrocommerce vileda,cyber monday,Meta,2025,10,114756.0,0.0,6046.0,0.0,,,,,left_only,False
agrocommerce vileda,cyber monday,Meta,2025,11,78039.0,0.0,4393.0,0.0,,,,,left_only,False
agrocommerce vileda,cyber monday,Meta,2025,12,50578.0,0.0,2273.0,0.0,,,,,left_only,False
agrocommerce vileda,cyber monday,Retail Display,2024,9,14645.0,0.0,84.0,0.0,,,,,left_only,False
agrocommerce vileda,cyber monday,Retail Display,2024,10,136082.0,0.0,236.0,0.0,,,,,left_only,False
agrocommerce vileda,cyber monday,Retail Display,2025,10,109530.0,0.0,493.0,0.0,,,,,left_only,False
airolite,5ebjvcv6k,CRM,2024,12,0.0,102091.0,456.0,4895752.0,,,,,left_only,False
airolite,6189516 009614,CRM,2023,5,0.0,27497.0,4598.0,334192.0,,,,,left_only,False
airolite,black friday,Retail Display,2025,11,57786.0,0.0,110.0,0.0,,,,,left_only,False
airolite,black friday,Retail Display,2025,12,38268.0,0.0,68.0,0.0,,,,,left_only,False
airolite,dxu2b7rty,CRM,2025,1,0.0,101663.0,583.0,2730874.0,,,,,left_only,False
airolite,wx9vdbxfo,CRM,2024,8,0.0,101098.0,365.0,358940.0,,,,,left_only,False
airwick,5dwgcygcl,CRM,2025,6,0.0,26.0,2.0,329111.0,,,,,left_only,False
airwick,aromatizadores navidad,Retail Display,2024,11,101722.0,0.0,348.0,0.0,,,,,left_only,False
airwick,aromatizadores navidad,Retail Display,2024,12,356471.0,0.0,723.0,0.0,,,,,left_only,False
airwick,navidad,Retail Display,2025,12,109112.0,0.0,161.0,0.0,,,,,left_only,False
airwick,zjwoxqrfi,CRM,2025,4,0.0,101196.0,331.0,1077336.0,,,,,left_only,False
aislan,briilfbgr,CRM,2025,7,0.0,2.0,2.0,101980.0,,,,,left_only,False
aislan,hazlo todo con volcan,Sponsored Products,2026,3,0.0,0.0,0.0,306012.0,,,,,left_only,False
aislan,jthsxnccb,CRM,2025,2,0.0,1.0,1.0,313440.0,,,,,left_only,False
aislan,lqwka052t,CRM,2025,2,0.0,8.0,0.0,912497.0,,,,,left_only,False
aislan,zpy2ximbo,CRM,2025,3,0.0,9.0,0.0,925454.0,,,,,left_only,False
aislanglass,6189516 009037,CRM,2023,4,0.0,11001.0,1644.0,0.0,,,,,left_only,False
aislanglass,6189516 009043,CRM,2023,4,0.0,50000.0,6690.0,1853798.0,,,,,left_only,False
aislanglass,6189516 011717,CRM,2023,11,0.0,101053.0,258.0,2676797.0,,,,,left_only,False
aislanglass,6189516 011818,CRM,2023,11,0.0,101929.0,308.0,2509006.0,,,,,left_only,False
aislanglass,6189516 012048,CRM,2023,11,0.0,100035.0,292.0,2413218.0,,,,,left_only,False
aislanglass,6189516 012211,CRM,2023,12,0.0,99268.0,156.0,920500.0,,,,,left_only,False
aislanglass,6189516 012336,CRM,2023,12,0.0,101132.0,300.0,3625651.0,,,,,left_only,False
aislanglass,black marzo 2026,CRM,2026,3,0.0,33.0,1.0,4355170.0,,,,,left_only,False
aislanglass,black week,Sponsored Products,2026,3,23373.0,0.0,666.0,3116960.0,,,,,left_only,False
aislanglass,briilfbgr,CRM,2025,7,0.0,101155.0,643.0,1917305.0,,,,,left_only,False
aislanglass,campana hazlo todo con volcan,CRM,2026,4,0.0,10148.0,5.0,12681760.0,,,,,left_only,False
aislanglass,fcg8pybxs,CRM,2025,8,0.0,101177.0,15.0,512186.0,,,,,left_only,False
aislanglass,hazlo todo con volcan,Sponsored Products,2026,3,13537.0,0.0,266.0,205960.0,,,,,left_only,False
aislanglass,hazlo todo con volcan,Sponsored Products,2026,4,23057.0,0.0,600.0,296324.0,,,,,left_only,False
aislanglass,lanzamiento,CRM,2025,12,0.0,18.0,0.0,1147243.0,,,,,left_only,False
aislanglass,njkzr0uq5,CRM,2025,7,0.0,54057.0,234.0,86580.0,,,,,left_only,False
aislanglass,omyrauxr5,CRM,2024,1,0.0,53807.0,5758.0,2445490.0,,,,,left_only,False
aislanglass,p2ymelhze,CRM,2025,7,0.0,54029.0,237.0,204238.0,,,,,left_only,False
aislanglass,sin campana,CRM,2025,12,0.0,32.0,1.0,2017732.0,,,,,left_only,False
aiwa,6189516 007594,CRM,2023,1,0.0,101653.0,172.0,500473.0,,,,,left_only,False
aiwa,6189516 007705,CRM,2023,1,0.0,101596.0,207.0,169670.0,,,,,left_only,False
albin trotter,aon marzo 2026 albin trotter,Sponsored Products,2026,3,82149.0,0.0,1410.0,12591060.0,BANOS Y COCINAS,400000.0,329600.0,70400.0,both,True
albin trotter,black week,Sponsored Products,2026,3,138558.0,0.0,2266.0,17840680.0,,,,,left_only,False
alcazar,,Otros,2026,5,247214.0,0.0,317.0,0.0,,,,,left_only,False
alcazar,,Retail Display,2025,5,216864.0,0.0,720.0,0.0,,,,,left_only,False
alcazar,,Retail Display,2025,6,207856.0,0.0,722.0,0.0,,,,,left_only,False
alcazar,,Retail Display,2025,7,225887.0,0.0,1079.0,0.0,,,,,left_only,False
alcazar,2soxjbvo2,CRM,2024,5,0.0,53992.0,3080.0,16364712.0,,,,,left_only,False
alcazar,5kato2dya,CRM,2024,5,0.0,102135.0,658.0,8183677.0,,,,,left_only,False
alcazar,6pzgen8dh,CRM,2024,6,0.0,101215.0,347.0,8300369.0,,,,,left_only,False
alcazar,8tamdwta4,CRM,2025,7,0.0,101326.0,624.0,5304850.0,,,,,left_only,False
alcazar,ao,Google,2025,5,179329.0,0.0,3209.0,0.0,,,,,left_only,False
alcazar,ao,Google,2025,6,5271.0,0.0,130.0,0.0,,,,,left_only,False
alcazar,aon alcazar,Retail Display,2026,4,302836.0,0.0,230.0,0.0,,,,,left_only,False
alcazar,aon alcazar,Retail Display,2026,5,81781.0,0.0,90.0,0.0,,,,,left_only,False
alcazar,black marzo alcazar 2026,CRM,2026,4,0.0,329550.0,0.0,14821645.0,ELECTROHOGAR,1000000.0,27586.0,972414.0,both,True
alcazar,black week,Sponsored Products,2026,3,186212.0,0.0,3326.0,17879740.0,,,,,left_only,False
alcazar,calefaccion,Retail Display,2024,6,309959.0,0.0,1502.0,0.0,,,,,left_only,False
alcazar,co brand,Retail Display,2024,5,164641.0,0.0,948.0,0.0,,,,,left_only,False
alcazar,electrohogar,Retail Display,2025,4,230780.0,0.0,656.0,0.0,,,,,left_only,False
alcazar,hch7fu2zz,CRM,2024,6,0.0,102062.0,612.0,5144277.0,,,,,left_only,False
alcazar,idqo2mqq9,CRM,2024,5,0.0,100207.0,368.0,5098118.0,,,,,left_only,False
alcazar,llxm tnxf,CRM,2025,7,0.0,101185.0,689.0,1534950.0,,,,,left_only,False
alcazar,oyhj1bavn,CRM,2024,6,0.0,106274.0,321.0,9377835.0,,,,,left_only,False
alcazar,tqlunytsv,CRM,2024,4,0.0,66912.0,266.0,10016750.0,,,,,left_only,False
alcazar,tw5e2elwz,CRM,2024,6,0.0,102764.0,301.0,7392910.0,,,,,left_only,False
alcazar,u3mvu mko,CRM,2024,5,0.0,101037.0,645.0,13458900.0,,,,,left_only,False
alcazar,wmajmwx3v,CRM,2025,4,0.0,101066.0,648.0,6714760.0,,,,,left_only,False
alex,fax2pycmu,CRM,2025,7,0.0,31.0,0.0,241812.0,,,,,left_only,False
amerplast,,Retail Display,2026,1,59814.0,0.0,116.0,0.0,,,,,left_only,False
amerplast,,Retail Display,2026,2,94028.0,0.0,194.0,0.0,,,,,left_only,False
amerplast,cyber monday,Sponsored Products,2025,10,128672.0,0.0,375.0,0.0,,,,,left_only,False
amerplast,ijnxjn0 k,CRM,2024,1,0.0,49599.0,236.0,1319523.0,,,,,left_only,False
amerplast,rt8zrytlh,CRM,2024,1,0.0,49322.0,221.0,1905621.0,,,,,left_only,False
amesti,aon amesti,Otros,2026,5,18555.0,0.0,27.0,0.0,,,,,left_only,False
amesti,black week,Retail Display,2025,3,48542.0,0.0,230.0,0.0,,,,,left_only,False
amesti,black week,Retail Display,2025,4,142348.0,0.0,226.0,0.0,,,,,left_only,False
amesti,black week,Sponsored Products,2026,3,98821.0,0.0,2532.0,53759230.0,,,,,left_only,False
amesti,cyber day,Retail Display,2025,6,115615.0,0.0,462.0,0.0,,,,,left_only,False
amesti,zylspsqzh,CRM,2024,5,0.0,101686.0,233.0,26552723.0,,,,,left_only,False
anasac,6189516 008871,CRM,2023,4,0.0,61214.0,125.0,5579252.0,,,,,left_only,False
anasac,6189516 011705,CRM,2023,11,0.0,101226.0,308.0,10753047.0,,,,,left_only,False
anasac,cyperkill,Retail Display,2025,11,114730.0,0.0,149.0,0.0,,,,,left_only,False
anasac,cyperkill,Retail Display,2025,12,124270.0,0.0,138.0,0.0,,,,,left_only,False
anasac,nuevos zectos,Retail Display,2024,10,478519.0,0.0,391.0,0.0,,,,,left_only,False
anasac,q5skwlorg,CRM,2025,11,0.0,53942.0,0.0,3206931.0,,,,,left_only,False
anasac,repelentes,Google,2025,12,28771.0,0.0,1086.0,55550.0,,,,,left_only,False
anasac fellini goofy,felliny goofy,Retail Display,2026,5,307785.0,0.0,85.0,0.0,,,,,left_only,False
anasac fellini goofy,tactico felliny goofy febrero 2026,Retail Display,2026,2,27436.0,0.0,23.0,0.0,,,,,left_only,False
anasac fellini goofy,tactico felliny goofy febrero 2026,Retail Display,2026,3,280256.0,0.0,93.0,0.0,,,,,left_only,False
anasac rastop,rastop,Retail Display,2026,5,322157.0,0.0,99.0,0.0,,,,,left_only,False
anasac traper,regalones de la casa,Retail Display,2025,6,85958.0,0.0,78.0,0.0,,,,,left_only,False
anasac traper,regalones de la casa,Retail Display,2025,7,43140.0,0.0,69.0,0.0,,,,,left_only,False
anasac traper,regalones de la casa,Retail Display,2025,8,56459.0,0.0,84.0,0.0,,,,,left_only,False
anasac traper,regalones de la casa,Retail Display,2025,9,5423.0,0.0,4.0,0.0,,,,,left_only,False
anasac trapper,cyber day,Retail Display,2025,6,206597.0,0.0,502.0,0.0,,,,,left_only,False
anasac zecto,repelente insectos,Retail Display,2025,2,222018.0,0.0,123.0,0.0,,,,,left_only,False
anasac zecto,repelente insectos,Retail Display,2025,3,14178.0,0.0,15.0,0.0,,,,,left_only,False
anasac zecto,repelentes,Google,2025,12,30333.0,0.0,1070.0,88970.0,,,,,left_only,False
angelgres,aon marzo 2026,Sponsored Products,2026,3,17082.0,0.0,395.0,335267.0,,,,,left_only,False
angelgres,tactico febrero 2026,Sponsored Products,2026,2,27999.0,0.0,510.0,418514.0,,,,,left_only,False
aquaplast,fysdombdr,CRM,2024,12,0.0,102128.0,295.0,38980.0,,,,,left_only,False
aquaplast,mjd1j61en,CRM,2025,1,0.0,102106.0,488.0,207900.0,,,,,left_only,False
ar shelving,bts febrero 2026,Sponsored Products,2026,2,3440.0,0.0,16.0,0.0,,,,,left_only,False
ar shelving,bts marzo 2026,Sponsored Products,2026,3,3958.0,0.0,45.0,59990.0,,,,,left_only,False
arielle pisoforte,kj bzyql8,CRM,2025,3,0.0,1.0,0.0,139662.0,,,,,left_only,False
armor all,4omb9tcwd,CRM,2024,8,0.0,5246.0,0.0,16970.0,,,,,left_only,False
armor all,b9td76ydp,CRM,2025,2,0.0,22.0,2.0,108360.0,,,,,left_only,False
armor all,jikcdv03v,CRM,2025,2,0.0,101994.0,619.0,67450.0,,,,,left_only,False
armor all,n4r0tjrky,CRM,2024,8,0.0,46656.0,192.0,51248.0,,,,,left_only,False
atlantic,6189516 009925,CRM,2023,6,0.0,101085.0,114.0,349980.0,,,,,left_only,False
atom,qnlqbnhgx,CRM,2024,2,0.0,101711.0,440.0,184840.0,,,,,left_only,False
aura,aon marzo ninja 2026,Sponsored Products,2026,3,11922.0,0.0,248.0,24990.0,,,,,left_only,False
aura,aon ninja,Sponsored Products,2026,4,6302.0,0.0,86.0,0.0,,,,,left_only,False
aura,black week,Sponsored Products,2026,3,2245.0,0.0,23.0,0.0,,,,,left_only,False
aura,electroweek marzo 2026,Sponsored Products,2026,2,3128.0,0.0,31.0,0.0,,,,,left_only,False
austone,black friday,Retail Display,2025,11,69189.0,0.0,271.0,0.0,,,,,left_only,False
austone,black friday,Retail Display,2025,12,52686.0,0.0,99.0,0.0,,,,,left_only,False
austone,hfdvt5ysu,CRM,2024,9,0.0,51550.0,2297.0,4989357.0,,,,,left_only,False
austone,kotyhrpfo,CRM,2025,9,0.0,17.0,0.0,1422090.0,,,,,left_only,False
austone,m41p1yhxn,CRM,2025,9,0.0,33.0,2.0,2834434.0,,,,,left_only,False
austone,rbieiruh,CRM,2024,12,0.0,53962.0,1729.0,2106087.0,,,,,left_only,False
austone,xa jpvlmh,CRM,2025,1,0.0,35.0,1.0,3861704.0,,,,,left_only,False
austone,zdk5mo bj,CRM,2024,1,0.0,40753.0,3908.0,3237240.0,,,,,left_only,False
autoplanet austone,cyber monday,Retail Display,2025,10,127866.0,0.0,523.0,0.0,,,,,left_only,False
autoplanet austone kumho hankook autostyle,sobre ruedas 2026,Retail Display,2026,1,299070.0,0.0,517.0,0.0,,,,,left_only,False
autostyle,0liw1rkjw,CRM,2025,1,0.0,2484.0,10.0,33752598.0,,,,,left_only,False
autostyle,6189516 007925,CRM,2023,1,0.0,101377.0,463.0,18435299.0,,,,,left_only,False
autostyle,jikcdv03v,CRM,2025,2,0.0,1679.0,11.0,20912345.0,,,,,left_only,False
b d multimarca,cyber day,Retail Display,2025,6,308859.0,0.0,1746.0,0.0,,,,,left_only,False
bata industrials,lwlurfown,CRM,2024,3,0.0,53974.0,3200.0,977274.0,,,,,left_only,False
bata industrials,qushbwla9,CRM,2024,3,0.0,99597.0,605.0,2139823.0,,,,,left_only,False
bauker,ojepykjxv,CRM,2025,4,0.0,1181.0,9.0,31642442.0,,,,,left_only,False
bbq grill,6189516 008554,CRM,2023,3,0.0,47612.0,5802.0,219990.0,,,,,left_only,False
bbq grill,6189516 009316,CRM,2023,5,0.0,1125858.0,101142.0,2923800.0,,,,,left_only,False
bbq grill,6189516 010739,CRM,2023,8,0.0,101487.0,96.0,0.0,,,,,left_only,False
bbq grill,aon febrero 2026,Sponsored Products,2026,2,86772.0,0.0,1890.0,9229600.0,AIRE LIBRE,800000.0,659200.0,140800.0,both,True
bbq grill,aon marzo 2026,Sponsored Products,2026,3,84815.0,0.0,2236.0,11059440.0,AIRE LIBRE,500000.0,412000.0,88000.0,both,True
bbq grill,black week,Sponsored Products,2026,3,53568.0,0.0,1430.0,10959520.0,,,,,left_only,False
behnke,x,CRM,2024,10,0.0,211367.0,124.0,0.0,,,,,left_only,False
behnkehome,cyber monday,Retail Display,2024,9,45619.0,0.0,256.0,0.0,,,,,left_only,False
behnkehome,cyber monday,Retail Display,2024,10,228227.0,0.0,543.0,0.0,,,,,left_only,False
belsogno,6189516 012295,CRM,2023,12,0.0,53929.0,3728.0,390930.0,,,,,left_only,False
belsogno,aon febrero 2026,Sponsored Products,2026,2,0.0,0.0,0.0,199990.0,,,,,left_only,False
belsogno,aon febrero muebles 2026,Sponsored Products,2026,2,0.0,0.0,0.0,399980.0,,,,,left_only,False
belsogno,aon marzo 2026,Sponsored Products,2026,3,0.0,0.0,0.0,58690.0,,,,,left_only,False
belsogno,black week,Sponsored Products,2026,3,0.0,0.0,0.0,129980.0,,,,,left_only,False
beox,cyber monday,Meta,2025,10,69892.0,0.0,1181.0,0.0,,,,,left_only,False
beox,cyber monday,Retail Display,2025,10,108717.0,0.0,198.0,0.0,,,,,left_only,False
beox,hnytxsxjp,CRM,2025,10,0.0,106293.0,231.0,5990.0,,,,,left_only,False
beox,qgqueumod,CRM,2025,10,0.0,106142.0,65.0,0.0,,,,,left_only,False
bertex,cyber day,Retail Display,2024,6,294669.0,0.0,1225.0,0.0,,,,,left_only,False
bil jac,black week,Sponsored Products,2026,3,10108.0,0.0,27.0,9381.0,,,,,left_only,False
bil jac,ofnyhn00c,CRM,2024,7,0.0,6.0,0.0,38250.0,,,,,left_only,False
bio bio,6189516 008920,CRM,2023,4,0.0,53857.0,8848.0,1196763.0,,,,,left_only,False
bio bio,6189516 009070,CRM,2023,4,0.0,60000.0,6818.0,1448661.0,,,,,left_only,False
bio bio,dhf9i6nfd,CRM,2024,12,0.0,18231.0,71.0,1848199.0,,,,,left_only,False
bio piscinas,6189516 012274,CRM,2023,12,0.0,101320.0,141.0,1273040.0,,,,,left_only,False
bio piscinas,6189516 012352,CRM,2023,12,0.0,101250.0,201.0,816952.0,,,,,left_only,False
black decker,,CRM,2025,7,0.0,65.0,0.0,124150.0,,,,,left_only,False
black decker,,CRM,2025,8,0.0,280.0,0.0,1310555.0,,,,,left_only,False
black decker,,CRM,2025,9,0.0,400.0,0.0,2269791.0,,,,,left_only,False
black decker,,CRM,2025,10,0.0,761.0,0.0,2349783.0,,,,,left_only,False
black decker,,CRM,2025,11,0.0,472.0,0.0,3513766.0,,,,,left_only,False
black decker,,CRM,2025,12,0.0,463.0,0.0,1375835.0,,,,,left_only,False
black decker,,CRM,2026,1,0.0,426.0,0.0,868680.0,,,,,left_only,False
black decker,,CRM,2026,2,0.0,361.0,0.0,1982001.0,,,,,left_only,False
black decker,,CRM,2026,3,0.0,477.0,0.0,1519956.0,,,,,left_only,False
black decker,,CRM,2026,4,0.0,802.0,0.0,4440950.0,,,,,left_only,False
black decker,,CRM,2026,5,0.0,484.0,0.0,982148.0,,,,,left_only,False
black decker,2iwm2louf,CRM,2024,8,0.0,96.0,3.0,4434084.0,,,,,left_only,False
black decker,3hdtbjpun,CRM,2024,4,0.0,75.0,7.0,2932886.0,,,,,left_only,False
black decker,3jw60weq3,CRM,2024,6,0.0,113.0,8.0,4671788.0,,,,,left_only,False
black decker,5we3vqee1,CRM,2024,10,0.0,290.0,3.0,10149915.0,,,,,left_only,False
black decker,6189516 008011,CRM,2023,2,0.0,101264.0,158.0,896549.0,,,,,left_only,False
black decker,6189516 008482,CRM,2023,3,0.0,100560.0,122.0,1945680.0,,,,,left_only,False
black decker,6189516 008571,CRM,2023,3,0.0,51526.0,28.0,86160.0,,,,,left_only,False
black decker,6189516 008572,CRM,2023,3,0.0,51535.0,36.0,242140.0,,,,,left_only,False
black decker,6189516 008689,CRM,2023,4,0.0,100936.0,111.0,587607.0,,,,,left_only,False
black decker,6189516 008767,CRM,2023,4,0.0,100677.0,141.0,571420.0,,,,,left_only,False
black decker,6189516 008890,CRM,2023,4,0.0,101122.0,132.0,5452685.0,,,,,left_only,False
black decker,6189516 009157,CRM,2023,5,0.0,102096.0,261.0,3707049.0,,,,,left_only,False
black decker,6189516 009239,CRM,2023,5,0.0,101793.0,172.0,2984552.0,,,,,left_only,False
black decker,6189516 009410,CRM,2023,5,0.0,102148.0,155.0,1350843.0,,,,,left_only,False
black decker,6189516 009516,CRM,2023,5,0.0,105223.0,226.0,4050701.0,,,,,left_only,False
black decker,6189516 009722,CRM,2023,6,0.0,101198.0,122.0,1987518.0,,,,,left_only,False
black decker,6189516 010040,CRM,2023,7,0.0,101245.0,143.0,5121016.0,,,,,left_only,False
black decker,6189516 010136,CRM,2023,7,0.0,101138.0,107.0,1903310.0,,,,,left_only,False
black decker,6189516 010247,CRM,2023,7,0.0,11988.0,0.0,2116100.0,,,,,left_only,False
black decker,6189516 010569,CRM,2023,8,0.0,101233.0,140.0,3913573.0,,,,,left_only,False
black decker,6189516 010700,CRM,2023,8,0.0,101197.0,307.0,6207724.0,,,,,left_only,False
black decker,6189516 011161,CRM,2023,10,0.0,86890.0,209.0,1491612.0,,,,,left_only,False
black decker,6189516 011469,CRM,2023,10,0.0,101210.0,361.0,6546358.0,,,,,left_only,False
black decker,84gcu iwn,CRM,2024,6,0.0,657.0,39.0,28630739.0,,,,,left_only,False
black decker,8gmcikf2v,CRM,2024,7,0.0,41.0,8.0,3637260.0,,,,,left_only,False
black decker,94ml3y6q2,CRM,2024,8,0.0,111.0,2.0,8925292.0,,,,,left_only,False
black decker,aon trigger,CRM,2025,7,0.0,6059.0,0.0,690558.0,,,,,left_only,False
black decker,aon trigger,CRM,2025,8,0.0,19419.0,0.0,2468452.0,,,,,left_only,False
black decker,aon trigger,CRM,2025,9,0.0,22711.0,0.0,4440187.0,,,,,left_only,False
black decker,aon trigger,CRM,2025,10,0.0,36832.0,0.0,6871396.0,,,,,left_only,False
black decker,aon trigger,CRM,2025,11,0.0,23640.0,0.0,6341032.0,,,,,left_only,False
black decker,aon trigger,CRM,2025,12,0.0,21612.0,0.0,5483166.0,,,,,left_only,False
black decker,aon trigger,CRM,2026,1,0.0,16844.0,0.0,2932655.0,,,,,left_only,False
black decker,aon trigger,CRM,2026,2,0.0,15643.0,0.0,3358338.0,HERRAMIENTAS Y MAQUINARIAS,750000.0,0.0,750000.0,both,True
black decker,aon trigger,CRM,2026,3,0.0,21086.0,0.0,3859080.0,HERRAMIENTAS Y MAQUINARIAS,750000.0,0.0,750000.0,both,True
black decker,aon trigger,CRM,2026,4,0.0,25507.0,0.0,3060872.0,HERRAMIENTAS Y MAQUINARIAS,750000.0,0.0,750000.0,both,True
black decker,aon trigger,CRM,2026,5,0.0,17663.0,0.0,1437338.0,HERRAMIENTAS Y MAQUINARIAS,750000.0,0.0,750000.0,both,True
black decker,b8oxmltzx,CRM,2024,9,0.0,101219.0,717.0,8995616.0,,,,,left_only,False
black decker,bgg0qoxuh,CRM,2024,5,0.0,246.0,8.0,10839650.0,,,,,left_only,False
black decker,bkgoghi8n,CRM,2024,12,0.0,102419.0,595.0,7808554.0,,,,,left_only,False
black decker,cyber day,Retail Display,2024,6,251524.0,0.0,1419.0,0.0,,,,,left_only,False
black decker,delhdb08f,CRM,2024,8,0.0,100.0,4.0,8179494.0,,,,,left_only,False
black decker,fdxp4lieu,CRM,2024,12,0.0,223.0,7.0,9006323.0,,,,,left_only,False
black decker,hkwir8tva,CRM,2024,4,0.0,101272.0,1216.0,8378959.0,,,,,left_only,False
black decker,igznwqqlm,CRM,2025,10,0.0,87.0,2.0,2931939.0,,,,,left_only,False
black decker,iyttkq5xe,CRM,2024,7,0.0,40.0,1.0,3171578.0,,,,,left_only,False
black decker,jar66174,CRM,2024,6,0.0,196.0,196.0,8220153.0,,,,,left_only,False
black decker,k6cswmzdn,CRM,2025,10,0.0,106254.0,169.0,1429499.0,,,,,left_only,False
black decker,mqwwjmtxe,CRM,2025,6,0.0,39.0,0.0,1972338.0,,,,,left_only,False
black decker,puv70awa1,CRM,2024,7,0.0,168.0,3.0,7082510.0,,,,,left_only,False
black decker,rv0ldwfsl,CRM,2025,4,0.0,58.0,1.0,3178281.0,,,,,left_only,False
black decker,s4mbmyqe,CRM,2024,6,0.0,85.0,1.0,3947236.0,,,,,left_only,False
black decker,slj5ggg2m,CRM,2025,6,0.0,106186.0,296.0,3750069.0,,,,,left_only,False
black decker,tuximoitq,CRM,2024,4,0.0,101114.0,740.0,5408381.0,,,,,left_only,False
black decker,uyfszoicv,CRM,2024,7,0.0,81609.0,479.0,6497436.0,,,,,left_only,False
black decker,x,CRM,2024,9,0.0,315.0,15.0,11879168.0,,,,,left_only,False
black decker,x,CRM,2024,10,0.0,450.0,15.0,16246856.0,,,,,left_only,False
black decker,xvj9rdtwd,CRM,2024,9,0.0,90.0,7.0,3572683.0,,,,,left_only,False
black decker,xxxxxx,CRM,2024,9,0.0,124.0,3.0,5146534.0,,,,,left_only,False
black decker,ziewzt5gv,CRM,2025,5,0.0,82.0,12.0,3523818.0,,,,,left_only,False
black decker stanley,cyber day,Retail Display,2024,6,201975.0,0.0,906.0,0.0,,,,,left_only,False
black deckers dewalt,tactica,Retail Display,2025,5,105248.0,0.0,336.0,0.0,,,,,left_only,False
black deckers dewalt,tactica,Retail Display,2025,6,90206.0,0.0,339.0,0.0,,,,,left_only,False
black deckers dewalt stanley,black week,Retail Display,2025,3,69628.0,0.0,356.0,0.0,,,,,left_only,False
black deckers dewalt stanley,black week,Retail Display,2025,4,64717.0,0.0,342.0,0.0,,,,,left_only,False
black deckers dewalt stanley,black week,Retail Display,2026,3,115333.0,0.0,185.0,0.0,,,,,left_only,False
black deckers dewalt stanley,black week,Retail Display,2026,4,76990.0,0.0,128.0,0.0,,,,,left_only,False
blanik,aon marzo ventus 2026,Sponsored Products,2026,3,0.0,0.0,0.0,17990.0,,,,,left_only,False
bosca,,Otros,2026,5,53856.0,0.0,62.0,0.0,,,,,left_only,False
bosca,6189516 008188,CRM,2023,2,0.0,101524.0,308.0,4779890.0,,,,,left_only,False
bosca,6189516 008338,CRM,2023,3,0.0,101324.0,194.0,18100320.0,,,,,left_only,False
bosca,6189516 009829,CRM,2023,6,0.0,1126030.0,79989.0,83035587.0,,,,,left_only,False
bosca,6189516 010249,CRM,2023,7,0.0,45005.0,6052.0,5430060.0,,,,,left_only,False
bosca,6189516 010958,CRM,2023,9,0.0,53926.0,5697.0,733690.0,,,,,left_only,False
bosca,ao,Google,2025,5,206715.0,0.0,3174.0,2088723.0,,,,,left_only,False
bosca,ao,Google,2025,6,274798.0,0.0,4908.0,6884800.0,,,,,left_only,False
bosca,ao,Google,2025,7,143727.0,0.0,2485.0,747064.0,,,,,left_only,False
bosca,ao,Google,2025,8,48251.0,0.0,772.0,169990.0,,,,,left_only,False
bosca,aon abril bosca 2026,CRM,2026,4,0.0,462593.0,341.0,79099690.0,ELECTROHOGAR,1550000.0,55172.0,1494828.0,both,True
bosca,aon bosca,Sponsored Products,2026,4,56911.0,0.0,952.0,7319870.0,,,,,left_only,False
bosca,aon febrero 2026,CRM,2026,2,0.0,101154.0,136.0,15947793.0,ELECTROHOGAR,950000.0,76190.0,873810.0,both,True
bosca,aon marzo bosca 2026,CRM,2026,3,0.0,303483.0,501.0,89497788.0,ELECTROHOGAR,950000.0,53333.0,896667.0,both,True
bosca,aon marzo bosca 2026,Retail Display,2026,3,107467.0,0.0,121.0,0.0,ELECTROHOGAR,200000.0,160000.0,40000.0,both,True
bosca,aon marzo bosca 2026,Sponsored Products,2026,3,88052.0,0.0,1805.0,24209560.0,ELECTROHOGAR,500000.0,412000.0,88000.0,both,True
bosca,aon mayo bosca 2026,CRM,2026,5,0.0,465636.0,531.0,67569698.0,ELECTROHOGAR,2340000.0,123076.0,2216924.0,both,True
bosca,b3worb kb,CRM,2025,9,0.0,101386.0,489.0,5755976.0,,,,,left_only,False
bosca,black marzo bosca 2026,CRM,2026,3,0.0,321375.0,0.0,90445827.0,,,,,left_only,False
bosca,black week,Retail Display,2025,3,85425.0,0.0,452.0,0.0,,,,,left_only,False
bosca,black week,Retail Display,2025,4,142147.0,0.0,623.0,0.0,,,,,left_only,False
bosca,calefaccion,Retail Display,2025,4,89484.0,0.0,312.0,0.0,,,,,left_only,False
bosca,calefaccion,Retail Display,2025,6,65101.0,0.0,174.0,0.0,,,,,left_only,False
bosca,calefaccion,Retail Display,2025,7,123271.0,0.0,353.0,0.0,,,,,left_only,False
bosca,cb3ubzrl5,CRM,2024,5,0.0,101252.0,361.0,27610982.0,,,,,left_only,False
bosca,co brand,Retail Display,2024,5,86145.0,0.0,430.0,0.0,,,,,left_only,False
bosca,cyber day,Retail Display,2024,6,200327.0,0.0,1272.0,0.0,,,,,left_only,False
bosca,cyber monday,Retail Display,2024,9,71946.0,0.0,386.0,0.0,,,,,left_only,False
bosca,cyber monday,Retail Display,2024,10,173008.0,0.0,299.0,0.0,,,,,left_only,False
bosca,enxobdrt8,CRM,2024,5,0.0,101306.0,553.0,13705416.0,,,,,left_only,False
bosca,ko2lzizzx,CRM,2025,7,0.0,53944.0,255.0,2927349.0,,,,,left_only,False
bosca,oabnlgw3z,CRM,2025,4,0.0,101294.0,359.0,18670173.0,,,,,left_only,False
bosca,pr3gbvibp,CRM,2025,9,0.0,101402.0,360.0,2428007.0,,,,,left_only,False
bosca,semana parrilla,Retail Display,2025,9,204110.0,0.0,574.0,0.0,,,,,left_only,False
bosca,u9rmlbgqo,CRM,2025,8,0.0,53938.0,222.0,3306838.0,,,,,left_only,False
bosca,uu4neoozc,CRM,2024,4,0.0,101341.0,591.0,19481758.0,,,,,left_only,False
bosca,vkahspunb,CRM,2024,5,0.0,15718.0,1733.0,17365605.0,,,,,left_only,False
bosca,wzw7ef0 q,CRM,2025,7,0.0,30502.0,229.0,3538818.0,,,,,left_only,False
bosca atlantic,calefaccion,Retail Display,2025,5,101218.0,0.0,146.0,0.0,,,,,left_only,False
bosca atlantic,calefaccion,Retail Display,2025,6,15614.0,0.0,21.0,0.0,,,,,left_only,False
bosch,0liw1rkjw,CRM,2025,1,0.0,101249.0,431.0,11422430.0,,,,,left_only,False
bosch,14bzbbrr8,CRM,2025,2,0.0,102058.0,715.0,18332626.0,,,,,left_only,False
bosch,5kawzo19g,CRM,2024,11,0.0,83040.0,326.0,19461379.0,,,,,left_only,False
bosch,6189516 007862,CRM,2023,1,0.0,101257.0,156.0,10539473.0,,,,,left_only,False
bosch,6189516 008327,CRM,2023,3,0.0,101370.0,140.0,13512842.0,,,,,left_only,False
bosch,6189516 008478,CRM,2023,3,0.0,101101.0,165.0,15520486.0,,,,,left_only,False
bosch,6189516 008732,CRM,2023,3,0.0,27755.0,10077.0,12249802.0,,,,,left_only,False
bosch,6189516 008760,CRM,2023,4,0.0,30580.0,0.0,5378958.0,,,,,left_only,False
bosch,6189516 008768,CRM,2023,4,0.0,101180.0,199.0,8004870.0,,,,,left_only,False
bosch,6189516 008792,CRM,2023,4,0.0,53656.0,7806.0,9099047.0,,,,,left_only,False
bosch,6189516 008793,CRM,2023,4,0.0,54019.0,4028.0,3058862.0,,,,,left_only,False
bosch,6189516 009024,CRM,2023,4,0.0,52473.0,162.0,6767922.0,,,,,left_only,False
bosch,6189516 009025,CRM,2023,4,0.0,52356.0,138.0,7091122.0,,,,,left_only,False
bosch,6189516 009075,CRM,2023,4,0.0,45997.0,49.0,0.0,,,,,left_only,False
bosch,6189516 009092,CRM,2023,4,0.0,50428.0,76.0,0.0,,,,,left_only,False
bosch,6189516 009191,CRM,2023,5,0.0,101947.0,189.0,9095513.0,,,,,left_only,False
bosch,6189516 009283,CRM,2023,5,0.0,101447.0,123.0,9600547.0,,,,,left_only,False
bosch,6189516 009393,CRM,2023,5,0.0,105351.0,330.0,7778111.0,,,,,left_only,False
bosch,6189516 009409,CRM,2023,5,0.0,105320.0,145.0,7366382.0,,,,,left_only,False
bosch,6189516 009509,CRM,2023,5,0.0,105433.0,158.0,4373348.0,,,,,left_only,False
bosch,6189516 009527,CRM,2023,5,0.0,105343.0,235.0,20981274.0,,,,,left_only,False
bosch,6189516 009530,CRM,2023,5,0.0,105151.0,149.0,6054091.0,,,,,left_only,False
bosch,6189516 009620,CRM,2023,5,0.0,979585.0,90037.0,135547807.0,,,,,left_only,False
bosch,6189516 010180,CRM,2023,7,0.0,101299.0,173.0,17591349.0,,,,,left_only,False
bosch,6189516 010288,CRM,2023,7,0.0,102011.0,205.0,13852447.0,,,,,left_only,False
bosch,6189516 010353,CRM,2023,7,0.0,13463.0,0.0,9137515.0,,,,,left_only,False
bosch,6189516 010753,CRM,2023,8,0.0,101897.0,455.0,12365093.0,,,,,left_only,False
bosch,6189516 010996,CRM,2023,9,0.0,102020.0,119.0,9420591.0,,,,,left_only,False
bosch,6189516 011117,CRM,2023,9,0.0,20592.0,78.0,21969020.0,,,,,left_only,False
bosch,6189516 011118,CRM,2023,9,0.0,81015.0,327.0,16731835.0,,,,,left_only,False
bosch,6189516 011141,CRM,2023,10,0.0,105272.0,219.0,6826046.0,,,,,left_only,False
bosch,6189516 011158,CRM,2023,10,0.0,105437.0,320.0,4918958.0,,,,,left_only,False
bosch,6189516 011293,CRM,2023,9,0.0,101068.0,137.0,4820596.0,,,,,left_only,False
bosch,6189516 011312,CRM,2023,10,0.0,36861.0,3920.0,7717098.0,,,,,left_only,False
bosch,6189516 011331,CRM,2023,10,0.0,12712.0,0.0,3782533.0,,,,,left_only,False
bosch,6189516 011534,CRM,2023,10,0.0,98386.0,390.0,24930658.0,,,,,left_only,False
bosch,6189516 011750,CRM,2023,11,0.0,101297.0,464.0,20554806.0,,,,,left_only,False
bosch,6189516 011853,CRM,2023,11,0.0,101294.0,516.0,26298078.0,,,,,left_only,False
bosch,6189516 012023,CRM,2023,11,0.0,53844.0,5700.0,14086722.0,,,,,left_only,False
bosch,9jywcgj5l,CRM,2025,6,0.0,106197.0,337.0,12195198.0,,,,,left_only,False
bosch,a05qciajx,CRM,2024,1,0.0,99225.0,622.0,16964986.0,,,,,left_only,False
bosch,abril herramientas mil,CRM,2026,4,0.0,208000.0,0.0,58908472.0,HERRAMIENTAS Y MAQUINARIAS,0.0,27586.0,-27586.0,both,True
bosch,always on,Google,2025,3,118139.0,0.0,2027.0,0.0,,,,,left_only,False
bosch,amvu42pfo,CRM,2025,3,0.0,5045.0,0.0,1346867.0,,,,,left_only,False
bosch,aon junkers,Sponsored Products,2026,4,71787.0,0.0,768.0,6901331.0,,,,,left_only,False
bosch,aon marzo junkers 2026,Sponsored Products,2026,3,74801.0,0.0,1353.0,15764950.0,,,,,left_only,False
bosch,aon pro q1,Sponsored Products,2026,2,14627.0,0.0,343.0,1254730.0,HERRAMIENTAS Y MAQUINARIAS,150000.0,123600.0,26400.0,both,True
bosch,avurdscbn,CRM,2024,11,0.0,101343.0,1072.0,15482703.0,,,,,left_only,False
bosch,b6lm8ssev,CRM,2025,1,0.0,101325.0,1074.0,19695589.0,,,,,left_only,False
bosch,black week,Retail Display,2025,3,12280.0,0.0,21.0,0.0,,,,,left_only,False
bosch,black week,Retail Display,2025,4,108678.0,0.0,328.0,0.0,,,,,left_only,False
bosch,bosch days,Retail Display,2024,7,735691.0,0.0,4926.0,0.0,,,,,left_only,False
bosch,cicxhoowd,CRM,2025,6,0.0,29960.0,314.0,10642542.0,,,,,left_only,False
bosch,co brand,Google,2024,9,39438.0,0.0,850.0,0.0,,,,,left_only,False
bosch,co brand,Google,2024,10,75929.0,0.0,2288.0,0.0,,,,,left_only,False
bosch,co brand,Meta,2024,3,709839.0,0.0,22853.0,0.0,,,,,left_only,False
bosch,co brand,Meta,2024,4,2088660.0,0.0,68680.0,0.0,,,,,left_only,False
bosch,co brand,Meta,2024,5,1508048.0,0.0,44660.0,0.0,,,,,left_only,False
bosch,co brand,Meta,2024,6,706977.0,0.0,18139.0,0.0,,,,,left_only,False
bosch,co brand,Meta,2024,7,1354545.0,0.0,27822.0,0.0,,,,,left_only,False
bosch,co brand,Meta,2024,8,698078.0,0.0,11285.0,0.0,,,,,left_only,False
bosch,co brand,Meta,2024,9,315466.0,0.0,9960.0,0.0,,,,,left_only,False
bosch,co brand,Meta,2024,10,1095708.0,0.0,50868.0,0.0,,,,,left_only,False
bosch,co brand,Meta,2024,11,370443.0,0.0,14834.0,0.0,,,,,left_only,False
bosch,concurso abre gana,Retail Display,2024,10,3892.0,0.0,6.0,0.0,,,,,left_only,False
bosch,concurso cupon,Retail Display,2024,12,165659.0,0.0,860.0,0.0,,,,,left_only,False
bosch,cudsrvik,CRM,2024,7,0.0,101237.0,910.0,17804846.0,,,,,left_only,False
bosch,cupon,Retail Display,2025,2,151460.0,0.0,725.0,0.0,,,,,left_only,False
bosch,cupon,Retail Display,2025,3,2336.0,0.0,9.0,0.0,,,,,left_only,False
bosch,cxzpj slc,CRM,2025,2,0.0,101402.0,814.0,14858430.0,,,,,left_only,False
bosch,cyber day,Meta,2024,6,429269.0,0.0,1670.0,0.0,,,,,left_only,False
bosch,cyber day,Retail Display,2024,6,502200.0,0.0,4087.0,0.0,,,,,left_only,False
bosch,cyber day,Retail Display,2025,6,234229.0,0.0,1265.0,0.0,,,,,left_only,False
bosch,cyber monday,Retail Display,2024,9,304038.0,0.0,2175.0,0.0,,,,,left_only,False
bosch,cyber monday,Retail Display,2024,10,493140.0,0.0,2157.0,0.0,,,,,left_only,False
bosch,czv7hypm2,CRM,2025,10,0.0,106378.0,292.0,10107368.0,,,,,left_only,False
bosch,d roctf7f,CRM,2024,10,0.0,101949.0,585.0,13251939.0,,,,,left_only,False
bosch,d6shz21ky,CRM,2025,3,0.0,27366.0,202.0,18077477.0,,,,,left_only,False
bosch,dgshi1gzq,CRM,2024,11,0.0,95047.0,391.0,11535286.0,,,,,left_only,False
bosch,dmjbpc3vx,CRM,2024,7,0.0,52600.0,522.0,18734714.0,,,,,left_only,False
bosch,e7f3je07b,CRM,2024,1,0.0,101179.0,618.0,14448869.0,,,,,left_only,False
bosch,ebeb4xmjc,CRM,2024,4,0.0,89782.0,715.0,19566051.0,,,,,left_only,False
bosch,emnncsesd,CRM,2024,3,0.0,101200.0,550.0,40786935.0,,,,,left_only,False
bosch,er1mhdwvr,CRM,2024,7,0.0,62096.0,236.0,24280558.0,,,,,left_only,False
bosch,fq8le4ncl,CRM,2024,4,0.0,100968.0,422.0,12142128.0,,,,,left_only,False
bosch,fwogda9mn,CRM,2025,10,0.0,106115.0,216.0,6834082.0,,,,,left_only,False
bosch,g0fpcfp4b,CRM,2024,4,0.0,54004.0,3139.0,13858982.0,,,,,left_only,False
bosch,gf81nugx7,CRM,2025,4,0.0,101268.0,755.0,19589379.0,,,,,left_only,False
bosch,herramientas,Retail Display,2024,9,213749.0,0.0,916.0,0.0,,,,,left_only,False
bosch,hidrolavadoras,Meta,2024,10,2946680.0,0.0,30674.0,0.0,,,,,left_only,False
bosch,hidrolavadoras,Retail Display,2024,7,133711.0,0.0,343.0,0.0,,,,,left_only,False
bosch,hidrolavadoras,Retail Display,2024,8,85914.0,0.0,172.0,0.0,,,,,left_only,False
bosch,hidrolavadoras,Retail Display,2024,10,117723.0,0.0,226.0,0.0,,,,,left_only,False
bosch,hz5fbbnh5,CRM,2024,11,0.0,47213.0,1956.0,14175160.0,,,,,left_only,False
bosch,ib1gnzpua,CRM,2024,10,0.0,101390.0,529.0,13569411.0,,,,,left_only,False
bosch,igbqkxnuz,CRM,2024,6,0.0,106161.0,220.0,2879184.0,,,,,left_only,False
bosch,j zjsa9l0,CRM,2025,3,0.0,26942.0,215.0,11207390.0,,,,,left_only,False
bosch,jlubalayd,CRM,2024,7,0.0,99038.0,1049.0,25926142.0,,,,,left_only,False
bosch,knygbvn4u,CRM,2025,6,0.0,106095.0,195.0,11894061.0,,,,,left_only,False
bosch,kpousfg4a,CRM,2025,3,0.0,26883.0,412.0,7895705.0,,,,,left_only,False
bosch,kv rvsvdw,CRM,2024,10,0.0,85616.0,1225.0,29468614.0,,,,,left_only,False
bosch,kw3f5dmiw,CRM,2025,3,0.0,27129.0,433.0,12283253.0,,,,,left_only,False
bosch,lgysartrs,CRM,2024,4,0.0,97286.0,842.0,20190520.0,,,,,left_only,False
bosch,maletines,Retail Display,2025,1,182733.0,0.0,854.0,0.0,,,,,left_only,False
bosch,maletines,Retail Display,2025,2,16210.0,0.0,119.0,0.0,,,,,left_only,False
bosch,mas verde,Retail Display,2024,8,147530.0,0.0,397.0,0.0,,,,,left_only,False
bosch,mas verde,Retail Display,2025,8,127533.0,0.0,363.0,0.0,,,,,left_only,False
bosch,mes del maestro,CRM,2026,3,0.0,240496.0,1160.0,299790112.0,HERRAMIENTAS Y MAQUINARIAS,0.0,53333.0,-53333.0,both,True
bosch,mewsnwfhj,CRM,2025,8,0.0,27065.0,275.0,13978529.0,,,,,left_only,False
bosch,nivelacion,Retail Display,2025,5,81250.0,0.0,131.0,0.0,,,,,left_only,False
bosch,nivelacion,Retail Display,2025,6,55512.0,0.0,106.0,0.0,,,,,left_only,False
bosch,nnn5fiq8a,CRM,2024,6,0.0,4933.0,0.0,5163326.0,,,,,left_only,False
bosch,ocnykz5zy,CRM,2024,12,0.0,101232.0,401.0,7973490.0,,,,,left_only,False
bosch,pktpv1csk,CRM,2024,11,0.0,101175.0,505.0,30558967.0,,,,,left_only,False
bosch,qxknnyb7q,CRM,2024,6,0.0,36054.0,2432.0,13461538.0,,,,,left_only,False
bosch,rvseu3kxx,CRM,2024,10,0.0,102195.0,513.0,23625395.0,,,,,left_only,False
bosch,srlav6wa6,CRM,2024,10,0.0,100605.0,562.0,15962451.0,,,,,left_only,False
bosch,tactico bonificado,CRM,2026,4,0.0,15675.0,0.0,13249141.0,HERRAMIENTAS Y MAQUINARIAS,0.0,27586.0,-27586.0,both,True
bosch,vm0xyghoy,CRM,2024,7,0.0,40235.0,2214.0,16980477.0,,,,,left_only,False
bosch,w45h3hewd,CRM,2024,6,0.0,106345.0,1203.0,28293436.0,,,,,left_only,False
bosch,wpfli2dgn,CRM,2024,8,0.0,102349.0,825.0,28658644.0,,,,,left_only,False
bosch,x,CRM,2024,9,0.0,110965.0,667.0,36325930.0,,,,,left_only,False
bosch,x,CRM,2024,10,0.0,242017.0,1835.0,20139407.0,,,,,left_only,False
bosch,xa jpvlmh,CRM,2025,1,0.0,428.0,7.0,9518551.0,,,,,left_only,False
bosch,zmrqzir5d,CRM,2024,11,0.0,101130.0,435.0,26216003.0,,,,,left_only,False
bosch dremel,,Retail Display,2025,11,89916.0,0.0,72.0,0.0,,,,,left_only,False
bosch dremel,,Retail Display,2025,12,30869.0,0.0,26.0,0.0,,,,,left_only,False
bosch dremel,tc,Retail Display,2025,9,170086.0,0.0,304.0,0.0,,,,,left_only,False
bosch junkers,cyber day,Retail Display,2025,6,151546.0,0.0,337.0,0.0,,,,,left_only,False
bosch junkers,ppi,Retail Display,2025,6,174632.0,0.0,277.0,0.0,,,,,left_only,False
bosch junkers,ppi,Retail Display,2025,7,85528.0,0.0,110.0,0.0,,,,,left_only,False
briggs,6189516 009134,CRM,2023,4,0.0,38317.0,53.0,116970.0,,,,,left_only,False
briggs,6189516 009141,CRM,2023,4,0.0,70323.0,100.0,14990.0,,,,,left_only,False
briggs stratton,6189516 009134,CRM,2023,4,0.0,38317.0,53.0,0.0,,,,,left_only,False
briggs stratton,6189516 009141,CRM,2023,4,0.0,70323.0,99.0,0.0,,,,,left_only,False
brother,,Retail Display,2026,3,115389.0,0.0,163.0,0.0,,,,,left_only,False
brother,0nuyxz2s6,CRM,2024,3,0.0,54013.0,3218.0,1453415.0,,,,,left_only,False
brother,6189516 008233,CRM,2023,2,0.0,101514.0,91.0,597542.0,,,,,left_only,False
brother,6189516 008635,CRM,2023,3,0.0,51776.0,78.0,164990.0,,,,,left_only,False
brother,6189516 008649,CRM,2023,3,0.0,53878.0,7081.0,596930.0,,,,,left_only,False
brother,6189516 009311,CRM,2023,5,0.0,101108.0,95.0,672190.0,,,,,left_only,False
brother,a4oghl7xk,CRM,2025,2,0.0,102051.0,236.0,2761720.0,,,,,left_only,False
brother,campana bts,CRM,2026,3,0.0,340089.0,960.0,2942700.0,CASA INTELIGENTE,1200000.0,53333.0,1146667.0,both,True
brother,cyber day,Retail Display,2024,6,193361.0,0.0,651.0,0.0,,,,,left_only,False
brother,cyber day,Retail Display,2025,6,70468.0,0.0,266.0,0.0,,,,,left_only,False
brother,cyber monday,Retail Display,2024,9,35630.0,0.0,128.0,0.0,,,,,left_only,False
brother,cyber monday,Retail Display,2024,10,131256.0,0.0,268.0,0.0,,,,,left_only,False
brother,cyber monday,Retail Display,2025,10,73223.0,0.0,138.0,0.0,,,,,left_only,False
brother,maquinadecoser,Retail Display,2025,12,115497.0,0.0,126.0,0.0,,,,,left_only,False
brother,semana brother,Meta,2025,9,554478.0,0.0,7016.0,0.0,,,,,left_only,False
brother,semana brother,Retail Display,2025,8,8223.0,0.0,15.0,0.0,,,,,left_only,False
brother,semana brother,Retail Display,2025,9,94957.0,0.0,146.0,0.0,,,,,left_only,False
brother,semana marca,Retail Display,2024,8,354073.0,0.0,608.0,0.0,,,,,left_only,False
bticino,6189516 010550,CRM,2023,8,0.0,101170.0,103.0,8876232.0,,,,,left_only,False
bticino,6189516 010618,CRM,2023,8,0.0,101338.0,95.0,5989375.0,,,,,left_only,False
bticino,6189516 011132,CRM,2023,9,0.0,101264.0,171.0,7540513.0,,,,,left_only,False
bticino,k6nk6zxb2,CRM,2024,11,0.0,86946.0,621.0,19875128.0,,,,,left_only,False
bticino,oinqeepry,CRM,2025,2,0.0,102312.0,585.0,13264135.0,,,,,left_only,False
bticino,rbecn7vi4,CRM,2024,11,0.0,91870.0,186.0,14946722.0,,,,,left_only,False
cachupin,9rwjtwjv9,CRM,2024,6,0.0,32.0,1.0,1045770.0,,,,,left_only,False
cachupin,a90pbbait,CRM,2025,7,0.0,3.0,0.0,56970.0,,,,,left_only,False
cachupin,fcg8pybxs,CRM,2025,8,0.0,12.0,1.0,354480.0,,,,,left_only,False
caixun,6189516 012206,CRM,2023,12,0.0,101254.0,181.0,2335975.0,,,,,left_only,False
casasegura,6189516 008137,CRM,2023,2,0.0,34184.0,5805.0,0.0,,,,,left_only,False
casasegura,6189516 008210,CRM,2023,2,0.0,12706.0,2255.0,0.0,,,,,left_only,False
cat chow,4fghjkjad,CRM,2024,6,0.0,100208.0,448.0,3491812.0,,,,,left_only,False
cat chow,6189516 009482,CRM,2023,5,0.0,52226.0,52.0,959050.0,,,,,left_only,False
cat chow,6189516 009978,CRM,2023,6,0.0,93382.0,159.0,691724.0,,,,,left_only,False
cedral,afecwy1 d,CRM,2025,10,0.0,1.0,1.0,8000.0,,,,,left_only,False
celta,,CRM,2026,2,0.0,146.0,0.0,520982.0,,,,,left_only,False
celta,,CRM,2026,3,0.0,339.0,0.0,2664921.0,,,,,left_only,False
celta,,CRM,2026,4,0.0,551.0,0.0,2774830.0,,,,,left_only,False
celta,,CRM,2026,5,0.0,230.0,0.0,1345554.0,,,,,left_only,False
celta,5nlbqjfu4,CRM,2025,11,0.0,101219.0,919.0,3728908.0,,,,,left_only,False
celta,aon diciembre,CRM,2025,12,0.0,53940.0,0.0,0.0,MUEBLES,500000.0,57143.0,442857.0,both,True
celta,aon febrero muebles 2026,Sponsored Products,2026,2,36725.0,0.0,789.0,1109960.0,MUEBLES,600000.0,494400.0,105600.0,both,True
celta,aon marzo 2026,Sponsored Products,2026,3,69247.0,0.0,1740.0,4274750.0,MUEBLES,500000.0,412000.0,88000.0,both,True
celta,aon trigger,CRM,2026,2,0.0,1591.0,0.0,0.0,MUEBLES,900000.0,0.0,900000.0,both,True
celta,aon trigger,CRM,2026,3,0.0,23153.0,0.0,6151712.0,MUEBLES,900000.0,0.0,900000.0,both,True
celta,aon trigger,CRM,2026,4,0.0,33246.0,0.0,6731290.0,,,,,left_only,False
celta,aon trigger,CRM,2026,5,0.0,26401.0,0.0,2083890.0,,,,,left_only,False
celta,black marzo 2026,CRM,2026,4,0.0,135090.0,436.0,2153384.0,MUEBLES,1500000.0,27586.0,1472414.0,both,True
celta,black week,Sponsored Products,2026,3,73138.0,0.0,2052.0,11804200.0,,,,,left_only,False
celta,blackout,Retail Display,2025,7,12940.0,0.0,33.0,0.0,,,,,left_only,False
celta,blackout,Retail Display,2025,8,108411.0,0.0,339.0,0.0,,,,,left_only,False
celta,colchonazo,CRM,2026,1,0.0,101305.0,252.0,8306997.0,MUEBLES,1500000.0,55172.0,1444828.0,both,True
celta,cyber day,Retail Display,2025,6,160668.0,0.0,526.0,0.0,,,,,left_only,False
celta,dzgpwl0db,CRM,2025,10,0.0,18446.0,171.0,4145679.0,,,,,left_only,False
celta,jcmofw7r,CRM,2025,7,0.0,101393.0,309.0,1799900.0,,,,,left_only,False
cem splendid,ac,Retail Display,2025,2,246279.0,0.0,889.0,0.0,,,,,left_only,False
cem splendid,black week,Retail Display,2026,3,100250.0,0.0,77.0,0.0,,,,,left_only,False
cem splendid,black week,Retail Display,2026,4,53597.0,0.0,41.0,0.0,,,,,left_only,False
cem splendid,cyber day,Retail Display,2025,6,122104.0,0.0,381.0,0.0,,,,,left_only,False
cem splendid,cyber monday,Retail Display,2025,10,119864.0,0.0,324.0,0.0,,,,,left_only,False
cem splendid,renovaciones,Retail Display,2025,3,104195.0,0.0,148.0,0.0,,,,,left_only,False
cem splendid rheem,,Otros,2026,5,135873.0,0.0,106.0,0.0,,,,,left_only,False
ceresita,0s1xjs ah,CRM,2025,9,0.0,101360.0,360.0,20328628.0,,,,,left_only,False
ceresita,0te5hrjxa,CRM,2025,8,0.0,54061.0,244.0,7357587.0,,,,,left_only,False
ceresita,6189516 007965,CRM,2023,2,0.0,100817.0,201.0,24739519.0,,,,,left_only,False
ceresita,6189516 008983,CRM,2023,4,0.0,101495.0,112.0,11758513.0,,,,,left_only,False
ceresita,6189516 009297,CRM,2023,5,0.0,101199.0,109.0,13212245.0,,,,,left_only,False
ceresita,6189516 010720,CRM,2023,8,0.0,79564.0,97.0,19835451.0,,,,,left_only,False
ceresita,9j9xl2gbh,CRM,2025,9,0.0,101185.0,360.0,12910217.0,,,,,left_only,False
ceresita,bjro0feiq,CRM,2025,8,0.0,101367.0,240.0,16600172.0,,,,,left_only,False
ceresita,codelpa,Retail Display,2024,11,210988.0,0.0,431.0,0.0,,,,,left_only,False
ceresita,codelpa,Retail Display,2024,12,69517.0,0.0,135.0,0.0,,,,,left_only,False
ceresita,ghqpzl3lq,CRM,2025,8,0.0,53995.0,218.0,6063881.0,,,,,left_only,False
ceresita,nn2xdn4mn,CRM,2024,11,0.0,1085.0,0.0,3023630.0,,,,,left_only,False
ceresita,p8uapgzpd,CRM,2025,9,0.0,28400.0,225.0,5308186.0,,,,,left_only,False
ceresita,qyllfyzax,CRM,2025,8,0.0,101234.0,409.0,13406685.0,,,,,left_only,False
ceresita,tactico invictus 2025,CRM,2025,12,0.0,101303.0,347.0,35208124.0,,,,,left_only,False
ceresita,tcdhtkpv,CRM,2025,8,0.0,134759.0,818.0,25580004.0,,,,,left_only,False
ceresita,tp1babomr,CRM,2025,9,0.0,54037.0,208.0,5556748.0,,,,,left_only,False
ceresita,ulneg lkz,CRM,2024,3,0.0,102193.0,446.0,42431784.0,,,,,left_only,False
ceresita,xxxxxx,CRM,2024,11,0.0,1044.0,0.0,2370421.0,,,,,left_only,False
ceresita,ysfm vyhx,CRM,2024,11,0.0,94149.0,387.0,89422322.0,,,,,left_only,False
ceresita,zd7noyimo,CRM,2025,12,0.0,101472.0,364.0,31874991.0,,,,,left_only,False
ceresita,zptibzukb,CRM,2025,8,0.0,101234.0,315.0,10800472.0,,,,,left_only,False
ceys,0ja1usmzr,CRM,2024,3,0.0,102244.0,430.0,1447674.0,,,,,left_only,False
ceys,2enal9sci,CRM,2024,4,0.0,101351.0,273.0,1217027.0,,,,,left_only,False
ceys,6189516 009289,CRM,2023,5,0.0,43552.0,7888.0,1253167.0,,,,,left_only,False
ceys,6189516 009356,CRM,2023,5,0.0,101030.0,97.0,740560.0,,,,,left_only,False
ceys,6189516 009366,CRM,2023,5,0.0,54056.0,6362.0,394050.0,,,,,left_only,False
ceys,campana cinta montack,CRM,2026,4,0.0,134934.0,695.0,175697.0,FERRETERIA,1200000.0,27586.0,1172414.0,both,True
ceys,campana tv cinta montack,CRM,2025,12,0.0,22.0,0.0,328059.0,FERRETERIA,600000.0,57143.0,542857.0,both,True
ceys,co brand,Retail Display,2024,12,324293.0,0.0,357.0,0.0,,,,,left_only,False
ceys,dyxygejor,CRM,2024,12,0.0,102239.0,391.0,247781.0,,,,,left_only,False
ceys,fax2pycmu,CRM,2025,7,0.0,101188.0,455.0,203875.0,,,,,left_only,False
ceys alex montack,,Retail Display,2026,4,192327.0,0.0,110.0,0.0,,,,,left_only,False
ceys alex montack,tc,Retail Display,2025,12,11057.0,0.0,6.0,0.0,,,,,left_only,False
ceys alex montack,tc,Retail Display,2026,1,181403.0,0.0,131.0,0.0,,,,,left_only,False
ceys alex montack,tc julio,Retail Display,2025,7,174507.0,0.0,164.0,0.0,,,,,left_only,False
chakrana,6189516 011518,CRM,2023,10,0.0,98705.0,335.0,41480.0,,,,,left_only,False
champion,regalones,Retail Display,2024,5,29568.0,0.0,113.0,0.0,,,,,left_only,False
champion,regalones,Retail Display,2024,6,150886.0,0.0,493.0,0.0,,,,,left_only,False
champion,regalones,Retail Display,2024,7,352131.0,0.0,960.0,0.0,,,,,left_only,False
champion cat,8pjn0i fc,CRM,2025,7,0.0,25.0,0.0,166054.0,,,,,left_only,False
champion cat,amwj6ujkg,CRM,2024,6,0.0,83.0,0.0,674097.0,,,,,left_only,False
champion cat,jbv1xjm4r,CRM,2024,7,0.0,52.0,1.0,489979.0,,,,,left_only,False
champion cat,kxwmus55g,CRM,2024,5,0.0,91.0,0.0,755735.0,,,,,left_only,False
champion cat,pajyp7yv6,CRM,2024,7,0.0,87.0,1.0,745361.0,,,,,left_only,False
champion cat,xun2u7jvp,CRM,2025,8,0.0,31.0,1.0,282253.0,,,,,left_only,False
champion dog,6189516 009678,CRM,2023,6,0.0,101135.0,141.0,554330.0,,,,,left_only,False
champion dog,8pjn0i fc,CRM,2025,7,0.0,101178.0,279.0,2044328.0,,,,,left_only,False
champion dog,amwj6ujkg,CRM,2024,6,0.0,101180.0,575.0,2062102.0,,,,,left_only,False
champion dog,black marzo champion 2026,CRM,2026,4,0.0,70223.0,0.0,2181850.0,,,,,left_only,False
champion dog,d7isfyfpv,CRM,2025,5,0.0,116.0,1.0,1731656.0,,,,,left_only,False
champion dog,jbv1xjm4r,CRM,2024,7,0.0,101983.0,415.0,1821921.0,,,,,left_only,False
champion dog,mbccwpzp9,CRM,2025,7,0.0,3.0,0.0,49934.0,,,,,left_only,False
champion dog,pajyp7yv6,CRM,2024,7,0.0,147.0,6.0,2975293.0,,,,,left_only,False
champion dog,qlglgyfjm,CRM,2025,7,0.0,134.0,5.0,2464918.0,,,,,left_only,False
champion dog,regalones de la casa,Retail Display,2025,5,163353.0,0.0,247.0,0.0,,,,,left_only,False
champion dog,regalones de la casa,Retail Display,2025,6,141750.0,0.0,156.0,0.0,,,,,left_only,False
champion dog,regalones de la casa,Retail Display,2025,7,134559.0,0.0,184.0,0.0,,,,,left_only,False
champion dog,regalones de la casa,Retail Display,2025,8,82712.0,0.0,117.0,0.0,,,,,left_only,False
champion dog,tg5yhxjky,CRM,2025,7,0.0,6.0,0.0,93970.0,,,,,left_only,False
champion dog,xbdvs4tpp,CRM,2025,8,0.0,86.0,2.0,1432385.0,,,,,left_only,False
champion dog,xun2u7jvp,CRM,2025,8,0.0,101384.0,407.0,3146550.0,,,,,left_only,False
char broil,jpxxe hty,CRM,2024,9,0.0,101485.0,436.0,511180.0,,,,,left_only,False
chilcorrofin,4sla4i30d,CRM,2025,10,0.0,101311.0,578.0,2774864.0,,,,,left_only,False
chilcorrofin,ewe4viqrp,CRM,2025,11,0.0,2989.0,0.0,372307.0,,,,,left_only,False
chilcorrofin,lswhkqk5k,CRM,2025,11,0.0,101183.0,202.0,2087019.0,,,,,left_only,False
chilcorrofin,tactico chilcorrofin pinturas,CRM,2025,12,0.0,104280.0,390.0,3919567.0,PINTURA Y ACCESORIOS,2700000.0,57143.0,2642857.0,both,True
chilcorrofin,w9yeqnxxd,CRM,2025,11,0.0,101191.0,374.0,4645785.0,,,,,left_only,False
churu,black marzo 2026,CRM,2026,3,0.0,321380.0,18.0,573702.0,,,,,left_only,False
churu,black week,Sponsored Products,2026,3,27961.0,0.0,141.0,35886.0,,,,,left_only,False
churu,kxwmus55g,CRM,2024,5,0.0,86.0,2.0,477702.0,,,,,left_only,False
churu,ofnyhn00c,CRM,2024,7,0.0,101826.0,277.0,377887.0,,,,,left_only,False
churu,qlglgyfjm,CRM,2025,7,0.0,49.0,1.0,334597.0,,,,,left_only,False
churu,regalones,Retail Display,2024,6,66562.0,0.0,198.0,0.0,,,,,left_only,False
churu,regalones,Retail Display,2024,7,477581.0,0.0,1211.0,0.0,,,,,left_only,False
churu,tg5yhxjky,CRM,2025,7,0.0,10.0,0.0,50928.0,,,,,left_only,False
churu,xbdvs4tpp,CRM,2025,8,0.0,22.0,0.0,99672.0,,,,,left_only,False
cic,,CRM,2025,4,0.0,2036.0,0.0,55112777.0,,,,,left_only,False
cic,,CRM,2025,5,0.0,2135.0,0.0,49687154.0,,,,,left_only,False
cic,,CRM,2025,6,0.0,3578.0,0.0,76092286.0,,,,,left_only,False
cic,,CRM,2025,7,0.0,1799.0,0.0,28407620.0,,,,,left_only,False
cic,,CRM,2025,9,0.0,69227.0,0.0,71274202.0,,,,,left_only,False
cic,,CRM,2025,10,0.0,130764.0,0.0,144954392.0,,,,,left_only,False
cic,,CRM,2025,11,0.0,100593.0,0.0,83548040.0,,,,,left_only,False
cic,,CRM,2025,12,0.0,117869.0,0.0,84431070.0,,,,,left_only,False
cic,,CRM,2026,1,0.0,127102.0,0.0,115669084.0,,,,,left_only,False
cic,,CRM,2026,2,0.0,136105.0,0.0,121416475.0,,,,,left_only,False
cic,,CRM,2026,3,0.0,67012.0,0.0,63295935.0,,,,,left_only,False
cic,,CRM,2026,4,0.0,61992.0,0.0,39483578.0,,,,,left_only,False
cic,,CRM,2026,5,0.0,49708.0,0.0,26081836.0,,,,,left_only,False
cic,1cuzrva7b,CRM,2024,5,0.0,102087.0,235.0,18045138.0,,,,,left_only,False
cic,1iypemsaa,CRM,2025,8,0.0,101513.0,236.0,16777411.0,,,,,left_only,False
cic,1povqokxc,CRM,2025,11,0.0,450579.0,0.0,87595927.0,,,,,left_only,False
cic,1x7xf33bd,CRM,2025,10,0.0,106166.0,144.0,18107439.0,,,,,left_only,False
cic,3iabxglbo,CRM,2024,8,0.0,33957.0,122.0,15679381.0,,,,,left_only,False
cic,3sqs9eyaj,CRM,2025,11,0.0,54072.0,192.0,2686315.0,,,,,left_only,False
cic,3wfap0svs,CRM,2024,2,0.0,23146.0,79.0,5542780.0,,,,,left_only,False
cic,5aienic5i,CRM,2024,6,0.0,103902.0,365.0,58323601.0,,,,,left_only,False
cic,5g1eesnkq,CRM,2024,6,0.0,54103.0,1896.0,10622444.0,,,,,left_only,False
cic,5nb3lednh,CRM,2025,11,0.0,101390.0,711.0,14389065.0,,,,,left_only,False
cic,6189516 007655,CRM,2023,1,0.0,100818.0,89.0,17106881.0,,,,,left_only,False
cic,6189516 007786,CRM,2023,1,0.0,101664.0,101.0,6661983.0,,,,,left_only,False
cic,6189516 008042,CRM,2023,2,0.0,101177.0,161.0,7327764.0,,,,,left_only,False
cic,6189516 008063,CRM,2023,2,0.0,101375.0,115.0,8512551.0,,,,,left_only,False
cic,6189516 008172,CRM,2023,2,0.0,101508.0,162.0,3875772.0,,,,,left_only,False
cic,6189516 008263,CRM,2023,2,0.0,23710.0,9061.0,11777008.0,,,,,left_only,False
cic,6189516 008325,CRM,2023,3,0.0,101109.0,112.0,10743613.0,,,,,left_only,False
cic,6189516 008396,CRM,2023,3,0.0,30614.0,0.0,5680293.0,,,,,left_only,False
cic,6189516 008424,CRM,2023,3,0.0,100991.0,163.0,10802985.0,,,,,left_only,False
cic,6189516 008516,CRM,2023,3,0.0,101245.0,80.0,7344591.0,,,,,left_only,False
cic,6189516 008535,CRM,2023,3,0.0,30658.0,0.0,3157320.0,,,,,left_only,False
cic,6189516 008563,CRM,2023,3,0.0,33859.0,17.0,12068555.0,,,,,left_only,False
cic,6189516 008564,CRM,2023,3,0.0,33969.0,39.0,4026474.0,,,,,left_only,False
cic,6189516 008605,CRM,2023,3,0.0,101092.0,134.0,12291216.0,,,,,left_only,False
cic,6189516 008620,CRM,2023,3,0.0,30558.0,0.0,3102140.0,,,,,left_only,False
cic,6189516 008670,CRM,2023,3,0.0,100683.0,94.0,5617666.0,,,,,left_only,False
cic,6189516 008690,CRM,2023,4,0.0,101253.0,188.0,5744530.0,,,,,left_only,False
cic,6189516 008713,CRM,2023,3,0.0,1068526.0,95223.0,109899514.0,,,,,left_only,False
cic,6189516 009005,CRM,2023,4,0.0,51786.0,6259.0,11134862.0,,,,,left_only,False
cic,6189516 009038,CRM,2023,4,0.0,38114.0,4172.0,6120903.0,,,,,left_only,False
cic,6189516 009180,CRM,2023,5,0.0,101803.0,117.0,10683402.0,,,,,left_only,False
cic,6189516 009263,CRM,2023,5,0.0,101190.0,120.0,6866043.0,,,,,left_only,False
cic,6189516 009346,CRM,2023,5,0.0,53972.0,5741.0,13355069.0,,,,,left_only,False
cic,6189516 009407,CRM,2023,5,0.0,105275.0,130.0,27422518.0,,,,,left_only,False
cic,6189516 009437,CRM,2023,5,0.0,30718.0,0.0,5568040.0,,,,,left_only,False
cic,6189516 009504,CRM,2023,5,0.0,53953.0,6696.0,24236465.0,,,,,left_only,False
cic,6189516 009529,CRM,2023,5,0.0,105222.0,105.0,10007673.0,,,,,left_only,False
cic,6189516 009574,CRM,2023,5,0.0,52327.0,60.0,16897333.0,,,,,left_only,False
cic,6189516 009602,CRM,2023,5,0.0,26793.0,3738.0,11885979.0,,,,,left_only,False
cic,6189516 009637,CRM,2023,5,0.0,1064293.0,85796.0,183898658.0,,,,,left_only,False
cic,6189516 009812,CRM,2023,6,0.0,54181.0,5275.0,7336180.0,,,,,left_only,False
cic,6189516 009902,CRM,2023,6,0.0,81150.0,54.0,8032752.0,,,,,left_only,False
cic,6189516 010095,CRM,2023,7,0.0,101216.0,203.0,22103396.0,,,,,left_only,False
cic,6189516 010417,CRM,2023,8,0.0,1004188.0,67085.0,92593076.0,,,,,left_only,False
cic,6189516 010453,CRM,2023,8,0.0,54005.0,5280.0,8138645.0,,,,,left_only,False
cic,6189516 010693,CRM,2023,8,0.0,53965.0,5025.0,19438279.0,,,,,left_only,False
cic,6189516 010830,CRM,2023,8,0.0,54065.0,4909.0,21397440.0,,,,,left_only,False
cic,6189516 011140,CRM,2023,10,0.0,105391.0,284.0,45565561.0,,,,,left_only,False
cic,6189516 011162,CRM,2023,10,0.0,105420.0,389.0,14897332.0,,,,,left_only,False
cic,6189516 011174,CRM,2023,9,0.0,18052.0,4758.0,23916859.0,,,,,left_only,False
cic,6189516 011332,CRM,2023,10,0.0,51205.0,4717.0,17558892.0,,,,,left_only,False
cic,6189516 011365,CRM,2023,10,0.0,101302.0,6752.0,20370717.0,,,,,left_only,False
cic,6189516 011636,CRM,2023,10,0.0,54036.0,4254.0,7613837.0,,,,,left_only,False
cic,6189516 011849,CRM,2023,11,0.0,54034.0,4151.0,13799517.0,,,,,left_only,False
cic,6189516 011904,CRM,2023,11,0.0,54138.0,4595.0,17773478.0,,,,,left_only,False
cic,6189516 011959,CRM,2023,11,0.0,101117.0,195.0,16067590.0,,,,,left_only,False
cic,6189516 011972,CRM,2023,11,0.0,27592.0,4078.0,7856105.0,,,,,left_only,False
cic,6fovc1 1p,CRM,2025,6,0.0,106187.0,287.0,50612265.0,,,,,left_only,False
cic,6ugjkllx,CRM,2024,3,0.0,101891.0,411.0,21771207.0,,,,,left_only,False
cic,7 it83klq,CRM,2024,11,0.0,101125.0,324.0,40755901.0,,,,,left_only,False
cic,7yfclq7fc,CRM,2024,7,0.0,101849.0,883.0,23395554.0,,,,,left_only,False
cic,acund3dbk,CRM,2024,12,0.0,102195.0,309.0,16317180.0,,,,,left_only,False
cic,aon abril cic muebles 2026,CRM,2026,4,0.0,135314.0,855.0,17699201.0,MUEBLES,800000.0,27586.0,772414.0,both,True
cic,aon enero dormitorio,Retail Display,2026,1,192426.0,0.0,416.0,0.0,,,,,left_only,False
cic,aon enero muebles,Sponsored Products,2026,1,228669.0,0.0,4894.0,8175850.0,,,,,left_only,False
cic,aon febrero 2026,CRM,2026,1,0.0,101502.0,603.0,14097181.0,,,,,left_only,False
cic,aon febrero 2026,Sponsored Products,2026,2,144691.0,0.0,5466.0,30590880.0,MUEBLES,1000000.0,824000.0,176000.0,both,True
cic,aon febrero muebles 2026,Sponsored Products,2026,2,112544.0,0.0,2712.0,5998840.0,MUEBLES,1000000.0,824000.0,176000.0,both,True
cic,aon febrero muebles 2026,Sponsored Products,2026,3,192317.0,0.0,217.0,0.0,,,,,left_only,False
cic,aon marzo 2026,Sponsored Products,2026,3,92643.0,0.0,3014.0,22464520.0,MUEBLES,800000.0,659200.0,140800.0,both,True
cic,ayfjmivrf,CRM,2025,10,0.0,106173.0,193.0,18247131.0,,,,,left_only,False
cic,b7h6re6a3,CRM,2025,10,0.0,21451.0,131.0,8754135.0,,,,,left_only,False
cic,bbwrxnfww,CRM,2025,4,0.0,101277.0,509.0,18601251.0,,,,,left_only,False
cic,bfkczhswh,CRM,2025,6,0.0,101392.0,255.0,15310444.0,,,,,left_only,False
cic,bhr8mkxbx,CRM,2024,6,0.0,103529.0,464.0,41515434.0,,,,,left_only,False
cic,black friday,Retail Display,2025,11,277996.0,0.0,1273.0,0.0,,,,,left_only,False
cic,black friday,Retail Display,2025,12,22651.0,0.0,92.0,0.0,,,,,left_only,False
cic,black marzo cic dormitorio 2026,CRM,2026,3,0.0,324760.0,0.0,57539903.0,,,,,left_only,False
cic,black marzo cic muebles 2026,CRM,2026,3,0.0,135191.0,545.0,21032462.0,,,,,left_only,False
cic,black week,Sponsored Products,2026,3,194517.0,0.0,5960.0,25934690.0,,,,,left_only,False
cic,bts febrero 2026,CRM,2026,2,0.0,919281.0,0.0,133864161.0,MUEBLES,600000.0,76190.0,523810.0,both,True
cic,cfq5zfanz,CRM,2024,10,0.0,100712.0,447.0,8425142.0,,,,,left_only,False
cic,cibrjiw1d,CRM,2024,6,0.0,101150.0,790.0,9446245.0,,,,,left_only,False
cic,cqvnsdf0j,CRM,2024,8,0.0,33898.0,73.0,10902522.0,,,,,left_only,False
cic,cyber day,Google,2025,6,115325.0,0.0,2754.0,12075873.0,,,,,left_only,False
cic,cyber monday,Google,2025,10,121286.0,0.0,2821.0,5113678.0,,,,,left_only,False
cic,dhqcd v3d,CRM,2025,1,0.0,102123.0,393.0,17536458.0,,,,,left_only,False
cic,di1klzphb,CRM,2024,2,0.0,23764.0,80.0,4630460.0,,,,,left_only,False
cic,dormitorio,Google,2024,9,268124.0,0.0,4318.0,8741780.0,,,,,left_only,False
cic,dormitorio,Google,2024,10,383873.0,0.0,5745.0,11392743.0,,,,,left_only,False
cic,dormitorio,Google,2024,11,357729.0,0.0,6104.0,10104500.0,,,,,left_only,False
cic,dormitorio,Google,2024,12,405279.0,0.0,9163.0,15888030.0,,,,,left_only,False
cic,dormitorio,Google,2025,1,302979.0,0.0,7543.0,14297459.0,,,,,left_only,False
cic,dormitorio,Google,2025,2,266112.0,0.0,7787.0,20345061.0,,,,,left_only,False
cic,dormitorio,Google,2025,3,294016.0,0.0,7621.0,14362837.0,,,,,left_only,False
cic,dormitorio,Google,2025,4,302581.0,0.0,9285.0,12963368.0,,,,,left_only,False
cic,dormitorio,Google,2025,5,330904.0,0.0,7679.0,15042931.0,,,,,left_only,False
cic,dormitorio,Google,2025,6,312695.0,0.0,7861.0,11486834.0,,,,,left_only,False
cic,dormitorio,Google,2025,7,275531.0,0.0,8405.0,12409619.0,,,,,left_only,False
cic,dormitorio,Google,2025,8,87925.0,0.0,1806.0,1694880.0,,,,,left_only,False
cic,dormitorio,Google,2025,9,236197.0,0.0,5181.0,9151580.0,,,,,left_only,False
cic,dormitorio,Google,2025,10,278631.0,0.0,4687.0,4634810.0,,,,,left_only,False
cic,dormitorio,Google,2025,11,2557139.0,0.0,52974.0,165472530.0,,,,,left_only,False
cic,dormitorio,Google,2025,12,172774.0,0.0,2029.0,1685920.0,,,,,left_only,False
cic,dormitorio,Google,2026,1,477820.0,0.0,5228.0,7237617.0,,,,,left_only,False
cic,dormitorio,Google,2026,2,347017.0,0.0,4624.0,5623791.0,,,,,left_only,False
cic,dormitorio,Google,2026,3,376922.0,0.0,4704.0,9557954.0,,,,,left_only,False
cic,dormitorio,Google,2026,4,216231.0,0.0,3744.0,5088522.0,,,,,left_only,False
cic,dormitorio,Retail Display,2025,1,354009.0,0.0,2100.0,0.0,,,,,left_only,False
cic,dormitorio black week,Retail Display,2025,3,110156.0,0.0,532.0,0.0,,,,,left_only,False
cic,dormitorio black week,Retail Display,2025,4,93292.0,0.0,450.0,0.0,,,,,left_only,False
cic,dormitorio blackout,Retail Display,2025,7,45709.0,0.0,165.0,0.0,,,,,left_only,False
cic,dormitorio blackout,Retail Display,2025,8,114782.0,0.0,443.0,0.0,,,,,left_only,False
cic,dormitorio cyber day,Meta,2024,6,112287.0,0.0,437.0,0.0,,,,,left_only,False
cic,dormitorio cyber day,Retail Display,2024,6,649875.0,0.0,5255.0,0.0,,,,,left_only,False
cic,dormitorios black,Retail Display,2024,7,13006.0,0.0,177.0,0.0,,,,,left_only,False
cic,dormitorios black,Retail Display,2024,8,72752.0,0.0,396.0,0.0,,,,,left_only,False
cic,ejhaworio,CRM,2024,2,0.0,62665.0,175.0,5273483.0,,,,,left_only,False
cic,endpfdxp1,CRM,2025,6,0.0,30168.0,334.0,18811704.0,,,,,left_only,False
cic,gq4oc2uy0,CRM,2024,1,0.0,102402.0,747.0,34015118.0,,,,,left_only,False
cic,grphqabcj,CRM,2024,12,0.0,54013.0,1650.0,7893249.0,,,,,left_only,False
cic,h7sqajunn,CRM,2024,1,0.0,54027.0,4735.0,12300125.0,,,,,left_only,False
cic,hsez5qbfv,CRM,2024,8,0.0,33966.0,165.0,1860635.0,,,,,left_only,False
cic,imlnkdi8q,CRM,2025,5,0.0,353613.0,1649.0,106793881.0,,,,,left_only,False
cic,j8sboicn5,CRM,2025,1,0.0,101316.0,695.0,19322330.0,,,,,left_only,False
cic,lhspi8nvh,CRM,2024,6,0.0,102161.0,194.0,26180660.0,,,,,left_only,False
cic,lin16l97z,CRM,2024,4,0.0,101893.0,252.0,37040017.0,,,,,left_only,False
cic,lqtjmdeio,CRM,2025,3,0.0,101255.0,409.0,17636399.0,,,,,left_only,False
cic,ltlku42r4,CRM,2024,6,0.0,104490.0,480.0,32773315.0,,,,,left_only,False
cic,lyoohhrlc,CRM,2024,8,0.0,101405.0,502.0,14110304.0,,,,,left_only,False
cic,lyq3h6dbh,CRM,2025,2,0.0,53787.0,452.0,8179456.0,,,,,left_only,False
cic,lzitwln1t,CRM,2024,6,0.0,2795.0,0.0,4702982.0,,,,,left_only,False
cic,mknudnbk2,CRM,2024,9,0.0,101225.0,316.0,7676514.0,,,,,left_only,False
cic,muebles,Retail Display,2024,8,348110.0,0.0,732.0,0.0,,,,,left_only,False
cic,muebles,Retail Display,2024,10,290526.0,0.0,772.0,0.0,,,,,left_only,False
cic,muebles,Retail Display,2025,2,153875.0,0.0,588.0,0.0,,,,,left_only,False
cic,muebles black,Retail Display,2024,7,1263.0,0.0,5.0,0.0,,,,,left_only,False
cic,muebles black,Retail Display,2024,8,67240.0,0.0,298.0,0.0,,,,,left_only,False
cic,muebles black week,Retail Display,2025,3,142677.0,0.0,772.0,0.0,,,,,left_only,False
cic,muebles black week,Retail Display,2025,4,125686.0,0.0,636.0,0.0,,,,,left_only,False
cic,muebles cyber day,Meta,2024,6,90784.0,0.0,531.0,0.0,,,,,left_only,False
cic,muebles cyber day,Retail Display,2024,6,486537.0,0.0,3786.0,0.0,,,,,left_only,False
cic,nt jiisik,CRM,2024,5,0.0,100963.0,534.0,82234638.0,,,,,left_only,False
cic,plwjkuwtc,CRM,2025,9,0.0,53916.0,237.0,5439115.0,,,,,left_only,False
cic,pr4z4tlor,CRM,2024,6,0.0,30648.0,2683.0,30795524.0,,,,,left_only,False
cic,push bonificado cic,CRM,2026,5,0.0,330501.0,0.0,34433017.0,,,,,left_only,False
cic,pykl5vjhy,CRM,2025,6,0.0,106248.0,146.0,22678587.0,,,,,left_only,False
cic,qvdjvyptg,CRM,2024,11,0.0,53933.0,2090.0,12295831.0,,,,,left_only,False
cic,s1xepmdzk,CRM,2024,3,0.0,1123563.0,38181.0,172732665.0,,,,,left_only,False
cic,s4lah77f1,CRM,2025,2,0.0,101077.0,349.0,29580160.0,,,,,left_only,False
cic,srso6wefx,CRM,2025,7,0.0,35138.0,242.0,6986487.0,,,,,left_only,False
cic,ssvlnivjl,CRM,2024,8,0.0,5014.0,0.0,1860493.0,,,,,left_only,False
cic,svvxa0obr,CRM,2024,7,0.0,53993.0,2392.0,17009284.0,,,,,left_only,False
cic,t 4vdis70,CRM,2025,3,0.0,101230.0,390.0,27893795.0,,,,,left_only,False
cic,t8cyhnl73,CRM,2024,1,0.0,101624.0,111.0,15246941.0,,,,,left_only,False
cic,ts61bc3uh,CRM,2025,10,0.0,367027.0,930.0,95624647.0,,,,,left_only,False
cic,u9c6pztqf,CRM,2025,6,0.0,106248.0,185.0,16290499.0,,,,,left_only,False
cic,uzybmctmr,CRM,2024,11,0.0,101255.0,373.0,39657504.0,,,,,left_only,False
cic,v497ga0uv,CRM,2024,3,0.0,42289.0,2538.0,12335312.0,,,,,left_only,False
cic,ve1pkgzho,CRM,2024,5,0.0,101445.0,274.0,6631939.0,,,,,left_only,False
cic,w pild7ne,CRM,2025,6,0.0,25841.0,304.0,15983081.0,,,,,left_only,False
cic,w8yhp4ox8,CRM,2024,12,0.0,53818.0,1794.0,14599322.0,,,,,left_only,False
cic,wyjlm2vt,CRM,2024,12,0.0,102106.0,741.0,25732053.0,,,,,left_only,False
cic,x,CRM,2024,9,0.0,1163381.0,32352.0,349579239.0,,,,,left_only,False
cic,x,CRM,2024,10,0.0,317004.0,835.0,49383542.0,,,,,left_only,False
cic,xvd3chweq,CRM,2025,1,0.0,1013.0,0.0,339980.0,,,,,left_only,False
cic,ybnm3nrzm,CRM,2025,10,0.0,106324.0,209.0,32917100.0,,,,,left_only,False
cic,yd1jzqckq,CRM,2025,6,0.0,101299.0,356.0,11681768.0,,,,,left_only,False
cic,yglwtkkhz,CRM,2024,2,0.0,101637.0,591.0,6796352.0,,,,,left_only,False
cic,ykommvlaf,CRM,2024,6,0.0,100985.0,464.0,18916657.0,,,,,left_only,False
cic,zdu1wlmwh,CRM,2024,7,0.0,101416.0,296.0,23494676.0,,,,,left_only,False
cic dormitorio,aniversario,Retail Display,2024,11,398517.0,0.0,1259.0,0.0,,,,,left_only,False
cic dormitorio,black friday,Retail Display,2024,11,147606.0,0.0,1681.0,0.0,,,,,left_only,False
cic dormitorio,black friday,Retail Display,2024,12,250161.0,0.0,1510.0,0.0,,,,,left_only,False
cic dormitorio,black week,Retail Display,2026,3,100120.0,0.0,175.0,0.0,,,,,left_only,False
cic dormitorio,black week,Retail Display,2026,4,53742.0,0.0,78.0,0.0,,,,,left_only,False
cic dormitorio,cyber day,Retail Display,2025,6,287116.0,0.0,1259.0,0.0,,,,,left_only,False
cic dormitorio,cyber monday,Retail Display,2024,9,199941.0,0.0,951.0,0.0,,,,,left_only,False
cic dormitorio,cyber monday,Retail Display,2024,10,321061.0,0.0,1150.0,0.0,,,,,left_only,False
cic dormitorio,cyber monday,Retail Display,2025,10,238481.0,0.0,689.0,0.0,,,,,left_only,False
cic muebles,aniversario,Retail Display,2024,11,268794.0,0.0,1209.0,0.0,,,,,left_only,False
cic muebles,black friday,Retail Display,2024,11,233876.0,0.0,1408.0,0.0,,,,,left_only,False
cic muebles,cyber day,Retail Display,2025,6,177536.0,0.0,1222.0,0.0,,,,,left_only,False
cic muebles,cyber monday,Retail Display,2025,10,219550.0,0.0,1252.0,0.0,,,,,left_only,False
cic muebles,cyber monday,Sponsored Products,2024,9,137842.0,0.0,836.0,0.0,,,,,left_only,False
cic muebles,cyber monday,Sponsored Products,2024,10,242714.0,0.0,1272.0,0.0,,,,,left_only,False
cif,,CRM,2025,7,0.0,161.0,0.0,0.0,,,,,left_only,False
cif,,CRM,2025,8,0.0,597.0,0.0,0.0,,,,,left_only,False
cif,,CRM,2025,9,0.0,945.0,0.0,0.0,,,,,left_only,False
cintac,7i qdlo85,CRM,2025,10,0.0,30059.0,494.0,404511.0,,,,,left_only,False
cintac,zgpwu6grt,CRM,2025,12,0.0,29735.0,305.0,1879791.0,,,,,left_only,False
command,2kisavr1e,CRM,2025,11,0.0,101350.0,245.0,3519220.0,,,,,left_only,False
command,6189516 009345,CRM,2023,5,0.0,53932.0,4167.0,200210.0,,,,,left_only,False
command,6189516 010257,CRM,2023,7,0.0,50588.0,4651.0,526540.0,,,,,left_only,False
command,6189516 010324,CRM,2023,7,0.0,13777.0,0.0,192758.0,,,,,left_only,False
command,6189516 010545,CRM,2023,8,0.0,53872.0,5654.0,686234.0,,,,,left_only,False
command,6189516 011015,CRM,2023,9,0.0,54036.0,4641.0,613114.0,,,,,left_only,False
command,6189516 011835,CRM,2023,11,0.0,53994.0,4447.0,1323778.0,,,,,left_only,False
command,6189516 012127,CRM,2023,12,0.0,101934.0,141.0,1577621.0,,,,,left_only,False
command,6189516 012182,CRM,2023,12,0.0,7115.0,0.0,219810.0,,,,,left_only,False
command,6189516 012197,CRM,2023,12,0.0,54246.0,4133.0,854613.0,,,,,left_only,False
command,aon 3m,Sponsored Products,2026,4,0.0,0.0,0.0,25131.0,,,,,left_only,False
command,aon marzo,Sponsored Products,2026,3,0.0,0.0,0.0,55830.0,,,,,left_only,False
command,black week,Sponsored Products,2026,3,0.0,0.0,0.0,36740.0,,,,,left_only,False
concurso agorex,tsgt9clvw,CRM,2025,2,0.0,68606.0,325.0,0.0,,,,,left_only,False
concursomascotas,6189516 009960,CRM,2023,6,0.0,92603.0,498.0,0.0,,,,,left_only,False
contatto,aon marzo 2026,Sponsored Products,2026,3,16872.0,0.0,196.0,209990.0,MUEBLES,500000.0,412000.0,88000.0,both,True
contatto,bts,Sponsored Products,2026,2,49492.0,0.0,627.0,734970.0,,,,,left_only,False
contatto one sit,bts,Meta,2026,2,223711.0,0.0,5137.0,109990.0,,,,,left_only,False
contatto one sit,bts,Meta,2026,3,4572.0,0.0,109.0,0.0,,,,,left_only,False
cordilerra,6189516 009776,CRM,2023,6,0.0,54068.0,1619.0,0.0,,,,,left_only,False
cordillera,3ksqbcmu7,CRM,2024,4,0.0,1124048.0,32989.0,153947895.0,,,,,left_only,False
cordillera,6189516 007706,CRM,2023,1,0.0,101458.0,243.0,43772325.0,,,,,left_only,False
cordillera,6189516 007819,CRM,2023,1,0.0,100672.0,140.0,23474381.0,,,,,left_only,False
cordillera,6189516 007912,CRM,2023,1,0.0,54017.0,11530.0,48541696.0,,,,,left_only,False
cordillera,6189516 008072,CRM,2023,2,0.0,21548.0,0.0,3799426.0,,,,,left_only,False
cordillera,6189516 008138,CRM,2023,2,0.0,14282.0,0.0,5006651.0,,,,,left_only,False
cordillera,6189516 008207,CRM,2023,2,0.0,101217.0,239.0,33525445.0,,,,,left_only,False
cordillera,6189516 008366,CRM,2023,3,0.0,101306.0,166.0,32565276.0,,,,,left_only,False
cordillera,6189516 008493,CRM,2023,3,0.0,101271.0,180.0,25799380.0,,,,,left_only,False
cordillera,6189516 009247,CRM,2023,5,0.0,101219.0,135.0,32785553.0,,,,,left_only,False
cordillera,6189516 009288,CRM,2023,5,0.0,52257.0,9997.0,33908127.0,,,,,left_only,False
cordillera,6189516 009355,CRM,2023,5,0.0,101364.0,126.0,18294774.0,,,,,left_only,False
cordillera,6189516 009438,CRM,2023,5,0.0,53903.0,6770.0,9535785.0,,,,,left_only,False
cordillera,6189516 009776,CRM,2023,6,0.0,54068.0,8056.0,16834092.0,,,,,left_only,False
cordillera,6189516 010628,CRM,2023,8,0.0,54034.0,5373.0,11210692.0,,,,,left_only,False
cordillera,6189516 010640,CRM,2023,8,0.0,101179.0,257.0,23722989.0,,,,,left_only,False
cordillera,6189516 010714,CRM,2023,8,0.0,1046643.0,61643.0,209077180.0,,,,,left_only,False
cordillera,6189516 010737,CRM,2023,8,0.0,101510.0,524.0,19099878.0,,,,,left_only,False
cordillera,6189516 010826,CRM,2023,8,0.0,100930.0,289.0,47165706.0,,,,,left_only,False
cordillera,6189516 010906,CRM,2023,9,0.0,101910.0,339.0,26725934.0,,,,,left_only,False
cordillera,6189516 011046,CRM,2023,9,0.0,101177.0,351.0,17209875.0,,,,,left_only,False
cordillera,6189516 011119,CRM,2023,9,0.0,101177.0,255.0,31612707.0,,,,,left_only,False
cordillera,6189516 011255,CRM,2023,9,0.0,101128.0,433.0,38142516.0,,,,,left_only,False
cordillera,6189516 011292,CRM,2023,9,0.0,101159.0,468.0,21823289.0,,,,,left_only,False
cordillera,6189516 011535,CRM,2023,10,0.0,53924.0,5453.0,26468835.0,,,,,left_only,False
cordillera,6189516 011804,CRM,2023,11,0.0,8560.0,105.0,9406463.0,,,,,left_only,False
cordillera,6189516 011808,CRM,2023,11,0.0,93576.0,270.0,16697007.0,,,,,left_only,False
cordillera,6189516 011888,CRM,2023,11,0.0,101332.0,161.0,73020988.0,,,,,left_only,False
cordillera,6189516 011949,CRM,2023,11,0.0,100373.0,264.0,37224805.0,,,,,left_only,False
cordillera,6189516 012310,CRM,2023,12,0.0,54034.0,4519.0,9570152.0,,,,,left_only,False
cordillera,6rvotcsax,CRM,2025,2,0.0,174699.0,1602.0,47438501.0,,,,,left_only,False
cordillera,a6dv1r8rx,CRM,2024,11,0.0,101260.0,650.0,23008597.0,,,,,left_only,False
cordillera,a8a kysza,CRM,2024,11,0.0,1075.0,0.0,1967943.0,,,,,left_only,False
cordillera,a97tj5gke,CRM,2024,2,0.0,54037.0,4109.0,25812983.0,,,,,left_only,False
cordillera,b3z4dj8dv,CRM,2024,11,0.0,1123842.0,25895.0,187898654.0,,,,,left_only,False
cordillera,black week,Sponsored Products,2026,3,116573.0,0.0,4153.0,12548174.0,,,,,left_only,False
cordillera,bp8qciriq,CRM,2025,2,0.0,101985.0,949.0,23059223.0,,,,,left_only,False
cordillera,ccsnchx 4,CRM,2024,5,0.0,86660.0,934.0,21019258.0,,,,,left_only,False
cordillera,cyber monday,Retail Display,2024,9,101469.0,0.0,375.0,0.0,,,,,left_only,False
cordillera,cyber monday,Retail Display,2024,10,206223.0,0.0,431.0,0.0,,,,,left_only,False
cordillera,d3tzchkrk,CRM,2024,6,0.0,101376.0,779.0,20592837.0,,,,,left_only,False
cordillera,du2udbx5b,CRM,2024,9,0.0,101442.0,556.0,15923767.0,,,,,left_only,False
cordillera,dwoqquyok,CRM,2024,10,0.0,49550.0,400.0,18855585.0,,,,,left_only,False
cordillera,gatho3lfb,CRM,2024,6,0.0,54025.0,2720.0,10595811.0,,,,,left_only,False
cordillera,hctwoun1b,CRM,2024,12,0.0,1127549.0,23549.0,93095646.0,,,,,left_only,False
cordillera,idfd3e vt,CRM,2024,8,0.0,29900.0,2712.0,19750358.0,,,,,left_only,False
cordillera,lckntrt5u,CRM,2024,3,0.0,101479.0,421.0,53906780.0,,,,,left_only,False
cordillera,mthlluq5y,CRM,2024,8,0.0,49534.0,239.0,21010587.0,,,,,left_only,False
cordillera,mwwg2u6cx,CRM,2024,12,0.0,102019.0,607.0,12975139.0,,,,,left_only,False
cordillera,p6bprzniv,CRM,2024,5,0.0,101297.0,165.0,12755333.0,,,,,left_only,False
cordillera,peglp4wbw,CRM,2024,12,0.0,53903.0,1778.0,13497782.0,,,,,left_only,False
cordillera,piyd2ht3g,CRM,2025,2,0.0,1012.0,0.0,642521.0,,,,,left_only,False
cordillera,rdju9ev8j,CRM,2024,10,0.0,53975.0,2067.0,12457594.0,,,,,left_only,False
cordillera,rkiox0pyp,CRM,2024,10,0.0,49600.0,415.0,14213925.0,,,,,left_only,False
cordillera,slufg7wbc,CRM,2024,8,0.0,101881.0,421.0,19169196.0,,,,,left_only,False
cordillera,vd65nes1d,CRM,2025,1,0.0,101238.0,697.0,27694553.0,,,,,left_only,False
cordillera,vfag3yueg,CRM,2024,5,0.0,88130.0,153.0,23105354.0,,,,,left_only,False
cordillera,x,CRM,2024,9,0.0,105725.0,551.0,79598168.0,,,,,left_only,False
cordillera,x,CRM,2024,10,0.0,135531.0,1708.0,13856585.0,,,,,left_only,False
cordillera,xzulf64rq,CRM,2024,3,0.0,100540.0,474.0,42174819.0,,,,,left_only,False
cordillera,yj6wasb2t,CRM,2024,12,0.0,1127869.0,23179.0,122378817.0,,,,,left_only,False
cordillera,zrrnkmbpp,CRM,2024,1,0.0,46103.0,5037.0,26278514.0,,,,,left_only,False
cordillera,zxewe1k3x,CRM,2024,8,0.0,49604.0,242.0,22879251.0,,,,,left_only,False
corona,,Retail Display,2025,1,231615.0,0.0,1493.0,0.0,,,,,left_only,False
corona,6189516 011368,CRM,2023,10,0.0,51320.0,4204.0,3758776.0,,,,,left_only,False
corona,6jbbgwjqt,CRM,2025,1,0.0,101241.0,781.0,2969466.0,,,,,left_only,False
corona,baottymol,CRM,2025,1,0.0,53845.0,721.0,863460.0,,,,,left_only,False
corona,cyber day,Retail Display,2025,6,237751.0,0.0,576.0,0.0,,,,,left_only,False
corona,ebfcekbh9,CRM,2024,11,0.0,101283.0,533.0,2201420.0,,,,,left_only,False
countach meguiars,sobre ruedas,Retail Display,2025,1,258350.0,0.0,476.0,0.0,,,,,left_only,False
countach meguiars,sobre ruedas,Retail Display,2025,2,260126.0,0.0,302.0,0.0,,,,,left_only,False
crest,6189516 010237,CRM,2023,7,0.0,101270.0,158.0,4327646.0,,,,,left_only,False
cristofoletti,aon marzo 2026,Sponsored Products,2026,3,63043.0,0.0,1104.0,1472899.0,,,,,left_only,False
cristofoletti,tactico febrero 2026,Sponsored Products,2026,2,40549.0,0.0,1121.0,918839.0,,,,,left_only,False
decogreen,lloextddf,CRM,2024,5,0.0,101093.0,552.0,518740.0,,,,,left_only,False
derco,auto day,Retail Display,2024,9,276514.0,0.0,432.0,0.0,,,,,left_only,False
derco,cyber monday,Retail Display,2024,9,74212.0,0.0,88.0,0.0,,,,,left_only,False
derco,cyber monday,Retail Display,2024,10,195013.0,0.0,461.0,0.0,,,,,left_only,False
derco,sobre ruedas,Retail Display,2025,1,273144.0,0.0,767.0,0.0,,,,,left_only,False
derco,sobre ruedas,Retail Display,2025,2,156884.0,0.0,418.0,0.0,,,,,left_only,False
derco hankook,cyber day,Retail Display,2025,6,186494.0,0.0,577.0,0.0,,,,,left_only,False
derco hankook austone,autoday,Retail Display,2025,9,165839.0,0.0,226.0,0.0,,,,,left_only,False
dewalt,,CRM,2025,7,0.0,119.0,0.0,2194084.0,,,,,left_only,False
dewalt,,CRM,2025,8,0.0,588.0,0.0,10709597.0,,,,,left_only,False
dewalt,,CRM,2025,9,0.0,817.0,0.0,9121650.0,,,,,left_only,False
dewalt,,CRM,2025,10,0.0,2148.0,0.0,24296095.0,,,,,left_only,False
dewalt,,CRM,2025,11,0.0,1213.0,0.0,11224905.0,,,,,left_only,False
dewalt,,CRM,2025,12,0.0,842.0,0.0,8923366.0,,,,,left_only,False
dewalt,,CRM,2026,1,0.0,731.0,0.0,7090341.0,,,,,left_only,False
dewalt,,CRM,2026,2,0.0,746.0,0.0,9073420.0,,,,,left_only,False
dewalt,,CRM,2026,3,0.0,1932.0,0.0,34630321.0,,,,,left_only,False
dewalt,,CRM,2026,4,0.0,1956.0,0.0,34959409.0,,,,,left_only,False
dewalt,,CRM,2026,5,0.0,851.0,0.0,6447502.0,,,,,left_only,False
dewalt,1oiuwf5mm,CRM,2025,3,0.0,27051.0,188.0,7682147.0,,,,,left_only,False
dewalt,2iwm2louf,CRM,2024,8,0.0,54004.0,2392.0,9459388.0,,,,,left_only,False
dewalt,3hdtbjpun,CRM,2024,4,0.0,101164.0,314.0,3320983.0,,,,,left_only,False
dewalt,3jw60weq3,CRM,2024,6,0.0,141.0,5.0,8190433.0,,,,,left_only,False
dewalt,5we3vqee1,CRM,2024,10,0.0,344.0,9.0,11416399.0,,,,,left_only,False
dewalt,6189516 008001,CRM,2023,2,0.0,101204.0,125.0,2600083.0,,,,,left_only,False
dewalt,6189516 008438,CRM,2023,3,0.0,101257.0,181.0,17470568.0,,,,,left_only,False
dewalt,6189516 008578,CRM,2023,3,0.0,33909.0,41.0,7493042.0,,,,,left_only,False
dewalt,6189516 008579,CRM,2023,3,0.0,34012.0,39.0,2109797.0,,,,,left_only,False
dewalt,6189516 008580,CRM,2023,3,0.0,34003.0,25.0,1052322.0,,,,,left_only,False
dewalt,6189516 008702,CRM,2023,3,0.0,100846.0,124.0,2225390.0,,,,,left_only,False
dewalt,6189516 008866,CRM,2023,4,0.0,101395.0,115.0,4788875.0,,,,,left_only,False
dewalt,6189516 009049,CRM,2023,4,0.0,101882.0,90.0,3596330.0,,,,,left_only,False
dewalt,6189516 009171,CRM,2023,5,0.0,102002.0,151.0,3321340.0,,,,,left_only,False
dewalt,6189516 009264,CRM,2023,5,0.0,101275.0,121.0,4890644.0,,,,,left_only,False
dewalt,6189516 009404,CRM,2023,5,0.0,105377.0,160.0,4266415.0,,,,,left_only,False
dewalt,6189516 009525,CRM,2023,5,0.0,105378.0,225.0,13016399.0,,,,,left_only,False
dewalt,6189516 009612,CRM,2023,5,0.0,17106.0,0.0,2362614.0,,,,,left_only,False
dewalt,6189516 009673,CRM,2023,6,0.0,101227.0,217.0,9053755.0,,,,,left_only,False
dewalt,6189516 010121,CRM,2023,7,0.0,52262.0,69.0,1519790.0,,,,,left_only,False
dewalt,6189516 010122,CRM,2023,7,0.0,52751.0,88.0,2260890.0,,,,,left_only,False
dewalt,6189516 010520,CRM,2023,8,0.0,101178.0,129.0,4590132.0,,,,,left_only,False
dewalt,6189516 011105,CRM,2023,9,0.0,101207.0,300.0,6838116.0,,,,,left_only,False
dewalt,6189516 011149,CRM,2023,10,0.0,105350.0,181.0,3065958.0,,,,,left_only,False
dewalt,6189516 011367,CRM,2023,10,0.0,51245.0,2900.0,2466439.0,,,,,left_only,False
dewalt,6189516 011517,CRM,2023,10,0.0,99150.0,450.0,9357103.0,,,,,left_only,False
dewalt,6189516 011979,CRM,2023,11,0.0,101339.0,379.0,18299000.0,,,,,left_only,False
dewalt,84gcu iwn,CRM,2024,6,0.0,1150.0,76.0,46798159.0,,,,,left_only,False
dewalt,8gmcikf2v,CRM,2024,7,0.0,258.0,18.0,15800308.0,,,,,left_only,False
dewalt,94ml3y6q2,CRM,2024,8,0.0,51602.0,433.0,31723998.0,,,,,left_only,False
dewalt,aon trigger,CRM,2025,7,0.0,5350.0,0.0,2604171.0,,,,,left_only,False
dewalt,aon trigger,CRM,2025,8,0.0,12783.0,0.0,6193419.0,,,,,left_only,False
dewalt,aon trigger,CRM,2025,9,0.0,10928.0,0.0,7029188.0,,,,,left_only,False
dewalt,aon trigger,CRM,2025,10,0.0,27795.0,0.0,20452653.0,,,,,left_only,False
dewalt,aon trigger,CRM,2025,11,0.0,10843.0,0.0,4991199.0,,,,,left_only,False
dewalt,aon trigger,CRM,2025,12,0.0,4427.0,0.0,1719965.0,,,,,left_only,False
dewalt,aon trigger,CRM,2026,1,0.0,3855.0,0.0,1814042.0,,,,,left_only,False
dewalt,aon trigger,CRM,2026,2,0.0,3535.0,0.0,693763.0,,,,,left_only,False
dewalt,aon trigger,CRM,2026,3,0.0,19779.0,0.0,17838579.0,,,,,left_only,False
dewalt,aon trigger,CRM,2026,4,0.0,26820.0,0.0,10914419.0,,,,,left_only,False
dewalt,aon trigger,CRM,2026,5,0.0,18828.0,0.0,3844905.0,,,,,left_only,False
dewalt,az4vecghq,CRM,2024,10,0.0,100835.0,715.0,18153201.0,,,,,left_only,False
dewalt,bgg0qoxuh,CRM,2024,5,0.0,434.0,17.0,23298737.0,,,,,left_only,False
dewalt,bkgoghi8n,CRM,2024,12,0.0,259.0,5.0,5501987.0,,,,,left_only,False
dewalt,cnxgpl8ln,CRM,2025,6,0.0,106324.0,273.0,10252502.0,,,,,left_only,False
dewalt,delhdb08f,CRM,2024,8,0.0,49189.0,372.0,20853492.0,,,,,left_only,False
dewalt,fdxp4lieu,CRM,2024,12,0.0,102110.0,709.0,10701651.0,,,,,left_only,False
dewalt,i8n3krtie,CRM,2025,10,0.0,18270.0,220.0,6131791.0,,,,,left_only,False
dewalt,igznwqqlm,CRM,2025,10,0.0,106261.0,322.0,22854272.0,,,,,left_only,False
dewalt,iyttkq5xe,CRM,2024,7,0.0,113.0,6.0,14768364.0,,,,,left_only,False
dewalt,jar66174,CRM,2024,6,0.0,631.0,631.0,24233797.0,,,,,left_only,False
dewalt,mqwwjmtxe,CRM,2025,6,0.0,204.0,3.0,8296628.0,,,,,left_only,False
dewalt,puv70awa1,CRM,2024,7,0.0,627.0,10.0,23806315.0,,,,,left_only,False
dewalt,rv0ldwfsl,CRM,2025,4,0.0,424.0,5.0,8922464.0,,,,,left_only,False
dewalt,s4mbmyqe,CRM,2024,6,0.0,270.0,9.0,10329275.0,,,,,left_only,False
dewalt,sow3ekeez,CRM,2024,4,0.0,101283.0,1027.0,17802124.0,,,,,left_only,False
dewalt,tuximoitq,CRM,2024,4,0.0,251.0,13.0,8718708.0,,,,,left_only,False
dewalt,uiz d xc,CRM,2025,4,0.0,135.0,4.0,5099745.0,,,,,left_only,False
dewalt,uyfszoicv,CRM,2024,7,0.0,345.0,3.0,16212986.0,,,,,left_only,False
dewalt,wnwa uzoq,CRM,2025,10,0.0,106124.0,379.0,10983290.0,,,,,left_only,False
dewalt,x,CRM,2024,9,0.0,576.0,49.0,25219488.0,,,,,left_only,False
dewalt,x,CRM,2024,10,0.0,106985.0,217.0,44145288.0,,,,,left_only,False
dewalt,xvj9rdtwd,CRM,2024,9,0.0,53958.0,2080.0,4880091.0,,,,,left_only,False
dewalt,xxxxxx,CRM,2024,9,0.0,184.0,5.0,8651795.0,,,,,left_only,False
dewalt,zc702ltrn,CRM,2025,4,0.0,306.0,4.0,8784048.0,,,,,left_only,False
dewalt,ziewzt5gv,CRM,2025,5,0.0,571.0,10.0,17835336.0,,,,,left_only,False
dib,6189516 007890,CRM,2023,1,0.0,100833.0,191.0,851062.0,,,,,left_only,False
dib,6189516 008165,CRM,2023,2,0.0,101506.0,176.0,868424.0,,,,,left_only,False
dib,6189516 008376,CRM,2023,3,0.0,33637.0,100.0,375310.0,,,,,left_only,False
dib,6189516 008378,CRM,2023,3,0.0,33731.0,46.0,67344.0,,,,,left_only,False
dib,6189516 008380,CRM,2023,3,0.0,33945.0,41.0,113446.0,,,,,left_only,False
dib,6189516 008519,CRM,2023,3,0.0,100871.0,156.0,969996.0,,,,,left_only,False
dib,6189516 008718,CRM,2023,3,0.0,100795.0,193.0,554220.0,,,,,left_only,False
dib,6189516 008727,CRM,2023,4,0.0,101359.0,428.0,1349008.0,,,,,left_only,False
dib,6189516 008806,CRM,2023,4,0.0,101279.0,161.0,910428.0,,,,,left_only,False
dib,6189516 009403,CRM,2023,5,0.0,104700.0,41.0,462550.0,,,,,left_only,False
dib,6189516 009432,CRM,2023,5,0.0,101240.0,153.0,1700689.0,,,,,left_only,False
dib,6189516 009519,CRM,2023,5,0.0,104768.0,110.0,59750.0,,,,,left_only,False
dib,6189516 009537,CRM,2023,5,0.0,105126.0,141.0,682509.0,,,,,left_only,False
dib,6189516 009601,CRM,2023,5,0.0,7753.0,0.0,0.0,,,,,left_only,False
dib,6189516 011188,CRM,2023,10,0.0,105162.0,300.0,786223.0,,,,,left_only,False
dib,black week,Retail Display,2025,3,65087.0,0.0,254.0,0.0,,,,,left_only,False
dib,black week,Retail Display,2025,4,67495.0,0.0,270.0,0.0,,,,,left_only,False
dib,cyber day,Retail Display,2024,6,292128.0,0.0,1228.0,0.0,,,,,left_only,False
dib,cyber day,Retail Display,2025,6,108160.0,0.0,447.0,0.0,,,,,left_only,False
dib,cyber monday,Retail Display,2024,9,82982.0,0.0,521.0,0.0,,,,,left_only,False
dib,cyber monday,Retail Display,2024,10,147282.0,0.0,763.0,0.0,,,,,left_only,False
dib,cyber monday,Retail Display,2025,10,73817.0,0.0,238.0,0.0,,,,,left_only,False
dib,jy kiwm5i,CRM,2025,3,0.0,101450.0,734.0,3238235.0,,,,,left_only,False
dib,x2khkfwki,CRM,2025,10,0.0,106156.0,354.0,126920.0,,,,,left_only,False
disney,bts febrero 2026,CRM,2026,2,0.0,202424.0,1030.0,6890596.0,MENAJE,800000.0,76190.0,723810.0,both,True
disney,howcd7uou,CRM,2024,9,0.0,101269.0,427.0,2755776.0,,,,,left_only,False
disney,mwrpzqpfm,CRM,2025,2,0.0,471.0,7.0,2859038.0,,,,,left_only,False
dog chow,4fghjkjad,CRM,2024,6,0.0,96.0,5.0,3146886.0,,,,,left_only,False
dog chow,6189516 009769,CRM,2023,6,0.0,101928.0,65.0,303255.0,,,,,left_only,False
dog chow,kxwmus55g,CRM,2024,5,0.0,63.0,0.0,2018035.0,,,,,left_only,False
dog chow,regalones,Sponsored Products,2024,6,89289.0,0.0,395.0,0.0,,,,,left_only,False
dog chow,regalones,Sponsored Products,2024,7,449442.0,0.0,1190.0,0.0,,,,,left_only,False
doite,olbkpmlrh,CRM,2024,2,0.0,99429.0,564.0,4737151.0,,,,,left_only,False
dr beckmann,6189516 011155,CRM,2023,10,0.0,101007.0,50.0,37620.0,,,,,left_only,False
dr beckmann,aon febrero 2026,Sponsored Products,2026,2,21770.0,0.0,521.0,203857.0,,,,,left_only,False
dr beckmann,aon marzo 2026,Sponsored Products,2026,3,44658.0,0.0,999.0,310180.0,,,,,left_only,False
dr beckmann,aseo,Retail Display,2024,7,50380.0,0.0,193.0,0.0,,,,,left_only,False
dr beckmann,aseo,Retail Display,2024,8,15246.0,0.0,48.0,0.0,,,,,left_only,False
dr beckmann,black friday,Retail Display,2024,11,5835.0,0.0,28.0,0.0,,,,,left_only,False
dr beckmann,black friday,Retail Display,2024,12,193308.0,0.0,382.0,0.0,,,,,left_only,False
dr beckmann,black marzo 2026,CRM,2026,4,0.0,617.0,21.0,4271008.0,,,,,left_only,False
dr beckmann,black week,Sponsored Products,2026,3,14741.0,0.0,412.0,382120.0,,,,,left_only,False
dr beckmann,i0t9yz0qq,CRM,2025,10,0.0,79.0,4.0,530064.0,,,,,left_only,False
dr beckmann,qncysylwn,CRM,2024,7,0.0,399.0,3.0,2529491.0,,,,,left_only,False
dr beckmann,sbsqnuekk,CRM,2025,10,0.0,147.0,13.0,919996.0,,,,,left_only,False
dr beckmann,x5eyjdgn8,CRM,2025,12,0.0,291.0,17.0,1740609.0,,,,,left_only,False
dremel,6189516 009798,CRM,2023,6,0.0,101780.0,149.0,570580.0,,,,,left_only,False
dremel,7mvsu0vsm,CRM,2024,10,0.0,101203.0,1107.0,3111464.0,,,,,left_only,False
dremel,gf81nugx7,CRM,2025,4,0.0,27.0,2.0,1181430.0,,,,,left_only,False
dremel,hjgc8wnzw,CRM,2025,3,0.0,53919.0,398.0,561895.0,,,,,left_only,False
dremel,jotadejuh,CRM,2025,3,0.0,26987.0,343.0,1153522.0,,,,,left_only,False
dremel,tdrkd95el,CRM,2025,1,0.0,101916.0,832.0,956601.0,,,,,left_only,False
dremel,th5kl1yfu,CRM,2025,1,0.0,102071.0,846.0,1451301.0,,,,,left_only,False
drimkip,6189516 002352,CRM,2023,9,0.0,36896.0,7186.0,949676.0,,,,,left_only,False
drimkip,6189516 007688,CRM,2023,1,0.0,42459.0,9603.0,7718995.0,,,,,left_only,False
drimkip,6189516 007734,CRM,2023,1,0.0,101186.0,173.0,3938760.0,,,,,left_only,False
drimkip,6189516 008158,CRM,2023,2,0.0,101279.0,250.0,620940.0,,,,,left_only,False
drimkip,6189516 008231,CRM,2023,2,0.0,49116.0,7768.0,1836830.0,,,,,left_only,False
drimkip,6189516 008717,CRM,2023,3,0.0,100616.0,395.0,3479257.0,,,,,left_only,False
drimkip,6189516 008721,CRM,2023,4,0.0,101275.0,150.0,1006002.0,,,,,left_only,False
drimkip,6189516 008852,CRM,2023,4,0.0,81029.0,86.0,269970.0,,,,,left_only,False
drimkip,6189516 009302,CRM,2023,5,0.0,54026.0,7551.0,2241049.0,,,,,left_only,False
drimkip,6189516 009354,CRM,2023,5,0.0,101202.0,94.0,859880.0,,,,,left_only,False
drimkip,6189516 009401,CRM,2023,5,0.0,105413.0,153.0,1953850.0,,,,,left_only,False
drimkip,6189516 009511,CRM,2023,5,0.0,105527.0,150.0,3245273.0,,,,,left_only,False
drimkip,6189516 009785,CRM,2023,6,0.0,101755.0,105.0,344970.0,,,,,left_only,False
drimkip,6189516 009884,CRM,2023,6,0.0,53872.0,5589.0,528950.0,,,,,left_only,False
drimkip,6189516 009924,CRM,2023,6,0.0,101154.0,109.0,4379372.0,,,,,left_only,False
drimkip,6189516 010133,CRM,2023,7,0.0,101259.0,112.0,769980.0,,,,,left_only,False
drimkip,6189516 010355,CRM,2023,7,0.0,53873.0,5833.0,1098644.0,,,,,left_only,False
drimkip,6189516 010701,CRM,2023,8,0.0,101227.0,140.0,5554183.0,,,,,left_only,False
drimkip,6189516 010810,CRM,2023,8,0.0,53875.0,6013.0,9540437.0,,,,,left_only,False
drimkip,aon abril 2026,Sponsored Products,2026,4,73235.0,0.0,1602.0,2539800.0,,,,,left_only,False
drimkip,aon febrero 2026,CRM,2026,2,0.0,613928.0,0.0,3136200.0,MUEBLES,500000.0,76190.0,423810.0,both,True
drimkip,aon febrero 2026,Sponsored Products,2026,2,76963.0,0.0,1574.0,3084760.0,MUEBLES,750000.0,618000.0,132000.0,both,True
drimkip,aon marzo 2026,Sponsored Products,2026,3,131984.0,0.0,2305.0,5648310.0,MUEBLES,750000.0,618000.0,132000.0,both,True
drimkip,black week,Retail Display,2025,3,100980.0,0.0,400.0,0.0,,,,,left_only,False
drimkip,black week,Retail Display,2025,4,102577.0,0.0,437.0,0.0,,,,,left_only,False
drimkip,cyber day,Retail Display,2025,6,149785.0,0.0,827.0,0.0,,,,,left_only,False
drimkip,dormitorio,Retail Display,2025,1,254809.0,0.0,1049.0,0.0,,,,,left_only,False
drimkip,nacdqibdw,CRM,2025,10,0.0,106385.0,117.0,174960.0,,,,,left_only,False
drimkip,txvz64myx,CRM,2025,6,0.0,40961.0,324.0,595960.0,,,,,left_only,False
drimkip,vnr0ghhu,CRM,2025,10,0.0,106086.0,397.0,242940.0,,,,,left_only,False
drimkip2,6189516 002352,CRM,2023,9,0.0,17637.0,4776.0,0.0,,,,,left_only,False
drl,6189516 008214,CRM,2023,2,0.0,51951.0,76.0,149470.0,,,,,left_only,False
drl,6189516 008215,CRM,2023,2,0.0,51920.0,82.0,218530.0,,,,,left_only,False
drl,6189516 008261,CRM,2023,2,0.0,101734.0,80.0,556884.0,,,,,left_only,False
duraline,nyzvz8dys,CRM,2024,6,0.0,7.0,0.0,28840.0,,,,,left_only,False
duschy,6189516 011187,CRM,2023,10,0.0,89028.0,99.0,846940.0,,,,,left_only,False
dvp,08t1dkhfb,CRM,2024,5,0.0,99873.0,918.0,21720258.0,,,,,left_only,False
dvp,6189516 011008,CRM,2023,9,0.0,102104.0,204.0,12884093.0,,,,,left_only,False
dvp,6189516 011630,CRM,2023,10,0.0,4479.0,0.0,1331871.0,,,,,left_only,False
dvp,6zcc9xg4r,CRM,2024,10,0.0,101917.0,862.0,16159798.0,,,,,left_only,False
dvp,eeubddo a,CRM,2024,11,0.0,2076.0,0.0,330660.0,,,,,left_only,False
dvp,hzhh8kqex,CRM,2024,12,0.0,1032.0,0.0,139020.0,,,,,left_only,False
dvp,izowmehvl,CRM,2024,12,0.0,1007.0,0.0,92090.0,,,,,left_only,False
dvp,lsfeaepqz,CRM,2024,12,0.0,1021.0,0.0,116740.0,,,,,left_only,False
dvp,ndviwt7lf,CRM,2025,9,0.0,27004.0,216.0,8542468.0,,,,,left_only,False
dvp,o0thajcgz,CRM,2025,7,0.0,27041.0,414.0,13535415.0,,,,,left_only,False
dvp,ocr90nde7,CRM,2025,8,0.0,26987.0,285.0,11730813.0,,,,,left_only,False
dvp,p3cw1kbfd,CRM,2024,4,0.0,99963.0,1237.0,24459254.0,,,,,left_only,False
dvp,rh6ek eeg,CRM,2024,12,0.0,1007.0,0.0,505744.0,,,,,left_only,False
dvp,siding,Retail Display,2024,11,36564.0,0.0,60.0,0.0,,,,,left_only,False
dvp,siding,Retail Display,2024,12,88221.0,0.0,149.0,0.0,,,,,left_only,False
dvp,szjxykbtx,CRM,2025,8,0.0,3009.0,0.0,746116.0,,,,,left_only,False
dvp,tpamcrlfj,CRM,2025,9,0.0,2993.0,0.0,1096684.0,,,,,left_only,False
dvp,yk6afngbu,CRM,2024,5,0.0,101290.0,348.0,13082928.0,,,,,left_only,False
eglo,6189516 007745,CRM,2023,1,0.0,52276.0,151.0,865032.0,,,,,left_only,False
eglo,6189516 007746,CRM,2023,1,0.0,51116.0,136.0,384530.0,,,,,left_only,False
electolux,4x3yai3av,CRM,2025,9,0.0,101351.0,595.0,0.0,,,,,left_only,False
electrofensamademsa,,CRM,2025,9,0.0,13231.0,0.0,26767324.0,,,,,left_only,False
electrofensamademsa,,CRM,2025,10,0.0,49096.0,0.0,101314616.0,,,,,left_only,False
electrofensamademsa,,CRM,2025,11,0.0,45043.0,0.0,97486898.0,,,,,left_only,False
electrofensamademsa,,CRM,2025,12,0.0,63696.0,0.0,85271289.0,,,,,left_only,False
electrofensamademsa,,CRM,2026,1,0.0,70283.0,0.0,101924235.0,,,,,left_only,False
electrofensamademsa,,CRM,2026,2,0.0,40319.0,0.0,78387682.0,,,,,left_only,False
electrofensamademsa,,CRM,2026,3,0.0,30755.0,0.0,82624012.0,,,,,left_only,False
electrofensamademsa,,CRM,2026,4,0.0,54032.0,0.0,54701784.0,,,,,left_only,False
electrofensamademsa,,CRM,2026,5,0.0,43666.0,0.0,40015837.0,,,,,left_only,False
electrolux,,CRM,2025,4,0.0,74.0,0.0,446877.0,,,,,left_only,False
electrolux,,CRM,2025,5,0.0,71.0,0.0,653110.0,,,,,left_only,False
electrolux,,CRM,2025,6,0.0,156.0,0.0,1090264.0,,,,,left_only,False
electrolux,,CRM,2025,7,0.0,50.0,0.0,143572.0,,,,,left_only,False
electrolux,3hutdwkwm,CRM,2025,11,0.0,54039.0,183.0,1346840.0,,,,,left_only,False
electrolux,4i30fhsf1,CRM,2025,9,0.0,53933.0,229.0,153970.0,,,,,left_only,False
electrolux,4ixvpznjd,CRM,2025,6,0.0,53731.0,253.0,239990.0,,,,,left_only,False
electrolux,5hbwhifhx,CRM,2025,9,0.0,101337.0,473.0,1416900.0,,,,,left_only,False
electrolux,6189516 010680,CRM,2023,8,0.0,101247.0,144.0,44990.0,,,,,left_only,False
electrolux,8vb4ewtf4,CRM,2024,8,0.0,1.0,0.0,279980.0,,,,,left_only,False
electrolux,9miosrsy3,CRM,2025,2,0.0,7.0,0.0,1840822.0,,,,,left_only,False
electrolux,9x3c5rlwp,CRM,2025,5,0.0,53890.0,305.0,139990.0,,,,,left_only,False
electrolux,ao,Retail Display,2025,7,211541.0,0.0,375.0,0.0,,,,,left_only,False
electrolux,aon electrolux 2025,CRM,2025,12,0.0,256504.0,897.0,6570462.0,ELECTROHOGAR,1780000.0,114286.0,1665714.0,both,True
electrolux,aon febrero electrolux 2026,Google,2026,2,157372.0,0.0,3054.0,6644080.0,ELECTROHOGAR,1099998.0,0.0,1099998.0,both,True
electrolux,aon febrero electrolux 2026,Google,2026,3,371668.0,0.0,7462.0,20686672.0,,,,,left_only,False
electrolux,aon febrero electrolux 2026,Google,2026,5,460394.0,0.0,9574.0,20924133.0,,,,,left_only,False
electrolux,aon febrero electrolux 2026,Meta,2026,2,331991.0,0.0,35729.0,0.0,,,,,left_only,False
electrolux,aon febrero electrolux 2026,Meta,2026,3,138984.0,0.0,17142.0,0.0,,,,,left_only,False
electrolux,aon febrero electrolux 2026,Otros,2026,2,14735.0,0.0,1552.0,867899.0,ELECTROHOGAR,0.0,0.0,0.0,both,True
electrolux,aon febrero electrolux 2026,Otros,2026,3,93775.0,0.0,40042.0,125280268.0,,,,,left_only,False
electrolux,aon febrero electrolux byc 2026,Sponsored Products,2026,2,14522.0,0.0,356.0,259990.0,BANOS Y COCINAS,500000.0,412000.0,88000.0,both,True
electrolux,aon febrero electrolux lb 2026,Sponsored Products,2026,2,54470.0,0.0,1087.0,2608890.0,ELECTROHOGAR,700000.0,576800.0,123200.0,both,True
electrolux,aon marzo electrolux lb 2026,Sponsored Products,2026,3,46190.0,0.0,823.0,3655920.0,ELECTROHOGAR,700000.0,576800.0,123200.0,both,True
electrolux,aon marzo mademsaelectrolux sda 2026,Sponsored Products,2026,3,10844.0,0.0,84.0,0.0,,,,,left_only,False
electrolux,bftwht1sg,CRM,2025,8,0.0,54026.0,234.0,304980.0,,,,,left_only,False
electrolux,black friday,Retail Display,2025,11,111804.0,0.0,439.0,0.0,,,,,left_only,False
electrolux,black friday,Retail Display,2025,12,76550.0,0.0,197.0,0.0,,,,,left_only,False
electrolux,black marzo electrolux 2026,CRM,2026,3,0.0,39.0,2.0,5860940.0,,,,,left_only,False
electrolux,black marzo electrolux 2026,CRM,2026,4,0.0,325788.0,676.0,6259890.0,ELECTROHOGAR,2200000.0,55172.0,2144828.0,both,True
electrolux,black week,Google,2026,3,100633.0,0.0,2502.0,0.0,,,,,left_only,False
electrolux,black week,Google,2026,4,86362.0,0.0,2337.0,3884570.0,,,,,left_only,False
electrolux,black week,Sponsored Products,2026,3,38286.0,0.0,1091.0,9914340.0,,,,,left_only,False
electrolux,blackout,Retail Display,2025,7,10244.0,0.0,66.0,0.0,,,,,left_only,False
electrolux,blackout,Retail Display,2025,8,26054.0,0.0,131.0,0.0,,,,,left_only,False
electrolux,bw96z5e a,CRM,2025,7,0.0,54102.0,226.0,870910.0,,,,,left_only,False
electrolux,cyber day,Retail Display,2025,6,147552.0,0.0,214.0,0.0,,,,,left_only,False
electrolux,cyber monday,Google,2025,10,122463.0,0.0,1596.0,4794931.0,,,,,left_only,False
electrolux,cyber monday,Google,2025,11,40165.0,0.0,670.0,5284280.0,,,,,left_only,False
electrolux,cyber monday,Google,2025,12,87541.0,0.0,1745.0,6242090.0,,,,,left_only,False
electrolux,cyber monday,Retail Display,2025,10,128289.0,0.0,395.0,0.0,,,,,left_only,False
electrolux,debc0vaag,CRM,2025,4,0.0,101166.0,359.0,117970.0,,,,,left_only,False
electrolux,dukqrezxm,CRM,2025,11,0.0,101378.0,484.0,1007925.0,,,,,left_only,False
electrolux,especial empotrados,Retail Display,2024,8,751197.0,0.0,3114.0,0.0,,,,,left_only,False
electrolux,fensa black week,Retail Display,2025,3,55016.0,0.0,236.0,0.0,,,,,left_only,False
electrolux,fensa black week,Retail Display,2025,4,161317.0,0.0,472.0,0.0,,,,,left_only,False
electrolux,fensa mademsa,Google,2024,8,137301.0,0.0,3910.0,42580.0,,,,,left_only,False
electrolux,fensa mademsa,Google,2024,9,179849.0,0.0,2070.0,529980.0,,,,,left_only,False
electrolux,fensa mademsa,Google,2024,10,114604.0,0.0,1719.0,847151.0,,,,,left_only,False
electrolux,fensa mademsa,Google,2024,11,108072.0,0.0,1185.0,625930.0,,,,,left_only,False
electrolux,fensa mademsa,Google,2024,12,79688.0,0.0,1093.0,1607183.0,,,,,left_only,False
electrolux,fensa mademsa,Google,2025,1,40730.0,0.0,729.0,527310.0,,,,,left_only,False
electrolux,fensa mademsa,Google,2025,2,70855.0,0.0,1257.0,157220.0,,,,,left_only,False
electrolux,fensa mademsa,Google,2025,3,303126.0,0.0,4203.0,1367810.0,,,,,left_only,False
electrolux,fensa mademsa,Google,2025,4,107976.0,0.0,1635.0,615555.0,,,,,left_only,False
electrolux,fensa mademsa,Google,2025,5,230217.0,0.0,3179.0,1142001.0,,,,,left_only,False
electrolux,fensa mademsa,Google,2025,6,43100.0,0.0,654.0,0.0,,,,,left_only,False
electrolux,fensa mademsa,Google,2025,7,124243.0,0.0,1856.0,158760.0,,,,,left_only,False
electrolux,fensa mademsa,Google,2025,8,80285.0,0.0,1321.0,265360.0,,,,,left_only,False
electrolux,fensa mademsa,Google,2025,10,159091.0,0.0,2558.0,1675870.0,,,,,left_only,False
electrolux,fifuv5w7w,CRM,2025,1,0.0,19.0,0.0,1778822.0,,,,,left_only,False
electrolux,gp1lrldul,CRM,2025,10,0.0,101185.0,703.0,682980.0,,,,,left_only,False
electrolux,h7 4e0jww,CRM,2024,8,0.0,4713.0,0.0,0.0,,,,,left_only,False
electrolux,hhamcr3di,CRM,2025,3,0.0,3.0,3.0,68965.0,,,,,left_only,False
electrolux,iahkol v1,CRM,2025,8,0.0,216519.0,1012.0,3083899.0,,,,,left_only,False
electrolux,lsspztd6v,CRM,2025,10,0.0,106131.0,158.0,1050391.0,,,,,left_only,False
electrolux,mademsa black week,Retail Display,2025,3,91190.0,0.0,429.0,0.0,,,,,left_only,False
electrolux,mademsa black week,Retail Display,2025,4,277740.0,0.0,877.0,0.0,,,,,left_only,False
electrolux,mekulfoky,CRM,2024,8,0.0,4.0,1.0,373183.0,,,,,left_only,False
electrolux,psfdtvvha,CRM,2025,10,0.0,106338.0,33.0,2013256.0,,,,,left_only,False
electrolux,q16zpnm5o,CRM,2025,5,0.0,101465.0,320.0,1418312.0,,,,,left_only,False
electrolux,rcwpiqxvz,CRM,2025,8,0.0,101322.0,201.0,464374.0,,,,,left_only,False
electrolux,rftkt04xa,CRM,2025,7,0.0,101365.0,384.0,1233715.0,,,,,left_only,False
electrolux,rorajmo0g,CRM,2024,12,0.0,23.0,0.0,5408760.0,,,,,left_only,False
electrolux,semana marca,Retail Display,2024,11,414445.0,0.0,911.0,0.0,,,,,left_only,False
electrolux,semana marca,Retail Display,2025,10,35716.0,0.0,70.0,0.0,,,,,left_only,False
electrolux,semana marca,Retail Display,2025,11,37730.0,0.0,37.0,0.0,,,,,left_only,False
electrolux,tbxfugy f,CRM,2025,6,0.0,53987.0,291.0,195940.0,,,,,left_only,False
electrolux,twiuy z59,CRM,2025,9,0.0,53845.0,224.0,220960.0,,,,,left_only,False
electrolux,x,CRM,2024,10,0.0,48.0,3.0,2234823.0,,,,,left_only,False
electrolux,xgegrdatx,CRM,2024,12,0.0,53905.0,1689.0,736960.0,,,,,left_only,False
electrolux,xgi4hh8qj,CRM,2025,6,0.0,15.0,15.0,648850.0,,,,,left_only,False
electrolux,xiabn8r7q,CRM,2025,8,0.0,54121.0,221.0,620696.0,,,,,left_only,False
electrolux,xw5isueim,CRM,2024,8,0.0,1.0,0.0,69980.0,,,,,left_only,False
electrolux,zflgosr u,CRM,2025,6,0.0,101486.0,456.0,1259290.0,,,,,left_only,False
electrolux,zmjlxjzbx,CRM,2025,11,0.0,101392.0,605.0,2562278.0,,,,,left_only,False
electrolux,zs6stdx3e,CRM,2025,10,0.0,54080.0,158.0,1302061.0,,,,,left_only,False
electrolux fensa,ao,Retail Display,2025,8,102582.0,0.0,159.0,0.0,,,,,left_only,False
electrolux fensa,ao,Retail Display,2025,9,104254.0,0.0,308.0,0.0,,,,,left_only,False
electrolux fensa,black,Retail Display,2024,7,15772.0,0.0,77.0,0.0,,,,,left_only,False
electrolux fensa,black,Retail Display,2024,8,210509.0,0.0,1020.0,0.0,,,,,left_only,False
electrolux fensa,black friday,Retail Display,2024,11,128871.0,0.0,642.0,0.0,,,,,left_only,False
electrolux fensa,black friday,Retail Display,2024,12,150651.0,0.0,549.0,0.0,,,,,left_only,False
electrolux fensa,blackout,Retail Display,2025,7,20045.0,0.0,97.0,0.0,,,,,left_only,False
electrolux fensa,blackout,Retail Display,2025,8,52478.0,0.0,267.0,0.0,,,,,left_only,False
electrolux fensa,cyber day,Meta,2024,6,244293.0,0.0,636.0,0.0,,,,,left_only,False
electrolux fensa,cyber day,Retail Display,2024,6,585817.0,0.0,2008.0,0.0,,,,,left_only,False
electrolux fensa,cyber day,Retail Display,2025,6,95447.0,0.0,421.0,0.0,,,,,left_only,False
electrolux fensa,cyber monday,Retail Display,2024,9,155754.0,0.0,548.0,0.0,,,,,left_only,False
electrolux fensa,cyber monday,Retail Display,2024,10,312439.0,0.0,775.0,0.0,,,,,left_only,False
electrolux fensa,cyber monday,Retail Display,2025,10,164500.0,0.0,426.0,0.0,,,,,left_only,False
electrolux fensa mademsa,semana marca,Retail Display,2025,9,204574.0,0.0,593.0,0.0,,,,,left_only,False
electrolux mademsa,,Retail Display,2024,6,330308.0,0.0,370.0,0.0,,,,,left_only,False
electrolux mademsa,ao,Retail Display,2025,8,102284.0,0.0,197.0,0.0,,,,,left_only,False
electrolux mademsa,ao,Retail Display,2025,9,104120.0,0.0,237.0,0.0,,,,,left_only,False
electrolux mademsa,black,Retail Display,2024,7,16565.0,0.0,78.0,0.0,,,,,left_only,False
electrolux mademsa,black,Retail Display,2024,8,133131.0,0.0,530.0,0.0,,,,,left_only,False
electrolux mademsa,black friday,Retail Display,2024,11,129318.0,0.0,674.0,0.0,,,,,left_only,False
electrolux mademsa,black friday,Retail Display,2024,12,158673.0,0.0,686.0,0.0,,,,,left_only,False
electrolux mademsa,blackout,Retail Display,2025,7,19993.0,0.0,82.0,0.0,,,,,left_only,False
electrolux mademsa,blackout,Retail Display,2025,8,52668.0,0.0,256.0,0.0,,,,,left_only,False
electrolux mademsa,calefont,Retail Display,2024,7,76929.0,0.0,175.0,0.0,,,,,left_only,False
electrolux mademsa,cyber day,Retail Display,2024,6,587428.0,0.0,1932.0,0.0,,,,,left_only,False
electrolux mademsa,cyber day,Retail Display,2025,6,275450.0,0.0,725.0,0.0,,,,,left_only,False
electrolux mademsa,cyber monday,Retail Display,2024,9,189156.0,0.0,964.0,0.0,,,,,left_only,False
electrolux mademsa,cyber monday,Retail Display,2024,10,195880.0,0.0,546.0,0.0,,,,,left_only,False
electrolux mademsa,cyber monday,Retail Display,2025,10,129004.0,0.0,289.0,0.0,,,,,left_only,False
electrolux mademsa fensa,cyber day,Google,2025,6,172613.0,0.0,3235.0,0.0,,,,,left_only,False
elite professional,6189516 011144,CRM,2023,10,0.0,105483.0,168.0,44220.0,,,,,left_only,False
elite professional,6189516 011257,CRM,2023,10,0.0,85460.0,184.0,37150.0,,,,,left_only,False
emaresa stihl,cyber day,Retail Display,2025,6,152571.0,0.0,593.0,0.0,,,,,left_only,False
emaresa stihl,cyber monday,Meta,2025,10,279351.0,0.0,5721.0,0.0,,,,,left_only,False
emaresa stihl trex,aon stihl,Google,2026,4,67561.0,0.0,1883.0,440050.0,,,,,left_only,False
emaresa stihl trex,aon stihl,Google,2026,5,109677.0,0.0,2732.0,96980.0,,,,,left_only,False
emaresa trex,tactico tractores,Google,2026,1,94414.0,0.0,2681.0,4217424.0,,,,,left_only,False
emaresa trex,tractores,Google,2025,11,57864.0,0.0,1487.0,225760.0,,,,,left_only,False
emaresa trex,tractores,Google,2025,12,163565.0,0.0,4877.0,8487362.0,,,,,left_only,False
emaresa trex,tractores,Google,2026,2,150376.0,0.0,4804.0,14010854.0,,,,,left_only,False
emaresa trex,tractores,Google,2026,3,268536.0,0.0,8372.0,12993317.0,,,,,left_only,False
emasa hyundai,cyber day,Retail Display,2025,6,124206.0,0.0,591.0,0.0,,,,,left_only,False
emasa hyundai,cyber monday,Retail Display,2025,10,110086.0,0.0,511.0,0.0,,,,,left_only,False
embramaco,6189516 011905,CRM,2023,11,0.0,101221.0,476.0,703637.0,,,,,left_only,False
embramaco,aon marzo 2026,Sponsored Products,2026,3,110706.0,0.0,2589.0,2127996.0,,,,,left_only,False
embramaco,df6xafm6o,CRM,2025,3,0.0,101599.0,404.0,78980.0,,,,,left_only,False
embramaco,k9ifrvbcu,CRM,2024,1,0.0,99381.0,621.0,1073830.0,,,,,left_only,False
embramaco,q1xxbvcfu,CRM,2025,2,0.0,102248.0,388.0,524654.0,,,,,left_only,False
embramaco,tactico febrero 2026,Sponsored Products,2026,2,181458.0,0.0,2893.0,838984.0,,,,,left_only,False
encuesta agorex,shxwmj90m,CRM,2023,12,0.0,77357.0,161.0,113693.0,,,,,left_only,False
energizer,concurso navidad,Retail Display,2024,11,940825.0,0.0,931.0,0.0,,,,,left_only,False
energizer,concurso navidad,Retail Display,2024,12,742203.0,0.0,884.0,0.0,,,,,left_only,False
epson,tactico epson febrero,CRM,2026,3,0.0,308738.0,0.0,993450.0,,,,,left_only,False
epson,tactico epson febrero,Sponsored Products,2026,2,4258.0,0.0,142.0,675970.0,CASA INTELIGENTE,45714.0,37668.0,8046.0,both,True
epson,tactico epson marzo,CRM,2026,3,0.0,629012.0,0.0,1379940.0,CASA INTELIGENTE,700000.0,53333.0,646667.0,both,True
epson,tactico epson marzo,Sponsored Products,2026,3,47356.0,0.0,1977.0,6288700.0,CASA INTELIGENTE,354285.0,291931.0,62354.0,both,True
ergo,tactico turba febrero 2026,Retail Display,2026,2,46384.0,0.0,41.0,0.0,,,,,left_only,False
ergo,tactico turba febrero 2026,Retail Display,2026,3,107466.0,0.0,108.0,0.0,,,,,left_only,False
essity tork,aon,Meta,2025,6,239917.0,0.0,1207.0,0.0,,,,,left_only,False
essity tork,aon,Meta,2025,10,70749.0,0.0,3447.0,0.0,,,,,left_only,False
essity tork,aon,Meta,2025,11,201968.0,0.0,7989.0,49780.0,,,,,left_only,False
etersol,bnljva3ux,CRM,2024,5,0.0,102201.0,407.0,2499193.0,,,,,left_only,False
exit,aon abril exit 2026,CRM,2026,4,0.0,256113.0,0.0,1357900.0,MUEBLES,1000000.0,27586.0,972414.0,both,True
exit,aon mayo 2026,CRM,2026,5,0.0,258971.0,0.0,280683.0,MUEBLES,0.0,61538.0,-61538.0,both,True
exit,muebles,Sponsored Products,2026,4,82315.0,0.0,645.0,0.0,,,,,left_only,False
fanaloza,8j6sotr2l,CRM,2024,1,0.0,51640.0,292.0,9639789.0,,,,,left_only,False
fanaloza,dadeu5dx1,CRM,2024,1,0.0,101179.0,433.0,15499462.0,,,,,left_only,False
fanaloza,gasfiteria,Retail Display,2025,1,348825.0,0.0,781.0,0.0,,,,,left_only,False
fanaloza,gifjo88zr,CRM,2025,1,0.0,53962.0,816.0,9651464.0,,,,,left_only,False
fanaloza,noppp2vmi,CRM,2024,1,0.0,51645.0,246.0,6592329.0,,,,,left_only,False
fanaloza,uayxrzwgz,CRM,2025,1,0.0,101993.0,595.0,8291909.0,,,,,left_only,False
fanaloza,wc0nyw2g2,CRM,2024,6,0.0,106049.0,186.0,1962396.0,,,,,left_only,False
fanaloza,xzsjhpsd,CRM,2024,6,0.0,106299.0,363.0,12435590.0,,,,,left_only,False
fantuzzi,black friday,Retail Display,2024,11,93864.0,0.0,678.0,0.0,,,,,left_only,False
fantuzzi,black friday,Retail Display,2024,12,50098.0,0.0,225.0,0.0,,,,,left_only,False
fantuzzi,yl5u6fnwd,CRM,2024,12,0.0,53894.0,1488.0,273780.0,,,,,left_only,False
fdv,8ewwy2ecv,CRM,2025,8,0.0,54010.0,241.0,499980.0,,,,,left_only,False
fdv,a1euan1xa,CRM,2025,10,0.0,12532.0,155.0,0.0,,,,,left_only,False
fdv,aon febrero 2026,Sponsored Products,2026,2,52630.0,0.0,974.0,4119890.0,ELECTROHOGAR,402133.0,331358.0,70775.0,both,True
fdv,aon kitchen center,Sponsored Products,2026,4,21190.0,0.0,248.0,0.0,,,,,left_only,False
fdv,aon marzo kitchen center 2026,Sponsored Products,2026,3,58894.0,0.0,999.0,619980.0,ELECTROHOGAR,502133.0,413758.0,88375.0,both,True
fdv kitchen center,blackout,Retail Display,2025,7,92059.0,0.0,684.0,0.0,,,,,left_only,False
fdv kitchen center,blackout,Retail Display,2025,8,221904.0,0.0,1016.0,0.0,,,,,left_only,False
fellini,tactico felliny goofy febrero 2026,Sponsored Products,2026,2,20381.0,0.0,369.0,53400.0,JARDIN,200000.0,164800.0,35200.0,both,True
fensa,,CRM,2025,5,0.0,72.0,0.0,1502724.0,,,,,left_only,False
fensa,,CRM,2025,6,0.0,606.0,0.0,13047432.0,,,,,left_only,False
fensa,,CRM,2025,7,0.0,257.0,0.0,7795750.0,,,,,left_only,False
fensa,3hutdwkwm,CRM,2025,11,0.0,17.0,1.0,6161290.0,,,,,left_only,False
fensa,4i30fhsf1,CRM,2025,9,0.0,10.0,0.0,2672890.0,,,,,left_only,False
fensa,4ixvpznjd,CRM,2025,6,0.0,20.0,0.0,4303790.0,,,,,left_only,False
fensa,4x3yai3av,CRM,2025,9,0.0,50.0,1.0,13666480.0,,,,,left_only,False
fensa,5hbwhifhx,CRM,2025,9,0.0,18.0,3.0,5386024.0,,,,,left_only,False
fensa,5iak1jjy7,CRM,2025,10,0.0,22891.0,152.0,2251902.0,,,,,left_only,False
fensa,6189516 007810,CRM,2023,1,0.0,53939.0,10982.0,15489369.0,,,,,left_only,False
fensa,6189516 008781,CRM,2023,4,0.0,100386.0,188.0,6973522.0,,,,,left_only,False
fensa,6189516 008820,CRM,2023,4,0.0,101229.0,82.0,12810510.0,,,,,left_only,False
fensa,6189516 009506,CRM,2023,5,0.0,101222.0,139.0,7054108.0,,,,,left_only,False
fensa,6189516 009607,CRM,2023,5,0.0,16396.0,0.0,3383826.0,,,,,left_only,False
fensa,6189516 010277,CRM,2023,7,0.0,52304.0,4201.0,3943843.0,,,,,left_only,False
fensa,6189516 010401,CRM,2023,7,0.0,101962.0,145.0,14574815.0,,,,,left_only,False
fensa,6189516 010549,CRM,2023,8,0.0,101382.0,104.0,5807700.0,,,,,left_only,False
fensa,6189516 010730,CRM,2023,8,0.0,10720.0,0.0,0.0,,,,,left_only,False
fensa,6189516 011016,CRM,2023,9,0.0,54052.0,3735.0,3811262.0,,,,,left_only,False
fensa,6189516 011302,CRM,2023,10,0.0,1214807.0,15579.0,130619244.0,,,,,left_only,False
fensa,6189516 011304,CRM,2023,10,0.0,13384.0,0.0,1003920.0,,,,,left_only,False
fensa,6189516 011490,CRM,2023,10,0.0,101342.0,207.0,5248021.0,,,,,left_only,False
fensa,6189516 011551,CRM,2023,10,0.0,101962.0,213.0,8448745.0,,,,,left_only,False
fensa,6189516 011626,CRM,2023,10,0.0,101238.0,313.0,11732691.0,,,,,left_only,False
fensa,6189516 011704,CRM,2023,11,0.0,101222.0,231.0,9534166.0,,,,,left_only,False
fensa,6189516 011856,CRM,2023,11,0.0,101282.0,318.0,13574202.0,,,,,left_only,False
fensa,6189516 011921,CRM,2023,11,0.0,101145.0,247.0,14649358.0,,,,,left_only,False
fensa,6189516 012155,CRM,2023,12,0.0,101192.0,167.0,7590174.0,,,,,left_only,False
fensa,8srvtevbl,CRM,2024,6,0.0,105687.0,63.0,15593132.0,,,,,left_only,False
fensa,8vb4ewtf4,CRM,2024,8,0.0,49119.0,298.0,10021712.0,,,,,left_only,False
fensa,9miosrsy3,CRM,2025,2,0.0,102295.0,559.0,15454470.0,,,,,left_only,False
fensa,9wiv1celx,CRM,2024,2,0.0,101903.0,412.0,21510502.0,,,,,left_only,False
fensa,9x3c5rlwp,CRM,2025,5,0.0,21.0,0.0,5343280.0,,,,,left_only,False
fensa,aon electrolux 2025,CRM,2025,12,0.0,41.0,4.0,11865412.0,,,,,left_only,False
fensa,aon febrero electrolux byc 2026,Sponsored Products,2026,2,40427.0,0.0,959.0,5429690.0,,,,,left_only,False
fensa,aon febrero electrolux lb 2026,Sponsored Products,2026,2,7690.0,0.0,127.0,0.0,,,,,left_only,False
fensa,aon febrero mademsa lb 2026,Sponsored Products,2026,2,0.0,0.0,0.0,969970.0,,,,,left_only,False
fensa,aon marzo electrolux lb 2026,Sponsored Products,2026,3,107703.0,0.0,2473.0,14599370.0,,,,,left_only,False
fensa,aon marzo mademsa lb 2026,Sponsored Products,2026,3,0.0,0.0,0.0,2769880.0,,,,,left_only,False
fensa,bftwht1sg,CRM,2025,8,0.0,20.0,0.0,5247032.0,,,,,left_only,False
fensa,bkhgvr0wj,CRM,2024,6,0.0,101938.0,542.0,10519650.0,,,,,left_only,False
fensa,black marzo electrolux 2026,CRM,2026,3,0.0,134994.0,781.0,8741566.0,,,,,left_only,False
fensa,black marzo electrolux 2026,CRM,2026,4,0.0,91.0,0.0,22451863.0,,,,,left_only,False
fensa,black week,Sponsored Products,2026,3,71739.0,0.0,1657.0,15749500.0,,,,,left_only,False
fensa,bw96z5e a,CRM,2025,7,0.0,7.0,0.0,1483520.0,,,,,left_only,False
fensa,clfm7hwvq,CRM,2024,8,0.0,101695.0,711.0,12837186.0,,,,,left_only,False
fensa,d7isfyfpv,CRM,2024,4,0.0,101208.0,424.0,4094953.0,,,,,left_only,False
fensa,debc0vaag,CRM,2025,4,0.0,50.0,1.0,11328745.0,,,,,left_only,False
fensa,dukqrezxm,CRM,2025,11,0.0,10.0,0.0,3117089.0,,,,,left_only,False
fensa,fensa mademsa,Google,2024,8,14568.0,0.0,355.0,339990.0,,,,,left_only,False
fensa,fensa mademsa,Google,2024,9,26682.0,0.0,302.0,629980.0,,,,,left_only,False
fensa,fensa mademsa,Google,2024,11,43347.0,0.0,453.0,2012642.0,,,,,left_only,False
fensa,fensa mademsa,Google,2025,1,107118.0,0.0,1944.0,3994050.0,,,,,left_only,False
fensa,fensa mademsa,Google,2025,2,30197.0,0.0,522.0,1317489.0,,,,,left_only,False
fensa,fensa mademsa,Google,2025,3,73638.0,0.0,1208.0,1814251.0,,,,,left_only,False
fensa,fensa mademsa,Google,2025,4,218613.0,0.0,3168.0,5213490.0,,,,,left_only,False
fensa,fensa mademsa,Google,2025,5,44293.0,0.0,582.0,1174360.0,,,,,left_only,False
fensa,fensa mademsa,Google,2025,7,19528.0,0.0,329.0,765770.0,,,,,left_only,False
fensa,fensa mademsa,Google,2025,8,18685.0,0.0,310.0,209990.0,,,,,left_only,False
fensa,fensa mademsa,Google,2025,10,39127.0,0.0,675.0,1468930.0,,,,,left_only,False
fensa,fifuv5w7w,CRM,2025,1,0.0,102218.0,585.0,16187431.0,,,,,left_only,False
fensa,hf qiqjcz,CRM,2025,3,0.0,101802.0,373.0,7868013.0,,,,,left_only,False
fensa,hhamcr3di,CRM,2025,3,0.0,100095.0,454.0,18488076.0,,,,,left_only,False
fensa,iahkol v1,CRM,2025,8,0.0,87.0,0.0,22057974.0,,,,,left_only,False
fensa,iyplxgtdk,CRM,2024,1,0.0,94364.0,232.0,8581036.0,,,,,left_only,False
fensa,k6rai0x5v,CRM,2024,2,0.0,47993.0,4555.0,16617905.0,,,,,left_only,False
fensa,knsjgtqw5,CRM,2024,1,0.0,100282.0,68.0,9979318.0,,,,,left_only,False
fensa,l8cq2jfqk,CRM,2024,2,0.0,53978.0,3158.0,6138970.0,,,,,left_only,False
fensa,lsspztd6v,CRM,2025,10,0.0,27.0,0.0,6828049.0,,,,,left_only,False
fensa,oo110b0vz,CRM,2024,11,0.0,1124259.0,24897.0,70733749.0,,,,,left_only,False
fensa,ovdjjaiuy,CRM,2024,11,0.0,101989.0,457.0,6471412.0,,,,,left_only,False
fensa,pja0xzn9s,CRM,2024,8,0.0,100428.0,352.0,10231126.0,,,,,left_only,False
fensa,psfdtvvha,CRM,2025,10,0.0,32.0,32.0,8408767.0,,,,,left_only,False
fensa,pspg35bnh,CRM,2025,6,0.0,106329.0,93.0,6230043.0,,,,,left_only,False
fensa,pypuidzgg,CRM,2024,9,0.0,101404.0,355.0,10114414.0,,,,,left_only,False
fensa,q16zpnm5o,CRM,2025,5,0.0,58.0,2.0,14209009.0,,,,,left_only,False
fensa,rcwpiqxvz,CRM,2025,8,0.0,14.0,0.0,3269860.0,,,,,left_only,False
fensa,rftkt04xa,CRM,2025,7,0.0,40.0,0.0,9683974.0,,,,,left_only,False
fensa,rorajmo0g,CRM,2024,12,0.0,102234.0,407.0,28593327.0,,,,,left_only,False
fensa,sdaax9fwd,CRM,2024,12,0.0,101193.0,16.0,5464330.0,,,,,left_only,False
fensa,tbxfugy f,CRM,2025,6,0.0,17.0,1.0,4020830.0,,,,,left_only,False
fensa,twiuy z59,CRM,2025,9,0.0,5.0,0.0,941940.0,,,,,left_only,False
fensa,tzfjhimug,CRM,2024,11,0.0,54079.0,1548.0,4718283.0,,,,,left_only,False
fensa,ufpp80xts,CRM,2024,12,0.0,54031.0,1855.0,14173771.0,,,,,left_only,False
fensa,v0vwvc9wz,CRM,2024,8,0.0,777758.0,19578.0,30152852.0,,,,,left_only,False
fensa,vjpdptjdn,CRM,2024,6,0.0,102212.0,190.0,18647362.0,,,,,left_only,False
fensa,vjyzzmbyj,CRM,2024,8,0.0,101831.0,443.0,15836125.0,,,,,left_only,False
fensa,x,CRM,2024,9,0.0,106295.0,57.0,17009485.0,,,,,left_only,False
fensa,x,CRM,2024,10,0.0,1026540.0,20148.0,71270076.0,,,,,left_only,False
fensa,xgegrdatx,CRM,2024,12,0.0,49.0,2.0,13418666.0,,,,,left_only,False
fensa,xgi4hh8qj,CRM,2025,6,0.0,106152.0,67.0,14724619.0,,,,,left_only,False
fensa,xiabn8r7q,CRM,2025,8,0.0,14.0,0.0,4163390.0,,,,,left_only,False
fensa,xw5isueim,CRM,2024,8,0.0,49938.0,260.0,16585584.0,,,,,left_only,False
fensa,y2p4d3imn,CRM,2024,10,0.0,102095.0,640.0,10398191.0,,,,,left_only,False
fensa,yl6watac,CRM,2024,4,0.0,101927.0,351.0,14162676.0,,,,,left_only,False
fensa,za9dpadff,CRM,2024,10,0.0,54027.0,2232.0,5754323.0,,,,,left_only,False
fensa,zflgosr u,CRM,2025,6,0.0,60.0,0.0,15514556.0,,,,,left_only,False
fensa,zmjlxjzbx,CRM,2025,11,0.0,27.0,0.0,8080230.0,,,,,left_only,False
fensa,zs6stdx3e,CRM,2025,10,0.0,21.0,0.0,4643730.0,,,,,left_only,False
finish,5dwgcygcl,CRM,2025,6,0.0,20.0,1.0,255730.0,,,,,left_only,False
finish,zjwoxqrfi,CRM,2025,4,0.0,22.0,1.0,220743.0,,,,,left_only,False
fixser,bts febrero 2026,Retail Display,2026,2,153871.0,0.0,211.0,0.0,ORGANIZACION,400000.0,320000.0,80000.0,both,True
fixser,bts febrero 2026,Sponsored Products,2026,2,120361.0,0.0,899.0,1467820.0,ORGANIZACION,307809.0,253635.0,54174.0,both,True
fixser,bts marzo 2026,Retail Display,2026,3,153858.0,0.0,184.0,0.0,ORGANIZACION,400000.0,320000.0,80000.0,both,True
fixser,bts marzo 2026,Sponsored Products,2026,3,127262.0,0.0,1216.0,4742360.0,ORGANIZACION,492810.0,406075.0,86735.0,both,True
flex,6189516 009590,CRM,2023,5,0.0,27372.0,6153.0,3794820.0,,,,,left_only,False
flex,6189516 012025,CRM,2023,11,0.0,54055.0,3850.0,149990.0,,,,,left_only,False
flex,aon febrero 2026,CRM,2026,2,0.0,608534.0,0.0,13617942.0,MUEBLES,550000.0,76190.0,473810.0,both,True
flex,aon febrero 2026,Sponsored Products,2026,2,109692.0,0.0,2367.0,10438600.0,MUEBLES,450000.0,370800.0,79200.0,both,True
flex,aon marzo 2026,Sponsored Products,2026,3,157964.0,0.0,2912.0,6359790.0,MUEBLES,1000000.0,824000.0,176000.0,both,True
flex,black week,Sponsored Products,2026,3,63702.0,0.0,1171.0,1989930.0,,,,,left_only,False
flex,cwiiqyxde,CRM,2024,8,0.0,23778.0,1712.0,919940.0,,,,,left_only,False
flex,k8adqs6 w,CRM,2025,9,0.0,53948.0,197.0,0.0,,,,,left_only,False
flex,pwee3t85x,CRM,2024,1,0.0,54044.0,4353.0,609970.0,,,,,left_only,False
flex,xr fofmcm,CRM,2024,4,0.0,53916.0,2706.0,1446930.0,,,,,left_only,False
flowmak,4lpzllzgv,CRM,2024,7,0.0,98631.0,666.0,229990.0,,,,,left_only,False
flowmak,gnapc550a,CRM,2024,7,0.0,99672.0,404.0,5609470.0,,,,,left_only,False
fonaloza,udcx0lzkr,CRM,2025,8,0.0,53934.0,236.0,0.0,,,,,left_only,False
gardena,5xzoravom,CRM,2024,11,0.0,101936.0,614.0,1892294.0,,,,,left_only,False
gardena,gz2h jmno,CRM,2024,9,0.0,101980.0,550.0,5155579.0,,,,,left_only,False
gardena,nyzvz8dys,CRM,2024,6,0.0,101934.0,541.0,725261.0,,,,,left_only,False
gardena,tactico febrero 2026,Sponsored Products,2026,2,9942.0,0.0,66.0,75470.0,,,,,left_only,False
generico,6189516 009760,CRM,2023,6,0.0,98427.0,11374.0,1615386.0,,,,,left_only,False
generico,black week,Sponsored Products,2026,3,1418.0,0.0,4.0,0.0,,,,,left_only,False
generico mascotas,regalones,Retail Display,2024,6,38443.0,0.0,87.0,0.0,,,,,left_only,False
generico mascotas,regalones,Retail Display,2024,7,230838.0,0.0,416.0,0.0,,,,,left_only,False
glade,,Retail Display,2025,12,232787.0,0.0,308.0,0.0,,,,,left_only,False
glassex,5dwgcygcl,CRM,2025,6,0.0,6.0,0.0,22730.0,,,,,left_only,False
goofy,d7isfyfpv,CRM,2025,5,0.0,7.0,0.0,34844.0,,,,,left_only,False
goofy,tactico felliny goofy febrero 2026,Sponsored Products,2026,2,6848.0,0.0,95.0,9380.0,,,,,left_only,False
grayson,co brand,Google,2024,10,69218.0,0.0,1059.0,0.0,,,,,left_only,False
grayson,co brand,Google,2025,6,33701.0,0.0,602.0,0.0,,,,,left_only,False
grayson,co brand,Google,2025,10,55782.0,0.0,869.0,0.0,,,,,left_only,False
grayson,cyber monday,Retail Display,2024,10,192377.0,0.0,291.0,0.0,,,,,left_only,False
grayson capital spa the pink stuff,cyber day,Retail Display,2025,6,76020.0,0.0,190.0,0.0,,,,,left_only,False
grayson the pink stuff,cyber monday,Retail Display,2025,10,72822.0,0.0,217.0,0.0,,,,,left_only,False
greenwork,jardin fest,Google,2025,4,30292.0,0.0,365.0,0.0,,,,,left_only,False
greenwork,jardin fest,Google,2025,5,23069.0,0.0,242.0,0.0,,,,,left_only,False
greenwork,jardin fest,Meta,2025,4,179768.0,0.0,2501.0,0.0,,,,,left_only,False
greenwork,jardin fest,Meta,2025,5,63243.0,0.0,1007.0,0.0,,,,,left_only,False
greenworks,heb7xgj2j,CRM,2025,4,0.0,101333.0,582.0,0.0,,,,,left_only,False
grilltech,rkeqvfdly,CRM,2024,9,0.0,54079.0,2355.0,231554.0,,,,,left_only,False
grilltech,wwhjuze8e,CRM,2024,9,0.0,98444.0,679.0,1741995.0,,,,,left_only,False
hankook,6189516 011746,CRM,2023,11,0.0,53970.0,4111.0,2049577.0,,,,,left_only,False
hankook,9yhhsnv9y,CRM,2024,2,0.0,102138.0,430.0,7808176.0,,,,,left_only,False
hankook,black friday,Retail Display,2024,11,95573.0,0.0,509.0,0.0,,,,,left_only,False
hankook,black friday,Retail Display,2024,12,80292.0,0.0,421.0,0.0,,,,,left_only,False
hankook,black week,Retail Display,2025,3,65020.0,0.0,286.0,0.0,,,,,left_only,False
hankook,black week,Retail Display,2025,4,103709.0,0.0,350.0,0.0,,,,,left_only,False
hankook,kkedkih3w,CRM,2024,1,0.0,49453.0,100.0,2597491.0,,,,,left_only,False
hankook,kotyhrpfo,CRM,2025,9,0.0,53982.0,257.0,1028659.0,,,,,left_only,False
hankook,le9wyeuns,CRM,2025,6,0.0,54028.0,271.0,2081155.0,,,,,left_only,False
hankook,m41p1yhxn,CRM,2025,9,0.0,101290.0,589.0,5403295.0,,,,,left_only,False
hankook,mstemqdu3,CRM,2024,1,0.0,51266.0,118.0,5005875.0,,,,,left_only,False
hankook,rbieiruh,CRM,2024,12,0.0,35.0,1.0,3643381.0,,,,,left_only,False
hankook,rrqluk6jg,CRM,2024,1,0.0,101259.0,206.0,5390190.0,,,,,left_only,False
hankook,xa jpvlmh,CRM,2025,1,0.0,44.0,0.0,4591776.0,,,,,left_only,False
harpic,zjwoxqrfi,CRM,2025,4,0.0,42.0,1.0,287461.0,,,,,left_only,False
henkel,44fcnwlrw,CRM,2024,8,0.0,803.0,1.0,9401197.0,,,,,left_only,False
henkel,6189516 007848,CRM,2023,1,0.0,48666.0,10120.0,11203353.0,,,,,left_only,False
henkel,6189516 008494,CRM,2023,3,0.0,101182.0,187.0,3515582.0,,,,,left_only,False
henkel,6189516 008610,CRM,2023,3,0.0,101335.0,314.0,3279160.0,,,,,left_only,False
henkel,6189516 008708,CRM,2023,3,0.0,54005.0,4386.0,608680.0,,,,,left_only,False
henkel,6189516 008839,CRM,2023,4,0.0,100953.0,126.0,3574166.0,,,,,left_only,False
henkel,6189516 008919,CRM,2023,4,0.0,54058.0,6113.0,2334982.0,,,,,left_only,False
henkel,6189516 009004,CRM,2023,4,0.0,101379.0,227.0,2595257.0,,,,,left_only,False
henkel,6189516 009240,CRM,2023,5,0.0,101439.0,95.0,1366840.0,,,,,left_only,False
henkel,6189516 009402,CRM,2023,5,0.0,105418.0,151.0,4387349.0,,,,,left_only,False
henkel,6189516 009512,CRM,2023,5,0.0,105253.0,82.0,2673558.0,,,,,left_only,False
henkel,6189516 010528,CRM,2023,8,0.0,101131.0,45.0,5754652.0,,,,,left_only,False
henkel,6189516 011855,CRM,2023,11,0.0,99726.0,631.0,3167911.0,,,,,left_only,False
henkel,7yklawwib,CRM,2024,9,0.0,102270.0,420.0,7927808.0,,,,,left_only,False
henkel,aon marzo henkel 2026,Sponsored Products,2026,3,0.0,0.0,0.0,7790.0,,,,,left_only,False
henkel,bpgssdkja,CRM,2024,7,0.0,1006.0,3.0,12667996.0,,,,,left_only,False
henkel,cm7i2xrxn,CRM,2024,8,0.0,910.0,10.0,10889098.0,,,,,left_only,False
henkel,cyber monday,Retail Display,2024,9,60672.0,0.0,139.0,0.0,,,,,left_only,False
henkel,cyber monday,Retail Display,2024,10,125179.0,0.0,202.0,0.0,,,,,left_only,False
henkel,fdnix oqj,CRM,2024,8,0.0,899.0,1.0,10243160.0,,,,,left_only,False
henkel,gkbdg5spt,CRM,2025,3,0.0,1195.0,10.0,14466172.0,,,,,left_only,False
henkel,iaqfavmfa,CRM,2024,8,0.0,10886.0,597.0,1361295.0,,,,,left_only,False
henkel,jjvdscybr,CRM,2024,9,0.0,814.0,3.0,10076989.0,,,,,left_only,False
henkel,jzl5pdxty,CRM,2024,9,0.0,731.0,4.0,8696197.0,,,,,left_only,False
henkel,roq dqowd,CRM,2024,6,0.0,153.0,7.0,3167888.0,,,,,left_only,False
henkel agorex,black,Retail Display,2024,8,172695.0,0.0,301.0,0.0,,,,,left_only,False
henkel agorex,black friday,Retail Display,2024,11,101302.0,0.0,161.0,0.0,,,,,left_only,False
henkel agorex,black friday,Retail Display,2024,12,54922.0,0.0,70.0,0.0,,,,,left_only,False
henkel agorex,black out,Retail Display,2025,7,5899.0,0.0,17.0,0.0,,,,,left_only,False
henkel agorex,black out,Retail Display,2025,8,122063.0,0.0,182.0,0.0,,,,,left_only,False
henkel agorex,black week,Retail Display,2025,3,76363.0,0.0,75.0,0.0,,,,,left_only,False
henkel agorex,black week,Retail Display,2025,4,114432.0,0.0,134.0,0.0,,,,,left_only,False
henkel agorex,cobrand,Retail Display,2025,4,187018.0,0.0,299.0,0.0,,,,,left_only,False
henkel agorex,concurso,Retail Display,2024,8,412518.0,0.0,540.0,0.0,,,,,left_only,False
henkel agorex,concurso,Retail Display,2024,9,270347.0,0.0,255.0,0.0,,,,,left_only,False
henkel agorex,concurso,Retail Display,2025,5,150263.0,0.0,233.0,0.0,,,,,left_only,False
henkel agorex,concurso camioneta,Retail Display,2024,10,177264.0,0.0,365.0,0.0,,,,,left_only,False
henkel agorex,concurso camioneta,Retail Display,2024,11,177622.0,0.0,361.0,0.0,,,,,left_only,False
henkel agorex,concurso smart tv,Retail Display,2025,2,141120.0,0.0,127.0,0.0,,,,,left_only,False
henkel agorex,concurso smart tv,Retail Display,2025,3,122181.0,0.0,130.0,0.0,,,,,left_only,False
henkel agorex,cyber day,Retail Display,2025,6,91498.0,0.0,158.0,0.0,,,,,left_only,False
henkel agorex,ppi,Retail Display,2025,6,177725.0,0.0,227.0,0.0,,,,,left_only,False
henkel agorex,ppi,Retail Display,2025,7,175587.0,0.0,195.0,0.0,,,,,left_only,False
henkel agorex,tapagoteras,Retail Display,2024,7,426016.0,0.0,615.0,0.0,,,,,left_only,False
hisense,,CRM,2025,7,0.0,7592.0,0.0,6446122.0,,,,,left_only,False
hisense,,CRM,2025,8,0.0,12424.0,0.0,19743260.0,,,,,left_only,False
hisense,,CRM,2025,9,0.0,17194.0,0.0,28748106.0,,,,,left_only,False
hisense,,CRM,2025,10,0.0,42412.0,0.0,56422928.0,,,,,left_only,False
hisense,,CRM,2025,11,0.0,30422.0,0.0,48882515.0,,,,,left_only,False
hisense,,CRM,2025,12,0.0,31796.0,0.0,48652786.0,,,,,left_only,False
hisense,,CRM,2026,1,0.0,36738.0,0.0,29521603.0,,,,,left_only,False
hisense,,CRM,2026,2,0.0,34243.0,0.0,30703596.0,,,,,left_only,False
hisense,,CRM,2026,3,0.0,32895.0,0.0,35177147.0,,,,,left_only,False
hisense,,CRM,2026,4,0.0,39608.0,0.0,14802096.0,,,,,left_only,False
hisense,,CRM,2026,5,0.0,29321.0,0.0,7787884.0,,,,,left_only,False
hisense,,Otros,2026,4,115385.0,0.0,67.0,0.0,,,,,left_only,False
hisense,,Otros,2026,5,348709.0,0.0,254.0,0.0,,,,,left_only,False
hisense,,Sponsored Products,2026,2,6381.0,0.0,139.0,769970.0,,,,,left_only,False
hisense,,Sponsored Products,2026,4,46094.0,0.0,593.0,2959920.0,,,,,left_only,False
hisense,0dznq7mvc,CRM,2024,11,0.0,54043.0,2144.0,879960.0,,,,,left_only,False
hisense,1d8ajw3kg,CRM,2024,6,0.0,54087.0,2550.0,1744910.0,,,,,left_only,False
hisense,2hfrnwtx8,CRM,2025,12,0.0,54007.0,0.0,2361112.0,,,,,left_only,False
hisense,30jsxqy18,CRM,2024,6,0.0,106350.0,235.0,4453773.0,,,,,left_only,False
hisense,405ttc4sx,CRM,2024,3,0.0,53925.0,3290.0,2209910.0,,,,,left_only,False
hisense,5m34ngq5o,CRM,2025,9,0.0,101413.0,499.0,2694982.0,,,,,left_only,False
hisense,6189516 007847,CRM,2023,1,0.0,54008.0,10961.0,1959920.0,,,,,left_only,False
hisense,6189516 009205,CRM,2023,5,0.0,101984.0,165.0,1299940.0,,,,,left_only,False
hisense,6189516 010995,CRM,2023,9,0.0,102053.0,78.0,6488944.0,,,,,left_only,False
hisense,6189516 011164,CRM,2023,10,0.0,105170.0,145.0,569970.0,,,,,left_only,False
hisense,6189516 011234,CRM,2023,10,0.0,85495.0,240.0,1034940.0,,,,,left_only,False
hisense,akp3niakg,CRM,2025,7,0.0,53937.0,246.0,2559910.0,,,,,left_only,False
hisense,ao,Google,2025,12,247949.0,0.0,5859.0,8786044.0,,,,,left_only,False
hisense,ao,Google,2026,4,283896.0,0.0,4641.0,6056440.0,,,,,left_only,False
hisense,ao,Google,2026,5,278419.0,0.0,5681.0,14149756.0,,,,,left_only,False
hisense,ao,Retail Display,2025,2,384459.0,0.0,1010.0,0.0,,,,,left_only,False
hisense,ao,Retail Display,2025,5,220990.0,0.0,680.0,0.0,,,,,left_only,False
hisense,ao,Retail Display,2025,6,9861.0,0.0,26.0,0.0,,,,,left_only,False
hisense,ao,Retail Display,2025,12,232970.0,0.0,204.0,0.0,,,,,left_only,False
hisense,aon,Retail Display,2025,8,311122.0,0.0,481.0,0.0,,,,,left_only,False
hisense,aon,Retail Display,2025,9,102736.0,0.0,187.0,0.0,,,,,left_only,False
hisense,aon febrero,CRM,2026,2,0.0,405148.0,1248.0,18933712.0,ELECTROHOGAR,1296000.0,76190.0,1219810.0,both,True
hisense,aon febrero,Retail Display,2026,2,230778.0,0.0,254.0,0.0,ELECTROHOGAR,600000.0,480000.0,120000.0,both,True
hisense,aon febrero,Sponsored Products,2026,2,137812.0,0.0,3208.0,14729440.0,ELECTROHOGAR,1300000.0,1071200.0,228800.0,both,True
hisense,aon febrero 2026,CRM,2026,3,0.0,310827.0,0.0,8442728.0,,,,,left_only,False
hisense,aon hisense,Sponsored Products,2026,4,35108.0,0.0,950.0,1019960.0,,,,,left_only,False
hisense,aon hisense 2026,CRM,2026,1,0.0,304212.0,1203.0,21093120.0,ELECTROHOGAR,980000.0,55172.0,924828.0,both,True
hisense,aon hisense 2026,Retail Display,2026,1,233852.0,0.0,237.0,0.0,ELECTROHOGAR,800000.0,640000.0,160000.0,both,True
hisense,aon marzo hisense 2026,Retail Display,2026,3,115388.0,0.0,73.0,0.0,ELECTROHOGAR,900000.0,0.0,900000.0,both,True
hisense,aon marzo hisense 2026,Sponsored Products,2026,3,90019.0,0.0,1718.0,5529780.0,ELECTROHOGAR,700000.0,576800.0,123200.0,both,True
hisense,bav9m46kl,CRM,2025,4,0.0,101298.0,482.0,2637063.0,,,,,left_only,False
hisense,black friday,Retail Display,2024,11,112771.0,0.0,433.0,0.0,,,,,left_only,False
hisense,black friday,Retail Display,2024,12,152517.0,0.0,453.0,0.0,,,,,left_only,False
hisense,black friday,Retail Display,2025,11,138561.0,0.0,239.0,0.0,,,,,left_only,False
hisense,black friday,Retail Display,2025,12,10778.0,0.0,13.0,0.0,,,,,left_only,False
hisense,black marzo hisense 2026,CRM,2026,3,0.0,134881.0,421.0,4745307.0,,,,,left_only,False
hisense,black week,Retail Display,2025,3,87319.0,0.0,408.0,0.0,,,,,left_only,False
hisense,black week,Retail Display,2025,4,210335.0,0.0,705.0,0.0,,,,,left_only,False
hisense,black week,Retail Display,2026,3,44783.0,0.0,67.0,0.0,,,,,left_only,False
hisense,black week,Retail Display,2026,4,24450.0,0.0,42.0,0.0,,,,,left_only,False
hisense,black week,Sponsored Products,2026,3,116958.0,0.0,3350.0,17069380.0,,,,,left_only,False
hisense,bm0epbuyj,CRM,2025,6,0.0,36833.0,315.0,1508800.0,,,,,left_only,False
hisense,c dzrt64k,CRM,2024,4,0.0,53978.0,2912.0,980834.0,,,,,left_only,False
hisense,cjio8h8tt,CRM,2025,11,0.0,53978.0,0.0,3370833.0,,,,,left_only,False
hisense,co brand,Retail Display,2024,12,347631.0,0.0,890.0,0.0,,,,,left_only,False
hisense,cyber day,Retail Display,2024,6,388102.0,0.0,1409.0,0.0,,,,,left_only,False
hisense,cyber day,Retail Display,2025,6,141159.0,0.0,403.0,0.0,,,,,left_only,False
hisense,cyber monday,Retail Display,2024,9,68409.0,0.0,214.0,0.0,,,,,left_only,False
hisense,cyber monday,Retail Display,2024,10,215425.0,0.0,359.0,0.0,,,,,left_only,False
hisense,cyber monday,Retail Display,2025,10,366897.0,0.0,998.0,0.0,,,,,left_only,False
hisense,emacspf4x,CRM,2025,12,0.0,54050.0,0.0,1097171.0,,,,,left_only,False
hisense,f9y1ajhzt,CRM,2025,10,0.0,54170.0,165.0,5961231.0,,,,,left_only,False
hisense,fmxzzxfms,CRM,2024,11,0.0,101355.0,384.0,2053818.0,,,,,left_only,False
hisense,ges 0iszm,CRM,2024,3,0.0,101949.0,491.0,3794441.0,,,,,left_only,False
hisense,i4xvlhdvw,CRM,2024,6,0.0,29362.0,2202.0,184990.0,,,,,left_only,False
hisense,iw6f7f6oj,CRM,2024,4,0.0,60355.0,142.0,2997049.0,,,,,left_only,False
hisense,iwxf22nnq,CRM,2024,4,0.0,101235.0,489.0,1374920.0,,,,,left_only,False
hisense,l0wzjbhh,CRM,2025,12,0.0,369414.0,0.0,12974475.0,,,,,left_only,False
hisense,l6e6hsmg3,CRM,2024,12,0.0,53990.0,1855.0,709970.0,,,,,left_only,False
hisense,lanzamiento,Retail Display,2025,12,315742.0,0.0,487.0,0.0,,,,,left_only,False
hisense,lanzamiento lavadora,Retail Display,2025,8,49790.0,0.0,75.0,0.0,,,,,left_only,False
hisense,lanzamiento lavadora,Retail Display,2025,9,164254.0,0.0,171.0,0.0,,,,,left_only,False
hisense,lavadoras,Retail Display,2025,10,75550.0,0.0,52.0,0.0,,,,,left_only,False
hisense,lavadoras,Retail Display,2025,11,112738.0,0.0,78.0,0.0,,,,,left_only,False
hisense,lguep0c2h,CRM,2024,10,0.0,102283.0,527.0,3395096.0,,,,,left_only,False
hisense,linea blanca,Retail Display,2025,7,297711.0,0.0,439.0,0.0,,,,,left_only,False
hisense,lm4kaogwa,CRM,2024,6,0.0,106259.0,252.0,1660108.0,,,,,left_only,False
hisense,n3n5pr5nb,CRM,2025,1,0.0,101175.0,495.0,5113521.0,,,,,left_only,False
hisense,n3tgc20qs,CRM,2025,11,0.0,101384.0,461.0,4621068.0,,,,,left_only,False
hisense,qrta1k6le,CRM,2024,8,0.0,50540.0,213.0,129990.0,,,,,left_only,False
hisense,r6xn5erys,CRM,2024,9,0.0,53913.0,2147.0,1099950.0,,,,,left_only,False
hisense,refrigeradores hero,Retail Display,2025,10,40126.0,0.0,56.0,0.0,,,,,left_only,False
hisense,refrigeradores hero,Retail Display,2025,11,34922.0,0.0,39.0,0.0,,,,,left_only,False
hisense,refrigeradores hero model,Retail Display,2025,12,117589.0,0.0,187.0,0.0,,,,,left_only,False
hisense,rkzhd66l8,CRM,2024,8,0.0,50388.0,137.0,1111065.0,,,,,left_only,False
hisense,semana marca,Retail Display,2024,10,284661.0,0.0,989.0,0.0,,,,,left_only,False
hisense,semana marca,Retail Display,2024,11,85957.0,0.0,310.0,0.0,,,,,left_only,False
hisense,semana marca,Retail Display,2025,1,746974.0,0.0,1735.0,0.0,,,,,left_only,False
hisense,semana marca,Retail Display,2025,2,302946.0,0.0,703.0,0.0,,,,,left_only,False
hisense,snktwsl8d,CRM,2024,12,0.0,102118.0,338.0,1391030.0,,,,,left_only,False
hisense,tactico lavadoras abril hisense 2026,CRM,2026,4,0.0,465137.0,573.0,5549028.0,ELECTROHOGAR,2700000.0,55172.0,2644828.0,both,True
hisense,tactico lavadoras febrero,CRM,2026,2,0.0,916437.0,0.0,37601298.0,ELECTROHOGAR,1100000.0,76190.0,1023810.0,both,True
hisense,tactico lavadoras febrero,Retail Display,2026,2,153850.0,0.0,204.0,0.0,ELECTROHOGAR,400000.0,320000.0,80000.0,both,True
hisense,tactico lavadoras febrero,Sponsored Products,2026,2,59243.0,0.0,1181.0,5909770.0,ELECTROHOGAR,600000.0,494400.0,105600.0,both,True
hisense,tactico lavadoras hisense 2026,CRM,2026,1,0.0,162192.0,0.0,3839820.0,ELECTROHOGAR,760000.0,55172.0,704828.0,both,True
hisense,tactico lavadoras hisense 2026,Retail Display,2026,1,189180.0,0.0,147.0,0.0,ELECTROHOGAR,600000.0,480000.0,120000.0,both,True
hisense,tactico lavadoras marzo hisense 2026,Sponsored Products,2026,3,59274.0,0.0,1546.0,11899620.0,ELECTROHOGAR,600000.0,494400.0,105600.0,both,True
hisense,tugmq9cbz,CRM,2024,2,0.0,101586.0,441.0,5494780.0,,,,,left_only,False
hisense,tve8k5wke,CRM,2025,12,0.0,101499.0,454.0,5066730.0,,,,,left_only,False
hisense,vdpufuodi,CRM,2024,1,0.0,101269.0,194.0,4612485.0,,,,,left_only,False
hisense,xpbqna 2c,CRM,2025,4,0.0,54054.0,345.0,1844546.0,,,,,left_only,False
hisense,xyongt gs,CRM,2024,4,0.0,92179.0,417.0,3399558.0,,,,,left_only,False
hisense,zrglkjvwr,CRM,2025,8,0.0,53974.0,240.0,2055538.0,,,,,left_only,False
hoffens,6189516 007645,CRM,2023,1,0.0,32098.0,6186.0,6865513.0,,,,,left_only,False
hoffens,7wskwa2ov,CRM,2024,1,0.0,50919.0,108.0,2207625.0,,,,,left_only,False
hoffens,bbllgkjao,CRM,2025,2,0.0,27292.0,213.0,8448329.0,,,,,left_only,False
hoffens,zogvrfkuf,CRM,2024,1,0.0,50704.0,124.0,6018247.0,,,,,left_only,False
hoga,6189516 010153,CRM,2023,7,0.0,101237.0,130.0,333940.0,,,,,left_only,False
hoga,6189516 010488,CRM,2023,8,0.0,101340.0,87.0,3099803.0,,,,,left_only,False
hoga,muebles pisos,Retail Display,2024,8,32193.0,0.0,108.0,0.0,,,,,left_only,False
hoga,muebles pisos,Retail Display,2024,9,226313.0,0.0,903.0,0.0,,,,,left_only,False
hoga,odrw0lwvb,CRM,2024,10,0.0,99886.0,421.0,982833.0,,,,,left_only,False
hoga,pisos,Retail Display,2024,10,94283.0,0.0,168.0,0.0,,,,,left_only,False
hoga,pisos,Retail Display,2024,11,31603.0,0.0,55.0,0.0,,,,,left_only,False
home mobili,aon b y c,Sponsored Products,2026,4,66390.0,0.0,1125.0,579960.0,,,,,left_only,False
home mobili,aon dormitorio,Sponsored Products,2026,4,30247.0,0.0,763.0,0.0,,,,,left_only,False
home mobili,aon febrero bano y cocina 2026,Sponsored Products,2026,2,37247.0,0.0,743.0,604960.0,,,,,left_only,False
home mobili,aon febrero muebles 2026,Sponsored Products,2026,2,57489.0,0.0,1699.0,3133610.0,,,,,left_only,False
home mobili,aon muebles,Sponsored Products,2026,4,27854.0,0.0,788.0,69990.0,,,,,left_only,False
home mobili,black week,Sponsored Products,2026,3,206718.0,0.0,5737.0,9001590.0,,,,,left_only,False
homemobili,7a7nz10 c,CRM,2025,6,0.0,14998.0,286.0,503984.0,,,,,left_only,False
homemobili,csjvluhk6,CRM,2025,12,0.0,54105.0,0.0,473950.0,,,,,left_only,False
homemobili,cyber day,Retail Display,2025,6,118892.0,0.0,571.0,0.0,,,,,left_only,False
homemobili,cyber monday,Retail Display,2025,10,110316.0,0.0,570.0,0.0,,,,,left_only,False
homemobili,luypmko5o,CRM,2024,6,0.0,105193.0,243.0,269970.0,,,,,left_only,False
homemobili,muebles bts,Retail Display,2025,2,76935.0,0.0,446.0,0.0,,,,,left_only,False
homemobili,owbveh0c2,CRM,2024,6,0.0,105374.0,316.0,817930.0,,,,,left_only,False
homemobili,vtu4k6fy8,CRM,2025,10,0.0,16648.0,134.0,830900.0,,,,,left_only,False
homemobili,x 69pxesl,CRM,2025,11,0.0,54131.0,0.0,1116910.0,,,,,left_only,False
homy,aon byc,Sponsored Products,2026,4,1477.0,0.0,37.0,0.0,,,,,left_only,False
homy,aon marzo 2026 muebles,Sponsored Products,2026,3,8290.0,0.0,125.0,329990.0,,,,,left_only,False
hunter,51 9hpdy3,CRM,2024,1,0.0,48562.0,115.0,111990.0,,,,,left_only,False
hunter,6189516 012118,CRM,2023,12,0.0,102208.0,170.0,151070.0,,,,,left_only,False
hunter,6189516 012221,CRM,2023,12,0.0,101200.0,133.0,469970.0,,,,,left_only,False
hunter,airolite,Meta,2024,1,764101.0,0.0,1098.0,0.0,,,,,left_only,False
hunter,dxu2b7rty,CRM,2025,1,0.0,3.0,3.0,329980.0,,,,,left_only,False
hunter,sv0gkr8xl,CRM,2024,1,0.0,100594.0,405.0,855940.0,,,,,left_only,False
hunter,wph8lwoq8,CRM,2024,1,0.0,45641.0,101.0,289980.0,,,,,left_only,False
hunter airolite,ventiladores,Retail Display,2024,12,343803.0,0.0,778.0,0.0,,,,,left_only,False
husqvarna,2bjtbqoil,CRM,2025,4,0.0,30026.0,359.0,1079103.0,,,,,left_only,False
husqvarna,5xzoravom,CRM,2024,11,0.0,83.0,2.0,6178090.0,,,,,left_only,False
husqvarna,gz2h jmno,CRM,2024,9,0.0,265.0,2.0,31324233.0,,,,,left_only,False
husqvarna,heb7xgj2j,CRM,2025,4,0.0,61.0,0.0,5455226.0,,,,,left_only,False
husqvarna,jardin fest,Google,2025,4,69473.0,0.0,1475.0,364190.0,,,,,left_only,False
husqvarna,jardin fest,Google,2025,5,63305.0,0.0,1288.0,189990.0,,,,,left_only,False
husqvarna,jardin fest,Google,2025,6,68046.0,0.0,1358.0,5572370.0,,,,,left_only,False
husqvarna,jardin fest,Google,2025,12,95640.0,0.0,1299.0,2149560.0,,,,,left_only,False
husqvarna,jardin fest,Google,2026,1,92266.0,0.0,1489.0,1503070.0,,,,,left_only,False
husqvarna,jardin fest,Google,2026,2,150354.0,0.0,2450.0,4726811.0,,,,,left_only,False
husqvarna,jardin fest,Meta,2025,4,293907.0,0.0,4904.0,0.0,,,,,left_only,False
husqvarna,jardin fest,Meta,2025,5,207467.0,0.0,1992.0,0.0,,,,,left_only,False
husqvarna,jardin fest,Retail Display,2025,4,107676.0,0.0,322.0,0.0,,,,,left_only,False
husqvarna,jardin fest,Retail Display,2025,5,25033.0,0.0,77.0,0.0,,,,,left_only,False
husqvarna,lz832gf5y,CRM,2025,6,0.0,106151.0,149.0,1449245.0,,,,,left_only,False
husqvarna,mc45fswiy,CRM,2025,10,0.0,106297.0,341.0,3152620.0,,,,,left_only,False
husqvarna,nyzvz8dys,CRM,2024,6,0.0,23.0,1.0,3166300.0,,,,,left_only,False
husqvarna,ojepykjxv,CRM,2025,4,0.0,7.0,0.0,64219.0,,,,,left_only,False
husqvarna,sfl0xorhe,CRM,2025,10,0.0,106256.0,179.0,2138500.0,,,,,left_only,False
husqvarna,tactico febrero 2026,Sponsored Products,2026,2,84419.0,0.0,1740.0,5054320.0,JARDIN,800000.0,659200.0,140800.0,both,True
hyundai,6189516 008021,CRM,2023,2,0.0,41195.0,5942.0,780950.0,,,,,left_only,False
hyundai,6189516 008436,CRM,2023,3,0.0,101398.0,230.0,354970.0,,,,,left_only,False
hyundai,6189516 008719,CRM,2023,4,0.0,101157.0,182.0,360770.0,,,,,left_only,False
hyundai,6189516 008735,CRM,2023,3,0.0,24027.0,6098.0,1934323.0,,,,,left_only,False
hyundai,6189516 008777,CRM,2023,4,0.0,30590.0,0.0,9980.0,,,,,left_only,False
hyundai,herramientas cyber day,Retail Display,2024,6,401891.0,0.0,2273.0,0.0,,,,,left_only,False
hyundai jardin,cyber monday,Retail Display,2024,9,101514.0,0.0,361.0,0.0,,,,,left_only,False
hyundai jardin,cyber monday,Retail Display,2024,10,187781.0,0.0,581.0,0.0,,,,,left_only,False
igal,black friday,Retail Display,2025,11,75423.0,0.0,109.0,0.0,,,,,left_only,False
igal,black friday,Retail Display,2025,12,24889.0,0.0,35.0,0.0,,,,,left_only,False
ignisterra,0ic7a5spl,CRM,2024,6,0.0,106339.0,438.0,653980.0,,,,,left_only,False
ignisterra,6189516 011159,CRM,2023,10,0.0,95609.0,46.0,49090.0,,,,,left_only,False
ignisterra,6189516 011417,CRM,2023,10,0.0,101441.0,456.0,921722.0,,,,,left_only,False
ignisterra,6189516 012033,CRM,2023,11,0.0,101184.0,248.0,275990.0,,,,,left_only,False
ignisterra,70wffoiw0,CRM,2024,6,0.0,103314.0,265.0,1735900.0,,,,,left_only,False
ignisterra,cyber day,Retail Display,2024,6,205583.0,0.0,2469.0,0.0,,,,,left_only,False
ilko,6189516 010575,CRM,2023,8,0.0,101364.0,161.0,1041082.0,,,,,left_only,False
ilko,6189516 010927,CRM,2023,9,0.0,102009.0,173.0,1706183.0,,,,,left_only,False
ilko,cyber monday,Retail Display,2024,9,82794.0,0.0,492.0,0.0,,,,,left_only,False
ilko,cyber monday,Retail Display,2024,10,138318.0,0.0,672.0,0.0,,,,,left_only,False
imel,6189516 009391,CRM,2023,5,0.0,72012.0,242.0,0.0,,,,,left_only,False
imel,6189516 009507,CRM,2023,5,0.0,70863.0,33.0,0.0,,,,,left_only,False
imel,6189516 009523,CRM,2023,5,0.0,70826.0,91.0,0.0,,,,,left_only,False
imel,6189516 009642,CRM,2023,5,0.0,6884.0,0.0,0.0,,,,,left_only,False
imperial,black week,Retail Display,2026,3,19640.0,0.0,31.0,0.0,,,,,left_only,False
imperial,black week,Retail Display,2026,4,172693.0,0.0,246.0,0.0,,,,,left_only,False
indura,,CRM,2025,5,0.0,251.0,0.0,880302.0,,,,,left_only,False
indura,,CRM,2025,6,0.0,3713.0,0.0,6529913.0,,,,,left_only,False
indura,,CRM,2025,7,0.0,3251.0,0.0,4389295.0,,,,,left_only,False
indura,,CRM,2025,8,0.0,698.0,0.0,987693.0,,,,,left_only,False
indura,,CRM,2025,9,0.0,1074.0,0.0,1166993.0,,,,,left_only,False
indura,,CRM,2025,10,0.0,3445.0,0.0,7808029.0,,,,,left_only,False
indura,,CRM,2025,11,0.0,1349.0,0.0,2436419.0,,,,,left_only,False
indura,,CRM,2025,12,0.0,1238.0,0.0,2545712.0,,,,,left_only,False
indura,,CRM,2026,1,0.0,1470.0,0.0,2852580.0,,,,,left_only,False
indura,,CRM,2026,2,0.0,1530.0,0.0,3180553.0,,,,,left_only,False
indura,,CRM,2026,3,0.0,3042.0,0.0,9415808.0,,,,,left_only,False
indura,,CRM,2026,4,0.0,5291.0,0.0,7131018.0,,,,,left_only,False
indura,,CRM,2026,5,0.0,7731.0,0.0,2762952.0,,,,,left_only,False
indura,6189516 008455,CRM,2023,3,0.0,101149.0,113.0,9595987.0,,,,,left_only,False
indura,6189516 008636,CRM,2023,3,0.0,101268.0,229.0,6868945.0,,,,,left_only,False
indura,6oldvwvhd,CRM,2025,11,0.0,2995.0,0.0,349921.0,,,,,left_only,False
indura,abril herramientas mil,CRM,2026,4,0.0,180552.0,1104.0,51244908.0,HERRAMIENTAS Y MAQUINARIAS,0.0,27586.0,-27586.0,both,True
indura,black friday,Retail Display,2025,11,85045.0,0.0,453.0,0.0,,,,,left_only,False
indura,black friday,Retail Display,2025,12,23417.0,0.0,129.0,0.0,,,,,left_only,False
indura,campana ppi,CRM,2026,5,0.0,30056.0,397.0,8608041.0,HERRAMIENTAS Y MAQUINARIAS,1200000.0,61538.0,1138462.0,both,True
indura,cyber day,Retail Display,2024,6,348700.0,0.0,2087.0,0.0,,,,,left_only,False
indura,e6thknzzt,CRM,2024,6,0.0,104535.0,246.0,415390.0,,,,,left_only,False
indura,edpk3wqma,CRM,2024,1,0.0,103550.0,287.0,5488138.0,,,,,left_only,False
indura,mes del maestro,CRM,2026,3,0.0,180264.0,582.0,49773324.0,HERRAMIENTAS Y MAQUINARIAS,0.0,53333.0,-53333.0,both,True
indura,opbo zuj3,CRM,2024,6,0.0,52359.0,338.0,217616.0,,,,,left_only,False
indura,vvmxauivk,CRM,2024,6,0.0,52148.0,299.0,913245.0,,,,,left_only,False
innovamuebles,6189516 007871,CRM,2023,1,0.0,52135.0,220.0,0.0,,,,,left_only,False
innovamuebles,6189516 007872,CRM,2023,1,0.0,52137.0,0.0,0.0,,,,,left_only,False
innovamuebles,6189516 007939,CRM,2023,2,0.0,101308.0,241.0,0.0,,,,,left_only,False
innovamuebles,6189516 008365,CRM,2023,3,0.0,101452.0,226.0,1715909.0,,,,,left_only,False
innovamuebles,6189516 008537,CRM,2023,3,0.0,53926.0,6942.0,549970.0,,,,,left_only,False
innovamuebles,6189516 009413,CRM,2023,5,0.0,105441.0,121.0,1881340.0,,,,,left_only,False
innovamuebles,6189516 009534,CRM,2023,5,0.0,105496.0,176.0,449970.0,,,,,left_only,False
innovamuebles,6189516 009855,CRM,2023,6,0.0,101551.0,238.0,2670386.0,,,,,left_only,False
innovamuebles,6189516 010422,CRM,2023,8,0.0,26967.0,4475.0,139990.0,,,,,left_only,False
innovamuebles,6189516 010801,CRM,2023,8,0.0,101963.0,207.0,3242675.0,,,,,left_only,False
innovamuebles,6189516 010854,CRM,2023,8,0.0,54028.0,4163.0,699970.0,,,,,left_only,False
innovamuebles,6189516 011151,CRM,2023,10,0.0,105312.0,58.0,784950.0,,,,,left_only,False
innovamuebles,6189516 011246,CRM,2023,10,0.0,85394.0,160.0,1145950.0,,,,,left_only,False
innovamuebles,6189516 012011,CRM,2023,11,0.0,101291.0,295.0,1428627.0,,,,,left_only,False
innovamuebles,cyber day,Retail Display,2024,6,289380.0,0.0,2088.0,0.0,,,,,left_only,False
innovamuebles,cyber monday,Retail Display,2024,9,88158.0,0.0,620.0,0.0,,,,,left_only,False
innovamuebles,cyber monday,Retail Display,2024,10,144095.0,0.0,882.0,0.0,,,,,left_only,False
innovamuebles,fzp2g6ixg,CRM,2024,4,0.0,40074.0,2393.0,2125423.0,,,,,left_only,False
innovamuebles,x,CRM,2024,9,0.0,28625.0,1872.0,3456872.0,,,,,left_only,False
innovamuebles,yvkloiuqs,CRM,2024,6,0.0,106123.0,217.0,2006920.0,,,,,left_only,False
instapanel,zgpwu6grt,CRM,2025,12,0.0,19.0,0.0,3344445.0,,,,,left_only,False
intcomex,casasegura,Retail Display,2025,12,5036.0,0.0,4.0,0.0,,,,,left_only,False
intcomex,casasegura,Retail Display,2026,1,149134.0,0.0,211.0,0.0,,,,,left_only,False
intcomex,co brand,Google,2025,3,99716.0,0.0,2952.0,0.0,,,,,left_only,False
intcomex jbl,black friday,Retail Display,2024,11,331692.0,0.0,2482.0,0.0,,,,,left_only,False
intcomex jbl,black friday,Retail Display,2024,12,195939.0,0.0,1460.0,0.0,,,,,left_only,False
intcomex jbl,cyber day,Retail Display,2024,6,336342.0,0.0,1460.0,0.0,,,,,left_only,False
intcomex jbl,cyber monday,Retail Display,2024,9,61892.0,0.0,201.0,0.0,,,,,left_only,False
intcomex jbl,cyber monday,Retail Display,2024,10,474795.0,0.0,1612.0,0.0,,,,,left_only,False
intcomex starlink,,Retail Display,2026,1,47614.0,0.0,44.0,0.0,,,,,left_only,False
intcomex starlink,cyber day,Retail Display,2024,6,477541.0,0.0,1191.0,0.0,,,,,left_only,False
intcomex strarlink,co brand,Retail Display,2025,3,192327.0,0.0,313.0,0.0,,,,,left_only,False
intcomex strarlink,tc,Retail Display,2025,12,233766.0,0.0,250.0,0.0,,,,,left_only,False
jbl,always on mayo 2026,Google,2026,5,387981.0,0.0,115516.0,412750377.0,CASA INTELIGENTE,500000.0,0.0,500000.0,both,True
jbl,black week,Retail Display,2025,3,31723.0,0.0,134.0,0.0,,,,,left_only,False
jbl,black week,Retail Display,2025,4,156406.0,0.0,279.0,0.0,,,,,left_only,False
jbl,k3z21yxhy,CRM,2024,6,0.0,106334.0,148.0,393932.0,,,,,left_only,False
jbl,rjwm583xd,CRM,2024,12,0.0,101101.0,391.0,631860.0,,,,,left_only,False
jbl,x,CRM,2024,9,0.0,105583.0,165.0,361930.0,,,,,left_only,False
jbl,x,CRM,2024,10,0.0,106214.0,438.0,1753923.0,,,,,left_only,False
jce charbroil,parrillas,Retail Display,2024,8,221819.0,0.0,439.0,0.0,,,,,left_only,False
jce charbroil,parrillas,Retail Display,2024,9,202075.0,0.0,383.0,0.0,,,,,left_only,False
jce greenworks,cyber day,Meta,2025,6,436980.0,0.0,16254.0,0.0,,,,,left_only,False
jce grilltech,parrillas,Retail Display,2024,9,223623.0,0.0,588.0,0.0,,,,,left_only,False
jce husqvarna,cyber monday,Retail Display,2025,10,132478.0,0.0,607.0,0.0,,,,,left_only,False
jce husqvarna gardena,jardin primavera,Retail Display,2024,10,293183.0,0.0,1574.0,0.0,,,,,left_only,False
jce husqvarna gardena,jardin primavera,Retail Display,2024,11,439601.0,0.0,1969.0,0.0,,,,,left_only,False
junkers,6189516 008912,CRM,2023,4,0.0,101230.0,128.0,17980960.0,,,,,left_only,False
junkers,6189516 009414,CRM,2023,5,0.0,105234.0,308.0,28259708.0,,,,,left_only,False
junkers,6189516 009531,CRM,2023,5,0.0,105290.0,145.0,8572668.0,,,,,left_only,False
junkers,6189516 011138,CRM,2023,10,0.0,105306.0,70.0,8376310.0,,,,,left_only,False
junkers,6189516 011233,CRM,2023,10,0.0,86701.0,44.0,10916050.0,,,,,left_only,False
junkers,6189516 011920,CRM,2023,11,0.0,101221.0,182.0,17014230.0,,,,,left_only,False
junkers,7oatubdwm,CRM,2024,4,0.0,54183.0,2149.0,5399491.0,,,,,left_only,False
junkers,a16dlkum7,CRM,2025,6,0.0,106062.0,193.0,36072473.0,,,,,left_only,False
junkers,ad3o9pgt5,CRM,2024,12,0.0,54049.0,1905.0,13076443.0,,,,,left_only,False
junkers,aon junkers,Sponsored Products,2026,4,32960.0,0.0,674.0,5532730.0,,,,,left_only,False
junkers,aon marzo junkers 2026,CRM,2026,3,0.0,314554.0,0.0,15922652.0,BANOS Y COCINAS,700000.0,53333.0,646667.0,both,True
junkers,aon marzo junkers 2026,Sponsored Products,2026,3,13453.0,0.0,491.0,8645580.0,BANOS Y COCINAS,300000.0,247200.0,52800.0,both,True
junkers,black friday,Retail Display,2024,11,38700.0,0.0,136.0,0.0,,,,,left_only,False
junkers,black friday,Retail Display,2024,12,367204.0,0.0,737.0,0.0,,,,,left_only,False
junkers,black week,Retail Display,2025,3,55776.0,0.0,207.0,0.0,,,,,left_only,False
junkers,black week,Retail Display,2025,4,294456.0,0.0,486.0,0.0,,,,,left_only,False
junkers,ffahfrljq,CRM,2024,6,0.0,51335.0,237.0,10893260.0,,,,,left_only,False
junkers,flyo1fssp,CRM,2024,7,0.0,53973.0,2508.0,27396905.0,,,,,left_only,False
junkers,gyrnafxdh,CRM,2024,8,0.0,101722.0,501.0,24548619.0,,,,,left_only,False
junkers,gzewbvjjv,CRM,2024,7,0.0,99343.0,347.0,21424772.0,,,,,left_only,False
junkers,hlkmr8z5j,CRM,2024,6,0.0,51137.0,266.0,16386760.0,,,,,left_only,False
junkers,kekvskrul,CRM,2024,8,0.0,53968.0,2430.0,22328238.0,,,,,left_only,False
junkers,kuq9gu ia,CRM,2025,6,0.0,106269.0,192.0,30827367.0,,,,,left_only,False
junkers,l6f988hqn,CRM,2025,3,0.0,53997.0,389.0,9428000.0,,,,,left_only,False
junkers,ngflfpxqu,CRM,2024,6,0.0,101176.0,358.0,30987355.0,,,,,left_only,False
junkers,whujkmvih,CRM,2024,7,0.0,100732.0,388.0,55613807.0,,,,,left_only,False
junkers,x,CRM,2024,10,0.0,212490.0,435.0,34446474.0,,,,,left_only,False
junkers,yfyg1bhyi,CRM,2024,5,0.0,101255.0,418.0,41472367.0,,,,,left_only,False
junkers,z3trh9tww,CRM,2024,6,0.0,106336.0,415.0,45949781.0,,,,,left_only,False
just home collection,bts febrero 2026,Sponsored Products,2026,2,0.0,0.0,0.0,48990.0,,,,,left_only,False
karcher,,Retail Display,2025,10,100703.0,0.0,165.0,0.0,,,,,left_only,False
karcher,,Retail Display,2025,11,101069.0,0.0,186.0,0.0,,,,,left_only,False
karcher,,Retail Display,2025,12,97895.0,0.0,153.0,0.0,,,,,left_only,False
karcher,6189516 007920,CRM,2023,1,0.0,101292.0,189.0,4101288.0,,,,,left_only,False
karcher,bxo3wmmde,CRM,2025,10,0.0,53971.0,28.0,1071260.0,,,,,left_only,False
karcher,co brand,Google,2024,9,73442.0,0.0,1041.0,0.0,,,,,left_only,False
karcher,co brand,Google,2024,10,54687.0,0.0,1321.0,0.0,,,,,left_only,False
karcher,cyber day,Retail Display,2025,6,115711.0,0.0,425.0,0.0,,,,,left_only,False
karcher,cyber monday,Retail Display,2025,10,156327.0,0.0,543.0,0.0,,,,,left_only,False
karcher,hj3iswiua,CRM,2025,11,0.0,54032.0,0.0,1388790.0,,,,,left_only,False
karcher,mcnzlc34o,CRM,2025,10,0.0,54015.0,3.0,658200.0,,,,,left_only,False
karcher,mes del maestro,Sponsored Products,2026,3,125889.0,0.0,2665.0,14814180.0,HERRAMIENTAS Y MAQUINARIAS,250000.0,206000.0,44000.0,both,True
karcher,oewsf59ne,CRM,2025,12,0.0,53913.0,0.0,838480.0,,,,,left_only,False
karcher,tactico febrero,CRM,2026,2,0.0,107908.0,0.0,2031192.0,HERRAMIENTAS Y MAQUINARIAS,400000.0,76190.0,323810.0,both,True
karcher,tactico mayo,CRM,2026,5,0.0,330641.0,0.0,5288939.0,HERRAMIENTAS Y MAQUINARIAS,400000.0,61538.0,338462.0,both,True
karcher,wa6xc1yrj,CRM,2025,10,0.0,18851.0,174.0,3500515.0,,,,,left_only,False
karson,aon febrero 2026,Sponsored Products,2026,2,0.0,0.0,0.0,11990.0,,,,,left_only,False
karson,aon marzo stretto 2026,Sponsored Products,2026,3,0.0,0.0,0.0,13990.0,,,,,left_only,False
karson,aon stretto,Sponsored Products,2026,4,0.0,0.0,0.0,161260.0,,,,,left_only,False
karson,black week,Sponsored Products,2026,3,0.0,0.0,0.0,59960.0,,,,,left_only,False
keep,mwrpzqpfm,CRM,2025,2,0.0,102070.0,502.0,5742848.0,,,,,left_only,False
keep,temporada de camping,CRM,2026,1,0.0,161763.0,0.0,3414804.0,MENAJE,0.0,55172.0,-55172.0,both,True
kendal,6189516 009699,CRM,2023,6,0.0,101094.0,151.0,2162717.0,,,,,left_only,False
kendal,6189516 012267,CRM,2023,12,0.0,54035.0,4172.0,1455267.0,,,,,left_only,False
kendal,tf5vwbhhx,CRM,2024,1,0.0,102360.0,654.0,3978804.0,,,,,left_only,False
kendal,ugrampt2o,CRM,2024,6,0.0,106457.0,111.0,2292612.0,,,,,left_only,False
kendal,vihk5amgz,CRM,2024,5,0.0,113.0,3.0,8001149.0,,,,,left_only,False
kendal,wqvphk2qh,CRM,2025,6,0.0,101180.0,526.0,6205433.0,,,,,left_only,False
keter,tactico keter,Meta,2026,4,356959.0,0.0,14816.0,0.0,,,,,left_only,False
keter,tactico keter,Sponsored Products,2026,4,23360.0,0.0,312.0,664980.0,,,,,left_only,False
kiboo pet,6189516 009684,CRM,2023,6,0.0,101410.0,115.0,148120.0,,,,,left_only,False
kit,8a9ooxtgd,CRM,2025,1,0.0,101314.0,417.0,1153338.0,,,,,left_only,False
kit,jikcdv03v,CRM,2025,2,0.0,69.0,1.0,531664.0,,,,,left_only,False
kit,sobre ruedas,Retail Display,2025,1,184852.0,0.0,252.0,0.0,,,,,left_only,False
kit,sobre ruedas,Retail Display,2025,2,358955.0,0.0,349.0,0.0,,,,,left_only,False
kit,special buy,Retail Display,2026,4,96163.0,0.0,61.0,0.0,,,,,left_only,False
kit,special buy mayo,Retail Display,2026,5,84007.0,0.0,44.0,0.0,,,,,left_only,False
kit,xa jpvlmh,CRM,2025,1,0.0,101299.0,608.0,567319.0,,,,,left_only,False
klipen,6x9vclegj,CRM,2025,2,0.0,101166.0,408.0,7970577.0,,,,,left_only,False
klipen,8smtdudsp,CRM,2025,1,0.0,101300.0,672.0,11684527.0,,,,,left_only,False
klipen,9qlqyjojq,CRM,2024,11,0.0,101164.0,308.0,7853714.0,,,,,left_only,False
klipen,b9w0hflb9,CRM,2024,6,0.0,106225.0,261.0,15582087.0,,,,,left_only,False
klipen,black friday,Retail Display,2024,11,7261.0,0.0,27.0,0.0,,,,,left_only,False
klipen,black friday,Retail Display,2024,12,135136.0,0.0,239.0,0.0,,,,,left_only,False
klipen,ch7olvznd,CRM,2025,5,0.0,101225.0,344.0,3118150.0,,,,,left_only,False
klipen,cyber day,Retail Display,2025,6,66758.0,0.0,135.0,0.0,,,,,left_only,False
klipen,cyber monday,Retail Display,2024,9,60547.0,0.0,245.0,0.0,,,,,left_only,False
klipen,cyber monday,Retail Display,2024,10,122063.0,0.0,278.0,0.0,,,,,left_only,False
klipen,danfu88vm,CRM,2024,4,0.0,100841.0,537.0,11509616.0,,,,,left_only,False
klipen,dzxlw9t3o,CRM,2025,6,0.0,2056.0,0.0,100068.0,,,,,left_only,False
klipen,fximiulpq,CRM,2024,4,0.0,101137.0,697.0,6525492.0,,,,,left_only,False
klipen,gtto5zbk9,CRM,2024,8,0.0,100259.0,143.0,7758703.0,,,,,left_only,False
klipen,iulhonuyg,CRM,2025,2,0.0,102062.0,488.0,10608774.0,,,,,left_only,False
klipen,kj bzyql8,CRM,2025,3,0.0,100577.0,552.0,6673617.0,,,,,left_only,False
klipen,kraawbjh2,CRM,2025,6,0.0,106379.0,216.0,3572669.0,,,,,left_only,False
klipen,kzmbd771b,CRM,2025,1,0.0,101378.0,422.0,2771159.0,,,,,left_only,False
klipen,ls7pr2t2a,CRM,2025,6,0.0,106249.0,200.0,5816321.0,,,,,left_only,False
klipen,msgild re,CRM,2024,11,0.0,101500.0,640.0,6163153.0,,,,,left_only,False
klipen,nftkrvksa,CRM,2024,6,0.0,54163.0,2668.0,6981275.0,,,,,left_only,False
klipen,pyzwkchit,CRM,2025,7,0.0,101053.0,402.0,9276932.0,,,,,left_only,False
klipen,tozemsjv8,CRM,2025,4,0.0,101385.0,475.0,7478392.0,,,,,left_only,False
klipen,u3cc2upx2,CRM,2025,6,0.0,101425.0,262.0,5651982.0,,,,,left_only,False
klipen,wzjcjfdty,CRM,2024,3,0.0,101223.0,667.0,9048249.0,,,,,left_only,False
klipen,x,CRM,2024,9,0.0,105933.0,215.0,2447520.0,,,,,left_only,False
klipen,x,CRM,2024,10,0.0,261589.0,1960.0,5499646.0,,,,,left_only,False
klipen,xe1uphqog,CRM,2024,6,0.0,106270.0,339.0,20619815.0,,,,,left_only,False
klipen,zagi3qrcj,CRM,2024,4,0.0,43861.0,3074.0,12755238.0,,,,,left_only,False
knauf,co brand,Retail Display,2024,12,615387.0,0.0,711.0,0.0,,,,,left_only,False
knauf,digjklhuc,CRM,2024,11,0.0,1016.0,0.0,25092.0,,,,,left_only,False
knauf,ejxkquvyz,CRM,2024,12,0.0,1007.0,0.0,0.0,,,,,left_only,False
knauf,ouqoth8le,CRM,2025,1,0.0,101805.0,384.0,342689.0,,,,,left_only,False
knauf,q3yhvv5rv,CRM,2025,1,0.0,101832.0,377.0,112660.0,,,,,left_only,False
knauf,qx5o9sg5q,CRM,2024,11,0.0,101143.0,177.0,772682.0,,,,,left_only,False
knauf,srnp u8qb,CRM,2025,1,0.0,102288.0,601.0,103090.0,,,,,left_only,False
kokido,27fg8tule,CRM,2025,1,0.0,28428.0,715.0,864113.0,,,,,left_only,False
kokido,6189516 012150,CRM,2023,12,0.0,100303.0,290.0,492860.0,,,,,left_only,False
kokido,6189516 012318,CRM,2023,12,0.0,101216.0,122.0,754019.0,,,,,left_only,False
kokido,bftcdkf7a,CRM,2025,2,0.0,102144.0,711.0,799870.0,,,,,left_only,False
kokido,frnv3bseb,CRM,2023,12,0.0,99314.0,423.0,1427969.0,,,,,left_only,False
kokido,temporada de piscina,CRM,2026,1,0.0,53966.0,144.0,199960.0,,,,,left_only,False
kokido pool blaster,temporada de piscinas,Retail Display,2026,1,115417.0,0.0,312.0,0.0,,,,,left_only,False
kolor,d13zkyyes,CRM,2025,8,0.0,101234.0,316.0,16666728.0,,,,,left_only,False
kolor,q5tcvvk3c,CRM,2025,8,0.0,54023.0,241.0,4964135.0,,,,,left_only,False
kolor,wow05c7ky,CRM,2025,8,0.0,101192.0,822.0,18069282.0,,,,,left_only,False
kolvok,6189516 007593,CRM,2023,1,0.0,100728.0,101.0,265890.0,,,,,left_only,False
kolvok,6189516 009446,CRM,2023,5,0.0,105281.0,227.0,1119970.0,,,,,left_only,False
kolvok,6189516 009538,CRM,2023,5,0.0,105111.0,95.0,0.0,,,,,left_only,False
kolvok,6189516 011182,CRM,2023,10,0.0,105141.0,125.0,419990.0,,,,,left_only,False
kolvok,7mrqhqec,CRM,2024,6,0.0,106273.0,381.0,3495950.0,,,,,left_only,False
kolvok,co brand,Google,2024,10,14856.0,0.0,201.0,0.0,,,,,left_only,False
kolvok,cyber day,Retail Display,2024,6,409027.0,0.0,1583.0,0.0,,,,,left_only,False
koslan pedrollo flomak,bombas,Retail Display,2025,2,83631.0,0.0,144.0,0.0,,,,,left_only,False
kumho,o8zdafh6b,CRM,2025,1,0.0,54099.0,689.0,0.0,,,,,left_only,False
kw,temporada casa,Retail Display,2025,5,147388.0,0.0,732.0,0.0,,,,,left_only,False
kw,temporada casa,Retail Display,2025,6,6532.0,0.0,32.0,0.0,,,,,left_only,False
lanco,,CRM,2025,9,0.0,8757.0,0.0,6451492.0,,,,,left_only,False
lanco,,CRM,2025,10,0.0,6672.0,0.0,9172812.0,,,,,left_only,False
lanco,,CRM,2025,11,0.0,298.0,0.0,2594506.0,,,,,left_only,False
lanco,,CRM,2025,12,0.0,171.0,0.0,1569137.0,,,,,left_only,False
lanco,,CRM,2026,1,0.0,168.0,0.0,1424671.0,,,,,left_only,False
lanco,,CRM,2026,2,0.0,213.0,0.0,1943561.0,,,,,left_only,False
lanco,,CRM,2026,3,0.0,36.0,0.0,174332.0,,,,,left_only,False
lanco,1sbjxe9vj,CRM,2024,10,0.0,53896.0,2201.0,9479287.0,,,,,left_only,False
lanco,2ydwxzmpw,CRM,2025,8,0.0,101321.0,472.0,9004807.0,,,,,left_only,False
lanco,3 ryl9fj7,CRM,2024,8,0.0,53984.0,2534.0,7879170.0,,,,,left_only,False
lanco,3c ctzngn,CRM,2025,2,0.0,101998.0,357.0,5215514.0,,,,,left_only,False
lanco,4qocc61wk,CRM,2025,3,0.0,101984.0,335.0,7940595.0,,,,,left_only,False
lanco,4x0jncmhi,CRM,2024,8,0.0,50361.0,240.0,3786514.0,,,,,left_only,False
lanco,5jwwhf9mk,CRM,2025,4,0.0,272378.0,1014.0,13276882.0,,,,,left_only,False
lanco,5pzj9wblv,CRM,2025,8,0.0,53951.0,237.0,2506419.0,,,,,left_only,False
lanco,6189516 008675,CRM,2023,3,0.0,27237.0,7565.0,3089166.0,,,,,left_only,False
lanco,6189516 008688,CRM,2023,4,0.0,101317.0,99.0,2343551.0,,,,,left_only,False
lanco,6189516 008748,CRM,2023,4,0.0,100712.0,144.0,2912847.0,,,,,left_only,False
lanco,6189516 010681,CRM,2023,8,0.0,101223.0,90.0,4471728.0,,,,,left_only,False
lanco,6189516 010867,CRM,2023,9,0.0,101143.0,66.0,5539466.0,,,,,left_only,False
lanco,6189516 011658,CRM,2023,11,0.0,101128.0,233.0,5354175.0,,,,,left_only,False
lanco,6189516 011868,CRM,2023,11,0.0,53999.0,4409.0,3061419.0,,,,,left_only,False
lanco,6ird ndmc,CRM,2024,8,0.0,50177.0,264.0,3373752.0,,,,,left_only,False
lanco,9 d9ityry,CRM,2025,6,0.0,101332.0,234.0,6060196.0,,,,,left_only,False
lanco,a7dxgvwxx,CRM,2025,5,0.0,2984.0,0.0,315801.0,,,,,left_only,False
lanco,ahodzmmbf,CRM,2025,8,0.0,53999.0,221.0,2496179.0,,,,,left_only,False
lanco,always on,Retail Display,2025,4,375473.0,0.0,688.0,0.0,,,,,left_only,False
lanco,always on,Retail Display,2025,5,293831.0,0.0,483.0,0.0,,,,,left_only,False
lanco,always on,Retail Display,2025,6,361746.0,0.0,808.0,0.0,,,,,left_only,False
lanco,always on,Retail Display,2025,7,342712.0,0.0,435.0,0.0,,,,,left_only,False
lanco,ao0hykjrg,CRM,2024,10,0.0,1083.0,0.0,301689.0,,,,,left_only,False
lanco,aon,Retail Display,2025,8,268679.0,0.0,287.0,0.0,,,,,left_only,False
lanco,aon,Retail Display,2025,9,463011.0,0.0,964.0,0.0,,,,,left_only,False
lanco,aon,Retail Display,2025,10,222454.0,0.0,238.0,0.0,,,,,left_only,False
lanco,aon,Retail Display,2025,11,413222.0,0.0,517.0,0.0,,,,,left_only,False
lanco,aon lanco 2026,Retail Display,2026,1,115437.0,0.0,96.0,0.0,PINTURA Y ACCESORIOS,1800000.0,240000.0,1560000.0,both,True
lanco,aon marzo lanco 2026,CRM,2026,3,0.0,45153.0,0.0,5224131.0,PINTURA Y ACCESORIOS,1500000.0,0.0,1500000.0,both,True
lanco,aon marzo lanco 2026,Retail Display,2026,3,115404.0,0.0,70.0,0.0,PINTURA Y ACCESORIOS,1800000.0,240000.0,1560000.0,both,True
lanco,bapbxtswm,CRM,2024,3,0.0,101942.0,220.0,8858314.0,,,,,left_only,False
lanco,bienvenida primavera,Retail Display,2024,8,40082.0,0.0,48.0,0.0,,,,,left_only,False
lanco,bienvenida primavera,Retail Display,2024,9,426854.0,0.0,628.0,0.0,,,,,left_only,False
lanco,bienvenida primavera,Retail Display,2024,10,493351.0,0.0,588.0,0.0,,,,,left_only,False
lanco,bienvenida primavera2,Retail Display,2024,9,747360.0,0.0,1091.0,0.0,,,,,left_only,False
lanco,dql6rhasb,CRM,2025,9,0.0,101302.0,529.0,7436328.0,,,,,left_only,False
lanco,duelo leyendas,Meta,2024,11,830054.0,0.0,21073.0,0.0,,,,,left_only,False
lanco,duelo leyendas,Meta,2024,12,57098.0,0.0,996.0,0.0,,,,,left_only,False
lanco,duelo leyendas,Retail Display,2024,11,482573.0,0.0,568.0,0.0,,,,,left_only,False
lanco,duelo leyendas,Retail Display,2024,12,14137.0,0.0,20.0,0.0,,,,,left_only,False
lanco,fbymihkhw,CRM,2024,10,0.0,1109238.0,25007.0,58414986.0,,,,,left_only,False
lanco,gkvtmbzog,CRM,2025,2,0.0,2010.0,0.0,98020.0,,,,,left_only,False
lanco,ja30ngamq,CRM,2024,11,0.0,101314.0,585.0,18364586.0,,,,,left_only,False
lanco,ji7pkbhis,CRM,2024,12,0.0,102220.0,398.0,8462706.0,,,,,left_only,False
lanco,l7pqojdkr,CRM,2025,9,0.0,54024.0,216.0,3244278.0,,,,,left_only,False
lanco,ll lsulxe,CRM,2024,3,0.0,53355.0,3738.0,7672993.0,,,,,left_only,False
lanco,lnmes7raj,CRM,2025,5,0.0,53943.0,307.0,2940660.0,,,,,left_only,False
lanco,lr38rweyx,CRM,2025,9,0.0,3013.0,0.0,166100.0,,,,,left_only,False
lanco,mdk 26ewg,CRM,2024,8,0.0,1049.0,0.0,395676.0,,,,,left_only,False
lanco,muyphph z,CRM,2025,1,0.0,53985.0,640.0,6896527.0,,,,,left_only,False
lanco,nb9vxu8lo,CRM,2025,7,0.0,30061.0,261.0,2938470.0,,,,,left_only,False
lanco,ockoz1kqz,CRM,2025,1,0.0,101181.0,442.0,6235684.0,,,,,left_only,False
lanco,og4mbhnsj,CRM,2024,3,0.0,1103951.0,37079.0,56679312.0,,,,,left_only,False
lanco,orf56svpm,CRM,2025,1,0.0,102341.0,465.0,19995706.0,,,,,left_only,False
lanco,pfiddmmgy,CRM,2025,2,0.0,54061.0,696.0,6738215.0,,,,,left_only,False
lanco,ph9joblno,CRM,2024,9,0.0,54122.0,2332.0,7156674.0,,,,,left_only,False
lanco,psfgzzt95,CRM,2025,4,0.0,101374.0,506.0,9219382.0,,,,,left_only,False
lanco,qfjqxkfuq,CRM,2025,9,0.0,30011.0,148.0,12217801.0,,,,,left_only,False
lanco,qr7vqymqt,CRM,2024,11,0.0,101390.0,488.0,18428402.0,,,,,left_only,False
lanco,qt6bdfwwm,CRM,2024,3,0.0,101382.0,143.0,19205617.0,,,,,left_only,False
lanco,r g3ftmbz,CRM,2024,9,0.0,1076.0,0.0,594417.0,,,,,left_only,False
lanco,rhv2mumfw,CRM,2024,8,0.0,1073.0,0.0,657578.0,,,,,left_only,False
lanco,s zw4nuxh,CRM,2025,2,0.0,54106.0,494.0,3853741.0,,,,,left_only,False
lanco,s12bjntj4,CRM,2024,10,0.0,1074.0,0.0,300556.0,,,,,left_only,False
lanco,s814kyplr,CRM,2025,8,0.0,101306.0,265.0,2421610.0,,,,,left_only,False
lanco,suqrsiv0b,CRM,2025,7,0.0,53954.0,237.0,2601640.0,,,,,left_only,False
lanco,t1cewmare,CRM,2024,2,0.0,101196.0,982.0,15010622.0,,,,,left_only,False
lanco,tactica,Meta,2025,3,208986.0,0.0,4313.0,0.0,,,,,left_only,False
lanco,tizibg1zb,CRM,2025,8,0.0,101320.0,293.0,5302939.0,,,,,left_only,False
lanco,tms7mf0ck,CRM,2024,3,0.0,101342.0,293.0,9043598.0,,,,,left_only,False
lanco,uo2khokun,CRM,2025,5,0.0,101352.0,431.0,10733710.0,,,,,left_only,False
lanco,verano,Retail Display,2024,12,980644.0,0.0,985.0,0.0,,,,,left_only,False
lanco,verano,Retail Display,2025,1,491144.0,0.0,510.0,0.0,,,,,left_only,False
lanco,verano,Retail Display,2025,2,202347.0,0.0,159.0,0.0,,,,,left_only,False
lanco,verano,Retail Display,2025,3,281446.0,0.0,353.0,0.0,,,,,left_only,False
lanco,vwy4lqp58,CRM,2025,7,0.0,101229.0,363.0,8606191.0,,,,,left_only,False
lanco,w2oxlrn2t,CRM,2024,9,0.0,101313.0,317.0,8809036.0,,,,,left_only,False
lanco,w7qlfmwis,CRM,2025,8,0.0,101290.0,221.0,4352660.0,,,,,left_only,False
lanco,wgwj5ze3,CRM,2024,11,0.0,53950.0,2104.0,13482433.0,,,,,left_only,False
lanco,wmvj7qvcp,CRM,2024,9,0.0,1096.0,0.0,263983.0,,,,,left_only,False
lanco,wzm6trfwz,CRM,2025,9,0.0,101175.0,663.0,6325752.0,,,,,left_only,False
lanco,yjsdauw6t,CRM,2024,3,0.0,101636.0,237.0,3435285.0,,,,,left_only,False
lanco,ysa8und70,CRM,2025,3,0.0,54088.0,441.0,0.0,,,,,left_only,False
lanco,z2stlvh7a,CRM,2024,9,0.0,101294.0,221.0,6175608.0,,,,,left_only,False
lanco,zm uozijw,CRM,2024,12,0.0,102247.0,329.0,11716652.0,,,,,left_only,False
ledzone,6189516 008630,CRM,2023,3,0.0,80965.0,68.0,316720.0,,,,,left_only,False
leifheit,dziclvaze,CRM,2024,4,0.0,2.0,0.0,29980.0,,,,,left_only,False
leifheit,fgdtybdsp,CRM,2024,7,0.0,53933.0,2472.0,122919.0,,,,,left_only,False
leifheit,jbtuqb0cq,CRM,2024,4,0.0,3.0,0.0,33460.0,,,,,left_only,False
lg,6189516 009133,CRM,2023,4,0.0,35408.0,27.0,1245960.0,,,,,left_only,False
lg,6189516 009138,CRM,2023,4,0.0,72035.0,73.0,3206710.0,,,,,left_only,False
lg,6189516 009405,CRM,2023,5,0.0,105259.0,111.0,4294860.0,,,,,left_only,False
lg,6189516 009526,CRM,2023,5,0.0,105343.0,194.0,4016944.0,,,,,left_only,False
lg,ae3ysswl2,CRM,2025,10,0.0,106271.0,449.0,4125900.0,,,,,left_only,False
lg,aon febrero lg 2026,Meta,2026,2,382277.0,0.0,14828.0,159990.0,,,,,left_only,False
lg,aon febrero lg 2026,Meta,2026,3,53876.0,0.0,1685.0,0.0,,,,,left_only,False
lg,aon febrero lg 2026,Sponsored Products,2026,2,131790.0,0.0,3098.0,20849420.0,ELECTROHOGAR,700000.0,576800.0,123200.0,both,True
lg,black week,Retail Display,2025,3,48546.0,0.0,234.0,0.0,,,,,left_only,False
lg,black week,Retail Display,2025,4,141769.0,0.0,257.0,0.0,,,,,left_only,False
lg,brony1h9k,CRM,2024,5,0.0,101231.0,394.0,9075637.0,,,,,left_only,False
lg,co brand,Google,2024,8,101978.0,0.0,1298.0,1404040.0,,,,,left_only,False
lg,co brand,Google,2024,9,79269.0,0.0,868.0,797738.0,,,,,left_only,False
lg,co brand,Google,2026,2,227044.0,0.0,4145.0,12091050.0,,,,,left_only,False
lg,cyber monday,Retail Display,2025,10,154562.0,0.0,378.0,0.0,,,,,left_only,False
lg,dcjc7w2ce,CRM,2025,10,0.0,106237.0,265.0,15373277.0,,,,,left_only,False
lg,js6vw17tw,CRM,2024,4,0.0,101343.0,376.0,7098811.0,,,,,left_only,False
lg,jvlsmt3xt,CRM,2024,6,0.0,106194.0,258.0,4540783.0,,,,,left_only,False
lg,no 39yctx,CRM,2025,4,0.0,101444.0,305.0,8114137.0,,,,,left_only,False
lg,ojxzdlihs,CRM,2024,8,0.0,101244.0,445.0,6162315.0,,,,,left_only,False
lg,semana marca,Retail Display,2024,8,557761.0,0.0,1362.0,0.0,,,,,left_only,False
lg,tactico lg 2026,CRM,2026,1,0.0,202646.0,1238.0,31449246.0,ELECTROHOGAR,1500000.0,55172.0,1444828.0,both,True
lg,x,CRM,2024,10,0.0,212355.0,522.0,21576032.0,,,,,left_only,False
libero,,CRM,2026,1,0.0,246.0,0.0,8462646.0,,,,,left_only,False
libero,,CRM,2026,2,0.0,470.0,0.0,11202791.0,,,,,left_only,False
libero,,CRM,2026,3,0.0,345.0,0.0,7362598.0,,,,,left_only,False
libero,,CRM,2026,4,0.0,471.0,0.0,5119741.0,,,,,left_only,False
libero,,CRM,2026,5,0.0,254.0,0.0,2839870.0,,,,,left_only,False
libero,5jlgdhnhc,CRM,2025,6,0.0,4.0,4.0,862474.0,,,,,left_only,False
libero,8tazoaumh,CRM,2025,8,0.0,6.0,0.0,1213364.0,,,,,left_only,False
libero,9a9j0tmfv,CRM,2024,11,0.0,22.0,1.0,3712429.0,,,,,left_only,False
libero,aon febrero 2026,Sponsored Products,2026,2,0.0,0.0,0.0,129990.0,,,,,left_only,False
libero,aon libero febrero,Sponsored Products,2026,2,93885.0,0.0,3299.0,13944130.0,ELECTROHOGAR,400000.0,329600.0,70400.0,both,True
libero,aon libero ventus 2026,CRM,2026,1,0.0,4389.0,0.0,4279700.0,ELECTROHOGAR,2100000.0,0.0,2100000.0,both,True
libero,aon libero ventus 2026,CRM,2026,2,0.0,12891.0,0.0,10094330.0,ELECTROHOGAR,2100000.0,0.0,2100000.0,both,True
libero,aon libero ventus 2026,CRM,2026,3,0.0,11348.0,0.0,9824413.0,ELECTROHOGAR,2100000.0,0.0,2100000.0,both,True
libero,aon libero ventus 2026,CRM,2026,4,0.0,16724.0,0.0,8849561.0,,,,,left_only,False
libero,aon libero ventus 2026,CRM,2026,5,0.0,10057.0,0.0,4029820.0,,,,,left_only,False
libero,aon marzo libero 2026,Sponsored Products,2026,3,62720.0,0.0,1738.0,8064510.0,ELECTROHOGAR,300000.0,247200.0,52800.0,both,True
libero,aon marzo ventus 2026,Sponsored Products,2026,3,0.0,0.0,0.0,449970.0,,,,,left_only,False
libero,bfpe4pur2,CRM,2025,2,0.0,15.0,20.0,3619850.0,,,,,left_only,False
libero,black week,Sponsored Products,2026,3,177416.0,0.0,5191.0,25253580.0,,,,,left_only,False
libero,ceo9bwx3w,CRM,2025,6,0.0,12.0,0.0,2324867.0,,,,,left_only,False
libero,hlfvv6kzk,CRM,2025,3,0.0,6.0,0.0,1409930.0,,,,,left_only,False
libero,hswcmvaaz,CRM,2025,5,0.0,9.0,0.0,2499880.0,,,,,left_only,False
libero,hu0ajearn,CRM,2025,7,0.0,6.0,0.0,1040660.0,,,,,left_only,False
libero,lxvtxjgtk,CRM,2025,4,0.0,9.0,2.0,1634810.0,,,,,left_only,False
libero,m7z6z1qku,CRM,2024,3,0.0,101691.0,646.0,319980.0,,,,,left_only,False
libero,mbccwpzp9,CRM,2025,6,0.0,9.0,0.0,1514910.0,,,,,left_only,False
libero,mberh739l,CRM,2025,10,0.0,6.0,0.0,959940.0,,,,,left_only,False
libero,meiyoqgwe,CRM,2025,1,0.0,11.0,1.0,3693302.0,,,,,left_only,False
libero,nbj54xxuz,CRM,2024,12,0.0,6.0,0.0,1209920.0,,,,,left_only,False
libero,vejvn2btz,CRM,2025,10,0.0,15883.0,171.0,414217.0,,,,,left_only,False
libero,x,CRM,2024,10,0.0,53237.0,1007.0,1189960.0,,,,,left_only,False
lizcal,6189516 007695,CRM,2023,1,0.0,101551.0,348.0,6640017.0,,,,,left_only,False
lizcal,ccvglwlbh,CRM,2025,9,0.0,101405.0,417.0,5533708.0,,,,,left_only,False
lizcal,j7tydywqn,CRM,2025,8,0.0,53942.0,246.0,1778060.0,,,,,left_only,False
lizcal,khjjx3alr,CRM,2025,8,0.0,101159.0,363.0,4744458.0,,,,,left_only,False
loctite,44fcnwlrw,CRM,2024,8,0.0,118.0,0.0,785705.0,,,,,left_only,False
loctite,7yklawwib,CRM,2024,9,0.0,79.0,0.0,530291.0,,,,,left_only,False
loctite,bnqp1n74t,CRM,2025,6,0.0,26.0,1.0,155971.0,,,,,left_only,False
loctite,bpgssdkja,CRM,2024,7,0.0,89.0,0.0,574459.0,,,,,left_only,False
loctite,cm7i2xrxn,CRM,2024,8,0.0,108.0,1.0,741148.0,,,,,left_only,False
loctite,fdnix oqj,CRM,2024,8,0.0,104.0,0.0,675522.0,,,,,left_only,False
loctite,iaqfavmfa,CRM,2024,8,0.0,9.0,1.0,57213.0,,,,,left_only,False
loctite,rudhzzwa1,CRM,2025,6,0.0,3106.0,3.0,20070.0,,,,,left_only,False
loctite,yyqjvqykg,CRM,2025,5,0.0,5.0,0.0,43640.0,,,,,left_only,False
los robles thomas,aon thomas lb,Retail Display,2026,5,207588.0,0.0,194.0,0.0,,,,,left_only,False
lysoform,bnqa1ffim,CRM,2025,2,0.0,102006.0,500.0,290548.0,,,,,left_only,False
lysoform,dziclvaze,CRM,2024,4,0.0,7.0,0.0,35378.0,,,,,left_only,False
lysoform,jbtuqb0cq,CRM,2024,4,0.0,7.0,0.0,41299.0,,,,,left_only,False
lysoform,mbccwpzp9,CRM,2025,7,0.0,3.0,0.0,9044.0,,,,,left_only,False
lysoform,pets,Retail Display,2025,8,82209.0,0.0,176.0,0.0,,,,,left_only,False
lysoform,qlglgyfjm,CRM,2025,7,0.0,81.0,0.0,424155.0,,,,,left_only,False
lysoform,tg5yhxjky,CRM,2025,7,0.0,33.0,0.0,146663.0,,,,,left_only,False
lysoform,xbdvs4tpp,CRM,2025,8,0.0,49.0,0.0,246075.0,,,,,left_only,False
lysoform pets,regalones de la casa,Retail Display,2025,6,107545.0,0.0,147.0,0.0,,,,,left_only,False
lysoform pets,regalones de la casa,Retail Display,2025,7,119516.0,0.0,198.0,0.0,,,,,left_only,False
lysoform pets,regalones de la casa,Retail Display,2025,8,14487.0,0.0,20.0,0.0,,,,,left_only,False
lysol,5dwgcygcl,CRM,2025,6,0.0,2.0,0.0,9980.0,,,,,left_only,False
lysol,zjwoxqrfi,CRM,2025,4,0.0,7.0,0.0,31828.0,,,,,left_only,False
mabe,0bsxq1m f,CRM,2024,6,0.0,104538.0,216.0,3441800.0,,,,,left_only,False
mabe,134ok6v0l,CRM,2024,9,0.0,54003.0,2163.0,2133119.0,,,,,left_only,False
mabe,3vecu8xdz,CRM,2024,11,0.0,54019.0,1920.0,739980.0,,,,,left_only,False
mabe,7uxhgt7qv,CRM,2025,2,0.0,53868.0,583.0,1620900.0,,,,,left_only,False
mabe,always on,Retail Display,2025,3,171770.0,0.0,292.0,0.0,,,,,left_only,False
mabe,auk4s6 i5,CRM,2024,3,0.0,42810.0,3009.0,3569790.0,,,,,left_only,False
mabe,black friday,Retail Display,2024,11,178636.0,0.0,980.0,0.0,,,,,left_only,False
mabe,black friday,Retail Display,2024,12,222450.0,0.0,952.0,0.0,,,,,left_only,False
mabe,black week,Retail Display,2025,3,43631.0,0.0,185.0,0.0,,,,,left_only,False
mabe,black week,Retail Display,2025,4,103415.0,0.0,309.0,0.0,,,,,left_only,False
mabe,clfm7hwvq,CRM,2024,8,0.0,37.0,2.0,7214309.0,,,,,left_only,False
mabe,cyber day,Retail Display,2024,6,298336.0,0.0,1258.0,0.0,,,,,left_only,False
mabe,cyber day,Retail Display,2025,6,92012.0,0.0,297.0,0.0,,,,,left_only,False
mabe,fgxvz8x0y,CRM,2024,2,0.0,54033.0,3101.0,1219920.0,,,,,left_only,False
mabe,gtto5zbk9,CRM,2024,8,0.0,12.0,0.0,2239870.0,,,,,left_only,False
mabe,hrlynsutq,CRM,2024,6,0.0,33169.0,2623.0,16540154.0,,,,,left_only,False
mabe,lajhqkdz,CRM,2025,1,0.0,102200.0,443.0,3462365.0,,,,,left_only,False
mabe,lbig77gpt,CRM,2024,3,0.0,101171.0,441.0,3438285.0,,,,,left_only,False
mabe,mekulfoky,CRM,2024,8,0.0,101030.0,767.0,3192790.0,,,,,left_only,False
mabe,nruu1bqmb,CRM,2024,8,0.0,27787.0,2082.0,3394255.0,,,,,left_only,False
mabe,o96orkgoi,CRM,2024,2,0.0,101182.0,364.0,3387820.0,,,,,left_only,False
mabe,odbhs3sov,CRM,2025,3,0.0,102097.0,392.0,5844730.0,,,,,left_only,False
mabe,ok2oxe2dc,CRM,2024,4,0.0,100778.0,295.0,6414680.0,,,,,left_only,False
mabe,ovvist16d,CRM,2024,12,0.0,53979.0,1815.0,1657402.0,,,,,left_only,False
mabe,pja0xzn9s,CRM,2024,8,0.0,10.0,1.0,1839279.0,,,,,left_only,False
mabe,pubja31b8,CRM,2024,11,0.0,101288.0,447.0,3879320.0,,,,,left_only,False
mabe,rknac5hk8,CRM,2024,6,0.0,104296.0,293.0,12016730.0,,,,,left_only,False
mabe,tactica,Retail Display,2025,4,114616.0,0.0,381.0,0.0,,,,,left_only,False
mabe,v2nrfyeze,CRM,2024,12,0.0,53947.0,1783.0,3284860.0,,,,,left_only,False
mabe,wzel1efh0,CRM,2024,1,0.0,50635.0,4823.0,1580552.0,,,,,left_only,False
mabe,x,CRM,2024,9,0.0,105500.0,258.0,3734321.0,,,,,left_only,False
mabe,x,CRM,2024,10,0.0,160150.0,1574.0,10499427.0,,,,,left_only,False
mabe,yao3ni7ct,CRM,2024,10,0.0,45104.0,1805.0,2111203.0,,,,,left_only,False
mabe,ylvayxjq2,CRM,2025,4,0.0,54028.0,367.0,5320794.0,,,,,left_only,False
madeco,6189516 011779,CRM,2023,11,0.0,101379.0,355.0,10549054.0,,,,,left_only,False
madeco,6189516 012185,CRM,2023,12,0.0,101276.0,303.0,7637122.0,,,,,left_only,False
madeco,dfvo9f ra,CRM,2024,11,0.0,101349.0,418.0,15760590.0,,,,,left_only,False
madeco,xh7jn75fh,CRM,2023,12,0.0,95586.0,301.0,7223423.0,,,,,left_only,False
mademsa,,CRM,2025,5,0.0,221.0,0.0,5934630.0,,,,,left_only,False
mademsa,,CRM,2025,6,0.0,2198.0,0.0,38225203.0,,,,,left_only,False
mademsa,,CRM,2025,7,0.0,854.0,0.0,11085032.0,,,,,left_only,False
mademsa,1adpdsaru,CRM,2025,6,0.0,22256.0,307.0,20064395.0,,,,,left_only,False
mademsa,2pa4aj6if,CRM,2024,6,0.0,54086.0,2555.0,15883406.0,,,,,left_only,False
mademsa,2xbd6rd 7,CRM,2024,7,0.0,101253.0,218.0,20240178.0,,,,,left_only,False
mademsa,3hutdwkwm,CRM,2025,11,0.0,53.0,1.0,6210745.0,,,,,left_only,False
mademsa,4i30fhsf1,CRM,2025,9,0.0,25.0,0.0,4691951.0,,,,,left_only,False
mademsa,4ixvpznjd,CRM,2025,6,0.0,75.0,1.0,10201312.0,,,,,left_only,False
mademsa,4ofehhs1q,CRM,2024,8,0.0,100042.0,323.0,18820671.0,,,,,left_only,False
mademsa,4x3yai3av,CRM,2025,9,0.0,183.0,2.0,27734552.0,,,,,left_only,False
mademsa,5hbwhifhx,CRM,2025,9,0.0,64.0,7.0,11519710.0,,,,,left_only,False
mademsa,6189516 007684,CRM,2023,1,0.0,101195.0,157.0,6405710.0,,,,,left_only,False
mademsa,6189516 007809,CRM,2023,1,0.0,100696.0,166.0,6113695.0,,,,,left_only,False
mademsa,6189516 008276,CRM,2023,2,0.0,101465.0,268.0,5909710.0,,,,,left_only,False
mademsa,6189516 008460,CRM,2023,3,0.0,51225.0,85.0,4520060.0,,,,,left_only,False
mademsa,6189516 008461,CRM,2023,3,0.0,51279.0,64.0,1689920.0,,,,,left_only,False
mademsa,6189516 008700,CRM,2023,3,0.0,100882.0,217.0,6380350.0,,,,,left_only,False
mademsa,6189516 009099,CRM,2023,4,0.0,52551.0,64.0,11603862.0,,,,,left_only,False
mademsa,6189516 009100,CRM,2023,4,0.0,50359.0,79.0,7790156.0,,,,,left_only,False
mademsa,6189516 009392,CRM,2023,5,0.0,105299.0,292.0,23883045.0,,,,,left_only,False
mademsa,6189516 009506,CRM,2023,5,0.0,101222.0,131.0,8074113.0,,,,,left_only,False
mademsa,6189516 010596,CRM,2023,8,0.0,101172.0,91.0,11916218.0,,,,,left_only,False
mademsa,6189516 010722,CRM,2023,8,0.0,10790.0,0.0,0.0,,,,,left_only,False
mademsa,6189516 010752,CRM,2023,8,0.0,101934.0,157.0,10885341.0,,,,,left_only,False
mademsa,6189516 011137,CRM,2023,10,0.0,105140.0,526.0,21694958.0,,,,,left_only,False
mademsa,6189516 011243,CRM,2023,10,0.0,85714.0,316.0,11378291.0,,,,,left_only,False
mademsa,6189516 011303,CRM,2023,10,0.0,51344.0,3892.0,8182570.0,,,,,left_only,False
mademsa,6189516 011605,CRM,2023,10,0.0,54017.0,4250.0,9680624.0,,,,,left_only,False
mademsa,6189516 011740,CRM,2023,11,0.0,101027.0,259.0,5792958.0,,,,,left_only,False
mademsa,6189516 011943,CRM,2023,11,0.0,101298.0,336.0,14633713.0,,,,,left_only,False
mademsa,6189516 011971,CRM,2023,11,0.0,986783.0,58091.0,106639938.0,,,,,left_only,False
mademsa,8scgpiyf0,CRM,2024,6,0.0,50632.0,2071.0,11638830.0,,,,,left_only,False
mademsa,8srvtevbl,CRM,2024,6,0.0,173.0,173.0,28896123.0,,,,,left_only,False
mademsa,8vb4ewtf4,CRM,2024,8,0.0,38.0,2.0,14450834.0,,,,,left_only,False
mademsa,9miosrsy3,CRM,2025,2,0.0,156.0,0.0,31364960.0,,,,,left_only,False
mademsa,9x3c5rlwp,CRM,2025,5,0.0,62.0,0.0,12122681.0,,,,,left_only,False
mademsa,aon electrolux 2025,CRM,2025,12,0.0,262.0,5.0,36639431.0,,,,,left_only,False
mademsa,aon febrero electrolux byc 2026,Sponsored Products,2026,2,31686.0,0.0,1110.0,7168560.0,,,,,left_only,False
mademsa,aon febrero electrolux lb 2026,Sponsored Products,2026,2,0.0,0.0,0.0,1453940.0,,,,,left_only,False
mademsa,aon febrero mademsa lb 2026,Sponsored Products,2026,2,77049.0,0.0,2768.0,13408180.0,,,,,left_only,False
mademsa,aon marzo electrolux lb 2026,Sponsored Products,2026,3,0.0,0.0,0.0,5749760.0,,,,,left_only,False
mademsa,aon marzo mademsa lb 2026,Sponsored Products,2026,3,145953.0,0.0,4126.0,31343490.0,ELECTROHOGAR,700000.0,576800.0,123200.0,both,True
mademsa,aon marzo mademsaelectrolux sda 2026,Sponsored Products,2026,3,46339.0,0.0,1401.0,11344230.0,,,,,left_only,False
mademsa,bdttizhlx,CRM,2024,7,0.0,1123887.0,29345.0,131349207.0,,,,,left_only,False
mademsa,bftwht1sg,CRM,2025,8,0.0,36.0,0.0,4574004.0,,,,,left_only,False
mademsa,bkhgvr0wj,CRM,2024,6,0.0,100.0,4.0,14930661.0,,,,,left_only,False
mademsa,black friday,Retail Display,2025,11,232273.0,0.0,662.0,0.0,,,,,left_only,False
mademsa,black friday,Retail Display,2025,12,18563.0,0.0,35.0,0.0,,,,,left_only,False
mademsa,black marzo electrolux 2026,CRM,2026,3,0.0,159.0,6.0,27248023.0,,,,,left_only,False
mademsa,black marzo electrolux 2026,CRM,2026,4,0.0,374.0,1.0,61883627.0,,,,,left_only,False
mademsa,black week,Sponsored Products,2026,3,115398.0,0.0,4590.0,30256970.0,,,,,left_only,False
mademsa,bw96z5e a,CRM,2025,7,0.0,55.0,0.0,8174238.0,,,,,left_only,False
mademsa,c8qusepzl,CRM,2024,3,0.0,45902.0,3318.0,15227420.0,,,,,left_only,False
mademsa,clfm7hwvq,CRM,2024,8,0.0,145.0,3.0,25545716.0,,,,,left_only,False
mademsa,cnl42s71w,CRM,2024,6,0.0,1123676.0,28340.0,115528671.0,,,,,left_only,False
mademsa,cqstpwe7a,CRM,2024,7,0.0,100431.0,308.0,12190288.0,,,,,left_only,False
mademsa,cr5m59fec,CRM,2024,8,0.0,54045.0,2112.0,7466085.0,,,,,left_only,False
mademsa,d7isfyfpv,CRM,2024,4,0.0,45.0,0.0,8651769.0,,,,,left_only,False
mademsa,debc0vaag,CRM,2025,4,0.0,100.0,0.0,19122975.0,,,,,left_only,False
mademsa,dp9xkmlot,CRM,2024,2,0.0,1126489.0,44553.0,121669684.0,,,,,left_only,False
mademsa,dpzprtzsd,CRM,2024,6,0.0,30285.0,1794.0,6923490.0,,,,,left_only,False
mademsa,dukqrezxm,CRM,2025,11,0.0,61.0,3.0,9317540.0,,,,,left_only,False
mademsa,fensa mademsa,Google,2024,8,93307.0,0.0,2191.0,2307880.0,,,,,left_only,False
mademsa,fensa mademsa,Google,2024,9,120114.0,0.0,1122.0,4479290.0,,,,,left_only,False
mademsa,fensa mademsa,Google,2024,10,271175.0,0.0,3739.0,9564600.0,,,,,left_only,False
mademsa,fensa mademsa,Google,2024,11,148925.0,0.0,2317.0,6498240.0,,,,,left_only,False
mademsa,fensa mademsa,Google,2024,12,325711.0,0.0,5648.0,15321452.0,,,,,left_only,False
mademsa,fensa mademsa,Google,2025,1,255002.0,0.0,5044.0,11370190.0,,,,,left_only,False
mademsa,fensa mademsa,Google,2025,2,323411.0,0.0,5637.0,15603640.0,,,,,left_only,False
mademsa,fensa mademsa,Google,2025,3,174282.0,0.0,2509.0,3343178.0,,,,,left_only,False
mademsa,fensa mademsa,Google,2025,4,364663.0,0.0,5924.0,14279680.0,,,,,left_only,False
mademsa,fensa mademsa,Google,2025,5,191371.0,0.0,2491.0,6037090.0,,,,,left_only,False
mademsa,fensa mademsa,Google,2025,6,578569.0,0.0,10355.0,10170390.0,,,,,left_only,False
mademsa,fensa mademsa,Google,2025,7,216316.0,0.0,3368.0,3609610.0,,,,,left_only,False
mademsa,fensa mademsa,Google,2025,8,58944.0,0.0,942.0,1098910.0,,,,,left_only,False
mademsa,fensa mademsa,Google,2025,10,251738.0,0.0,4206.0,11580096.0,,,,,left_only,False
mademsa,fensa mademsa,Google,2025,11,216159.0,0.0,4510.0,8724817.0,,,,,left_only,False
mademsa,fifuv5w7w,CRM,2025,1,0.0,150.0,1.0,21326175.0,,,,,left_only,False
mademsa,fsfrhp754,CRM,2025,10,0.0,22219.0,129.0,4591286.0,,,,,left_only,False
mademsa,ft0yismeb,CRM,2025,3,0.0,54103.0,446.0,9664723.0,,,,,left_only,False
mademsa,hf qiqjcz,CRM,2025,3,0.0,74.0,0.0,15573081.0,,,,,left_only,False
mademsa,hhamcr3di,CRM,2025,3,0.0,122.0,4.0,28811944.0,,,,,left_only,False
mademsa,hjukmxsbj,CRM,2024,2,0.0,101415.0,594.0,26310347.0,,,,,left_only,False
mademsa,hr17coqth,CRM,2025,6,0.0,101196.0,331.0,22515658.0,,,,,left_only,False
mademsa,i1q4kwhth,CRM,2024,5,0.0,102157.0,243.0,33759145.0,,,,,left_only,False
mademsa,i9ccbzdax,CRM,2024,4,0.0,53309.0,2711.0,11219481.0,,,,,left_only,False
mademsa,iahkol v1,CRM,2025,8,0.0,266.0,2.0,47258567.0,,,,,left_only,False
mademsa,invierno,Retail Display,2026,4,2424.0,0.0,0.0,0.0,,,,,left_only,False
mademsa,invierno,Retail Display,2026,5,130504.0,0.0,77.0,0.0,,,,,left_only,False
mademsa,jqwo3vmgj,CRM,2024,7,0.0,101363.0,545.0,12558718.0,,,,,left_only,False
mademsa,mekulfoky,CRM,2024,8,0.0,90.0,0.0,16220708.0,,,,,left_only,False
mademsa,muaytvyps,CRM,2025,7,0.0,54072.0,233.0,5416094.0,,,,,left_only,False
mademsa,n6c1biqt4,CRM,2025,6,0.0,106052.0,163.0,26584732.0,,,,,left_only,False
mademsa,nrnbgol 4,CRM,2024,2,0.0,101547.0,407.0,30557542.0,,,,,left_only,False
mademsa,oo110b0vz,CRM,2024,11,0.0,550.0,22.0,94634571.0,,,,,left_only,False
mademsa,ovdjjaiuy,CRM,2024,11,0.0,70.0,2.0,12943158.0,,,,,left_only,False
mademsa,pja0xzn9s,CRM,2024,8,0.0,74.0,0.0,13300550.0,,,,,left_only,False
mademsa,psfdtvvha,CRM,2025,10,0.0,140.0,140.0,22847836.0,,,,,left_only,False
mademsa,ptyysfjr,CRM,2024,6,0.0,101924.0,225.0,17682266.0,,,,,left_only,False
mademsa,q16zpnm5o,CRM,2025,5,0.0,172.0,0.0,27828707.0,,,,,left_only,False
mademsa,qj6wsta3r,CRM,2024,7,0.0,1092851.0,28800.0,121627051.0,,,,,left_only,False
mademsa,rcwpiqxvz,CRM,2025,8,0.0,61.0,13.0,8513851.0,,,,,left_only,False
mademsa,rftkt04xa,CRM,2025,7,0.0,132.0,3.0,21113650.0,,,,,left_only,False
mademsa,rm2gdjejv,CRM,2024,7,0.0,100920.0,228.0,23054006.0,,,,,left_only,False
mademsa,rorajmo0g,CRM,2024,12,0.0,175.0,3.0,30512350.0,,,,,left_only,False
mademsa,s2mqitcdr,CRM,2024,7,0.0,49790.0,2435.0,14502709.0,,,,,left_only,False
mademsa,s7umbal82,CRM,2024,9,0.0,101207.0,330.0,6256352.0,,,,,left_only,False
mademsa,sdaax9fwd,CRM,2024,12,0.0,29.0,29.0,4749690.0,,,,,left_only,False
mademsa,tactico mademsa calefaccion 2026,CRM,2026,5,0.0,134919.0,417.0,26061974.0,ELECTROHOGAR,1200000.0,61538.0,1138462.0,both,True
mademsa,tbxfugy f,CRM,2025,6,0.0,94.0,1.0,14712665.0,,,,,left_only,False
mademsa,tp9lblsnk,CRM,2025,10,0.0,106187.0,230.0,9811769.0,,,,,left_only,False
mademsa,twiuy z59,CRM,2025,9,0.0,21.0,0.0,2855340.0,,,,,left_only,False
mademsa,v0vwvc9wz,CRM,2024,8,0.0,390.0,21.0,66630237.0,,,,,left_only,False
mademsa,vjpdptjdn,CRM,2024,6,0.0,210.0,1.0,33408956.0,,,,,left_only,False
mademsa,vjyzzmbyj,CRM,2024,8,0.0,160.0,1.0,30615879.0,,,,,left_only,False
mademsa,x,CRM,2024,10,0.0,213216.0,340.0,116141209.0,,,,,left_only,False
mademsa,xbu873g2a,CRM,2025,7,0.0,101251.0,405.0,14170107.0,,,,,left_only,False
mademsa,xgegrdatx,CRM,2024,12,0.0,106.0,8.0,20002277.0,,,,,left_only,False
mademsa,xgi4hh8qj,CRM,2025,6,0.0,314.0,314.0,53536802.0,,,,,left_only,False
mademsa,xiabn8r7q,CRM,2025,8,0.0,33.0,0.0,5856731.0,,,,,left_only,False
mademsa,xw5isueim,CRM,2024,8,0.0,59.0,2.0,22686234.0,,,,,left_only,False
mademsa,y2p4d3imn,CRM,2024,10,0.0,64.0,0.0,8887710.0,,,,,left_only,False
mademsa,yl6watac,CRM,2024,4,0.0,123.0,2.0,25107945.0,,,,,left_only,False
mademsa,yxwxfhmnf,CRM,2024,6,0.0,821088.0,24866.0,173013776.0,,,,,left_only,False
mademsa,zflgosr u,CRM,2025,6,0.0,248.0,6.0,35903598.0,,,,,left_only,False
mademsa,zmjlxjzbx,CRM,2025,11,0.0,156.0,5.0,23524899.0,,,,,left_only,False
mademsa,zngxqcvmv,CRM,2025,4,0.0,54033.0,353.0,12705604.0,,,,,left_only,False
mademsa,zs6stdx3e,CRM,2025,10,0.0,87.0,0.0,11008880.0,,,,,left_only,False
mademsa,ztthezawj,CRM,2024,5,0.0,54074.0,2398.0,16734981.0,,,,,left_only,False
magic home,navidad,Retail Display,2024,12,141577.0,0.0,425.0,0.0,,,,,left_only,False
maigas,aon maigas,Retail Display,2026,5,52568.0,0.0,59.0,0.0,,,,,left_only,False
maigas,aon mayo maigas 2026,CRM,2026,5,0.0,134973.0,733.0,72990.0,ELECTROHOGAR,1000000.0,61538.0,938462.0,both,True
maigas,electroweek abril maigas,CRM,2026,4,0.0,329366.0,0.0,5767251.0,,,,,left_only,False
makita,,CRM,2025,5,0.0,7097.0,0.0,3991707.0,,,,,left_only,False
makita,,CRM,2025,6,0.0,63893.0,0.0,18732049.0,,,,,left_only,False
makita,,CRM,2025,7,0.0,40876.0,0.0,8358843.0,,,,,left_only,False
makita,19uvfanwq,CRM,2024,6,0.0,106139.0,321.0,2044725.0,,,,,left_only,False
makita,6189516 010482,CRM,2023,8,0.0,101115.0,192.0,4182196.0,,,,,left_only,False
makita,6189516 010639,CRM,2023,8,0.0,101258.0,199.0,5332219.0,,,,,left_only,False
makita,6189516 011817,CRM,2023,11,0.0,102126.0,297.0,2326164.0,,,,,left_only,False
makita,azsxislsr,CRM,2024,12,0.0,102234.0,501.0,3971541.0,,,,,left_only,False
makita,black friday,Retail Display,2025,11,108421.0,0.0,790.0,0.0,,,,,left_only,False
makita,black friday,Retail Display,2025,12,36555.0,0.0,226.0,0.0,,,,,left_only,False
makita,camping,Retail Display,2024,12,256063.0,0.0,1021.0,0.0,,,,,left_only,False
makita,camping cyber day,Retail Display,2024,6,304185.0,0.0,1732.0,0.0,,,,,left_only,False
makita,cd94iglwb,CRM,2024,12,0.0,102145.0,828.0,2247812.0,,,,,left_only,False
makita,fk3adevdo,CRM,2024,10,0.0,49456.0,551.0,6422925.0,,,,,left_only,False
makita,herramientas,Retail Display,2024,10,311097.0,0.0,1343.0,0.0,,,,,left_only,False
makita,herramientas cyber day,Retail Display,2024,6,200723.0,0.0,2055.0,0.0,,,,,left_only,False
makita,jardin,Retail Display,2024,11,116271.0,0.0,252.0,0.0,,,,,left_only,False
makita,jardin,Retail Display,2024,12,165097.0,0.0,390.0,0.0,,,,,left_only,False
makita,mes del maestro,CRM,2026,3,0.0,209490.0,0.0,41110476.0,HERRAMIENTAS Y MAQUINARIAS,700000.0,53333.0,646667.0,both,True
makita,mes del maestro,Sponsored Products,2026,3,208547.0,0.0,3485.0,10272520.0,HERRAMIENTAS Y MAQUINARIAS,700000.0,576800.0,123200.0,both,True
makita,mq89sgaeq,CRM,2024,12,0.0,102034.0,606.0,1789735.0,,,,,left_only,False
makita,oqg9rqveh,CRM,2025,1,0.0,101434.0,952.0,2908590.0,,,,,left_only,False
makita,ppi,Retail Display,2025,5,177026.0,0.0,679.0,0.0,,,,,left_only,False
makita,ppi,Retail Display,2025,6,207808.0,0.0,795.0,0.0,,,,,left_only,False
makita,sg41vkxpi,CRM,2024,10,0.0,52830.0,640.0,5738226.0,,,,,left_only,False
makita,sheuejgqt,CRM,2024,6,0.0,35796.0,2608.0,3325531.0,,,,,left_only,False
makita,tkrrc5q7f,CRM,2025,12,0.0,101246.0,587.0,1856406.0,,,,,left_only,False
makita,tq5xjyqhe,CRM,2024,6,0.0,105337.0,566.0,3065744.0,,,,,left_only,False
mamut,catalogo mes del maestro,CRM,2026,3,0.0,90174.0,231.0,49762869.0,FERRETERIA,0.0,53333.0,-53333.0,both,True
mantahue,0drgg8mg,CRM,2024,11,0.0,102103.0,404.0,4173212.0,,,,,left_only,False
mantahue,3jbgjfdbt,CRM,2025,2,0.0,54064.0,556.0,2265211.0,,,,,left_only,False
mantahue,58zoyppjb,CRM,2025,1,0.0,54115.0,651.0,3907812.0,,,,,left_only,False
mantahue,ar9kbjty,CRM,2024,6,0.0,106143.0,193.0,2077261.0,,,,,left_only,False
mantahue,black,Retail Display,2024,7,12436.0,0.0,75.0,0.0,,,,,left_only,False
mantahue,black,Retail Display,2024,8,74233.0,0.0,307.0,0.0,,,,,left_only,False
mantahue,black friday,Retail Display,2024,11,147047.0,0.0,878.0,0.0,,,,,left_only,False
mantahue,black friday,Retail Display,2024,12,143482.0,0.0,843.0,0.0,,,,,left_only,False
mantahue,black week,Retail Display,2025,3,111733.0,0.0,392.0,0.0,,,,,left_only,False
mantahue,black week,Retail Display,2025,4,92777.0,0.0,355.0,0.0,,,,,left_only,False
mantahue,co brand,Google,2024,8,94348.0,0.0,1270.0,0.0,,,,,left_only,False
mantahue,co brand,Google,2024,9,196194.0,0.0,3219.0,0.0,,,,,left_only,False
mantahue,co brand,Google,2024,10,413860.0,0.0,5212.0,0.0,,,,,left_only,False
mantahue,co brand,Google,2024,11,198414.0,0.0,2885.0,0.0,,,,,left_only,False
mantahue,co brand,Retail Display,2024,6,441689.0,0.0,1365.0,0.0,,,,,left_only,False
mantahue,co brand,Retail Display,2024,7,442529.0,0.0,1621.0,0.0,,,,,left_only,False
mantahue,co brand,Retail Display,2024,8,248620.0,0.0,870.0,0.0,,,,,left_only,False
mantahue,co brand,Retail Display,2024,9,419651.0,0.0,1212.0,0.0,,,,,left_only,False
mantahue,co brand,Retail Display,2024,10,296353.0,0.0,928.0,0.0,,,,,left_only,False
mantahue,colchonazo,CRM,2026,1,0.0,101380.0,0.0,1071880.0,MUEBLES,1500000.0,55172.0,1444828.0,both,True
mantahue,cyber day,Retail Display,2024,6,787003.0,0.0,2845.0,0.0,,,,,left_only,False
mantahue,cyber monday,Retail Display,2025,10,76904.0,0.0,448.0,0.0,,,,,left_only,False
mantahue,dormitorio,Retail Display,2025,1,230689.0,0.0,1280.0,0.0,,,,,left_only,False
mantahue,dormitorio,Retail Display,2025,2,34.0,0.0,3.0,0.0,,,,,left_only,False
mantahue,dormitorio,Retail Display,2025,4,115391.0,0.0,337.0,0.0,,,,,left_only,False
mantahue,dyrsuwkez,CRM,2024,6,0.0,53961.0,2360.0,2285921.0,,,,,left_only,False
mantahue,kyzm1rt2u,CRM,2024,6,0.0,106212.0,126.0,3548782.0,,,,,left_only,False
mantahue,muebles week,Retail Display,2025,11,161831.0,0.0,371.0,0.0,,,,,left_only,False
mantahue,quvyzm5ni,CRM,2025,11,0.0,53924.0,0.0,159990.0,,,,,left_only,False
mantahue,r2fx4d990,CRM,2024,9,0.0,53972.0,2137.0,2910008.0,,,,,left_only,False
mantahue,x,CRM,2024,9,0.0,209137.0,331.0,1968431.0,,,,,left_only,False
mantahue,x,CRM,2024,10,0.0,106077.0,253.0,3991401.0,,,,,left_only,False
mantahue,ysqo 88qn,CRM,2024,8,0.0,53999.0,2095.0,3572794.0,,,,,left_only,False
mantahue,z0nrbtpku,CRM,2025,1,0.0,101183.0,486.0,3683770.0,,,,,left_only,False
mar del sur kendal,calefaccion,Retail Display,2025,5,38645.0,0.0,128.0,0.0,,,,,left_only,False
mar del sur kendal,calefaccion,Retail Display,2025,6,224168.0,0.0,708.0,0.0,,,,,left_only,False
mar del sur kendal,calefaccion,Retail Display,2025,7,123996.0,0.0,414.0,0.0,,,,,left_only,False
mar del sur scaldasonno,calefaccion,Retail Display,2025,5,25775.0,0.0,56.0,0.0,,,,,left_only,False
mar del sur scaldasonno,calefaccion,Retail Display,2025,6,178906.0,0.0,240.0,0.0,,,,,left_only,False
mar del sur scaldasonno,calefaccion,Retail Display,2025,7,124063.0,0.0,261.0,0.0,,,,,left_only,False
mascotas,fox1iohr7,CRM,2025,7,0.0,227176.0,420.0,0.0,,,,,left_only,False
masisa,a1clbxddr,CRM,2024,8,0.0,101098.0,1021.0,25923932.0,,,,,left_only,False
masisa,black friday,Retail Display,2024,11,32042.0,0.0,96.0,0.0,,,,,left_only,False
masisa,black friday,Retail Display,2024,12,102217.0,0.0,252.0,0.0,,,,,left_only,False
masisa,campana renovaciones,CRM,2026,1,0.0,202528.0,680.0,10503388.0,,,,,left_only,False
masisa,co brand,Google,2024,9,15570.0,0.0,278.0,0.0,,,,,left_only,False
masisa,co brand,Google,2024,10,62993.0,0.0,912.0,0.0,,,,,left_only,False
masisa,cyber monday,Meta,2024,9,19662.0,0.0,1800.0,0.0,,,,,left_only,False
masisa,cyber monday,Meta,2024,10,257374.0,0.0,11542.0,0.0,,,,,left_only,False
masisa,cyber monday,Retail Display,2024,9,36828.0,0.0,98.0,0.0,,,,,left_only,False
masisa,cyber monday,Retail Display,2024,10,142942.0,0.0,290.0,0.0,,,,,left_only,False
masisa,hyd7u59iq,CRM,2025,1,0.0,101305.0,986.0,9469770.0,,,,,left_only,False
masisa,lyc3j4mqv,CRM,2024,11,0.0,88152.0,561.0,6842600.0,,,,,left_only,False
masisa,m6rwpobnv,CRM,2024,6,0.0,101341.0,846.0,8406710.0,,,,,left_only,False
masisa,mail tactico febrero 2026,CRM,2026,3,0.0,134897.0,715.0,8169600.0,PISOS Y MUROS,0.0,53333.0,-53333.0,both,True
masisa,pisos ripados,Retail Display,2024,8,350777.0,0.0,899.0,0.0,,,,,left_only,False
masisa,pisos ripados,Retail Display,2024,11,207490.0,0.0,315.0,0.0,,,,,left_only,False
masisa,pisos ripados,Retail Display,2024,12,73925.0,0.0,120.0,0.0,,,,,left_only,False
masisa,x,CRM,2024,9,0.0,106265.0,186.0,9291461.0,,,,,left_only,False
masisa,x,CRM,2024,10,0.0,212520.0,338.0,16505323.0,,,,,left_only,False
masisa,yblsz gj7,CRM,2025,2,0.0,75582.0,653.0,7880411.0,,,,,left_only,False
masisa,zhpageztr,CRM,2024,11,0.0,1017.0,0.0,137626.0,,,,,left_only,False
masonite,6189516 009941,CRM,2023,6,0.0,100600.0,343.0,105990.0,,,,,left_only,False
master cat,9rwjtwjv9,CRM,2024,6,0.0,107.0,1.0,822325.0,,,,,left_only,False
master cat,a90pbbait,CRM,2025,7,0.0,11.0,0.0,101384.0,,,,,left_only,False
master cat,fcg8pybxs,CRM,2025,8,0.0,24.0,0.0,227546.0,,,,,left_only,False
master dog,6189516 009435,CRM,2023,5,0.0,52220.0,73.0,1717699.0,,,,,left_only,False
master dog,6189516 009854,CRM,2023,6,0.0,81551.0,101.0,6046760.0,,,,,left_only,False
master dog,9rwjtwjv9,CRM,2024,6,0.0,101300.0,399.0,5639433.0,,,,,left_only,False
master dog,a90pbbait,CRM,2025,7,0.0,101274.0,360.0,918791.0,,,,,left_only,False
master dog,amwj6ujkg,CRM,2024,6,0.0,197.0,5.0,4402505.0,,,,,left_only,False
master dog,d7isfyfpv,CRM,2025,5,0.0,101230.0,433.0,2665561.0,,,,,left_only,False
master dog,fcg8pybxs,CRM,2025,8,0.0,101342.0,318.0,1766244.0,,,,,left_only,False
master dog,kxwmus55g,CRM,2024,5,0.0,103470.0,594.0,7037390.0,,,,,left_only,False
master dog,mbccwpzp9,CRM,2025,7,0.0,2846.0,8.0,60570.0,,,,,left_only,False
master dog,pajyp7yv6,CRM,2024,7,0.0,267.0,6.0,5408020.0,,,,,left_only,False
master dog,qlglgyfjm,CRM,2025,7,0.0,101263.0,596.0,2570708.0,,,,,left_only,False
master dog,regalones,Retail Display,2024,6,133678.0,0.0,416.0,0.0,,,,,left_only,False
master dog,regalones,Retail Display,2024,7,404127.0,0.0,1062.0,0.0,,,,,left_only,False
master dog,regalones de la casa,Retail Display,2025,4,10334.0,0.0,26.0,0.0,,,,,left_only,False
master dog,regalones de la casa,Retail Display,2025,5,115600.0,0.0,211.0,0.0,,,,,left_only,False
master dog,regalones de la casa,Retail Display,2025,6,130415.0,0.0,155.0,0.0,,,,,left_only,False
master dog,regalones de la casa,Retail Display,2025,7,142132.0,0.0,158.0,0.0,,,,,left_only,False
master dog,regalones de la casa,Retail Display,2025,8,82827.0,0.0,103.0,0.0,,,,,left_only,False
master dog,regalones de la casa,Retail Display,2025,12,38678.0,0.0,63.0,0.0,,,,,left_only,False
master dog,tg5yhxjky,CRM,2025,7,0.0,73034.0,119.0,153870.0,,,,,left_only,False
master dog,xbdvs4tpp,CRM,2025,8,0.0,101319.0,389.0,1961891.0,,,,,left_only,False
max service puma safety,seguridad,Retail Display,2024,12,118776.0,0.0,439.0,0.0,,,,,left_only,False
max service puma safety,seguridad,Retail Display,2025,1,50276.0,0.0,173.0,0.0,,,,,left_only,False
maxtrek tyres,cyber day,Retail Display,2025,6,75919.0,0.0,301.0,0.0,,,,,left_only,False
mc garcia veloti,casa segura,Retail Display,2024,11,46595.0,0.0,108.0,0.0,,,,,left_only,False
mc garcia veloti,casa segura,Retail Display,2024,12,145714.0,0.0,289.0,0.0,,,,,left_only,False
meguiars,6189516 007950,CRM,2023,2,0.0,101149.0,155.0,1730717.0,,,,,left_only,False
meguiars,7g5ln0s i,CRM,2025,1,0.0,101132.0,520.0,3918841.0,,,,,left_only,False
meguiars,campana play dirty get clean,CRM,2026,3,0.0,405420.0,1668.0,13625217.0,ACCESORIOS AUTOMOVILES,1200000.0,53333.0,1146667.0,both,True
meguiars,jikcdv03v,CRM,2025,2,0.0,148.0,3.0,2406819.0,,,,,left_only,False
meguiars,nljmcnbn,CRM,2024,2,0.0,102163.0,347.0,3855853.0,,,,,left_only,False
meguiars,vt 3zhcn2,CRM,2024,1,0.0,101839.0,414.0,4448840.0,,,,,left_only,False
meguiars,xa jpvlmh,CRM,2025,1,0.0,156.0,2.0,2431413.0,,,,,left_only,False
melon,0q721x1zn,CRM,2024,1,0.0,101243.0,163.0,9923523.0,,,,,left_only,False
melon,g0yqcm0ag,CRM,2024,3,0.0,52218.0,388.0,5918704.0,,,,,left_only,False
melon,lcl09u fu,CRM,2024,3,0.0,44148.0,115.0,2819811.0,,,,,left_only,False
melon,m9dqigigx,CRM,2024,1,0.0,51655.0,180.0,4348692.0,,,,,left_only,False
menguiars,b9td76ydp,CRM,2025,2,0.0,102113.0,540.0,0.0,,,,,left_only,False
metalhsa,black friday,Retail Display,2024,11,246911.0,0.0,624.0,0.0,,,,,left_only,False
metalhsa,black friday,Retail Display,2024,12,2.0,0.0,0.0,0.0,,,,,left_only,False
metalhsa,black week,Retail Display,2025,3,59093.0,0.0,227.0,0.0,,,,,left_only,False
metalhsa,black week,Retail Display,2025,4,74404.0,0.0,278.0,0.0,,,,,left_only,False
metalhsa,co brand,Google,2024,10,87281.0,0.0,1744.0,0.0,,,,,left_only,False
metalhsa,cyber monday,Retail Display,2024,9,41300.0,0.0,137.0,0.0,,,,,left_only,False
metalhsa,cyber monday,Retail Display,2024,10,150946.0,0.0,624.0,0.0,,,,,left_only,False
metalhsa,el8px0ck8,CRM,2025,6,0.0,26279.0,377.0,903256.0,,,,,left_only,False
metalhsa just home collection,cyber day,Retail Display,2025,6,107003.0,0.0,258.0,0.0,,,,,left_only,False
midea,,CRM,2025,8,0.0,46888.0,0.0,96863669.0,,,,,left_only,False
midea,,CRM,2025,9,0.0,39300.0,0.0,85107773.0,,,,,left_only,False
midea,,CRM,2025,10,0.0,65373.0,0.0,108512626.0,,,,,left_only,False
midea,,CRM,2025,11,0.0,44925.0,0.0,99691563.0,,,,,left_only,False
midea,,CRM,2025,12,0.0,51383.0,0.0,126292959.0,,,,,left_only,False
midea,,CRM,2026,1,0.0,60086.0,0.0,183116206.0,,,,,left_only,False
midea,,CRM,2026,2,0.0,53546.0,0.0,129527139.0,,,,,left_only,False
midea,,CRM,2026,3,0.0,57949.0,0.0,178089167.0,,,,,left_only,False
midea,,CRM,2026,4,0.0,85607.0,0.0,145214830.0,,,,,left_only,False
midea,,CRM,2026,5,0.0,67009.0,0.0,82452786.0,,,,,left_only,False
midea,,Sponsored Products,2026,4,151923.0,0.0,4513.0,34668890.0,,,,,left_only,False
midea,0fgtqihxk,CRM,2024,4,0.0,102047.0,307.0,21180725.0,,,,,left_only,False
midea,3gzqjh2vv,CRM,2024,6,0.0,101195.0,518.0,10650234.0,,,,,left_only,False
midea,48uw0t2wl,CRM,2025,11,0.0,101254.0,479.0,12259164.0,,,,,left_only,False
midea,4tmohghnw,CRM,2025,9,0.0,101293.0,427.0,9729712.0,,,,,left_only,False
midea,56k zjfxi,CRM,2025,3,0.0,101223.0,562.0,17590490.0,,,,,left_only,False
midea,5iyvyhpf6,CRM,2025,6,0.0,101533.0,481.0,12771211.0,,,,,left_only,False
midea,6189516 007682,CRM,2023,1,0.0,100592.0,158.0,22438940.0,,,,,left_only,False
midea,6189516 007940,CRM,2023,2,0.0,101468.0,180.0,13335467.0,,,,,left_only,False
midea,6189516 008208,CRM,2023,2,0.0,101671.0,131.0,13431200.0,,,,,left_only,False
midea,6189516 008770,CRM,2023,4,0.0,1125967.0,89902.0,90681413.0,,,,,left_only,False
midea,6189516 009131,CRM,2023,4,0.0,35248.0,44.0,4064720.0,,,,,left_only,False
midea,6189516 009137,CRM,2023,4,0.0,71889.0,109.0,9819394.0,,,,,left_only,False
midea,6189516 009175,CRM,2023,5,0.0,101647.0,148.0,11683743.0,,,,,left_only,False
midea,6189516 009222,CRM,2023,5,0.0,101961.0,113.0,9136930.0,,,,,left_only,False
midea,6189516 009412,CRM,2023,5,0.0,105321.0,150.0,16239020.0,,,,,left_only,False
midea,6189516 009532,CRM,2023,5,0.0,102137.0,133.0,9181757.0,,,,,left_only,False
midea,6189516 009698,CRM,2023,6,0.0,101275.0,156.0,15253997.0,,,,,left_only,False
midea,6189516 009845,CRM,2023,6,0.0,101946.0,137.0,18117649.0,,,,,left_only,False
midea,6189516 010086,CRM,2023,7,0.0,101247.0,129.0,16436076.0,,,,,left_only,False
midea,6189516 010421,CRM,2023,8,0.0,27481.0,4640.0,7762490.0,,,,,left_only,False
midea,6189516 010585,CRM,2023,8,0.0,101223.0,94.0,8341348.0,,,,,left_only,False
midea,6189516 010893,CRM,2023,9,0.0,101868.0,89.0,13024111.0,,,,,left_only,False
midea,6189516 011147,CRM,2023,10,0.0,105463.0,376.0,25656858.0,,,,,left_only,False
midea,6189516 011156,CRM,2023,10,0.0,105471.0,309.0,21244504.0,,,,,left_only,False
midea,6189516 011232,CRM,2023,10,0.0,85611.0,289.0,20530604.0,,,,,left_only,False
midea,6189516 011355,CRM,2023,10,0.0,51334.0,2922.0,6240798.0,,,,,left_only,False
midea,6189516 011441,CRM,2023,10,0.0,55761.0,198.0,5139568.0,,,,,left_only,False
midea,6189516 011443,CRM,2023,10,0.0,47201.0,193.0,5830014.0,,,,,left_only,False
midea,6189516 011672,CRM,2023,11,0.0,101026.0,221.0,13287780.0,,,,,left_only,False
midea,6189516 011805,CRM,2023,11,0.0,102069.0,251.0,37508949.0,,,,,left_only,False
midea,6189516 011840,CRM,2023,11,0.0,101140.0,295.0,26687348.0,,,,,left_only,False
midea,6189516 011977,CRM,2023,11,0.0,101347.0,227.0,17999136.0,,,,,left_only,False
midea,6189516 012138,CRM,2023,12,0.0,50702.0,143.0,14467536.0,,,,,left_only,False
midea,6189516 012139,CRM,2023,12,0.0,51213.0,144.0,10357418.0,,,,,left_only,False
midea,6189516 012260,CRM,2023,12,0.0,101179.0,221.0,20165417.0,,,,,left_only,False
midea,66yphediw,CRM,2025,7,0.0,101267.0,344.0,12127761.0,,,,,left_only,False
midea,74ffslft,CRM,2024,12,0.0,101693.0,311.0,6442153.0,,,,,left_only,False
midea,8ecykcs6p,CRM,2024,9,0.0,90391.0,183.0,67030276.0,,,,,left_only,False
midea,9l ztuzjw,CRM,2024,10,0.0,4961.0,0.0,967599.0,,,,,left_only,False
midea,9mhopowlb,CRM,2025,4,0.0,101351.0,305.0,9590361.0,,,,,left_only,False
midea,ac,Meta,2025,7,1350047.0,0.0,18959.0,0.0,,,,,left_only,False
midea,aire,Google,2025,9,8883.0,0.0,131.0,0.0,,,,,left_only,False
midea,aire,Retail Display,2025,7,640482.0,0.0,867.0,0.0,,,,,left_only,False
midea,aon diciembre 2025,CRM,2025,12,0.0,101401.0,347.0,46591958.0,ELECTROHOGAR,1120000.0,0.0,1120000.0,both,True
midea,aon febrero ac midea 2026,CRM,2026,2,0.0,606034.0,0.0,108472272.0,ELECTROHOGAR,1200000.0,76190.0,1123810.0,both,True
midea,aon febrero midea ac 2026,Retail Display,2026,2,115387.0,0.0,101.0,0.0,,,,,left_only,False
midea,aon febrero midea ac 2026,Sponsored Products,2026,2,122777.0,0.0,3710.0,21109320.0,ELECTROHOGAR,1050000.0,865200.0,184800.0,both,True
midea,aon febrero midea byc 2026,Sponsored Products,2026,2,52462.0,0.0,847.0,4354740.0,BANOS Y COCINAS,450000.0,370800.0,79200.0,both,True
midea,aon febrero midea electro 2026,Retail Display,2026,2,115392.0,0.0,76.0,0.0,ELECTROHOGAR,300000.0,240000.0,60000.0,both,True
midea,aon febrero midea electro 2026,Sponsored Products,2026,2,100298.0,0.0,3007.0,9102480.0,ELECTROHOGAR,700000.0,576800.0,123200.0,both,True
midea,aon febrero midea lb 2026,Sponsored Products,2026,2,242509.0,0.0,5020.0,36391650.0,ELECTROHOGAR,1000000.0,824000.0,176000.0,both,True
midea,aon marzo midea ac 2026,CRM,2026,3,0.0,621010.0,0.0,118506100.0,ELECTROHOGAR,800000.0,53333.0,746667.0,both,True
midea,aon marzo midea ac 2026,Sponsored Products,2026,3,77683.0,0.0,1736.0,8889750.0,ELECTROHOGAR,700000.0,576800.0,123200.0,both,True
midea,aon marzo midea byc 2026,Sponsored Products,2026,3,45860.0,0.0,790.0,3889780.0,BANOS Y COCINAS,600000.0,494400.0,105600.0,both,True
midea,aon marzo midea electro 2026,Retail Display,2026,3,115401.0,0.0,49.0,0.0,ELECTROHOGAR,300000.0,240000.0,60000.0,both,True
midea,aon marzo midea electro 2026,Retail Display,2026,4,76928.0,0.0,95.0,0.0,,,,,left_only,False
midea,aon marzo midea electro 2026,Sponsored Products,2026,3,154618.0,0.0,3766.0,10136510.0,ELECTROHOGAR,700000.0,576800.0,123200.0,both,True
midea,aon marzo midea lb 2026,Sponsored Products,2026,3,137106.0,0.0,3188.0,20075430.0,ELECTROHOGAR,1000000.0,824000.0,176000.0,both,True
midea,aon mayo midea lb 2026,CRM,2026,5,0.0,333574.0,0.0,29878382.0,ELECTROHOGAR,1820000.0,61538.0,1758462.0,both,True
midea,aon midea ac,Sponsored Products,2026,4,33108.0,0.0,559.0,1609960.0,,,,,left_only,False
midea,aon midea byc,Retail Display,2026,5,91006.0,0.0,102.0,0.0,,,,,left_only,False
midea,aon midea byc,Sponsored Products,2026,4,30596.0,0.0,762.0,4289730.0,,,,,left_only,False
midea,aon midea electro,Retail Display,2026,5,69830.0,0.0,67.0,0.0,,,,,left_only,False
midea,aon midea electro,Sponsored Products,2026,4,77844.0,0.0,2023.0,2331550.0,,,,,left_only,False
midea,aon midea electro enero,Retail Display,2026,1,115387.0,0.0,55.0,0.0,ELECTROHOGAR,300000.0,240000.0,60000.0,both,True
midea,aon midea lb enero,CRM,2026,1,0.0,432708.0,0.0,63201668.0,ELECTROHOGAR,1380000.0,110344.0,1269656.0,both,True
midea,aon midea lb enero,Google,2026,1,364086.0,0.0,7011.0,9954764.0,ELECTROHOGAR,1000000.0,0.0,1000000.0,both,True
midea,aon midea lb enero,Google,2026,2,339905.0,0.0,5488.0,11615689.0,,,,,left_only,False
midea,aon midea lb enero,Google,2026,3,436121.0,0.0,8395.0,20100597.0,,,,,left_only,False
midea,aon midea lb enero,Google,2026,4,325726.0,0.0,6930.0,18614647.0,,,,,left_only,False
midea,aon midea lb enero,Google,2026,5,336846.0,0.0,6062.0,14467763.0,,,,,left_only,False
midea,avtmwcq6y,CRM,2024,1,0.0,101224.0,343.0,36087208.0,,,,,left_only,False
midea,b8l1tdelb,CRM,2024,5,0.0,101251.0,210.0,21916436.0,,,,,left_only,False
midea,bgabn7g0f,CRM,2024,10,0.0,50672.0,353.0,6807718.0,,,,,left_only,False
midea,black friday,Retail Display,2024,11,268873.0,0.0,943.0,0.0,,,,,left_only,False
midea,black friday,Retail Display,2024,12,288873.0,0.0,967.0,0.0,,,,,left_only,False
midea,black marzo midea byc 2026,CRM,2026,3,0.0,135129.0,341.0,40416973.0,,,,,left_only,False
midea,black week,Retail Display,2025,3,160735.0,0.0,551.0,0.0,,,,,left_only,False
midea,black week,Retail Display,2025,4,309664.0,0.0,1353.0,0.0,,,,,left_only,False
midea,black week,Sponsored Products,2026,3,230052.0,0.0,6763.0,53031110.0,,,,,left_only,False
midea,calefont,Meta,2025,5,671601.0,0.0,11060.0,0.0,,,,,left_only,False
midea,calefont,Meta,2025,6,686937.0,0.0,11359.0,0.0,,,,,left_only,False
midea,calefont,Retail Display,2025,5,186079.0,0.0,704.0,0.0,,,,,left_only,False
midea,calefont,Retail Display,2025,6,225131.0,0.0,449.0,0.0,,,,,left_only,False
midea,ckkuumefi,CRM,2024,10,0.0,101293.0,201.0,5170060.0,,,,,left_only,False
midea,cko81chav,CRM,2025,10,0.0,15966.0,145.0,8442834.0,,,,,left_only,False
midea,co brand,Google,2024,9,203266.0,0.0,2339.0,3682556.0,,,,,left_only,False
midea,co brand,Google,2024,10,354836.0,0.0,4925.0,9335630.0,,,,,left_only,False
midea,co brand,Google,2024,11,361849.0,0.0,5512.0,17447019.0,,,,,left_only,False
midea,concurso manchester,Retail Display,2024,10,837701.0,0.0,766.0,0.0,,,,,left_only,False
midea,cyber day,Retail Display,2024,6,495542.0,0.0,1958.0,0.0,,,,,left_only,False
midea,cyber day,Retail Display,2025,6,222587.0,0.0,860.0,0.0,,,,,left_only,False
midea,d4bo9gdqr,CRM,2025,5,0.0,101172.0,379.0,6984051.0,,,,,left_only,False
midea,deyxfp nc,CRM,2025,10,0.0,106113.0,108.0,17293834.0,,,,,left_only,False
midea,dgxzzjc5c,CRM,2024,3,0.0,102000.0,403.0,16103807.0,,,,,left_only,False
midea,dj5bo8w5g,CRM,2025,10,0.0,106350.0,257.0,32815467.0,,,,,left_only,False
midea,dplce5rgm,CRM,2024,2,0.0,53942.0,3688.0,11785407.0,,,,,left_only,False
midea,druqnaotg,CRM,2025,10,0.0,53994.0,15.0,5098138.0,,,,,left_only,False
midea,dso5x6qdo,CRM,2024,2,0.0,53951.0,3996.0,14795006.0,,,,,left_only,False
midea,e11fuadnm,CRM,2025,6,0.0,101297.0,394.0,14714141.0,,,,,left_only,False
midea,electrodomesticos,Google,2025,10,41030.0,0.0,639.0,1033790.0,,,,,left_only,False
midea,electrodomesticos,Google,2025,11,180934.0,0.0,2834.0,3388807.0,,,,,left_only,False
midea,electrodomesticos,Google,2025,12,304521.0,0.0,6804.0,6449843.0,,,,,left_only,False
midea,elmmzawgq,CRM,2024,10,0.0,94543.0,277.0,2760760.0,,,,,left_only,False
midea,empotrados,Retail Display,2025,4,377785.0,0.0,899.0,0.0,,,,,left_only,False
midea,eoje1wbct,CRM,2025,7,0.0,101320.0,435.0,9725311.0,,,,,left_only,False
midea,fn9vm7wd0,CRM,2024,11,0.0,54084.0,1916.0,7674622.0,,,,,left_only,False
midea,fti xsyw1,CRM,2025,7,0.0,101392.0,278.0,13521402.0,,,,,left_only,False
midea,gbzqfptvv,CRM,2025,9,0.0,101177.0,584.0,33325059.0,,,,,left_only,False
midea,gmbaja31v,CRM,2025,11,0.0,53965.0,0.0,16941144.0,,,,,left_only,False
midea,grs3hng r,CRM,2025,6,0.0,106327.0,162.0,38957233.0,,,,,left_only,False
midea,hj60a0hhw,CRM,2025,7,0.0,53988.0,275.0,4498668.0,,,,,left_only,False
midea,ieyaddyye,CRM,2024,12,0.0,53831.0,1698.0,18906626.0,,,,,left_only,False
midea,ihtzabdpz,CRM,2024,8,0.0,101466.0,320.0,13319337.0,,,,,left_only,False
midea,jhjihsbv,CRM,2024,11,0.0,101450.0,444.0,18049321.0,,,,,left_only,False
midea,jodqhccvy,CRM,2024,9,0.0,99543.0,456.0,28035504.0,,,,,left_only,False
midea,jqq5zcb0u,CRM,2025,11,0.0,101272.0,392.0,31597312.0,,,,,left_only,False
midea,juqyjeznv,CRM,2025,4,0.0,101159.0,307.0,13929636.0,,,,,left_only,False
midea,jzluthw69,CRM,2024,8,0.0,101053.0,461.0,19525419.0,,,,,left_only,False
midea,kfocvjbuf,CRM,2024,10,0.0,50858.0,296.0,4540505.0,,,,,left_only,False
midea,kj odfvgc,CRM,2024,6,0.0,4945.0,0.0,6016710.0,,,,,left_only,False
midea,l4gteiuc6,CRM,2024,4,0.0,100833.0,458.0,27934821.0,,,,,left_only,False
midea,lavado secado,Meta,2025,6,527564.0,0.0,56361.0,0.0,,,,,left_only,False
midea,lavado secado,Meta,2025,7,333166.0,0.0,61368.0,0.0,,,,,left_only,False
midea,lavado secado,Meta,2025,8,329423.0,0.0,65884.0,0.0,,,,,left_only,False
midea,lavado secado,Retail Display,2025,6,439869.0,0.0,599.0,0.0,,,,,left_only,False
midea,lavado secado,Retail Display,2025,7,261463.0,0.0,480.0,0.0,,,,,left_only,False
midea,lavado secado,Retail Display,2025,8,413055.0,0.0,667.0,0.0,,,,,left_only,False
midea,lavadoras,Meta,2024,5,1183770.0,0.0,13864.0,0.0,,,,,left_only,False
midea,linea blanca,Google,2025,3,491503.0,0.0,7308.0,6376828.0,,,,,left_only,False
midea,linea blanca,Google,2025,4,366413.0,0.0,7107.0,12774547.0,,,,,left_only,False
midea,linea blanca,Google,2025,5,469853.0,0.0,8487.0,9119520.0,,,,,left_only,False
midea,linea blanca,Google,2025,6,1109717.0,0.0,11451.0,8217142.0,,,,,left_only,False
midea,linea blanca,Google,2025,7,763918.0,0.0,7467.0,3679302.0,,,,,left_only,False
midea,linea blanca,Google,2025,10,24919.0,0.0,388.0,469980.0,,,,,left_only,False
midea,linea blanca,Google,2025,11,187281.0,0.0,2936.0,8859579.0,,,,,left_only,False
midea,linea blanca,Google,2025,12,111061.0,0.0,2492.0,5260212.0,,,,,left_only,False
midea,linea blanca,Retail Display,2024,12,287991.0,0.0,548.0,0.0,,,,,left_only,False
midea,m2salsh17,CRM,2024,6,0.0,105576.0,362.0,17511869.0,,,,,left_only,False
midea,mcy0uybq4,CRM,2024,2,0.0,101719.0,346.0,41569103.0,,,,,left_only,False
midea,mo3noxmw1,CRM,2024,9,0.0,100894.0,375.0,13415458.0,,,,,left_only,False
midea,mrf5mgfni,CRM,2025,10,0.0,4971.0,0.0,3881722.0,,,,,left_only,False
midea,nb4xg0v8d,CRM,2025,11,0.0,101320.0,750.0,11306863.0,,,,,left_only,False
midea,nkr u0qyw,CRM,2024,6,0.0,50970.0,1699.0,5944265.0,,,,,left_only,False
midea,nt3arxv6n,CRM,2025,3,0.0,355248.0,1900.0,88524285.0,,,,,left_only,False
midea,nuevos refrigeradores,Meta,2024,1,450288.0,0.0,1519.0,0.0,,,,,left_only,False
midea,nuevos refrigeradores,Meta,2024,2,555918.0,0.0,2206.0,0.0,,,,,left_only,False
midea,oqkjxkgow,CRM,2024,9,0.0,1124216.0,26430.0,78368106.0,,,,,left_only,False
midea,ow6ef0wml,CRM,2025,4,0.0,2368.0,17.0,303054.0,,,,,left_only,False
midea,p7u1upwsi,CRM,2024,12,0.0,101898.0,302.0,25395081.0,,,,,left_only,False
midea,qctviq6lz,CRM,2025,6,0.0,106075.0,161.0,29587251.0,,,,,left_only,False
midea,r2luxr83r,CRM,2025,8,0.0,101289.0,353.0,21554682.0,,,,,left_only,False
midea,refrigeradores,Retail Display,2025,10,332582.0,0.0,431.0,0.0,,,,,left_only,False
midea,refrigeradores,Retail Display,2025,11,405645.0,0.0,380.0,0.0,,,,,left_only,False
midea,refrigeradores,Retail Display,2025,12,395282.0,0.0,465.0,0.0,,,,,left_only,False
midea,rr779vxzo,CRM,2024,5,0.0,101277.0,251.0,12948648.0,,,,,left_only,False
midea,rvenhrz8p,CRM,2025,6,0.0,106068.0,129.0,13793494.0,,,,,left_only,False
midea,semana marca,Retail Display,2024,8,901552.0,0.0,2442.0,0.0,,,,,left_only,False
midea,semana marca,Retail Display,2024,9,534967.0,0.0,1510.0,0.0,,,,,left_only,False
midea,sqvzxvhgn,CRM,2024,1,0.0,101202.0,274.0,46533721.0,,,,,left_only,False
midea,tactico midea refir,CRM,2026,2,0.0,101382.0,535.0,22833172.0,,,,,left_only,False
midea,tactico midea refri enero,Retail Display,2026,1,115388.0,0.0,186.0,0.0,ELECTROHOGAR,1500000.0,240000.0,1260000.0,both,True
midea,tbwelrguf,CRM,2025,10,0.0,106229.0,188.0,7503015.0,,,,,left_only,False
midea,u49wtreum q,CRM,2024,8,0.0,101215.0,339.0,27541038.0,,,,,left_only,False
midea,udqrucy0d,CRM,2024,6,0.0,106176.0,410.0,42371606.0,,,,,left_only,False
midea,uxgxx26ak,CRM,2024,10,0.0,91881.0,262.0,13532875.0,,,,,left_only,False
midea,v0jfauopl,CRM,2025,10,0.0,101017.0,302.0,10119443.0,,,,,left_only,False
midea,viae4f630,CRM,2024,11,0.0,101215.0,365.0,21262114.0,,,,,left_only,False
midea,w1ggd8vm2,CRM,2024,10,0.0,100628.0,453.0,14027589.0,,,,,left_only,False
midea,whzur1vv8,CRM,2025,5,0.0,101393.0,407.0,19985901.0,,,,,left_only,False
midea,x,CRM,2024,9,0.0,210527.0,473.0,37129772.0,,,,,left_only,False
midea,x,CRM,2024,10,0.0,240891.0,940.0,25773470.0,,,,,left_only,False
midea,xmscqsst1,CRM,2024,7,0.0,101183.0,263.0,18878565.0,,,,,left_only,False
midea,yq9hdldqm,CRM,2025,6,0.0,17500.0,345.0,19710838.0,,,,,left_only,False
midea,yqko8s7sa,CRM,2024,7,0.0,27910.0,2298.0,15274639.0,,,,,left_only,False
midea,zoa0b y2v,CRM,2024,12,0.0,53874.0,1765.0,11938213.0,,,,,left_only,False
midea,zwqi y3f4,CRM,2024,6,0.0,101078.0,396.0,22849501.0,,,,,left_only,False
midea electro,cyber monday,Retail Display,2024,9,63058.0,0.0,307.0,0.0,,,,,left_only,False
midea electro,cyber monday,Retail Display,2024,10,157653.0,0.0,373.0,0.0,,,,,left_only,False
midea lb,cyber monday,Retail Display,2024,9,58297.0,0.0,287.0,0.0,,,,,left_only,False
midea lb,cyber monday,Retail Display,2024,10,296630.0,0.0,659.0,0.0,,,,,left_only,False
mlab,casasegura,Retail Display,2025,12,45646.0,0.0,74.0,0.0,,,,,left_only,False
mlab,casasegura,Retail Display,2026,1,69854.0,0.0,98.0,0.0,,,,,left_only,False
mon weber,6189516 009885,CRM,2023,6,0.0,60093.0,156.0,0.0,,,,,left_only,False
montack,campana tv cinta montack,CRM,2025,12,0.0,101566.0,362.0,231988.0,,,,,left_only,False
montack,fax2pycmu,CRM,2025,7,0.0,25.0,1.0,143730.0,,,,,left_only,False
montana,bslw1us67,CRM,2024,9,0.0,77154.0,261.0,11990.0,,,,,left_only,False
montana,iugl8xeyu,CRM,2024,10,0.0,54006.0,528.0,0.0,,,,,left_only,False
montana,pintura auto,Retail Display,2024,12,383791.0,0.0,723.0,0.0,,,,,left_only,False
montana colors,6189516 008100,CRM,2023,2,0.0,101212.0,148.0,2768340.0,,,,,left_only,False
montana colors,6189516 009685,CRM,2023,6,0.0,100157.0,102.0,1893147.0,,,,,left_only,False
montana colors,iugl8xeyu,CRM,2024,10,0.0,54006.0,1657.0,1300897.0,,,,,left_only,False
montana colors,kmwc5ulzv,CRM,2025,1,0.0,102301.0,470.0,4503943.0,,,,,left_only,False
montana colors,mzqijrkag,CRM,2024,12,0.0,53828.0,1848.0,2635008.0,,,,,left_only,False
montana colors,v2zbvnlme,CRM,2024,12,0.0,102185.0,363.0,5254604.0,,,,,left_only,False
mosaico,aon febrero 2026,Sponsored Products,2026,2,6385.0,0.0,70.0,0.0,,,,,left_only,False
mosaico,black week,Sponsored Products,2026,3,0.0,0.0,0.0,359990.0,,,,,left_only,False
motorola,6189516 007866,CRM,2023,1,0.0,47226.0,6676.0,1674380.0,,,,,left_only,False
motorola,6189516 010454,CRM,2023,8,0.0,53953.0,5576.0,807880.0,,,,,left_only,False
motorola,6189516 011354,CRM,2023,10,0.0,51386.0,4118.0,1102396.0,,,,,left_only,False
mr musculo,temporada parrilla,Retail Display,2025,8,53490.0,0.0,52.0,0.0,,,,,left_only,False
mr musculo,temporada parrilla,Retail Display,2025,9,69717.0,0.0,40.0,0.0,,,,,left_only,False
mtd,aon marzo 2026,Sponsored Products,2026,3,1387.0,0.0,8.0,0.0,,,,,left_only,False
mtd,aon stihl,Sponsored Products,2026,4,887.0,0.0,8.0,0.0,,,,,left_only,False
mtd,tactico febrero 2026,Sponsored Products,2026,2,1932.0,0.0,19.0,0.0,,,,,left_only,False
multimarca,temporada aseo,Retail Display,2025,1,154642.0,0.0,237.0,0.0,,,,,left_only,False
multivendor,6189516 008240,CRM,2023,2,0.0,17769.0,2898.0,0.0,,,,,left_only,False
multivendor,especial empotrados,Retail Display,2024,8,192311.0,0.0,698.0,0.0,,,,,left_only,False
multivendor casasegura,6189516 008038,CRM,2023,2,0.0,42461.0,6840.0,0.0,,,,,left_only,False
muresco,6189516 009515,CRM,2023,5,0.0,102301.0,88.0,800460.0,,,,,left_only,False
muresco,6189516 009540,CRM,2023,5,0.0,103538.0,30.0,73950.0,,,,,left_only,False
national geographic,6189516 007733,CRM,2023,1,0.0,101501.0,154.0,1030355.0,,,,,left_only,False
neox ceramica,aon marzo 2026,Sponsored Products,2026,3,24754.0,0.0,834.0,1156380.0,PISOS Y MUROS,250000.0,206000.0,44000.0,both,True
neox ceramica,tactico febrero 2026,Sponsored Products,2026,2,19901.0,0.0,634.0,253286.0,PISOS Y MUROS,250000.0,206000.0,44000.0,both,True
nexxt,casa segura,CRM,2025,12,0.0,101343.0,262.0,445014.0,,,,,left_only,False
nexxt,casa segura,CRM,2026,1,0.0,101233.0,353.0,490374.0,,,,,left_only,False
nexxt solution,a i9nkapt,CRM,2024,8,0.0,47440.0,2151.0,33560.0,,,,,left_only,False
nexxt solution,casa segura,CRM,2025,12,0.0,19.0,0.0,349790.0,,,,,left_only,False
nexxt solution,casa segura,CRM,2026,1,0.0,14.0,3.0,238350.0,,,,,left_only,False
nexxt solution,q7w1gqtbs,CRM,2024,10,0.0,102059.0,249.0,402912.0,,,,,left_only,False
nexxt solution,stimcir1k,CRM,2024,11,0.0,101298.0,622.0,527655.0,,,,,left_only,False
nexxt solutions,smarthome,Retail Display,2024,11,150140.0,0.0,330.0,0.0,,,,,left_only,False
nexxt solutions,smarthome,Retail Display,2024,12,287299.0,0.0,483.0,0.0,,,,,left_only,False
nibsa,co brand,Retail Display,2024,7,334761.0,0.0,1129.0,0.0,,,,,left_only,False
nilfisk,cyber day,Retail Display,2024,6,197753.0,0.0,700.0,0.0,,,,,left_only,False
nilfisk,javedrgsv,CRM,2024,4,0.0,101404.0,572.0,597900.0,,,,,left_only,False
ninja,aon marzo ninja 2026,Sponsored Products,2026,3,64939.0,0.0,2480.0,9432320.0,ELECTROHOGAR,300000.0,247200.0,52800.0,both,True
ninja,aon ninja,Sponsored Products,2026,4,35982.0,0.0,2290.0,5359470.0,,,,,left_only,False
ninja,aon ninja 2026,Sponsored Products,2026,2,42965.0,0.0,1726.0,5649550.0,ELECTROHOGAR,300000.0,247200.0,52800.0,both,True
ninja,black week,Sponsored Products,2026,3,84477.0,0.0,2304.0,8719430.0,,,,,left_only,False
ninja,electroweek marzo 2026,Sponsored Products,2026,2,37705.0,0.0,1055.0,3176146.0,ELECTROHOGAR,430000.0,354320.0,75680.0,both,True
norseg,0csetiqet,CRM,2024,8,0.0,50374.0,238.0,452597.0,,,,,left_only,False
norseg,6189516 007615,CRM,2023,1,0.0,100920.0,153.0,791910.0,,,,,left_only,False
norseg,q0j74wh2d,CRM,2024,3,0.0,102064.0,462.0,3641701.0,,,,,left_only,False
norseg,t z1c5 h8,CRM,2024,9,0.0,102209.0,359.0,0.0,,,,,left_only,False
norseg,twlujq3fw,CRM,2024,8,0.0,50381.0,259.0,684229.0,,,,,left_only,False
odis,6189516 007749,CRM,2023,1,0.0,101274.0,157.0,5941229.0,,,,,left_only,False
odis,6189516 007763,CRM,2023,1,0.0,101176.0,144.0,4095716.0,,,,,left_only,False
odis,6189516 007956,CRM,2023,2,0.0,101173.0,160.0,4052007.0,,,,,left_only,False
odis,6189516 007975,CRM,2023,2,0.0,57891.0,7519.0,3084471.0,,,,,left_only,False
odis,6189516 008043,CRM,2023,2,0.0,101248.0,189.0,1530634.0,,,,,left_only,False
odis,6189516 008083,CRM,2023,2,0.0,101159.0,124.0,2850412.0,,,,,left_only,False
odis,6189516 008115,CRM,2023,2,0.0,37344.0,3613.0,1135407.0,,,,,left_only,False
odis,6189516 008134,CRM,2023,2,0.0,101141.0,182.0,1879251.0,,,,,left_only,False
odis,6189516 008209,CRM,2023,2,0.0,35289.0,5406.0,2358419.0,,,,,left_only,False
odis,casa segura,CRM,2026,1,0.0,1013955.0,4655.0,50405045.0,FERRETERIA,450000.0,55172.0,394828.0,both,True
odis,casasegura,Retail Display,2025,9,125070.0,0.0,155.0,0.0,,,,,left_only,False
odis,casasegura,Retail Display,2025,12,41377.0,0.0,35.0,0.0,,,,,left_only,False
odis,casasegura,Retail Display,2026,1,151097.0,0.0,169.0,0.0,,,,,left_only,False
omo,,CRM,2025,7,0.0,212.0,0.0,87960.0,,,,,left_only,False
omo,,CRM,2025,8,0.0,757.0,0.0,148376.0,,,,,left_only,False
omo,,CRM,2025,9,0.0,984.0,0.0,132519.0,,,,,left_only,False
omo,,CRM,2025,10,0.0,246.0,0.0,3427200.0,,,,,left_only,False
omo,,CRM,2025,11,0.0,69.0,0.0,996656.0,,,,,left_only,False
omo,,CRM,2025,12,0.0,94.0,0.0,663446.0,,,,,left_only,False
omo,,CRM,2026,1,0.0,47.0,0.0,87940.0,,,,,left_only,False
omo,,CRM,2026,2,0.0,40.0,0.0,280850.0,,,,,left_only,False
omo,,CRM,2026,3,0.0,2.0,0.0,0.0,,,,,left_only,False
omo,6189516 012232,CRM,2023,12,0.0,101486.0,183.0,951205.0,,,,,left_only,False
omo,black marzo 2026,CRM,2026,3,0.0,101129.0,682.0,1150867.0,,,,,left_only,False
omo,black week,Meta,2026,3,33975.0,0.0,1941.0,72750.0,,,,,left_only,False
omo,black week,Sponsored Products,2026,3,22144.0,0.0,935.0,6624020.0,,,,,left_only,False
omo,hu0ajearn,CRM,2026,4,0.0,329550.0,666.0,2871233.0,,,,,left_only,False
omo,jf1j1ta7d,CRM,2025,10,0.0,106037.0,102.0,354300.0,,,,,left_only,False
omo,nd0wdi6id,CRM,2025,10,0.0,105986.0,331.0,727440.0,,,,,left_only,False
one sit,aon marzo 2026,Sponsored Products,2026,3,86169.0,0.0,830.0,1351850.0,,,,,left_only,False
one sit,bts,Sponsored Products,2026,2,43811.0,0.0,456.0,1311890.0,,,,,left_only,False
oster,,CRM,2026,1,0.0,116.0,0.0,89980.0,,,,,left_only,False
oster,,CRM,2026,2,0.0,593.0,0.0,501247.0,,,,,left_only,False
oster,,CRM,2026,3,0.0,751.0,0.0,879941.0,,,,,left_only,False
oster,,CRM,2026,4,0.0,2812.0,0.0,2056667.0,,,,,left_only,False
oster,,CRM,2026,5,0.0,367.0,0.0,482870.0,,,,,left_only,False
oster,,Retail Display,2024,12,374566.0,0.0,572.0,0.0,,,,,left_only,False
oster,2agtggdqv,CRM,2025,3,0.0,54103.0,436.0,388897.0,,,,,left_only,False
oster,32zxopq d,CRM,2025,2,0.0,53927.0,494.0,490931.0,,,,,left_only,False
oster,6189516 010423,CRM,2023,8,0.0,27664.0,4635.0,1341740.0,,,,,left_only,False
oster,6189516 011139,CRM,2023,10,0.0,105249.0,148.0,689046.0,,,,,left_only,False
oster,6189516 011253,CRM,2023,10,0.0,85830.0,83.0,1481690.0,,,,,left_only,False
oster,6189516 011400,CRM,2023,10,0.0,100948.0,311.0,614714.0,,,,,left_only,False
oster,7tvlvm7hl,CRM,2024,4,0.0,100852.0,682.0,1882763.0,,,,,left_only,False
oster,ao,Retail Display,2025,11,79391.0,0.0,174.0,0.0,,,,,left_only,False
oster,ao,Retail Display,2025,12,135640.0,0.0,197.0,0.0,,,,,left_only,False
oster,aon abril oster 2026,CRM,2026,4,0.0,329366.0,0.0,6053330.0,ELECTROHOGAR,750000.0,27586.0,722414.0,both,True
oster,aon marzo oster 2026,Sponsored Products,2026,3,156183.0,0.0,3389.0,3608810.0,ELECTROHOGAR,250000.0,206000.0,44000.0,both,True
oster,aon mayo oster 2026,CRM,2026,5,0.0,333574.0,0.0,1961536.0,ELECTROHOGAR,800000.0,61538.0,738462.0,both,True
oster,aon oster,Sponsored Products,2026,4,112674.0,0.0,3396.0,1058530.0,,,,,left_only,False
oster,aon oster 2026,CRM,2026,1,0.0,2824.0,0.0,0.0,ELECTROHOGAR,750000.0,0.0,750000.0,both,True
oster,aon oster 2026,CRM,2026,2,0.0,28424.0,0.0,2291788.0,ELECTROHOGAR,750000.0,0.0,750000.0,both,True
oster,aon oster 2026,CRM,2026,3,0.0,35349.0,0.0,1078048.0,,,,,left_only,False
oster,aon oster 2026,CRM,2026,4,0.0,52904.0,0.0,963237.0,,,,,left_only,False
oster,aon oster 2026,CRM,2026,5,0.0,42335.0,0.0,672425.0,,,,,left_only,False
oster,aon oster 2026,Sponsored Products,2026,2,91356.0,0.0,1980.0,1940860.0,ELECTROHOGAR,250000.0,206000.0,44000.0,both,True
oster,black friday,Retail Display,2025,11,66828.0,0.0,273.0,0.0,,,,,left_only,False
oster,black friday,Retail Display,2025,12,7614.0,0.0,31.0,0.0,,,,,left_only,False
oster,black marzo oster 2026,CRM,2026,4,0.0,325788.0,0.0,8606903.0,ELECTROHOGAR,1000000.0,27586.0,972414.0,both,True
oster,black week,Retail Display,2025,3,66987.0,0.0,357.0,0.0,,,,,left_only,False
oster,black week,Retail Display,2025,4,154665.0,0.0,699.0,0.0,,,,,left_only,False
oster,black week,Sponsored Products,2026,3,96881.0,0.0,2180.0,5366870.0,,,,,left_only,False
oster,cg4cvvsde,CRM,2024,2,0.0,101347.0,566.0,2735322.0,,,,,left_only,False
oster,cyber day,Retail Display,2025,6,105764.0,0.0,547.0,0.0,,,,,left_only,False
oster,cyber monday,Retail Display,2024,9,34536.0,0.0,237.0,0.0,,,,,left_only,False
oster,cyber monday,Retail Display,2024,10,121086.0,0.0,409.0,0.0,,,,,left_only,False
oster,cyber monday,Retail Display,2025,10,182548.0,0.0,625.0,0.0,,,,,left_only,False
oster,dtjucwyef,CRM,2025,6,0.0,53925.0,258.0,258128.0,,,,,left_only,False
oster,elcp4qjx9,CRM,2025,9,0.0,101238.0,614.0,1201500.0,,,,,left_only,False
oster,electrodomesticos,Google,2025,10,7131.0,0.0,80.0,0.0,,,,,left_only,False
oster,electrodomesticos,Google,2025,11,18276.0,0.0,197.0,0.0,,,,,left_only,False
oster,electroweek,Sponsored Products,2026,4,4618.0,0.0,73.0,0.0,,,,,left_only,False
oster,electroweek marzo 2026,Sponsored Products,2026,2,50263.0,0.0,1894.0,2882550.0,ELECTROHOGAR,500000.0,412000.0,88000.0,both,True
oster,ewxbmxkhy,CRM,2025,11,0.0,450575.0,0.0,8325029.0,,,,,left_only,False
oster,gzdcl0rkx,CRM,2025,4,0.0,53760.0,340.0,556627.0,,,,,left_only,False
oster,i4bqa5zce,CRM,2024,4,0.0,83416.0,767.0,2909700.0,,,,,left_only,False
oster,je0lzmr t,CRM,2025,7,0.0,53971.0,247.0,679563.0,,,,,left_only,False
oster,jr8aizs3u,CRM,2024,12,0.0,102037.0,471.0,3144516.0,,,,,left_only,False
oster,onqcres0z,CRM,2025,11,0.0,54129.0,0.0,320490.0,,,,,left_only,False
oster,s8b5fyh1t,CRM,2025,1,0.0,54067.0,640.0,706418.0,,,,,left_only,False
oster,syggtil1f,CRM,2025,6,0.0,106342.0,226.0,3054560.0,,,,,left_only,False
oster,tactica,Retail Display,2025,10,140978.0,0.0,277.0,0.0,,,,,left_only,False
oster,uljdougfb,CRM,2025,10,0.0,106257.0,206.0,3647639.0,,,,,left_only,False
oster,vvehdxrr3,CRM,2024,12,0.0,53810.0,1866.0,2465254.0,,,,,left_only,False
oster,vzryiopbt,CRM,2025,6,0.0,106075.0,173.0,2140614.0,,,,,left_only,False
oster,wanlclufj,CRM,2025,10,0.0,106254.0,241.0,1704331.0,,,,,left_only,False
oster,xxgljau4s,CRM,2025,8,0.0,54041.0,251.0,1281550.0,,,,,left_only,False
oster,ygpjd4j42,CRM,2025,9,0.0,53932.0,219.0,309550.0,,,,,left_only,False
oster,zevi68ixp,CRM,2024,8,0.0,101717.0,494.0,1664759.0,,,,,left_only,False
p imperial,dabp7ht5s,CRM,2025,10,0.0,106199.0,220.0,0.0,,,,,left_only,False
p santu home deco,df75kjbg0,CRM,2025,10,0.0,22204.0,156.0,0.0,,,,,left_only,False
palermo,6189516 009508,CRM,2023,5,0.0,105388.0,70.0,154250.0,,,,,left_only,False
palermo,6189516 009522,CRM,2023,5,0.0,105332.0,184.0,281466.0,,,,,left_only,False
palermo,6189516 009644,CRM,2023,5,0.0,27625.0,6952.0,275040.0,,,,,left_only,False
pamesa,aon marzo 2026,Sponsored Products,2026,3,0.0,0.0,0.0,991563.0,,,,,left_only,False
pamesa,df6xafm6o,CRM,2025,3,0.0,13.0,3.0,2303541.0,,,,,left_only,False
pamesa,q1xxbvcfu,CRM,2025,2,0.0,13.0,2.0,1999860.0,,,,,left_only,False
parksolar,6189516 007620,CRM,2023,1,0.0,54033.0,11806.0,2581070.0,,,,,left_only,False
paso,fax2pycmu,CRM,2025,7,0.0,34.0,2.0,256118.0,,,,,left_only,False
pato,co brand,Retail Display,2024,5,76337.0,0.0,105.0,0.0,,,,,left_only,False
pato,co brand,Retail Display,2024,6,137261.0,0.0,147.0,0.0,,,,,left_only,False
pato purific,dziclvaze,CRM,2024,4,0.0,16.0,1.0,49128.0,,,,,left_only,False
pato purific,jbtuqb0cq,CRM,2024,4,0.0,14.0,0.0,45868.0,,,,,left_only,False
pato purific,sj6u116hz,CRM,2024,3,0.0,101014.0,178.0,102268.0,,,,,left_only,False
pedrollo,0ic7a5spl,CRM,2024,6,0.0,106349.0,233.0,0.0,,,,,left_only,False
pedrollo,gnapc550a,CRM,2024,7,0.0,8.0,0.0,909370.0,,,,,left_only,False
pedrollo,i7vzi9xzn,CRM,2025,2,0.0,27228.0,285.0,1147318.0,,,,,left_only,False
pedrollo,khcbcp lu,CRM,2024,1,0.0,52340.0,153.0,1884224.0,,,,,left_only,False
pedrollo,qguxda5og,CRM,2025,2,0.0,101241.0,501.0,2126224.0,,,,,left_only,False
pedrollo,xkj1gdfok,CRM,2024,1,0.0,52266.0,176.0,2729679.0,,,,,left_only,False
petizoos,amwj6ujkg,CRM,2024,6,0.0,668.0,19.0,12232284.0,,,,,left_only,False
petizoos,pajyp7yv6,CRM,2024,7,0.0,97162.0,496.0,8263622.0,,,,,left_only,False
pets friends,6189516 009575,CRM,2023,5,0.0,52102.0,47.0,374311.0,,,,,left_only,False
pets friends,6189516 009940,CRM,2023,6,0.0,101195.0,198.0,1077412.0,,,,,left_only,False
pgic flowmark,gasfiteria,Retail Display,2024,10,184659.0,0.0,274.0,0.0,,,,,left_only,False
pgic flowmark,gasfiteria,Retail Display,2024,11,8.0,0.0,0.0,0.0,,,,,left_only,False
philips,6189516 010002,CRM,2023,7,0.0,52112.0,164.0,2244916.0,,,,,left_only,False
philips,6189516 010003,CRM,2023,7,0.0,52161.0,142.0,1633716.0,,,,,left_only,False
philips,ipmkfsua7,CRM,2024,10,0.0,50599.0,193.0,872143.0,,,,,left_only,False
philips,yheuy2kjs,CRM,2024,10,0.0,43765.0,163.0,974888.0,,,,,left_only,False
philips hue,ngcmt9qbd,CRM,2024,8,0.0,46132.0,2275.0,27990.0,,,,,left_only,False
phillips,co brand,Google,2024,10,14797.0,0.0,136.0,0.0,,,,,left_only,False
pimares,aon marzo 2026 muebles,Sponsored Products,2026,3,0.0,0.0,0.0,89990.0,,,,,left_only,False
pimares,black week,Sponsored Products,2026,3,0.0,0.0,0.0,89990.0,,,,,left_only,False
pisoforte,aon marzo 2026,Sponsored Products,2026,3,0.0,0.0,0.0,210204.0,,,,,left_only,False
pizarreno cedral,6189516 009514,CRM,2023,5,0.0,101415.0,457.0,22080580.0,,,,,left_only,False
pizarreno cedral,6189516 011640,CRM,2023,10,0.0,85861.0,86.0,5015150.0,,,,,left_only,False
pizarreno cedral,6189516 011656,CRM,2023,11,0.0,101241.0,724.0,11289506.0,,,,,left_only,False
pizarreno cedral,6189516 012186,CRM,2023,12,0.0,101222.0,344.0,4950962.0,,,,,left_only,False
pizarreno cedral,6189516 012294,CRM,2023,12,0.0,6628.0,0.0,839264.0,,,,,left_only,False
pizarreno cedral,7gkjxjr68,Otros,2025,3,0.0,2000.0,0.0,0.0,,,,,left_only,False
pizarreno cedral,afecwy1 d,CRM,2025,10,0.0,106120.0,133.0,1160453.0,,,,,left_only,False
pizarreno cedral,czmkfwbkg,CRM,2025,4,0.0,60022.0,261.0,5241047.0,,,,,left_only,False
pizarreno cedral,dvpfvtaxb,CRM,2025,3,0.0,42693.0,611.0,10897284.0,,,,,left_only,False
pizarreno cedral,edvuvatgh,CRM,2025,5,0.0,26956.0,316.0,3097989.0,,,,,left_only,False
pizarreno cedral,f1bsxql5c,CRM,2025,4,0.0,2006.0,0.0,952869.0,,,,,left_only,False
pizarreno cedral,femitrge0,CRM,2025,4,0.0,33539.0,369.0,3881300.0,,,,,left_only,False
pizarreno cedral,hxuvaswm7,CRM,2025,5,0.0,2993.0,0.0,701456.0,,,,,left_only,False
pizarreno cedral,kmsfkuqbj,CRM,2024,6,0.0,102029.0,808.0,5021839.0,,,,,left_only,False
pizarreno cedral,qrjodn5xb,CRM,2025,5,0.0,56620.0,184.0,5506864.0,,,,,left_only,False
pizarreno cedral,rbczh5k6b,CRM,2024,5,0.0,94073.0,409.0,28208111.0,,,,,left_only,False
pizarreno cedral,ych69qjsl,CRM,2025,4,0.0,57242.0,52.0,5071736.0,,,,,left_only,False
pluss,6189516 009524,CRM,2023,5,0.0,105389.0,76.0,0.0,,,,,left_only,False
pluss,6189516 009535,CRM,2023,5,0.0,105222.0,46.0,0.0,,,,,left_only,False
poli,6189516 007787,CRM,2023,1,0.0,101372.0,147.0,3861860.0,,,,,left_only,False
poli,6189516 007838,CRM,2023,1,0.0,100904.0,172.0,2973336.0,,,,,left_only,False
poli,6189516 007911,CRM,2023,1,0.0,101209.0,147.0,2632832.0,,,,,left_only,False
poli,6189516 008065,CRM,2023,2,0.0,46827.0,7176.0,1535013.0,,,,,left_only,False
poli,6189516 008106,CRM,2023,2,0.0,101308.0,97.0,1430911.0,,,,,left_only,False
poli,6189516 008230,CRM,2023,2,0.0,48032.0,8137.0,1902340.0,,,,,left_only,False
poli,6189516 008395,CRM,2023,3,0.0,101262.0,155.0,2940220.0,,,,,left_only,False
poli,casa segura,CRM,2025,12,0.0,101204.0,464.0,2255407.0,FERRETERIA,425000.0,57143.0,367857.0,both,True
poli,casa segura,CRM,2026,1,0.0,710598.0,2604.0,17453730.0,FERRETERIA,425000.0,55172.0,369828.0,both,True
poli,casasegura,Retail Display,2025,12,85870.0,0.0,75.0,0.0,,,,,left_only,False
poli,casasegura,Retail Display,2026,1,106625.0,0.0,101.0,0.0,,,,,left_only,False
polpaico,hs5wxhb0c,CRM,2025,1,0.0,102032.0,255.0,5711711.0,,,,,left_only,False
polpaico,z9bxjjw27,CRM,2024,11,0.0,51291.0,229.0,4515279.0,,,,,left_only,False
pool blaster,27fg8tule,CRM,2025,1,0.0,0.0,0.0,179990.0,,,,,left_only,False
pool blaster,bftcdkf7a,CRM,2025,2,0.0,2.0,1.0,359980.0,,,,,left_only,False
promerco churu,regalones de la casa,Retail Display,2025,6,98702.0,0.0,156.0,0.0,,,,,left_only,False
promerco churu,regalones de la casa,Retail Display,2025,7,60865.0,0.0,77.0,0.0,,,,,left_only,False
puma safety,mgw71aeft,CRM,2025,1,0.0,53996.0,704.0,0.0,,,,,left_only,False
pyramid,black week,Sponsored Products,2026,3,50963.0,0.0,556.0,3421760.0,,,,,left_only,False
quix,black marzo 2026,CRM,2026,3,0.0,18.0,0.0,173902.0,,,,,left_only,False
quix,black week,Sponsored Products,2026,3,12386.0,0.0,88.0,32670.0,,,,,left_only,False
quix,hu0ajearn,CRM,2026,4,0.0,66.0,0.0,531440.0,,,,,left_only,False
quix,jf1j1ta7d,CRM,2025,10,0.0,11.0,4.0,142520.0,,,,,left_only,False
quix,nd0wdi6id,CRM,2025,10,0.0,21.0,4.0,208851.0,,,,,left_only,False
raf,dormitorio,Google,2026,2,16511.0,0.0,232.0,1462728.0,,,,,left_only,False
raid,4dk3g60zw,CRM,2024,2,0.0,101114.0,613.0,671071.0,,,,,left_only,False
raid,aseo,Sponsored Products,2025,2,168866.0,0.0,221.0,0.0,,,,,left_only,False
raid,bienvenida primavera,Retail Display,2024,12,371792.0,0.0,440.0,0.0,,,,,left_only,False
raid,bienvenida primavera,Retail Display,2025,1,289107.0,0.0,401.0,0.0,,,,,left_only,False
raid,campana insecticidas verano,CRM,2026,1,0.0,202646.0,968.0,4526944.0,,,,,left_only,False
raid,eavnodyyi,CRM,2024,2,0.0,101607.0,389.0,1152697.0,,,,,left_only,False
raid,hihyutz9c,CRM,2024,1,0.0,100080.0,297.0,852029.0,,,,,left_only,False
raid,krhcqvkqk,CRM,2025,1,0.0,102191.0,646.0,1613665.0,,,,,left_only,False
raid,primavera,Retail Display,2024,11,165809.0,0.0,252.0,0.0,,,,,left_only,False
raid,pva xp7en,CRM,2025,11,0.0,101261.0,202.0,800835.0,,,,,left_only,False
rasch,6189516 007656,CRM,2023,1,0.0,100837.0,115.0,36990.0,,,,,left_only,False
rasch,6189516 007717,CRM,2023,1,0.0,101366.0,300.0,498460.0,,,,,left_only,False
rasch,6189516 007771,CRM,2023,1,0.0,49126.0,71.0,350910.0,,,,,left_only,False
rasch,6189516 007772,CRM,2023,1,0.0,41978.0,111.0,23980.0,,,,,left_only,False
reckitt,aseo,Google,2025,5,44832.0,0.0,707.0,0.0,,,,,left_only,False
reckitt,cyber day,Retail Display,2025,6,101007.0,0.0,205.0,0.0,,,,,left_only,False
reckitt,cyber monday,Meta,2025,10,195013.0,0.0,8785.0,0.0,,,,,left_only,False
reckitt,cyber monday,Retail Display,2024,9,10150.0,0.0,30.0,0.0,,,,,left_only,False
reckitt,cyber monday,Retail Display,2024,10,268512.0,0.0,459.0,0.0,,,,,left_only,False
reckitt,cyber monday,Retail Display,2025,10,72572.0,0.0,277.0,0.0,,,,,left_only,False
revor,aon tricolor 2026,CRM,2026,1,0.0,101261.0,248.0,2833506.0,,,,,left_only,False
rex,6189516 009738,CRM,2023,6,0.0,101278.0,191.0,612542.0,,,,,left_only,False
rex,6189516 009800,CRM,2023,6,0.0,101746.0,220.0,180404.0,,,,,left_only,False
rex,6189516 009846,CRM,2023,6,0.0,53975.0,5981.0,262670.0,,,,,left_only,False
rex,6189516 010848,CRM,2023,8,0.0,101276.0,112.0,463667.0,,,,,left_only,False
rex,6189516 010943,CRM,2023,9,0.0,102057.0,256.0,557347.0,,,,,left_only,False
rex,hbv31luqx,CRM,2025,1,0.0,101366.0,624.0,2431317.0,,,,,left_only,False
rex,inwsvs2mk,CRM,2025,4,0.0,53976.0,367.0,414129.0,,,,,left_only,False
rex,tractores,Google,2025,12,4025.0,0.0,107.0,284580.0,,,,,left_only,False
reyplast,6189516 010586,CRM,2023,8,0.0,101166.0,160.0,6477718.0,,,,,left_only,False
rheem,,CRM,2025,8,0.0,4241.0,0.0,4463355.0,,,,,left_only,False
rheem,,CRM,2025,9,0.0,5486.0,0.0,5333490.0,,,,,left_only,False
rheem,,CRM,2025,10,0.0,9497.0,0.0,7956813.0,,,,,left_only,False
rheem,,CRM,2025,11,0.0,4079.0,0.0,5692830.0,,,,,left_only,False
rheem,,CRM,2025,12,0.0,1342.0,0.0,1755940.0,,,,,left_only,False
rheem,,CRM,2026,1,0.0,1674.0,0.0,1606008.0,,,,,left_only,False
rheem,,CRM,2026,2,0.0,1226.0,0.0,3855800.0,,,,,left_only,False
rheem,,CRM,2026,3,0.0,10400.0,0.0,8899226.0,,,,,left_only,False
rheem,,CRM,2026,4,0.0,15953.0,0.0,11997612.0,,,,,left_only,False
rheem,,CRM,2026,5,0.0,12612.0,0.0,9606900.0,,,,,left_only,False
rheem,1c9emgths,CRM,2025,8,0.0,101350.0,362.0,2432936.0,,,,,left_only,False
rheem,38pgqh eg,CRM,2025,10,0.0,106001.0,142.0,311960.0,,,,,left_only,False
rheem,53nnaqx8m,CRM,2025,6,0.0,58.0,0.0,6056665.0,,,,,left_only,False
rheem,6189516 011143,CRM,2023,10,0.0,105181.0,189.0,1139683.0,,,,,left_only,False
rheem,6189516 011160,CRM,2023,10,0.0,93524.0,64.0,667860.0,,,,,left_only,False
rheem,6189516 012287,CRM,2023,12,0.0,1079243.0,49595.0,16355047.0,,,,,left_only,False
rheem,7eknlnum4,CRM,2024,8,0.0,101997.0,375.0,3656378.0,,,,,left_only,False
rheem,aon abril rheem chile 2026,Sponsored Products,2026,4,14611.0,0.0,441.0,5978690.0,,,,,left_only,False
rheem,aon marzo rheem 2026,CRM,2026,3,0.0,311303.0,0.0,9842564.0,BANOS Y COCINAS,1000000.0,53333.0,946667.0,both,True
rheem,aon marzo rheem 2026,Sponsored Products,2026,3,21102.0,0.0,398.0,3206870.0,,,,,left_only,False
rheem,aon rheem febrero 2026,Sponsored Products,2026,2,10166.0,0.0,137.0,2157910.0,,,,,left_only,False
rheem,b61y30ftj,CRM,2025,7,0.0,32.0,0.0,5837903.0,,,,,left_only,False
rheem,black marzo rheem splendid 2026,CRM,2026,4,0.0,135094.0,431.0,4465810.0,,,,,left_only,False
rheem,black week,Sponsored Products,2026,3,0.0,0.0,0.0,279990.0,,,,,left_only,False
rheem,cabeceras,Retail Display,2024,6,173982.0,0.0,454.0,0.0,,,,,left_only,False
rheem,cabeceras,Retail Display,2024,7,159599.0,0.0,388.0,0.0,,,,,left_only,False
rheem,cabeceras,Retail Display,2024,8,536715.0,0.0,865.0,0.0,,,,,left_only,False
rheem,e2g7cjqop,CRM,2025,6,0.0,25.0,0.0,2074463.0,,,,,left_only,False
rheem,fcg8pybxs,CRM,2025,11,0.0,6.0,0.0,874910.0,,,,,left_only,False
rheem,fyexldyol,CRM,2025,7,0.0,101288.0,429.0,2495748.0,,,,,left_only,False
rheem,gabinetes,Retail Display,2024,7,221083.0,0.0,1015.0,0.0,,,,,left_only,False
rheem,gabinetes,Retail Display,2024,8,111835.0,0.0,375.0,0.0,,,,,left_only,False
rheem,gabinetes,Retail Display,2024,10,156320.0,0.0,248.0,0.0,,,,,left_only,False
rheem,gabinetes,Retail Display,2024,11,36554.0,0.0,42.0,0.0,,,,,left_only,False
rheem,gwsfignqq,CRM,2025,1,0.0,101367.0,419.0,2291722.0,,,,,left_only,False
rheem,hhic8jx4h,CRM,2025,9,0.0,53974.0,217.0,666950.0,,,,,left_only,False
rheem,ihgok0nyj,CRM,2025,10,0.0,106111.0,10.0,862008.0,,,,,left_only,False
rheem,iiplqvngy,CRM,2025,10,0.0,106182.0,373.0,755960.0,,,,,left_only,False
rheem,j5v5c2g3t,CRM,2024,6,0.0,54014.0,2473.0,2927644.0,,,,,left_only,False
rheem,jk4k77zji,CRM,2025,5,0.0,101403.0,419.0,3394435.0,,,,,left_only,False
rheem,kb86ea2x,CRM,2025,2,0.0,101104.0,400.0,1381931.0,,,,,left_only,False
rheem,mv1e0spjz,CRM,2024,4,0.0,44696.0,2924.0,3762735.0,,,,,left_only,False
rheem,nay09oqqy,CRM,2025,10,0.0,24777.0,186.0,230078.0,,,,,left_only,False
rheem,py6md9p5r,CRM,2025,2,0.0,102047.0,483.0,1653360.0,,,,,left_only,False
rheem,rotsulunk,CRM,2024,7,0.0,28.0,1.0,3044134.0,,,,,left_only,False
rheem,ssrfrjcgk,CRM,2025,10,0.0,21.0,0.0,2625848.0,,,,,left_only,False
rheem,temffotyp,CRM,2025,5,0.0,32421.0,340.0,929974.0,,,,,left_only,False
rheem,termos,Retail Display,2024,8,210091.0,0.0,491.0,0.0,,,,,left_only,False
rheem,twt6cidl7,CRM,2025,6,0.0,8.0,1.0,729870.0,,,,,left_only,False
rheem,uofxhh9uf,CRM,2025,4,0.0,53975.0,356.0,587950.0,,,,,left_only,False
rheem,uswo7qq8x,CRM,2025,4,0.0,101841.0,416.0,5274728.0,,,,,left_only,False
rheem,vl7gbpdfz,CRM,2025,1,0.0,33.0,0.0,1684335.0,,,,,left_only,False
rheem,vnxyohkcp,CRM,2024,8,0.0,99863.0,363.0,5703103.0,,,,,left_only,False
rheem,vurrtrw6w,CRM,2025,6,0.0,101490.0,460.0,8191839.0,,,,,left_only,False
rheem,whfugty3v,CRM,2025,9,0.0,101258.0,559.0,2417476.0,,,,,left_only,False
rheem,wknr7jtev,CRM,2025,10,0.0,101255.0,365.0,1141968.0,,,,,left_only,False
rheem,x,CRM,2024,10,0.0,122.0,0.0,3296821.0,,,,,left_only,False
rheem,yyhqqm641,CRM,2024,7,0.0,99474.0,406.0,3345578.0,,,,,left_only,False
rheem,ziasezixc,CRM,2025,12,0.0,54084.0,0.0,269990.0,,,,,left_only,False
robert bosch bosch,aon pro q1,Retail Display,2026,1,192587.0,0.0,157.0,0.0,,,,,left_only,False
roch ltda,6189516 010617,CRM,2023,8,0.0,101246.0,234.0,2800843.0,,,,,left_only,False
roch ltda,6189516 010851,CRM,2023,8,0.0,54259.0,4838.0,1804903.0,,,,,left_only,False
roch ltda,6189516 010865,CRM,2023,9,0.0,101472.0,115.0,1362258.0,,,,,left_only,False
roch ltda,6189516 010957,CRM,2023,9,0.0,16220.0,0.0,0.0,,,,,left_only,False
roch ltda,6189516 011131,CRM,2023,9,0.0,101340.0,444.0,238980.0,,,,,left_only,False
rosen,,CRM,2025,8,0.0,40696.0,0.0,18103367.0,,,,,left_only,False
rosen,,CRM,2025,9,0.0,46490.0,0.0,41950218.0,,,,,left_only,False
rosen,,CRM,2025,10,0.0,31155.0,0.0,72164001.0,,,,,left_only,False
rosen,,CRM,2025,11,0.0,25684.0,0.0,23092006.0,,,,,left_only,False
rosen,,CRM,2025,12,0.0,12303.0,0.0,17571884.0,,,,,left_only,False
rosen,,CRM,2026,1,0.0,13106.0,0.0,20216928.0,,,,,left_only,False
rosen,,CRM,2026,2,0.0,12524.0,0.0,20152990.0,,,,,left_only,False
rosen,,CRM,2026,3,0.0,63060.0,0.0,27490505.0,,,,,left_only,False
rosen,,CRM,2026,4,0.0,58528.0,0.0,26762451.0,,,,,left_only,False
rosen,,CRM,2026,5,0.0,48976.0,0.0,13954882.0,,,,,left_only,False
rosen,6189516 009416,CRM,2023,5,0.0,105359.0,87.0,2123910.0,,,,,left_only,False
rosen,6189516 009536,CRM,2023,5,0.0,105162.0,82.0,0.0,,,,,left_only,False
rosen,6189516 010262,CRM,2023,7,0.0,101653.0,163.0,5484850.0,,,,,left_only,False
rosen,6189516 010310,CRM,2023,7,0.0,102144.0,157.0,7131740.0,,,,,left_only,False
rosen,6189516 011603,CRM,2023,10,0.0,13142.0,0.0,1787920.0,,,,,left_only,False
rosen,6189516 012273,CRM,2023,12,0.0,101389.0,258.0,3573152.0,,,,,left_only,False
rosen,7ukt8hgko,CRM,2025,11,0.0,101382.0,968.0,6743042.0,,,,,left_only,False
rosen,ao,Google,2025,12,173531.0,0.0,2304.0,5231780.0,,,,,left_only,False
rosen,ao,Retail Display,2025,8,97380.0,0.0,601.0,0.0,,,,,left_only,False
rosen,aon diciembre,CRM,2025,12,0.0,54141.0,0.0,1763900.0,,,,,left_only,False
rosen,aon febrero 2026,Sponsored Products,2026,2,116513.0,0.0,2702.0,14357460.0,MUEBLES,900000.0,741600.0,158400.0,both,True
rosen,aon marzo 2026,Sponsored Products,2026,3,100302.0,0.0,2411.0,12592550.0,MUEBLES,600000.0,494400.0,105600.0,both,True
rosen,aon mayo rosen 2026,CRM,2026,5,0.0,465447.0,0.0,32794274.0,MUEBLES,2400000.0,123076.0,2276924.0,both,True
rosen,aon y colchonazo,CRM,2026,1,0.0,837204.0,3200.0,131066588.0,MUEBLES,3000000.0,165516.0,2834484.0,both,True
rosen,black marzo 2026,CRM,2026,3,0.0,1787208.0,1456.0,166447172.0,,,,,left_only,False
rosen,black week,Sponsored Products,2026,3,44470.0,0.0,890.0,7074800.0,,,,,left_only,False
rosen,bzrlbutuo,CRM,2025,10,0.0,106171.0,195.0,22617728.0,,,,,left_only,False
rosen,cyber monday,Retail Display,2025,10,145719.0,0.0,610.0,0.0,,,,,left_only,False
rosen,dormitorio,Retail Display,2025,1,261344.0,0.0,1421.0,0.0,,,,,left_only,False
rosen,dormitorio,Retail Display,2025,2,172980.0,0.0,643.0,0.0,,,,,left_only,False
rosen,dormitorio black week,Retail Display,2025,3,65591.0,0.0,440.0,0.0,,,,,left_only,False
rosen,dormitorio black week,Retail Display,2025,4,229094.0,0.0,1224.0,0.0,,,,,left_only,False
rosen,fw785jgbb,CRM,2025,8,0.0,31088.0,230.0,1979837.0,,,,,left_only,False
rosen,hxbjmowww,CRM,2024,12,0.0,53940.0,1746.0,1479950.0,,,,,left_only,False
rosen,i v9shpi5,CRM,2025,10,0.0,53946.0,172.0,17676722.0,,,,,left_only,False
rosen,ip48l3fjb,CRM,2024,5,0.0,54140.0,3124.0,15817666.0,,,,,left_only,False
rosen,iut4g2t8f,CRM,2025,11,0.0,101312.0,766.0,12840995.0,,,,,left_only,False
rosen,j0axhslqw,CRM,2025,11,0.0,475299.0,0.0,58572571.0,,,,,left_only,False
rosen,knip0wnc,CRM,2025,10,0.0,106271.0,111.0,9328041.0,,,,,left_only,False
rosen,lso9qwaxd,CRM,2025,1,0.0,54036.0,832.0,2129920.0,,,,,left_only,False
rosen,mrgv m5lr,CRM,2025,4,0.0,54150.0,357.0,971678.0,,,,,left_only,False
rosen,ouur597in,CRM,2024,11,0.0,53932.0,1569.0,3245266.0,,,,,left_only,False
rosen,pokjqgymo,CRM,2024,7,0.0,52424.0,2249.0,2964946.0,,,,,left_only,False
rosen,ptcvjmkug,CRM,2025,5,0.0,53896.0,354.0,5792357.0,,,,,left_only,False
rosen,q l1ldgnq,CRM,2024,10,0.0,49842.0,2008.0,4444862.0,,,,,left_only,False
rosen,ub7svqgvw,CRM,2025,11,0.0,54057.0,0.0,4552167.0,,,,,left_only,False
rosen,x,CRM,2024,10,0.0,133218.0,1303.0,7438782.0,,,,,left_only,False
rosen,xqu0q583a,CRM,2024,9,0.0,37105.0,1612.0,5408526.0,,,,,left_only,False
rosen,xwyh8mj o,CRM,2025,6,0.0,106234.0,400.0,20742263.0,,,,,left_only,False
rosen,yvpvw9jdi,CRM,2024,8,0.0,54207.0,1562.0,1512570.0,,,,,left_only,False
rosen,zqgbhzgmy,CRM,2025,8,0.0,53921.0,231.0,1707410.0,,,,,left_only,False
rta design,nycfvus2o,CRM,2024,12,0.0,101990.0,620.0,0.0,,,,,left_only,False
rust oleum,6189516 009819,CRM,2023,6,0.0,101952.0,235.0,919331.0,,,,,left_only,False
rust oleum,6189516 010103,CRM,2023,7,0.0,52041.0,92.0,1034540.0,,,,,left_only,False
rust oleum,6189516 010104,CRM,2023,7,0.0,52148.0,94.0,560303.0,,,,,left_only,False
rust oleum,6189516 010905,CRM,2023,9,0.0,101882.0,186.0,1655518.0,,,,,left_only,False
rust oleum,6189516 011552,CRM,2023,10,0.0,101974.0,375.0,2897772.0,,,,,left_only,False
rust oleum,lgggzdj54,CRM,2025,1,0.0,101104.0,764.0,3632466.0,,,,,left_only,False
rust oleum,rju08gilm,CRM,2025,3,0.0,100791.0,538.0,3239255.0,,,,,left_only,False
rust oleum,sqj yh1xc,CRM,2024,12,0.0,101980.0,519.0,1743064.0,,,,,left_only,False
rust oleum,x2wqdwzhn,CRM,2025,1,0.0,102435.0,683.0,4050060.0,,,,,left_only,False
rust oleum,z61 v8xox,CRM,2025,2,0.0,101210.0,481.0,1455555.0,,,,,left_only,False
safecom,6189516 011047,CRM,2023,9,0.0,101222.0,63.0,221410.0,,,,,left_only,False
samsung,1ehqivweh,CRM,2024,4,0.0,101332.0,404.0,4770509.0,,,,,left_only,False
samsung,1m2boxoe8,CRM,2024,7,0.0,1124100.0,28086.0,40131707.0,,,,,left_only,False
samsung,2jlhueesp,CRM,2024,7,0.0,101228.0,444.0,4723944.0,,,,,left_only,False
samsung,4gcrkhnqb,CRM,2024,4,0.0,1124795.0,33046.0,52856241.0,,,,,left_only,False
samsung,6189516 007689,CRM,2023,1,0.0,101656.0,204.0,15152764.0,,,,,left_only,False
samsung,6189516 007801,CRM,2023,1,0.0,50349.0,113.0,11749720.0,,,,,left_only,False
samsung,6189516 007802,CRM,2023,1,0.0,50302.0,171.0,5622024.0,,,,,left_only,False
samsung,6189516 007828,CRM,2023,1,0.0,991280.0,108274.0,115364887.0,,,,,left_only,False
samsung,6189516 007875,CRM,2023,1,0.0,101128.0,212.0,9423916.0,,,,,left_only,False
samsung,6189516 008151,CRM,2023,2,0.0,1013186.0,102098.0,70209188.0,,,,,left_only,False
samsung,6189516 008262,CRM,2023,2,0.0,986343.0,99624.0,81903424.0,,,,,left_only,False
samsung,6189516 008543,CRM,2023,3,0.0,101201.0,115.0,21247812.0,,,,,left_only,False
samsung,6189516 008676,CRM,2023,3,0.0,982971.0,96106.0,96534158.0,,,,,left_only,False
samsung,6189516 008951,CRM,2023,4,0.0,101374.0,103.0,10549620.0,,,,,left_only,False
samsung,6189516 008978,CRM,2023,4,0.0,1102628.0,90140.0,60144132.0,,,,,left_only,False
samsung,6189516 009411,CRM,2023,5,0.0,104870.0,146.0,20305524.0,,,,,left_only,False
samsung,6189516 009447,CRM,2023,5,0.0,105343.0,197.0,7668568.0,,,,,left_only,False
samsung,6189516 009589,CRM,2023,5,0.0,1065555.0,93613.0,226639130.0,,,,,left_only,False
samsung,6189516 009901,CRM,2023,6,0.0,100222.0,257.0,20494907.0,,,,,left_only,False
samsung,6189516 010369,CRM,2023,7,0.0,1125949.0,68529.0,64101685.0,,,,,left_only,False
samsung,6189516 010659,CRM,2023,8,0.0,101189.0,207.0,4054956.0,,,,,left_only,False
samsung,6189516 010671,CRM,2023,8,0.0,54158.0,4409.0,3399844.0,,,,,left_only,False
samsung,6189516 011145,CRM,2023,10,0.0,105277.0,230.0,15115960.0,,,,,left_only,False
samsung,6189516 011190,CRM,2023,10,0.0,105247.0,471.0,14766032.0,,,,,left_only,False
samsung,6189516 011248,CRM,2023,10,0.0,85466.0,379.0,8029593.0,,,,,left_only,False
samsung,6189516 011311,CRM,2023,10,0.0,35578.0,4911.0,17153182.0,,,,,left_only,False
samsung,6189516 011887,CRM,2023,11,0.0,101374.0,235.0,18328994.0,,,,,left_only,False
samsung,6189516 011978,CRM,2023,11,0.0,101224.0,159.0,5087710.0,,,,,left_only,False
samsung,6189516 012184,CRM,2023,12,0.0,1250000.0,12273.0,33038023.0,,,,,left_only,False
samsung,6cgnycuug,CRM,2024,5,0.0,2872.0,0.0,779970.0,,,,,left_only,False
samsung,7nt0zyqss,CRM,2025,10,0.0,389890.0,932.0,74525542.0,,,,,left_only,False
samsung,8qraiofcs,CRM,2024,8,0.0,1124294.0,26156.0,33805887.0,,,,,left_only,False
samsung,8yewxioo2,CRM,2025,1,0.0,54087.0,644.0,6607753.0,,,,,left_only,False
samsung,9wmn9sybk,CRM,2024,7,0.0,101970.0,408.0,5936109.0,,,,,left_only,False
samsung,aaskzf5ku,CRM,2025,5,0.0,101303.0,289.0,18407396.0,,,,,left_only,False
samsung,aon abril samsung 2026,CRM,2026,4,0.0,327538.0,0.0,25031500.0,ELECTROHOGAR,1000000.0,27586.0,972414.0,both,True
samsung,aon marzo samsung 2026,CRM,2026,3,0.0,624442.0,0.0,44088740.0,ELECTROHOGAR,1500000.0,53333.0,1446667.0,both,True
samsung,aon marzo samsung 2026,Sponsored Products,2026,3,47458.0,0.0,1043.0,6479850.0,ELECTROHOGAR,500000.0,412000.0,88000.0,both,True
samsung,aon mayo samsung 2026,CRM,2026,5,0.0,259626.0,0.0,459990.0,ELECTROHOGAR,1000000.0,61538.0,938462.0,both,True
samsung,aon samsung,Sponsored Products,2026,4,130628.0,0.0,3975.0,22299340.0,,,,,left_only,False
samsung,aon samsung 2026,CRM,2026,1,0.0,107820.0,0.0,7340626.0,ELECTROHOGAR,1500000.0,55172.0,1444828.0,both,True
samsung,aon samsung febrero 2026,CRM,2026,2,0.0,202598.0,998.0,21209500.0,ELECTROHOGAR,1500000.0,76190.0,1423810.0,both,True
samsung,aon samsung febrero 2026,Sponsored Products,2026,2,66430.0,0.0,1541.0,6209810.0,ELECTROHOGAR,500000.0,412000.0,88000.0,both,True
samsung,bdnrsfodb,CRM,2025,6,0.0,316714.0,1568.0,45152905.0,,,,,left_only,False
samsung,bh4tizeao,CRM,2024,6,0.0,106433.0,210.0,15789341.0,,,,,left_only,False
samsung,bifsdsflz,CRM,2025,11,0.0,101382.0,223.0,1646950.0,,,,,left_only,False
samsung,bkvcdt5v6,CRM,2024,6,0.0,36637.0,2154.0,12703949.0,,,,,left_only,False
samsung,black marzo samsung 2026,CRM,2026,3,0.0,134810.0,263.0,15616709.0,,,,,left_only,False
samsung,black marzo samsung 2026,CRM,2026,4,0.0,325789.0,0.0,35066888.0,ELECTROHOGAR,2000000.0,55172.0,1944828.0,both,True
samsung,black week,Meta,2025,3,82209.0,0.0,4413.0,622060.0,,,,,left_only,False
samsung,black week,Meta,2025,4,142268.0,0.0,6339.0,117250.0,,,,,left_only,False
samsung,black week,Meta,2025,11,119602.0,0.0,6077.0,437890.0,,,,,left_only,False
samsung,black week,Meta,2025,12,22683.0,0.0,1110.0,0.0,,,,,left_only,False
samsung,black week,Sponsored Products,2026,3,151916.0,0.0,5706.0,58291220.0,,,,,left_only,False
samsung,cdrqxwzji,CRM,2025,11,0.0,101381.0,319.0,2587760.0,,,,,left_only,False
samsung,cyber day,Google,2025,6,117446.0,0.0,1466.0,0.0,,,,,left_only,False
samsung,cyber day,Retail Display,2024,6,294656.0,0.0,1400.0,0.0,,,,,left_only,False
samsung,cyber day,Retail Display,2025,6,109622.0,0.0,417.0,0.0,,,,,left_only,False
samsung,cyber monday,Google,2025,10,113287.0,0.0,1811.0,9339356.0,,,,,left_only,False
samsung,cyber monday,Google,2025,12,22769.0,0.0,426.0,559990.0,,,,,left_only,False
samsung,eek1wwfb3,CRM,2025,1,0.0,54057.0,726.0,5884800.0,,,,,left_only,False
samsung,gkb7ltnfw,CRM,2025,2,0.0,54031.0,622.0,6150551.0,,,,,left_only,False
samsung,glh2n5m8u,CRM,2024,6,0.0,933723.0,32010.0,106381740.0,,,,,left_only,False
samsung,gtojxao4e,CRM,2025,3,0.0,29239.0,459.0,4506698.0,,,,,left_only,False
samsung,ia9x vvvl,CRM,2024,2,0.0,102286.0,566.0,13617607.0,,,,,left_only,False
samsung,iblgb0xdz,CRM,2024,1,0.0,101719.0,647.0,15485119.0,,,,,left_only,False
samsung,igpyswcje,CRM,2025,11,0.0,53917.0,0.0,1339960.0,,,,,left_only,False
samsung,ilagshc n,CRM,2024,11,0.0,54047.0,1869.0,17791847.0,,,,,left_only,False
samsung,imcsmpd2s,CRM,2025,10,0.0,106159.0,181.0,12731045.0,,,,,left_only,False
samsung,ixflmcvkm,CRM,2025,4,0.0,54095.0,365.0,3969860.0,,,,,left_only,False
samsung,j wdzqsyz,CRM,2025,3,0.0,53975.0,488.0,3461392.0,,,,,left_only,False
samsung,jhwkyvzs8,CRM,2024,2,0.0,97320.0,555.0,6164024.0,,,,,left_only,False
samsung,jt6lpghjh,CRM,2025,10,0.0,53921.0,20.0,1714623.0,,,,,left_only,False
samsung,jtwnilhsc,CRM,2024,6,0.0,103988.0,272.0,10954143.0,,,,,left_only,False
samsung,kampnmecl,CRM,2024,11,0.0,1031.0,0.0,0.0,,,,,left_only,False
samsung,kwtwincir,CRM,2024,7,0.0,101252.0,565.0,16369140.0,,,,,left_only,False
samsung,lanzamiento,Meta,2024,11,345394.0,0.0,10347.0,0.0,,,,,left_only,False
samsung,lanzamiento,Meta,2024,12,316783.0,0.0,7057.0,0.0,,,,,left_only,False
samsung,lanzamiento,Retail Display,2024,11,228785.0,0.0,427.0,0.0,,,,,left_only,False
samsung,lanzamiento,Retail Display,2024,12,154754.0,0.0,300.0,0.0,,,,,left_only,False
samsung,linea blanca,Google,2024,9,198427.0,0.0,2785.0,6406120.0,,,,,left_only,False
samsung,linea blanca,Google,2024,10,318754.0,0.0,4231.0,11820974.0,,,,,left_only,False
samsung,linea blanca,Google,2024,11,256010.0,0.0,2956.0,9118796.0,,,,,left_only,False
samsung,linea blanca,Google,2024,12,13500.0,0.0,193.0,0.0,,,,,left_only,False
samsung,linea blanca,Google,2025,1,268714.0,0.0,3342.0,7477471.0,,,,,left_only,False
samsung,linea blanca,Google,2025,2,329480.0,0.0,3830.0,5494780.0,,,,,left_only,False
samsung,linea blanca,Google,2025,3,323851.0,0.0,4159.0,1232720.0,,,,,left_only,False
samsung,linea blanca,Google,2025,4,96625.0,0.0,1166.0,1104263.0,,,,,left_only,False
samsung,linea blanca,Meta,2024,1,858628.0,0.0,6469.0,0.0,,,,,left_only,False
samsung,linea blanca,Meta,2024,2,541861.0,0.0,7975.0,0.0,,,,,left_only,False
samsung,linea blanca,Meta,2024,3,501316.0,0.0,5754.0,0.0,,,,,left_only,False
samsung,linea blanca,Meta,2024,4,531570.0,0.0,7222.0,0.0,,,,,left_only,False
samsung,linea blanca,Meta,2025,4,459327.0,0.0,11106.0,0.0,,,,,left_only,False
samsung,linea blanca,Meta,2025,5,418214.0,0.0,9318.0,287990.0,,,,,left_only,False
samsung,linea blanca,Meta,2025,7,774457.0,0.0,13474.0,369990.0,,,,,left_only,False
samsung,linea blanca,Meta,2025,8,662398.0,0.0,7097.0,0.0,,,,,left_only,False
samsung,linea blanca,Meta,2025,9,414631.0,0.0,8577.0,639970.0,,,,,left_only,False
samsung,linea blanca,Meta,2025,10,301581.0,0.0,11175.0,369980.0,,,,,left_only,False
samsung,ovagp3ro8,CRM,2025,9,0.0,53998.0,197.0,9707808.0,,,,,left_only,False
samsung,pazeakrxn,CRM,2024,12,0.0,53989.0,1822.0,12727060.0,,,,,left_only,False
samsung,pk9kzo9r2,CRM,2025,6,0.0,4964.0,0.0,7233780.0,,,,,left_only,False
samsung,qn7drg bq,CRM,2025,8,0.0,101359.0,400.0,5127357.0,,,,,left_only,False
samsung,rad8pqseh,CRM,2024,2,0.0,101638.0,418.0,6191375.0,,,,,left_only,False
samsung,reuzm usf,CRM,2025,6,0.0,101364.0,321.0,8842191.0,,,,,left_only,False
samsung,rwetxqnvc,CRM,2025,7,0.0,53930.0,237.0,2690292.0,,,,,left_only,False
samsung,s i,CRM,2023,1,0.0,166.0,2.0,0.0,,,,,left_only,False
samsung,s i,CRM,2023,2,0.0,192.0,3.0,0.0,,,,,left_only,False
samsung,s i,CRM,2023,3,0.0,163.0,0.0,0.0,,,,,left_only,False
samsung,s i,CRM,2023,4,0.0,127.0,0.0,0.0,,,,,left_only,False
samsung,s i,CRM,2023,5,0.0,181.0,0.0,0.0,,,,,left_only,False
samsung,s i,CRM,2023,6,0.0,200.0,3.0,0.0,,,,,left_only,False
samsung,s i,CRM,2023,7,0.0,210.0,5.0,0.0,,,,,left_only,False
samsung,s i,CRM,2023,8,0.0,139.0,0.0,0.0,,,,,left_only,False
samsung,s i,CRM,2023,9,0.0,99.0,2.0,0.0,,,,,left_only,False
samsung,s i,CRM,2023,10,0.0,202.0,5.0,0.0,,,,,left_only,False
samsung,s i,CRM,2023,11,0.0,60.0,0.0,0.0,,,,,left_only,False
samsung,tl1rj6zlj,CRM,2025,6,0.0,16928.0,298.0,5032878.0,,,,,left_only,False
samsung,tpix0atj9,CRM,2025,2,0.0,327651.0,1883.0,26711122.0,,,,,left_only,False
samsung,txcqz172v,CRM,2024,3,0.0,101277.0,421.0,22652584.0,,,,,left_only,False
samsung,unkfnpsw6,CRM,2024,5,0.0,1107632.0,34471.0,42376644.0,,,,,left_only,False
samsung,unmmryiag,CRM,2024,1,0.0,1124057.0,51752.0,62519869.0,,,,,left_only,False
samsung,uqo5m3on6,CRM,2024,9,0.0,1124367.0,26368.0,34508984.0,,,,,left_only,False
samsung,vvdt2 hdj,CRM,2024,11,0.0,91945.0,1021.0,18007377.0,,,,,left_only,False
samsung,w389suka4,CRM,2025,3,0.0,101265.0,426.0,37390341.0,,,,,left_only,False
samsung,wssasdzd,CRM,2025,6,0.0,106038.0,211.0,37119436.0,,,,,left_only,False
samsung,x,CRM,2024,10,0.0,1206973.0,28850.0,128673925.0,,,,,left_only,False
samsung,x18ipgxf7,CRM,2025,1,0.0,101307.0,542.0,7258313.0,,,,,left_only,False
samsung,ykdcvpyu1,CRM,2024,4,0.0,51900.0,3058.0,6711767.0,,,,,left_only,False
samsung,ykm4vanaz,CRM,2025,6,0.0,106116.0,250.0,24595936.0,,,,,left_only,False
samsung,z bpd77hj,CRM,2025,2,0.0,53944.0,476.0,5393414.0,,,,,left_only,False
samsung,zd1l3krhm,CRM,2024,10,0.0,1124394.0,25662.0,54109002.0,,,,,left_only,False
san lorenzo,kj bzyql8,CRM,2025,3,0.0,1.0,1.0,20890.0,,,,,left_only,False
scaldasonno,ecsxnxpx6,CRM,2024,6,0.0,31690.0,2406.0,1156608.0,,,,,left_only,False
scaldasonno,njcjm4kja,CRM,2024,6,0.0,106072.0,268.0,1903562.0,,,,,left_only,False
scaldasonno,vihk5amgz,CRM,2024,5,0.0,101092.0,670.0,5786507.0,,,,,left_only,False
scaldasonno,wqvphk2qh,CRM,2025,6,0.0,97.0,2.0,6581870.0,,,,,left_only,False
scanavini,,Retail Display,2026,1,115453.0,0.0,86.0,0.0,,,,,left_only,False
scanavini,6vtierayt,CRM,2025,1,0.0,102185.0,447.0,6591352.0,,,,,left_only,False
scanavini,vacaciones,Retail Display,2025,1,140623.0,0.0,203.0,0.0,,,,,left_only,False
schneider,ao,Google,2025,5,43422.0,0.0,1294.0,0.0,,,,,left_only,False
schneider,ao,Google,2025,6,41202.0,0.0,1072.0,0.0,,,,,left_only,False
schneider,ao,Meta,2025,9,112302.0,0.0,2667.0,0.0,,,,,left_only,False
schneider,ao,Meta,2025,10,340466.0,0.0,6983.0,0.0,,,,,left_only,False
schneider,ao,Meta,2025,12,108719.0,0.0,2555.0,0.0,,,,,left_only,False
schneider,ao,Retail Display,2025,6,150354.0,0.0,161.0,0.0,,,,,left_only,False
schneider,aon,Retail Display,2025,8,127573.0,0.0,293.0,0.0,,,,,left_only,False
schneider,black friday,Retail Display,2024,11,131041.0,0.0,540.0,0.0,,,,,left_only,False
schneider,black friday,Retail Display,2024,12,67266.0,0.0,166.0,0.0,,,,,left_only,False
schneider,black friday,Retail Display,2025,11,130095.0,0.0,170.0,0.0,,,,,left_only,False
schneider,black friday,Retail Display,2025,12,12186.0,0.0,5.0,0.0,,,,,left_only,False
schneider,black week,Retail Display,2026,3,124340.0,0.0,119.0,0.0,,,,,left_only,False
schneider,black week,Retail Display,2026,4,67977.0,0.0,58.0,0.0,,,,,left_only,False
schneider,co brand,Retail Display,2024,5,54236.0,0.0,117.0,0.0,,,,,left_only,False
schneider,co brand,Retail Display,2024,6,326503.0,0.0,589.0,0.0,,,,,left_only,False
schneider,co brand,Retail Display,2024,7,331064.0,0.0,911.0,0.0,,,,,left_only,False
schneider,co brand,Retail Display,2024,8,298234.0,0.0,625.0,0.0,,,,,left_only,False
schneider,co brand,Retail Display,2024,9,160466.0,0.0,357.0,0.0,,,,,left_only,False
schneider,co brand,Retail Display,2024,10,266185.0,0.0,399.0,0.0,,,,,left_only,False
schneider,co brand,Retail Display,2024,11,179155.0,0.0,338.0,0.0,,,,,left_only,False
schneider,cyber day,Retail Display,2025,6,288092.0,0.0,750.0,0.0,,,,,left_only,False
schneider,cyber day,Sponsored Products,2024,6,353401.0,0.0,1703.0,0.0,,,,,left_only,False
schneider,cyber monday,Meta,2025,10,330297.0,0.0,8956.0,0.0,,,,,left_only,False
schneider,cyber monday,Retail Display,2024,9,81214.0,0.0,242.0,0.0,,,,,left_only,False
schneider,cyber monday,Retail Display,2024,10,146629.0,0.0,540.0,0.0,,,,,left_only,False
schneider,cyber monday,Retail Display,2025,10,182760.0,0.0,613.0,0.0,,,,,left_only,False
schneider electric,6189516 008766,CRM,2023,4,0.0,100538.0,580.0,3584050.0,,,,,left_only,False
schneider electric,6189516 009312,CRM,2023,5,0.0,101345.0,123.0,3681540.0,,,,,left_only,False
schneider electric,6189516 009356,CRM,2024,5,0.0,54031.0,2342.0,773156.0,,,,,left_only,False
schneider electric,6189516 009394,CRM,2023,5,0.0,101129.0,379.0,2324624.0,,,,,left_only,False
schneider electric,6189516 009415,CRM,2023,5,0.0,103200.0,68.0,463592.0,,,,,left_only,False
schneider electric,6189516 009533,CRM,2023,5,0.0,105189.0,83.0,3995892.0,,,,,left_only,False
schneider electric,6189516 009977,CRM,2023,6,0.0,101362.0,109.0,3353779.0,,,,,left_only,False
schneider electric,6189516 010026,CRM,2023,7,0.0,101051.0,152.0,3735065.0,,,,,left_only,False
schneider electric,6189516 010442,CRM,2023,8,0.0,102001.0,119.0,4147108.0,,,,,left_only,False
schneider electric,6189516 011142,CRM,2023,10,0.0,105253.0,291.0,7510021.0,,,,,left_only,False
schneider electric,6189516 011252,CRM,2023,10,0.0,74188.0,30.0,1957606.0,,,,,left_only,False
schneider electric,6189516 011944,CRM,2023,11,0.0,101147.0,212.0,3632531.0,,,,,left_only,False
schneider electric,6189516 011974,CRM,2023,11,0.0,27786.0,5722.0,5685703.0,,,,,left_only,False
schneider electric,8ebihkhu0,CRM,2024,1,0.0,49924.0,115.0,3237252.0,,,,,left_only,False
schneider electric,aon abril,CRM,2026,4,0.0,5036.0,0.0,308075.0,,,,,left_only,False
schneider electric,aon abril,Sponsored Products,2026,4,34556.0,0.0,857.0,537496.0,,,,,left_only,False
schneider electric,black marzo 2026,CRM,2026,4,0.0,205170.0,266.0,2932421.0,,,,,left_only,False
schneider electric,black week,Sponsored Products,2026,3,32080.0,0.0,594.0,332239.0,,,,,left_only,False
schneider electric,bmpz9wkgq,CRM,2024,6,0.0,105823.0,133.0,875312.0,,,,,left_only,False
schneider electric,dwrhmgkzh,CRM,2024,4,0.0,102061.0,329.0,10308379.0,,,,,left_only,False
schneider electric,e9je3qe1f,CRM,2025,6,0.0,106283.0,153.0,4332594.0,,,,,left_only,False
schneider electric,k6lpdqs3g,CRM,2024,4,0.0,101003.0,430.0,3971256.0,,,,,left_only,False
schneider electric,ntbqbmsbs,CRM,2024,10,0.0,80632.0,320.0,6711822.0,,,,,left_only,False
schneider electric,pdzwpnlpe,CRM,2024,1,0.0,49755.0,124.0,3404727.0,,,,,left_only,False
schneider electric,qakyfsoap,CRM,2024,12,0.0,101324.0,296.0,8091865.0,,,,,left_only,False
schneider electric,rbaebwdit,CRM,2025,12,0.0,101261.0,201.0,1713670.0,,,,,left_only,False
schneider electric,szdofwa1d,CRM,2025,5,0.0,53954.0,319.0,1018190.0,,,,,left_only,False
schneider electric,weyfjyvvc,CRM,2024,2,0.0,101705.0,382.0,6191428.0,,,,,left_only,False
schneider electric,x,CRM,2024,9,0.0,101762.0,103.0,3898095.0,,,,,left_only,False
schneider electric,yeg2gmdfx,CRM,2025,10,0.0,106354.0,216.0,2807944.0,,,,,left_only,False
schneider electric,yqiiz5wgh,CRM,2024,6,0.0,106228.0,200.0,3647441.0,,,,,left_only,False
schneider electric,yvozprywu,CRM,2025,6,0.0,106147.0,125.0,3441744.0,,,,,left_only,False
scotch,6189516 008367,CRM,2023,3,0.0,48225.0,7387.0,882553.0,,,,,left_only,False
scotch,6189516 008467,CRM,2023,3,0.0,54050.0,8146.0,812051.0,,,,,left_only,False
scotch,6189516 008536,CRM,2023,3,0.0,29705.0,4683.0,536012.0,,,,,left_only,False
scotch,6189516 010209,CRM,2023,7,0.0,47936.0,7692.0,1018575.0,,,,,left_only,False
scotch,6189516 010356,CRM,2023,7,0.0,54042.0,4249.0,331920.0,,,,,left_only,False
scotch,6189516 011494,CRM,2023,10,0.0,52477.0,4468.0,1030485.0,,,,,left_only,False
scotch,akqp4przw,CRM,2025,9,0.0,33372.0,161.0,439606.0,,,,,left_only,False
scotch,aon 3m,Sponsored Products,2026,4,19665.0,0.0,446.0,355200.0,,,,,left_only,False
scotch,aon febrero,Sponsored Products,2026,2,49061.0,0.0,810.0,393180.0,,,,,left_only,False
scotch,aon marzo,Sponsored Products,2026,3,44626.0,0.0,902.0,1051021.0,,,,,left_only,False
scotch,black week,Sponsored Products,2026,3,21960.0,0.0,424.0,264617.0,,,,,left_only,False
scotch,l qfogoii,CRM,2025,8,0.0,31193.0,253.0,501230.0,,,,,left_only,False
scotch brite,aon marzo,Sponsored Products,2026,3,0.0,0.0,0.0,12591.0,,,,,left_only,False
scotchbrite,dziclvaze,CRM,2024,4,0.0,5.0,0.0,15563.0,,,,,left_only,False
scotchbrite,jbtuqb0cq,CRM,2024,4,0.0,6.0,0.0,16440.0,,,,,left_only,False
scotchbrite,o1xk9jlpu,CRM,2025,7,0.0,29.0,0.0,129424.0,,,,,left_only,False
scotchgard,dziclvaze,CRM,2024,4,0.0,17769.0,618.0,67960.0,,,,,left_only,False
scotchgard,jbtuqb0cq,CRM,2024,4,0.0,29141.0,85.0,101940.0,,,,,left_only,False
scotchgard,o1xk9jlpu,CRM,2025,7,0.0,101351.0,392.0,239314.0,,,,,left_only,False
seguros falabella,automotriz,Retail Display,2025,2,115388.0,0.0,108.0,0.0,,,,,left_only,False
sensi dacqua,aon febrero 2026,Sponsored Products,2026,2,0.0,0.0,0.0,79990.0,,,,,left_only,False
sensi dacqua,aon marzo stretto 2026,Sponsored Products,2026,3,0.0,0.0,0.0,99990.0,,,,,left_only,False
siegen,aon marzo thomas electrodomesticos 2026,Sponsored Products,2026,3,0.0,0.0,0.0,20990.0,,,,,left_only,False
sika,2i1un2nuw,CRM,2024,12,0.0,101908.0,360.0,2214789.0,,,,,left_only,False
sika,8dxn1f3ep,CRM,2024,3,0.0,101267.0,399.0,6552055.0,,,,,left_only,False
sika,beh0ni6bs,CRM,2024,10,0.0,52509.0,229.0,1111058.0,,,,,left_only,False
sika,it9maz0fv,CRM,2024,2,0.0,101202.0,305.0,5142591.0,,,,,left_only,False
sika,kqpdh6p1v,CRM,2024,5,0.0,101264.0,291.0,6189701.0,,,,,left_only,False
sika,ng7ejuxzx,CRM,2024,10,0.0,52630.0,202.0,990803.0,,,,,left_only,False
sika,obicivmwi,CRM,2024,1,0.0,51138.0,74.0,1321767.0,,,,,left_only,False
sika,onwabp76v,CRM,2024,11,0.0,50882.0,2264.0,2775540.0,,,,,left_only,False
sika,pqovvq2cw,CRM,2024,8,0.0,50392.0,202.0,3374917.0,,,,,left_only,False
sika,r9huzaghl,CRM,2024,9,0.0,101336.0,702.0,20550986.0,,,,,left_only,False
sika,rx8r cfxz,CRM,2024,8,0.0,50343.0,208.0,2121058.0,,,,,left_only,False
sika,sgkxymz4g,CRM,2024,10,0.0,54012.0,2071.0,3440266.0,,,,,left_only,False
sika,uqerahnis,CRM,2024,6,0.0,101232.0,531.0,4536651.0,,,,,left_only,False
sika,vvrvps9pn,CRM,2024,4,0.0,101265.0,430.0,3658810.0,,,,,left_only,False
sika,wsks5c1ut,CRM,2024,11,0.0,70080.0,279.0,10527551.0,,,,,left_only,False
sika,x 4xc3jts,CRM,2024,1,0.0,51290.0,86.0,345673.0,,,,,left_only,False
simoniz,6189516 008025,CRM,2023,2,0.0,101213.0,192.0,652779.0,,,,,left_only,False
simoniz,kotyhrpfo,CRM,2025,9,0.0,42.0,0.0,268528.0,,,,,left_only,False
simoniz,m41p1yhxn,CRM,2025,9,0.0,132.0,2.0,877508.0,,,,,left_only,False
simplisima,concurso,Retail Display,2025,3,192317.0,0.0,175.0,0.0,,,,,left_only,False
simplisima,concurso,Retail Display,2025,4,220321.0,0.0,478.0,0.0,,,,,left_only,False
simplisima,concurso,Retail Display,2025,5,183552.0,0.0,227.0,0.0,,,,,left_only,False
simplisima,concurso,Retail Display,2025,6,8800.0,0.0,12.0,0.0,,,,,left_only,False
simplisima,cyber monday,Retail Display,2025,10,91757.0,0.0,174.0,0.0,,,,,left_only,False
sin marca,,Otros,2024,5,47938.0,0.0,712.0,0.0,,,,,left_only,False
sindelen,6189516 012259,CRM,2023,12,0.0,101269.0,209.0,4416605.0,,,,,left_only,False
sindelen,bmztxuo8s,CRM,2024,4,0.0,53955.0,2814.0,4813197.0,,,,,left_only,False
sindelen,clfm7hwvq,CRM,2024,8,0.0,77.0,2.0,5136165.0,,,,,left_only,False
sindelen,cyber day,Retail Display,2024,6,294076.0,0.0,846.0,0.0,,,,,left_only,False
sindelen,cyber monday,Retail Display,2024,9,33982.0,0.0,236.0,0.0,,,,,left_only,False
sindelen,cyber monday,Retail Display,2024,10,168766.0,0.0,440.0,0.0,,,,,left_only,False
sindelen,dadb10y q,CRM,2023,12,0.0,101168.0,201.0,2299482.0,,,,,left_only,False
sindelen,dfyk0f1rx,CRM,2024,8,0.0,54058.0,2340.0,2509607.0,,,,,left_only,False
sindelen,ilu19jn7r,CRM,2024,1,0.0,102257.0,298.0,6920865.0,,,,,left_only,False
sindelen,khat9o5et,CRM,2025,6,0.0,106158.0,176.0,7372964.0,,,,,left_only,False
sindelen,mgkkw0ceb,CRM,2025,10,0.0,106149.0,103.0,4488101.0,,,,,left_only,False
sindelen,o1c8b6vb6,CRM,2024,7,0.0,48464.0,2379.0,3814480.0,,,,,left_only,False
sindelen,ojjc2qdoi,CRM,2025,6,0.0,106149.0,217.0,9716754.0,,,,,left_only,False
sindelen,pja0xzn9s,CRM,2024,8,0.0,48.0,1.0,3346691.0,,,,,left_only,False
sindelen,qci2rs5bg,CRM,2024,6,0.0,106244.0,353.0,4508335.0,,,,,left_only,False
sindelen,r7kcqzihi,CRM,2024,6,0.0,4988.0,0.0,613880.0,,,,,left_only,False
sindelen,vxcexwydm,CRM,2024,6,0.0,33543.0,2050.0,1310925.0,,,,,left_only,False
sindelen,x,CRM,2024,9,0.0,105839.0,176.0,2722211.0,,,,,left_only,False
sindelen,x,CRM,2024,10,0.0,105256.0,154.0,6214916.0,,,,,left_only,False
sindelen,xv1xdn64y,CRM,2024,6,0.0,105984.0,342.0,4415775.0,,,,,left_only,False
sipa,6189516 008821,CRM,2023,4,0.0,100358.0,281.0,18175044.0,,,,,left_only,False
sipa,6189516 008957,CRM,2023,4,0.0,101355.0,210.0,15015000.0,,,,,left_only,False
sipa,6189516 008989,CRM,2023,4,0.0,10897.0,2789.0,6040094.0,,,,,left_only,False
sipa,6189516 008996,CRM,2023,4,0.0,9921.0,2519.0,4955057.0,,,,,left_only,False
sipa,6189516 009143,CRM,2023,4,0.0,38261.0,3905.0,6059361.0,,,,,left_only,False
sipa,kj05wnqub,CRM,2024,2,0.0,101112.0,324.0,36049109.0,,,,,left_only,False
skechers,co brand,Retail Display,2024,12,162007.0,0.0,446.0,0.0,,,,,left_only,False
skechers work,0b3ng0mgq,CRM,2025,1,0.0,102069.0,653.0,1340230.0,,,,,left_only,False
skechers work,6189516 011592,CRM,2023,10,0.0,46542.0,214.0,220004.0,,,,,left_only,False
skechers work,6189516 011593,CRM,2023,10,0.0,55749.0,205.0,411730.0,,,,,left_only,False
skechers work,6189516 012230,CRM,2023,12,0.0,54033.0,3698.0,60480.0,,,,,left_only,False
skechers work,7hgoi2pis,CRM,2025,2,0.0,101132.0,922.0,1272315.0,,,,,left_only,False
skechers work,aon skechers,Sponsored Products,2026,4,65272.0,0.0,1059.0,890062.0,,,,,left_only,False
skechers work,aon skechers marzo,Sponsored Products,2026,3,206419.0,0.0,3753.0,4850550.0,,,,,left_only,False
skechers work,black marzo 2026,CRM,2026,4,0.0,329550.0,0.0,3690589.0,,,,,left_only,False
skechers work,hktwj1bca,CRM,2024,3,0.0,102125.0,572.0,4681860.0,,,,,left_only,False
skechers work,iopigvpau,CRM,2024,12,0.0,102205.0,918.0,1841150.0,,,,,left_only,False
skechers work,mie3pbidt,CRM,2024,6,0.0,106241.0,229.0,739845.0,,,,,left_only,False
skechers work,nw77gq0kt,CRM,2024,5,0.0,46669.0,242.0,800853.0,,,,,left_only,False
skechers work,pfizpdu08,CRM,2025,1,0.0,102001.0,649.0,691551.0,,,,,left_only,False
skechers work,scq9cbkrj,CRM,2024,5,0.0,43889.0,232.0,432440.0,,,,,left_only,False
skechers work,z6mp1qv w,CRM,2024,12,0.0,101848.0,838.0,1546488.0,,,,,left_only,False
socoda,black week,Retail Display,2025,3,143833.0,0.0,485.0,0.0,,,,,left_only,False
socoda,black week,Retail Display,2025,4,186785.0,0.0,559.0,0.0,,,,,left_only,False
soft,,CRM,2025,7,0.0,143.0,0.0,0.0,,,,,left_only,False
soft,,CRM,2025,8,0.0,469.0,0.0,0.0,,,,,left_only,False
soft,,CRM,2025,9,0.0,976.0,0.0,9990.0,,,,,left_only,False
soft,black marzo 2026,CRM,2026,3,0.0,16.0,1.0,197469.0,,,,,left_only,False
soft,black week,Sponsored Products,2026,3,6321.0,0.0,47.0,48760.0,,,,,left_only,False
soft,hu0ajearn,CRM,2026,4,0.0,27.0,0.0,344209.0,,,,,left_only,False
soft,jf1j1ta7d,CRM,2025,10,0.0,12.0,3.0,143802.0,,,,,left_only,False
soft,nd0wdi6id,CRM,2025,10,0.0,10.0,0.0,184290.0,,,,,left_only,False
softys elite,cyber day,Retail Display,2024,6,291300.0,0.0,681.0,0.0,,,,,left_only,False
sonax,0liw1rkjw,CRM,2025,1,0.0,168.0,2.0,1373614.0,,,,,left_only,False
sonax,6189516 007910,CRM,2023,1,0.0,101118.0,147.0,1562387.0,,,,,left_only,False
sonax,jikcdv03v,CRM,2025,2,0.0,130.0,2.0,1082625.0,,,,,left_only,False
splendid,,CRM,2023,12,0.0,1079243.0,0.0,115799948.0,,,,,left_only,False
splendid,,CRM,2025,8,0.0,4671.0,0.0,19364974.0,,,,,left_only,False
splendid,,CRM,2025,9,0.0,5294.0,0.0,22778236.0,,,,,left_only,False
splendid,,CRM,2025,10,0.0,11822.0,0.0,35456887.0,,,,,left_only,False
splendid,,CRM,2025,11,0.0,6612.0,0.0,22444790.0,,,,,left_only,False
splendid,,CRM,2025,12,0.0,3067.0,0.0,16200924.0,,,,,left_only,False
splendid,,CRM,2026,1,0.0,3616.0,0.0,21973165.0,,,,,left_only,False
splendid,,CRM,2026,2,0.0,2884.0,0.0,12759434.0,,,,,left_only,False
splendid,,CRM,2026,3,0.0,11225.0,0.0,24603684.0,,,,,left_only,False
splendid,,CRM,2026,4,0.0,17494.0,0.0,25804611.0,,,,,left_only,False
splendid,,CRM,2026,5,0.0,13233.0,0.0,26001002.0,,,,,left_only,False
splendid,0cpztyhco,CRM,2024,8,0.0,49933.0,198.0,16699565.0,,,,,left_only,False
splendid,149fwfh5s,CRM,2025,1,0.0,54056.0,737.0,13197609.0,,,,,left_only,False
splendid,1cbtef70h,CRM,2025,9,0.0,37363.0,167.0,9928339.0,,,,,left_only,False
splendid,1enwtm1pu,CRM,2025,1,0.0,101767.0,416.0,18113663.0,,,,,left_only,False
splendid,2gvvkafui,CRM,2024,6,0.0,106364.0,536.0,48893567.0,,,,,left_only,False
splendid,4svz05mkt,CRM,2024,3,0.0,101178.0,336.0,27566932.0,,,,,left_only,False
splendid,53nnaqx8m,CRM,2025,6,0.0,106306.0,223.0,57687044.0,,,,,left_only,False
splendid,6189516 007861,CRM,2023,1,0.0,100715.0,159.0,14242840.0,,,,,left_only,False
splendid,6189516 008010,CRM,2023,2,0.0,101266.0,208.0,22101968.0,,,,,left_only,False
splendid,6189516 008663,CRM,2023,3,0.0,100843.0,201.0,14124646.0,,,,,left_only,False
splendid,6189516 008780,CRM,2023,4,0.0,101280.0,78.0,10969096.0,,,,,left_only,False
splendid,6189516 008851,CRM,2023,4,0.0,101259.0,169.0,18166280.0,,,,,left_only,False
splendid,6189516 009408,CRM,2023,5,0.0,105288.0,155.0,8633831.0,,,,,left_only,False
splendid,6189516 009518,CRM,2023,5,0.0,104300.0,132.0,8946266.0,,,,,left_only,False
splendid,6189516 010799,CRM,2023,8,0.0,101840.0,175.0,22039699.0,,,,,left_only,False
splendid,6189516 011104,CRM,2023,9,0.0,100626.0,342.0,20389889.0,,,,,left_only,False
splendid,6189516 011148,CRM,2023,10,0.0,105233.0,111.0,5855690.0,,,,,left_only,False
splendid,6189516 011170,CRM,2023,9,0.0,101282.0,348.0,18760881.0,,,,,left_only,False
splendid,6189516 011244,CRM,2023,10,0.0,86402.0,56.0,12751767.0,,,,,left_only,False
splendid,6189516 011572,CRM,2023,10,0.0,102014.0,331.0,12122128.0,,,,,left_only,False
splendid,6189516 012010,CRM,2023,11,0.0,101265.0,261.0,15722978.0,,,,,left_only,False
splendid,6189516 012261,CRM,2023,12,0.0,53892.0,3208.0,5812478.0,,,,,left_only,False
splendid,6189516 012293,CRM,2023,12,0.0,101266.0,179.0,10379335.0,,,,,left_only,False
splendid,6189516 012322,CRM,2023,12,0.0,101224.0,130.0,10247791.0,,,,,left_only,False
splendid,7f5lozdss,CRM,2023,12,0.0,101357.0,300.0,14357461.0,,,,,left_only,False
splendid,8gji64bgt,CRM,2024,12,0.0,101967.0,377.0,23793806.0,,,,,left_only,False
splendid,a7fg5cajf,CRM,2024,10,0.0,52933.0,2091.0,17228361.0,,,,,left_only,False
splendid,ac,Retail Display,2025,1,344186.0,0.0,1720.0,0.0,,,,,left_only,False
splendid,aire acondicionado,Retail Display,2024,10,83690.0,0.0,574.0,0.0,,,,,left_only,False
splendid,aire acondicionado,Retail Display,2024,11,550347.0,0.0,2651.0,0.0,,,,,left_only,False
splendid,aire acondicionado,Retail Display,2024,12,516807.0,0.0,1822.0,0.0,,,,,left_only,False
splendid,always on diciembre 2025,CRM,2025,12,0.0,155349.0,191.0,17914488.0,BANOS Y COCINAS,3920000.0,114286.0,3805714.0,both,True
splendid,alyegw3pv,CRM,2025,8,0.0,101278.0,437.0,19270588.0,,,,,left_only,False
splendid,ao,Retail Display,2025,9,821521.0,0.0,1097.0,0.0,,,,,left_only,False
splendid,aon abril rheem chile 2026,CRM,2026,4,0.0,462870.0,446.0,103722833.0,BANOS Y COCINAS,1900000.0,55172.0,1844828.0,both,True
splendid,aon abril rheem chile 2026,Sponsored Products,2026,4,141343.0,0.0,3486.0,33426534.0,BANOS Y COCINAS,1000000.0,824000.0,176000.0,both,True
splendid,aon marzo rheem 2026,CRM,2026,3,0.0,1796052.0,1964.0,399994324.0,BANOS Y COCINAS,1900000.0,106666.0,1793334.0,both,True
splendid,aon marzo rheem 2026,Sponsored Products,2026,3,124383.0,0.0,2675.0,18738587.0,BANOS Y COCINAS,1000000.0,824000.0,176000.0,both,True
splendid,aon mayo rhhem byc2026,CRM,2026,5,0.0,135324.0,414.0,35838650.0,BANOS Y COCINAS,2070000.0,61538.0,2008462.0,both,True
splendid,aon rheem 2026,CRM,2026,1,0.0,202810.0,1270.0,39663054.0,ELECTROHOGAR,1500000.0,55172.0,1444828.0,both,True
splendid,aon rheem febrero 2026,CRM,2026,2,0.0,405164.0,908.0,61471056.0,BANOS Y COCINAS,1500000.0,76190.0,1423810.0,both,True
splendid,aon rheem febrero 2026,Sponsored Products,2026,2,97494.0,0.0,2085.0,18130330.0,BANOS Y COCINAS,500000.0,412000.0,88000.0,both,True
splendid,b61y30ftj,CRM,2025,7,0.0,101541.0,361.0,36462931.0,,,,,left_only,False
splendid,black friday,Retail Display,2024,11,42156.0,0.0,221.0,0.0,,,,,left_only,False
splendid,black friday,Retail Display,2024,12,358768.0,0.0,790.0,0.0,,,,,left_only,False
splendid,black week,Retail Display,2025,3,90338.0,0.0,325.0,0.0,,,,,left_only,False
splendid,black week,Retail Display,2025,4,171617.0,0.0,326.0,0.0,,,,,left_only,False
splendid,black week,Sponsored Products,2026,3,87535.0,0.0,2065.0,20803567.0,,,,,left_only,False
splendid,bombas,Retail Display,2025,1,382422.0,0.0,793.0,0.0,,,,,left_only,False
splendid,bombas,Retail Display,2025,2,248252.0,0.0,568.0,0.0,,,,,left_only,False
splendid,bqumovces,CRM,2024,8,0.0,49364.0,209.0,24280009.0,,,,,left_only,False
splendid,calefont,Retail Display,2025,4,384618.0,0.0,1059.0,0.0,,,,,left_only,False
splendid,ctqhp3jaq,CRM,2024,11,0.0,100698.0,450.0,20502387.0,,,,,left_only,False
splendid,ddemkhpm2,CRM,2024,6,0.0,54058.0,2519.0,30870624.0,,,,,left_only,False
splendid,dgsu4z6mn,CRM,2024,6,0.0,106385.0,186.0,11135137.0,,,,,left_only,False
splendid,drdu1e73b,CRM,2024,6,0.0,54094.0,1539.0,9353677.0,,,,,left_only,False
splendid,e2g7cjqop,CRM,2025,6,0.0,106444.0,171.0,27512324.0,,,,,left_only,False
splendid,fcg8pybxs,CRM,2025,11,0.0,101206.0,375.0,11747923.0,,,,,left_only,False
splendid,fhloioqkr,CRM,2025,3,0.0,101219.0,537.0,22755403.0,,,,,left_only,False
splendid,filtros,Retail Display,2025,5,577.0,0.0,0.0,0.0,,,,,left_only,False
splendid,filtros,Retail Display,2025,6,426326.0,0.0,541.0,0.0,,,,,left_only,False
splendid,filtros,Retail Display,2025,7,202084.0,0.0,332.0,0.0,,,,,left_only,False
splendid,glfakxqd,CRM,2025,10,0.0,20736.0,174.0,5802601.0,,,,,left_only,False
splendid,gmbyll5uw,CRM,2025,12,0.0,101418.0,385.0,11664675.0,,,,,left_only,False
splendid,hlaggtze5,CRM,2025,9,0.0,101274.0,292.0,18452760.0,,,,,left_only,False
splendid,ihgok0nyj,CRM,2025,10,0.0,135.0,135.0,15928810.0,,,,,left_only,False
splendid,iiplqvngy,CRM,2025,10,0.0,79.0,8.0,8678716.0,,,,,left_only,False
splendid,jacllsjbl,CRM,2025,2,0.0,101225.0,513.0,22247916.0,,,,,left_only,False
splendid,kauf4tsyk,CRM,2024,11,0.0,101315.0,410.0,18415927.0,,,,,left_only,False
splendid,lavamanos,Retail Display,2025,5,110530.0,0.0,171.0,0.0,,,,,left_only,False
splendid,lavamanos,Retail Display,2025,6,4872.0,0.0,6.0,0.0,,,,,left_only,False
splendid,ou4hrzve2,CRM,2024,10,0.0,102186.0,544.0,24169596.0,,,,,left_only,False
splendid,ppi,Retail Display,2025,6,88300.0,0.0,139.0,0.0,,,,,left_only,False
splendid,ppi,Retail Display,2025,7,141058.0,0.0,308.0,0.0,,,,,left_only,False
splendid,ps0mfspjv,CRM,2024,11,0.0,101320.0,386.0,23754202.0,,,,,left_only,False
splendid,qlmgpguyw,CRM,2024,1,0.0,101752.0,333.0,17794905.0,,,,,left_only,False
splendid,renovaciones,Retail Display,2025,1,173260.0,0.0,316.0,0.0,,,,,left_only,False
splendid,renovaciones,Retail Display,2025,2,106140.0,0.0,141.0,0.0,,,,,left_only,False
splendid,rotsulunk,CRM,2024,7,0.0,101924.0,320.0,39641523.0,,,,,left_only,False
splendid,ssrfrjcgk,CRM,2025,10,0.0,101343.0,483.0,14405871.0,,,,,left_only,False
splendid,tmu6xz8wb,CRM,2025,2,0.0,101180.0,498.0,18221173.0,,,,,left_only,False
splendid,twt6cidl7,CRM,2025,6,0.0,54145.0,276.0,11581274.0,,,,,left_only,False
splendid,uswo7qq8x,CRM,2025,4,0.0,249.0,5.0,34060588.0,,,,,left_only,False
splendid,vl7gbpdfz,CRM,2025,1,0.0,101305.0,452.0,24178388.0,,,,,left_only,False
splendid,vssdrejdx,CRM,2025,11,0.0,101374.0,636.0,14307533.0,,,,,left_only,False
splendid,vy0rnrdqa,CRM,2025,1,0.0,54030.0,738.0,11761223.0,,,,,left_only,False
splendid,wxxwsjzkb,CRM,2024,12,0.0,53912.0,1880.0,21112517.0,,,,,left_only,False
splendid,x,CRM,2024,9,0.0,101147.0,302.0,65877753.0,,,,,left_only,False
splendid,x,CRM,2024,10,0.0,158471.0,937.0,73338493.0,,,,,left_only,False
splendid,x7pzyp8ke,CRM,2025,8,0.0,54040.0,227.0,8943753.0,,,,,left_only,False
splendid,xkly6ch4u,CRM,2025,1,0.0,101260.0,650.0,25503136.0,,,,,left_only,False
splendid,xt4ymwmjy,CRM,2024,2,0.0,48580.0,4553.0,17097238.0,,,,,left_only,False
splendid,xtsxueinn,CRM,2024,6,0.0,101071.0,380.0,26978581.0,,,,,left_only,False
splendid,y8zsi9uov,CRM,2025,7,0.0,101322.0,435.0,18295366.0,,,,,left_only,False
splendid,yzbioi4vs,CRM,2025,4,0.0,101198.0,617.0,26188125.0,,,,,left_only,False
splendid,zasqfodme,CRM,2024,1,0.0,103433.0,323.0,17117233.0,,,,,left_only,False
splendid,zirmhqpsz,CRM,2024,7,0.0,101351.0,463.0,53926878.0,,,,,left_only,False
splendid rheem,ao,Retail Display,2025,11,199459.0,0.0,231.0,0.0,,,,,left_only,False
splendid rheem,ao,Retail Display,2025,12,166202.0,0.0,171.0,0.0,,,,,left_only,False
splendid rheem,aon marzo rheem 2026,Retail Display,2026,3,153852.0,0.0,187.0,0.0,,,,,left_only,False
splendid rheem,aon rheem 2026,Retail Display,2026,1,115435.0,0.0,207.0,0.0,,,,,left_only,False
splendid rheem,aon rheem febrero 2026,Retail Display,2026,2,115398.0,0.0,51.0,0.0,,,,,left_only,False
splendid rheem,calefont,Retail Display,2025,6,156421.0,0.0,206.0,0.0,,,,,left_only,False
splendid rheem,calefont,Retail Display,2025,7,214859.0,0.0,308.0,0.0,,,,,left_only,False
splendid rheem,calefont ppi,Retail Display,2025,6,59441.0,0.0,78.0,0.0,,,,,left_only,False
stanford,aon enero muebles,Sponsored Products,2026,1,8264.0,0.0,346.0,107980.0,,,,,left_only,False
stanford,aon febrero 2026,Sponsored Products,2026,2,0.0,0.0,0.0,114980.0,,,,,left_only,False
stanford,aon febrero muebles 2026,Sponsored Products,2026,2,6248.0,0.0,109.0,489960.0,,,,,left_only,False
stanford,black week,Sponsored Products,2026,3,1883.0,0.0,33.0,284960.0,,,,,left_only,False
stanley,,CRM,2025,7,0.0,82.0,0.0,227977.0,,,,,left_only,False
stanley,,CRM,2025,8,0.0,464.0,0.0,3117470.0,,,,,left_only,False
stanley,,CRM,2025,9,0.0,511.0,0.0,3888907.0,,,,,left_only,False
stanley,,CRM,2025,10,0.0,1053.0,0.0,4672462.0,,,,,left_only,False
stanley,,CRM,2025,11,0.0,785.0,0.0,5702381.0,,,,,left_only,False
stanley,,CRM,2025,12,0.0,509.0,0.0,3450265.0,,,,,left_only,False
stanley,,CRM,2026,1,0.0,419.0,0.0,1914184.0,,,,,left_only,False
stanley,,CRM,2026,2,0.0,450.0,0.0,1676987.0,,,,,left_only,False
stanley,,CRM,2026,3,0.0,776.0,0.0,4363911.0,,,,,left_only,False
stanley,,CRM,2026,4,0.0,988.0,0.0,3145490.0,,,,,left_only,False
stanley,,CRM,2026,5,0.0,476.0,0.0,2005409.0,,,,,left_only,False
stanley,2iwm2louf,CRM,2024,8,0.0,195.0,11.0,3821562.0,,,,,left_only,False
stanley,3hdtbjpun,CRM,2024,4,0.0,165.0,4.0,2704789.0,,,,,left_only,False
stanley,3jw60weq3,CRM,2024,6,0.0,106112.0,389.0,7014500.0,,,,,left_only,False
stanley,5we3vqee1,CRM,2024,10,0.0,102108.0,720.0,6578224.0,,,,,left_only,False
stanley,6189516 008024,CRM,2023,2,0.0,101228.0,154.0,2918942.0,,,,,left_only,False
stanley,6189516 008411,CRM,2023,3,0.0,101196.0,218.0,6957265.0,,,,,left_only,False
stanley,6189516 008544,CRM,2023,3,0.0,100734.0,147.0,2830770.0,,,,,left_only,False
stanley,6189516 008673,CRM,2023,3,0.0,100508.0,117.0,2450159.0,,,,,left_only,False
stanley,6189516 008913,CRM,2023,4,0.0,101462.0,258.0,4825717.0,,,,,left_only,False
stanley,6189516 009031,CRM,2023,4,0.0,101565.0,68.0,4675967.0,,,,,left_only,False
stanley,6189516 009178,CRM,2023,5,0.0,98453.0,85.0,2850584.0,,,,,left_only,False
stanley,6189516 009378,CRM,2023,5,0.0,98925.0,191.0,6245840.0,,,,,left_only,False
stanley,6189516 009844,CRM,2023,6,0.0,101826.0,165.0,2875917.0,,,,,left_only,False
stanley,6189516 010159,CRM,2023,7,0.0,101096.0,84.0,1284053.0,,,,,left_only,False
stanley,6189516 010529,CRM,2023,8,0.0,101187.0,82.0,4635357.0,,,,,left_only,False
stanley,6189516 011231,CRM,2023,10,0.0,89337.0,142.0,3442835.0,,,,,left_only,False
stanley,6189516 011980,CRM,2023,11,0.0,101213.0,183.0,1608315.0,,,,,left_only,False
stanley,84gcu iwn,CRM,2024,6,0.0,764769.0,20566.0,30731617.0,,,,,left_only,False
stanley,8gmcikf2v,CRM,2024,7,0.0,24285.0,1344.0,9372280.0,,,,,left_only,False
stanley,94ml3y6q2,CRM,2024,8,0.0,370.0,18.0,17132258.0,,,,,left_only,False
stanley,aon trigger,CRM,2025,7,0.0,5470.0,0.0,732281.0,,,,,left_only,False
stanley,aon trigger,CRM,2025,8,0.0,12056.0,0.0,1757712.0,,,,,left_only,False
stanley,aon trigger,CRM,2025,9,0.0,8410.0,0.0,1511835.0,,,,,left_only,False
stanley,aon trigger,CRM,2025,10,0.0,16600.0,0.0,3840680.0,,,,,left_only,False
stanley,aon trigger,CRM,2025,11,0.0,16891.0,0.0,4399814.0,,,,,left_only,False
stanley,aon trigger,CRM,2025,12,0.0,23644.0,0.0,4972357.0,,,,,left_only,False
stanley,aon trigger,CRM,2026,1,0.0,18572.0,0.0,4918487.0,,,,,left_only,False
stanley,aon trigger,CRM,2026,2,0.0,21814.0,0.0,3074664.0,,,,,left_only,False
stanley,aon trigger,CRM,2026,3,0.0,21902.0,0.0,1679361.0,,,,,left_only,False
stanley,aon trigger,CRM,2026,4,0.0,26792.0,0.0,4247006.0,,,,,left_only,False
stanley,aon trigger,CRM,2026,5,0.0,19436.0,0.0,2126644.0,,,,,left_only,False
stanley,bgg0qoxuh,CRM,2024,5,0.0,101241.0,842.0,16670536.0,,,,,left_only,False
stanley,bkgoghi8n,CRM,2024,12,0.0,295.0,5.0,4935512.0,,,,,left_only,False
stanley,delhdb08f,CRM,2024,8,0.0,265.0,19.0,9381196.0,,,,,left_only,False
stanley,eu42oo3gw,CRM,2025,6,0.0,106128.0,489.0,7975802.0,,,,,left_only,False
stanley,fdxp4lieu,CRM,2024,12,0.0,327.0,4.0,5268978.0,,,,,left_only,False
stanley,igznwqqlm,CRM,2025,10,0.0,227.0,8.0,4896855.0,,,,,left_only,False
stanley,iyttkq5xe,CRM,2024,7,0.0,24208.0,1259.0,4803456.0,,,,,left_only,False
stanley,jar66174,CRM,2024,6,0.0,105216.0,562.0,14587515.0,,,,,left_only,False
stanley,kn0q22ang,CRM,2024,2,0.0,101225.0,360.0,4526111.0,,,,,left_only,False
stanley,mqwwjmtxe,CRM,2025,6,0.0,29944.0,324.0,3209977.0,,,,,left_only,False
stanley,puv70awa1,CRM,2024,7,0.0,101777.0,805.0,11170561.0,,,,,left_only,False
stanley,rv0ldwfsl,CRM,2025,4,0.0,29766.0,313.0,5282588.0,,,,,left_only,False
stanley,s4mbmyqe,CRM,2024,6,0.0,101949.0,864.0,8081235.0,,,,,left_only,False
stanley,tuximoitq,CRM,2024,4,0.0,279.0,11.0,4412459.0,,,,,left_only,False
stanley,uiz d xc,CRM,2025,4,0.0,29481.0,404.0,2482602.0,,,,,left_only,False
stanley,uyfszoicv,CRM,2024,7,0.0,326.0,16.0,8323719.0,,,,,left_only,False
stanley,x,CRM,2024,9,0.0,158472.0,3200.0,9849913.0,,,,,left_only,False
stanley,x,CRM,2024,10,0.0,106276.0,790.0,15238965.0,,,,,left_only,False
stanley,xvj9rdtwd,CRM,2024,9,0.0,170.0,7.0,3031979.0,,,,,left_only,False
stanley,xxxxxx,CRM,2024,9,0.0,101510.0,494.0,3673412.0,,,,,left_only,False
stanley,zc702ltrn,CRM,2025,4,0.0,101345.0,752.0,4604760.0,,,,,left_only,False
stanley,ziewzt5gv,CRM,2025,5,0.0,29989.0,240.0,8037223.0,,,,,left_only,False
star capital,piscinas,Retail Display,2024,12,201040.0,0.0,724.0,0.0,,,,,left_only,False
star capital,piscinas,Retail Display,2025,1,56738.0,0.0,304.0,0.0,,,,,left_only,False
starlink,0eijxxmcp,CRM,2024,5,0.0,101311.0,269.0,1956930.0,,,,,left_only,False
starlink,7t9qimdxo,CRM,2024,7,0.0,94298.0,678.0,1010970.0,,,,,left_only,False
starlink,campana starlink,CRM,2026,2,0.0,1186.0,0.0,0.0,,,,,left_only,False
starlink,campana starlink,CRM,2026,3,0.0,978.0,0.0,0.0,,,,,left_only,False
starlink,campana starlink,CRM,2026,4,0.0,511.0,0.0,0.0,,,,,left_only,False
starlink,campana starlink,CRM,2026,5,0.0,368.0,0.0,0.0,,,,,left_only,False
starlink,campana starlink enero,CRM,2026,1,0.0,216116.0,0.0,1347960.0,CASA INTELIGENTE,600000.0,55172.0,544828.0,both,True
starlink,cyber monday,Retail Display,2025,10,146773.0,0.0,394.0,0.0,,,,,left_only,False
starlink,jgbbqeudg,CRM,2025,3,0.0,101151.0,1200.0,2484859.0,,,,,left_only,False
starlink,lcfjzb wb,CRM,2024,6,0.0,106252.0,205.0,269990.0,,,,,left_only,False
stihl,8dfomohwg,CRM,2024,11,0.0,101171.0,686.0,10251776.0,,,,,left_only,False
stihl,acqfery53,CRM,2024,9,0.0,102007.0,384.0,0.0,,,,,left_only,False
stihl,aon enero,CRM,2026,1,0.0,107983.0,12.0,3258680.0,,,,,left_only,False
stihl,aon marzo 2026,Sponsored Products,2026,3,93263.0,0.0,2397.0,18917902.0,JARDIN,500000.0,412000.0,88000.0,both,True
stihl,aon stihl,Google,2026,4,242251.0,0.0,7576.0,11752285.0,,,,,left_only,False
stihl,aon stihl,Google,2026,5,107512.0,0.0,2512.0,1814070.0,,,,,left_only,False
stihl,aon stihl,Sponsored Products,2026,4,51121.0,0.0,1284.0,6433172.0,,,,,left_only,False
stihl,apogu9hxl,CRM,2025,4,0.0,29991.0,161.0,6781756.0,,,,,left_only,False
stihl,black week marzo 2026,CRM,2026,3,0.0,117172.0,346.0,3448905.0,,,,,left_only,False
stihl,esqh3cjrd,CRM,2024,3,0.0,101393.0,492.0,16578529.0,,,,,left_only,False
stihl,jardin fest,Google,2025,4,80319.0,0.0,2364.0,0.0,,,,,left_only,False
stihl,jardin fest,Google,2025,5,22533.0,0.0,566.0,0.0,,,,,left_only,False
stihl,jardin fest,Meta,2025,4,124881.0,0.0,4964.0,0.0,,,,,left_only,False
stihl,jardin fest,Meta,2025,5,25521.0,0.0,1001.0,0.0,,,,,left_only,False
stihl,jardin fest,Retail Display,2025,4,124842.0,0.0,357.0,0.0,,,,,left_only,False
stihl,jardin fest,Retail Display,2025,5,12242.0,0.0,50.0,0.0,,,,,left_only,False
stihl,ojepykjxv,CRM,2025,4,0.0,30031.0,155.0,3273307.0,,,,,left_only,False
stihl,pagy6es k,CRM,2025,6,0.0,106337.0,79.0,4027561.0,,,,,left_only,False
stihl,tactico febrero 2026,Sponsored Products,2026,2,82809.0,0.0,2118.0,16771610.0,JARDIN,800000.0,659200.0,140800.0,both,True
stihl,tublo24xk,CRM,2025,5,0.0,399151.0,1755.0,28307011.0,,,,,left_only,False
stihl trex,jardin,Retail Display,2024,11,115390.0,0.0,285.0,0.0,,,,,left_only,False
stretto,5iaqjualg,CRM,2025,6,0.0,106305.0,147.0,6323706.0,,,,,left_only,False
stretto,6189516 007986,CRM,2023,2,0.0,101400.0,932.0,13032509.0,,,,,left_only,False
stretto,7vboygjet,CRM,2025,3,0.0,101228.0,742.0,23221255.0,,,,,left_only,False
stretto,8qtijaqaq,CRM,2025,1,0.0,101251.0,1084.0,23606476.0,,,,,left_only,False
stretto,aon febrero 2026,Sponsored Products,2026,2,138904.0,0.0,2394.0,3097771.0,BANOS Y COCINAS,200000.0,164800.0,35200.0,both,True
stretto,aon marzo stretto 2026,Sponsored Products,2026,3,87806.0,0.0,1787.0,7053228.0,BANOS Y COCINAS,200000.0,164800.0,35200.0,both,True
stretto,aon stretto,Sponsored Products,2026,4,138676.0,0.0,2493.0,3804271.0,,,,,left_only,False
stretto,black week,Sponsored Products,2026,3,164269.0,0.0,3498.0,14555206.0,,,,,left_only,False
stretto,cyber monday,Retail Display,2024,9,72866.0,0.0,212.0,0.0,,,,,left_only,False
stretto,cyber monday,Retail Display,2024,10,144344.0,0.0,523.0,0.0,,,,,left_only,False
stretto,fhailo8t1,CRM,2025,6,0.0,106284.0,233.0,20902024.0,,,,,left_only,False
stretto,h2vmlu2xo,CRM,2025,10,0.0,101156.0,856.0,11198114.0,,,,,left_only,False
stretto,rlg7lzzcb,CRM,2024,5,0.0,91833.0,460.0,12477970.0,,,,,left_only,False
stretto,rswes2wiu,CRM,2025,10,0.0,106153.0,137.0,6251324.0,,,,,left_only,False
stretto,ufbbyxs1z,CRM,2025,11,0.0,101360.0,871.0,16690528.0,,,,,left_only,False
stretto,umadb1 bw,CRM,2024,6,0.0,106190.0,196.0,2071606.0,,,,,left_only,False
stretto,vhtfbhkd,CRM,2024,6,0.0,106301.0,654.0,27215509.0,,,,,left_only,False
stretto,x,CRM,2024,9,0.0,105891.0,679.0,24007136.0,,,,,left_only,False
stretto,x,CRM,2024,10,0.0,106208.0,199.0,13092461.0,,,,,left_only,False
stretto,yxogxl4hj,CRM,2025,8,0.0,54088.0,231.0,3224543.0,,,,,left_only,False
sumup,6189516 008336,CRM,2023,3,0.0,30541.0,151.0,23990.0,,,,,left_only,False
sumup,6189516 008337,CRM,2023,3,0.0,30606.0,48.0,0.0,,,,,left_only,False
sumup,6189516 008588,CRM,2023,3,0.0,42139.0,4228.0,0.0,,,,,left_only,False
sumup,6189516 008812,CRM,2023,4,0.0,1125967.0,88986.0,29990.0,,,,,left_only,False
sumup,6189516 009449,CRM,2023,5,0.0,103674.0,104.0,21990.0,,,,,left_only,False
sumup,6189516 009520,CRM,2023,5,0.0,98487.0,58.0,0.0,,,,,left_only,False
sumup,6189516 010114,CRM,2023,7,0.0,101224.0,134.0,0.0,,,,,left_only,False
sumup,6189516 010201,CRM,2023,7,0.0,12560.0,0.0,0.0,,,,,left_only,False
sumup,6189516 010412,CRM,2023,8,0.0,102219.0,120.0,59980.0,,,,,left_only,False
sumup,6189516 010871,CRM,2023,9,0.0,12578.0,0.0,0.0,,,,,left_only,False
sumup,6189516 010966,CRM,2023,9,0.0,98910.0,183.0,19990.0,,,,,left_only,False
sumup,6189516 011415,CRM,2023,10,0.0,13522.0,0.0,39980.0,,,,,left_only,False
super ceramica,aon marzo 2026,Sponsored Products,2026,3,63445.0,0.0,848.0,626743.0,,,,,left_only,False
super ceramica,tactico febrero 2026,Sponsored Products,2026,2,75889.0,0.0,454.0,1114250.0,,,,,left_only,False
tajamar,aon tajamar 2026,Retail Display,2026,1,145948.0,0.0,64.0,0.0,PINTURA Y ACCESORIOS,400000.0,320000.0,80000.0,both,True
tajamar,tc,Retail Display,2025,12,8271.0,0.0,3.0,0.0,,,,,left_only,False
tcl,ao,Google,2025,12,100570.0,0.0,1643.0,1768628.0,,,,,left_only,False
tcl,aon tcl 2025,CRM,2025,12,0.0,53939.0,0.0,0.0,ELECTROHOGAR,1500000.0,57143.0,1442857.0,both,True
tcl,aon tcl enero,Google,2026,1,5230.0,0.0,133.0,469980.0,ELECTROHOGAR,22351.0,0.0,22351.0,both,True
teka,,CRM,2026,1,0.0,70.0,0.0,2219830.0,,,,,left_only,False
teka,,CRM,2026,2,0.0,480.0,0.0,13067785.0,,,,,left_only,False
teka,,CRM,2026,3,0.0,608.0,0.0,12602942.0,,,,,left_only,False
teka,,CRM,2026,4,0.0,197.0,0.0,2190513.0,,,,,left_only,False
teka,,Retail Display,2024,12,254198.0,0.0,728.0,0.0,,,,,left_only,False
teka,2cnfswpjh,CRM,2025,6,0.0,106299.0,165.0,4968746.0,,,,,left_only,False
teka,6189516 009406,CRM,2023,5,0.0,105303.0,263.0,7904576.0,,,,,left_only,False
teka,6189516 009517,CRM,2023,5,0.0,100958.0,188.0,4188665.0,,,,,left_only,False
teka,6189516 009528,CRM,2023,5,0.0,105236.0,103.0,2961120.0,,,,,left_only,False
teka,7eqfxsjdr,CRM,2024,12,0.0,102137.0,677.0,6426803.0,,,,,left_only,False
teka,aldiuha4x,CRM,2025,9,0.0,54182.0,230.0,1208961.0,,,,,left_only,False
teka,aon marzo teka byc 2026,Sponsored Products,2026,3,138000.0,0.0,1999.0,10836801.0,BANOS Y COCINAS,500000.0,412000.0,88000.0,both,True
teka,aon marzo teka empotrados 2026,Sponsored Products,2026,3,184794.0,0.0,3499.0,20918200.0,ELECTROHOGAR,1000000.0,824000.0,176000.0,both,True
teka,aon teka 2026,CRM,2026,1,0.0,220020.0,0.0,11655904.0,ELECTROHOGAR,2100000.0,55172.0,2044828.0,both,True
teka,aon teka 2026,CRM,2026,2,0.0,5315.0,0.0,2254024.0,,,,,left_only,False
teka,aon teka 2026,CRM,2026,3,0.0,27686.0,0.0,17083724.0,,,,,left_only,False
teka,aon teka 2026,CRM,2026,4,0.0,7442.0,0.0,3357860.0,,,,,left_only,False
teka,aon teka byc febrero 2026,Sponsored Products,2026,2,140957.0,0.0,1957.0,7288310.0,BANOS Y COCINAS,400000.0,329600.0,70400.0,both,True
teka,aon teka empotrados febrero 2026,Sponsored Products,2026,2,120735.0,0.0,2383.0,13621370.0,ELECTROHOGAR,500000.0,412000.0,88000.0,both,True
teka,aon teka febrero 2026,CRM,2026,2,0.0,738836.0,0.0,32772466.0,ELECTROHOGAR,2100000.0,76190.0,2023810.0,both,True
teka,bd8sg2q2f,CRM,2024,7,0.0,101220.0,722.0,16511072.0,,,,,left_only,False
teka,black marzo teka empotrados 2026,CRM,2026,3,0.0,322197.0,0.0,32671900.0,,,,,left_only,False
teka,black week,Sponsored Products,2026,3,206107.0,0.0,3875.0,22371012.0,,,,,left_only,False
teka,bupey4sc7,CRM,2024,8,0.0,53998.0,1624.0,4801029.0,,,,,left_only,False
teka,byc,Retail Display,2025,12,114492.0,0.0,234.0,0.0,,,,,left_only,False
teka,byc black friday,Retail Display,2025,11,97545.0,0.0,245.0,0.0,,,,,left_only,False
teka,byc black friday,Retail Display,2025,12,9161.0,0.0,24.0,0.0,,,,,left_only,False
teka,byc semana marca,Retail Display,2025,11,120380.0,0.0,272.0,0.0,,,,,left_only,False
teka,clfm7hwvq,CRM,2024,8,0.0,118.0,5.0,17051774.0,,,,,left_only,False
teka,cyber monday,Retail Display,2024,9,35960.0,0.0,131.0,0.0,,,,,left_only,False
teka,cyber monday,Retail Display,2024,10,176612.0,0.0,332.0,0.0,,,,,left_only,False
teka,do6pqa0ge,CRM,2025,10,0.0,22679.0,169.0,2917110.0,,,,,left_only,False
teka,electro black week,Retail Display,2025,3,47910.0,0.0,173.0,0.0,,,,,left_only,False
teka,electro black week,Retail Display,2025,4,144007.0,0.0,234.0,0.0,,,,,left_only,False
teka,electroweek,Retail Display,2025,8,179004.0,0.0,726.0,0.0,,,,,left_only,False
teka,electroweek,Retail Display,2025,9,124160.0,0.0,421.0,0.0,,,,,left_only,False
teka,electroweek marzo 2026,Sponsored Products,2026,2,74515.0,0.0,1140.0,3702790.0,ELECTROHOGAR,500000.0,412000.0,88000.0,both,True
teka,empotrados,Retail Display,2025,12,132298.0,0.0,159.0,0.0,,,,,left_only,False
teka,empotrados black friday,Retail Display,2025,11,64222.0,0.0,277.0,0.0,,,,,left_only,False
teka,empotrados black friday,Retail Display,2025,12,33356.0,0.0,101.0,0.0,,,,,left_only,False
teka,esnbijesh,CRM,2025,11,0.0,53977.0,0.0,2058831.0,,,,,left_only,False
teka,i vknzta5,CRM,2025,11,0.0,101396.0,177.0,5806905.0,,,,,left_only,False
teka,k3vmidp93,CRM,2025,9,0.0,32887.0,220.0,1614920.0,,,,,left_only,False
teka,l0dnqfiul,CRM,2025,11,0.0,101304.0,718.0,4506355.0,,,,,left_only,False
teka,lkxpbm2lv,CRM,2025,11,0.0,475308.0,0.0,26657096.0,,,,,left_only,False
teka,pja0xzn9s,CRM,2024,8,0.0,47.0,7.0,4349160.0,,,,,left_only,False
teka,semana marca,Retail Display,2025,11,125205.0,0.0,476.0,0.0,,,,,left_only,False
teka,semanateka,Retail Display,2025,9,205355.0,0.0,170.0,0.0,,,,,left_only,False
teka,umqghri5x,CRM,2025,1,0.0,101304.0,779.0,8950362.0,,,,,left_only,False
teka,wt8gvyqic,CRM,2025,3,0.0,101201.0,528.0,4156870.0,,,,,left_only,False
teka,x,CRM,2024,9,0.0,106212.0,181.0,8529576.0,,,,,left_only,False
teka,x,CRM,2024,10,0.0,106047.0,154.0,3319279.0,,,,,left_only,False
teka,ywsbjgmjh,CRM,2025,4,0.0,54060.0,348.0,2306170.0,,,,,left_only,False
teka bano,black friday,Retail Display,2024,11,155255.0,0.0,1187.0,0.0,,,,,left_only,False
teka bano,black friday,Retail Display,2024,12,211128.0,0.0,1129.0,0.0,,,,,left_only,False
teka byc,cyber day,Retail Display,2025,6,297798.0,0.0,1294.0,0.0,,,,,left_only,False
teka byc,cyber monday,Retail Display,2025,10,182135.0,0.0,724.0,0.0,,,,,left_only,False
teka electro,cyber monday,Retail Display,2025,10,183043.0,0.0,438.0,0.0,,,,,left_only,False
tenki,6189516 009417,CRM,2023,5,0.0,1121301.0,98203.0,6716785.0,,,,,left_only,False
tenki,6189516 010290,CRM,2023,7,0.0,54068.0,3376.0,0.0,,,,,left_only,False
tenki,b7kmdbirx,CRM,2025,6,0.0,16363.0,301.0,1199910.0,,,,,left_only,False
termohome,ao,Retail Display,2025,9,83387.0,0.0,257.0,0.0,,,,,left_only,False
termohome,ao,Retail Display,2025,10,80974.0,0.0,208.0,0.0,,,,,left_only,False
termohome,ao,Retail Display,2025,11,39689.0,0.0,99.0,0.0,,,,,left_only,False
termohome,ao,Retail Display,2025,12,39465.0,0.0,99.0,0.0,,,,,left_only,False
termohome,black friday,Retail Display,2025,11,60795.0,0.0,118.0,0.0,,,,,left_only,False
termohome,black friday,Retail Display,2025,12,26525.0,0.0,54.0,0.0,,,,,left_only,False
termohome,black week,Retail Display,2026,3,40412.0,0.0,47.0,0.0,,,,,left_only,False
termohome,black week,Retail Display,2026,4,36526.0,0.0,58.0,0.0,,,,,left_only,False
termohome,cyber day,Retail Display,2025,6,91195.0,0.0,317.0,0.0,,,,,left_only,False
termohome,cyber monday,Retail Display,2024,9,94315.0,0.0,170.0,0.0,,,,,left_only,False
termohome,cyber monday,Retail Display,2024,10,166994.0,0.0,308.0,0.0,,,,,left_only,False
termohome,pgouf4tcy,CRM,2024,6,0.0,106213.0,445.0,9114473.0,,,,,left_only,False
termohome,tactico sp,Sponsored Products,2026,2,58562.0,0.0,717.0,405990.0,,,,,left_only,False
termohome,x,CRM,2024,10,0.0,318574.0,685.0,2960600.0,,,,,left_only,False
tesa,6189516 007773,CRM,2023,1,0.0,110741.0,1220.0,2483288.0,,,,,left_only,False
tesa,6189516 011150,CRM,2023,10,0.0,105336.0,171.0,1590486.0,,,,,left_only,False
tesa,6189516 011254,CRM,2023,10,0.0,74812.0,58.0,1229958.0,,,,,left_only,False
tesa,6189516 011676,CRM,2023,11,0.0,101223.0,173.0,2060982.0,,,,,left_only,False
tesa,6189516 011884,CRM,2023,11,0.0,50219.0,4448.0,1184822.0,,,,,left_only,False
tesa,6189516 012047,CRM,2023,11,0.0,100348.0,179.0,2884081.0,,,,,left_only,False
tesa,6189516 012351,CRM,2023,12,0.0,101370.0,181.0,3114711.0,,,,,left_only,False
tesa,b372xrojd,CRM,2024,4,0.0,5538.0,13.0,113910.0,,,,,left_only,False
tesa,djirp9re0,CRM,2024,7,0.0,101221.0,726.0,3514066.0,,,,,left_only,False
tesa,gk5h6hptp,CRM,2024,7,0.0,101176.0,544.0,5241942.0,,,,,left_only,False
tesa,hwtx5xalk,CRM,2024,4,0.0,101300.0,199.0,3968071.0,,,,,left_only,False
tesa,nonoyuait,CRM,2024,7,0.0,101217.0,230.0,2688300.0,,,,,left_only,False
tesa,oo4v4vuao,CRM,2024,4,0.0,74205.0,128.0,3702055.0,,,,,left_only,False
tesa,qmdgiz8ex,CRM,2024,3,0.0,102055.0,157.0,3818472.0,,,,,left_only,False
the pink stuff,bawumcj7k,CRM,2024,7,0.0,102356.0,249.0,1836054.0,,,,,left_only,False
thermohome,black week,Retail Display,2025,3,116025.0,0.0,437.0,0.0,,,,,left_only,False
thermohome,black week,Retail Display,2025,4,108119.0,0.0,514.0,0.0,,,,,left_only,False
thermos,6189516 008394,CRM,2023,3,0.0,101192.0,213.0,3122552.0,,,,,left_only,False
thomas,,CRM,2025,8,0.0,58202.0,0.0,21573494.0,,,,,left_only,False
thomas,,CRM,2025,9,0.0,39794.0,0.0,20759311.0,,,,,left_only,False
thomas,,CRM,2025,10,0.0,63866.0,0.0,32261355.0,,,,,left_only,False
thomas,,CRM,2025,11,0.0,43766.0,0.0,23546480.0,,,,,left_only,False
thomas,,CRM,2025,12,0.0,48907.0,0.0,18918260.0,,,,,left_only,False
thomas,,CRM,2026,1,0.0,44887.0,0.0,17865926.0,,,,,left_only,False
thomas,,CRM,2026,2,0.0,30979.0,0.0,13320415.0,,,,,left_only,False
thomas,,CRM,2026,3,0.0,30013.0,0.0,12758739.0,,,,,left_only,False
thomas,,CRM,2026,4,0.0,53343.0,0.0,11642916.0,,,,,left_only,False
thomas,,CRM,2026,5,0.0,44424.0,0.0,7718339.0,,,,,left_only,False
thomas,4etw8nfn9,CRM,2025,10,0.0,101458.0,293.0,5695051.0,,,,,left_only,False
thomas,aon abril thomas electrodomesticos 2026,CRM,2026,4,0.0,327563.0,0.0,19456188.0,ELECTROHOGAR,1200000.0,27586.0,1172414.0,both,True
thomas,aon abril thomas electrodomesticos 2026,Sponsored Products,2026,4,240429.0,0.0,3376.0,8581830.0,ELECTROHOGAR,1500000.0,1236000.0,264000.0,both,True
thomas,aon febrero thomas electro 2026,Sponsored Products,2026,2,278521.0,0.0,6639.0,23364485.0,ELECTROHOGAR,1500000.0,1236000.0,264000.0,both,True
thomas,aon febrero thomas lb 2026,Sponsored Products,2026,2,121982.0,0.0,1829.0,2522910.0,ELECTROHOGAR,1000000.0,824000.0,176000.0,both,True
thomas,aon marzo thomas electrodomesticos 2026,CRM,2026,3,0.0,627766.0,0.0,58882960.0,ELECTROHOGAR,1500000.0,53333.0,1446667.0,both,True
thomas,aon marzo thomas electrodomesticos 2026,Sponsored Products,2026,3,255986.0,0.0,5210.0,17321540.0,ELECTROHOGAR,1500000.0,1236000.0,264000.0,both,True
thomas,aon marzo thomas lb 2026,CRM,2026,3,0.0,405258.0,1314.0,57033120.0,ELECTROHOGAR,1200000.0,53333.0,1146667.0,both,True
thomas,aon marzo thomas lb 2026,Sponsored Products,2026,3,87623.0,0.0,1854.0,7569820.0,ELECTROHOGAR,700000.0,576800.0,123200.0,both,True
thomas,aon thomas lb,Sponsored Products,2026,4,51037.0,0.0,1001.0,3479920.0,,,,,left_only,False
thomas,black friday,Retail Display,2025,11,106843.0,0.0,371.0,0.0,,,,,left_only,False
thomas,black friday,Retail Display,2025,12,63310.0,0.0,160.0,0.0,,,,,left_only,False
thomas,black week,Sponsored Products,2026,3,128242.0,0.0,2208.0,16569350.0,,,,,left_only,False
thomas,electrodomesticos,Retail Display,2025,2,192331.0,0.0,425.0,0.0,,,,,left_only,False
thomas,electrodomesticos,Retail Display,2025,3,216233.0,0.0,597.0,0.0,,,,,left_only,False
thomas,electroweek thomas electrodomesticos 2026,CRM,2026,2,0.0,306964.0,0.0,26786228.0,ELECTROHOGAR,1500000.0,76190.0,1423810.0,both,True
thomas,icxis6g y,CRM,2025,10,0.0,22967.0,166.0,6337118.0,,,,,left_only,False
thomas,kiku5ufdf,CRM,2025,9,0.0,101398.0,980.0,13462249.0,,,,,left_only,False
thomas,la5xgkdal,CRM,2025,11,0.0,101341.0,489.0,8842799.0,,,,,left_only,False
thomas,linea blanca,Google,2025,2,170108.0,0.0,7975.0,17042322.0,,,,,left_only,False
thomas,linea blanca,Google,2025,3,242564.0,0.0,5135.0,4701354.0,,,,,left_only,False
thomas,linea blanca,Google,2025,4,78808.0,0.0,1272.0,1915890.0,,,,,left_only,False
thomas,linea blanca,Google,2025,5,553250.0,0.0,6353.0,4714460.0,,,,,left_only,False
thomas,linea blanca,Google,2025,6,572122.0,0.0,7971.0,1568690.0,,,,,left_only,False
thomas,linea blanca,Google,2025,7,461458.0,0.0,4794.0,1856335.0,,,,,left_only,False
thomas,linea blanca,Meta,2025,7,564870.0,0.0,9230.0,12990.0,,,,,left_only,False
thomas,linea blanca,Retail Display,2025,2,248544.0,0.0,469.0,0.0,,,,,left_only,False
thomas,linea blanca,Retail Display,2025,3,558508.0,0.0,1184.0,0.0,,,,,left_only,False
thomas,linea blanca,Retail Display,2025,4,446774.0,0.0,1140.0,0.0,,,,,left_only,False
thomas,linea blanca,Retail Display,2025,5,184154.0,0.0,587.0,0.0,,,,,left_only,False
thomas,linea blanca,Retail Display,2025,6,440152.0,0.0,559.0,0.0,,,,,left_only,False
thomas,linea blanca,Retail Display,2025,7,223670.0,0.0,445.0,0.0,,,,,left_only,False
thomas,linea blanca,Retail Display,2025,8,190333.0,0.0,368.0,0.0,,,,,left_only,False
thomas,linea blanca,Retail Display,2025,11,204104.0,0.0,406.0,0.0,,,,,left_only,False
thomas,linea blanca,Retail Display,2025,12,192522.0,0.0,178.0,0.0,,,,,left_only,False
thomas,m3nfgm2yr,CRM,2025,10,0.0,106422.0,159.0,6139816.0,,,,,left_only,False
thomas,upsd5ku7u,CRM,2025,6,0.0,101356.0,369.0,12980046.0,,,,,left_only,False
thomas,vwbzbz0rn,CRM,2025,10,0.0,106290.0,216.0,5330687.0,,,,,left_only,False
thor,black week,Sponsored Products,2026,3,0.0,0.0,0.0,99990.0,,,,,left_only,False
tidy cat,4fghjkjad,CRM,2024,6,0.0,8.0,0.0,180208.0,,,,,left_only,False
tidy cat,jbv1xjm4r,CRM,2024,7,0.0,1.0,0.0,14990.0,,,,,left_only,False
tomahawk power,black week,Sponsored Products,2026,3,19180.0,0.0,233.0,0.0,,,,,left_only,False
top shoe skechers work,ao,Google,2025,5,118551.0,0.0,1658.0,0.0,,,,,left_only,False
topex,,Sponsored Products,2026,4,0.0,0.0,0.0,53000.0,,,,,left_only,False
topex,black week,Sponsored Products,2026,3,0.0,0.0,0.0,344240.0,,,,,left_only,False
topex,izjjxrufe,CRM,2025,8,0.0,2028.0,21.0,303887.0,,,,,left_only,False
topex,tactico febrero,Sponsored Products,2026,2,0.0,0.0,0.0,100210.0,,,,,left_only,False
topsafe,aon skechers,Sponsored Products,2026,4,0.0,0.0,0.0,59990.0,,,,,left_only,False
topshoes skechers,cyber day,Google,2025,6,52840.0,0.0,759.0,511790.0,,,,,left_only,False
topshoes skechers,cyber day,Retail Display,2025,6,97063.0,0.0,410.0,0.0,,,,,left_only,False
torre,5nh7ubmqr,CRM,2024,3,0.0,101111.0,386.0,211240.0,,,,,left_only,False
torre,fatxrf1yk,CRM,2024,3,0.0,102246.0,362.0,326240.0,,,,,left_only,False
torre,oficina,Retail Display,2024,7,161632.0,0.0,889.0,0.0,,,,,left_only,False
torre,oficina,Retail Display,2024,8,273503.0,0.0,1274.0,0.0,,,,,left_only,False
torre,vmap3pe95,CRM,2024,7,0.0,54038.0,2589.0,0.0,,,,,left_only,False
total tools,tc,Retail Display,2025,9,291328.0,0.0,827.0,0.0,,,,,left_only,False
toyama,ivj23ze91,CRM,2025,6,0.0,105881.0,75.0,681970.0,,,,,left_only,False
toyama,jardin fest,Google,2025,4,47397.0,0.0,1030.0,0.0,,,,,left_only,False
toyama,jardin fest,Google,2025,5,45753.0,0.0,954.0,1630980.0,,,,,left_only,False
toyama,jardin fest,Google,2025,6,69795.0,0.0,2062.0,11525770.0,,,,,left_only,False
toyama,jardin fest,Meta,2025,4,151245.0,0.0,4022.0,0.0,,,,,left_only,False
toyama,jardin fest,Meta,2025,5,107890.0,0.0,1955.0,0.0,,,,,left_only,False
toyama,jardin fest,Retail Display,2025,4,49510.0,0.0,174.0,0.0,,,,,left_only,False
toyama,jardin fest,Retail Display,2025,5,12483.0,0.0,25.0,0.0,,,,,left_only,False
toyama,n5r3zlbin,CRM,2025,6,0.0,16460.0,302.0,122518.0,,,,,left_only,False
toyotomi,,Otros,2026,5,92653.0,0.0,121.0,0.0,,,,,left_only,False
toyotomi,6189516 009158,CRM,2023,5,0.0,102026.0,294.0,23496024.0,,,,,left_only,False
toyotomi,6189516 009298,CRM,2023,5,0.0,101157.0,218.0,47669277.0,,,,,left_only,False
toyotomi,6189516 009400,CRM,2023,5,0.0,105281.0,196.0,24779120.0,,,,,left_only,False
toyotomi,6189516 009510,CRM,2023,5,0.0,105416.0,208.0,22577615.0,,,,,left_only,False
toyotomi,6189516 009613,CRM,2023,5,0.0,48876.0,9407.0,35605322.0,,,,,left_only,False
toyotomi,6189516 009717,CRM,2023,6,0.0,101239.0,207.0,50194109.0,,,,,left_only,False
toyotomi,6189516 010290,CRM,2023,7,0.0,54068.0,4419.0,3453545.0,,,,,left_only,False
toyotomi,6lxozzdmp,CRM,2025,6,0.0,54050.0,282.0,15272462.0,,,,,left_only,False
toyotomi,aon abril toyotomi,CRM,2026,4,0.0,204189.0,0.0,54512894.0,ELECTROHOGAR,1200000.0,27586.0,1172414.0,both,True
toyotomi,aon febrero 2026 ac,Sponsored Products,2026,2,17986.0,0.0,376.0,659980.0,ELECTROHOGAR,200000.0,164800.0,35200.0,both,True
toyotomi,aon marzo toyotomi 2026,Sponsored Products,2026,3,40277.0,0.0,673.0,1119930.0,ELECTROHOGAR,300000.0,247200.0,52800.0,both,True
toyotomi,aon mayo toyotomi 2026,CRM,2026,5,0.0,331362.0,0.0,37760733.0,ELECTROHOGAR,1200000.0,61538.0,1138462.0,both,True
toyotomi,aon toyotomi,Sponsored Products,2026,4,5208.0,0.0,99.0,359990.0,,,,,left_only,False
toyotomi,black week,Sponsored Products,2026,3,46037.0,0.0,930.0,2199880.0,,,,,left_only,False
toyotomi,calefont,Retail Display,2025,7,73344.0,0.0,99.0,0.0,,,,,left_only,False
toyotomi,co brand,Google,2024,12,61802.0,0.0,1860.0,2861750.0,,,,,left_only,False
toyotomi,co brand,Google,2025,1,321366.0,0.0,5788.0,9659317.0,,,,,left_only,False
toyotomi,co brand,Google,2025,2,140468.0,0.0,2564.0,3663162.0,,,,,left_only,False
toyotomi,co brand,Google,2025,3,26068.0,0.0,465.0,1355490.0,,,,,left_only,False
toyotomi,co brand,Google,2025,6,133284.0,0.0,1771.0,6518580.0,,,,,left_only,False
toyotomi,co brand,Google,2025,7,44892.0,0.0,555.0,339980.0,,,,,left_only,False
toyotomi,cyber day,Google,2025,6,131147.0,0.0,2118.0,0.0,,,,,left_only,False
toyotomi,cyber day,Retail Display,2024,6,297330.0,0.0,1305.0,0.0,,,,,left_only,False
toyotomi,cyber day,Retail Display,2025,6,104808.0,0.0,386.0,0.0,,,,,left_only,False
toyotomi,e2784qzll,CRM,2025,7,0.0,34685.0,226.0,3241260.0,,,,,left_only,False
toyotomi,electroweek toyotomi electrodomesticos 2026,Sponsored Products,2026,2,14995.0,0.0,251.0,149990.0,ELECTROHOGAR,100000.0,82400.0,17600.0,both,True
toyotomi,ha55povry,CRM,2025,6,0.0,101263.0,494.0,53316900.0,,,,,left_only,False
toyotomi,kyx9einom,CRM,2025,8,0.0,386586.0,1289.0,28417347.0,,,,,left_only,False
toyotomi,lkaj0dxdo,CRM,2025,2,0.0,53927.0,513.0,376980.0,,,,,left_only,False
toyotomi,mjswszcep,CRM,2025,1,0.0,102043.0,651.0,3483820.0,,,,,left_only,False
toyotomi,ppi,Retail Display,2025,8,62752.0,0.0,68.0,0.0,,,,,left_only,False
toyotomi,qitntobq8,CRM,2024,6,0.0,106072.0,194.0,35435603.0,,,,,left_only,False
toyotomi,relanzamiento toyotomi,CRM,2026,5,0.0,334019.0,0.0,27120107.0,ELECTROHOGAR,0.0,123076.0,-123076.0,both,True
toyotomi,relanzamiento toyotomi,Google,2026,5,695300.0,0.0,14813.0,37831745.0,ELECTROHOGAR,5351973.0,0.0,5351973.0,both,True
toyotomi,relanzamiento toyotomi,Meta,2026,5,1824526.0,0.0,38069.0,14350626.0,,,,,left_only,False
toyotomi,relanzamiento toyotomi,Retail Display,2026,5,282931.0,0.0,224.0,0.0,ELECTROHOGAR,900000.0,720000.0,180000.0,both,True
toyotomi,zpua0yz0m,CRM,2024,1,0.0,101717.0,622.0,2464505.0,,,,,left_only,False
toyotomi,zs0jmnmec,CRM,2024,5,0.0,101267.0,402.0,41397954.0,,,,,left_only,False
toyotomi calefont,,Retail Display,2025,6,31416.0,0.0,98.0,0.0,,,,,left_only,False
toyotomi calefont,,Retail Display,2025,7,22504.0,0.0,56.0,0.0,,,,,left_only,False
traper,4wqqd8iap,CRM,2024,7,0.0,101092.0,381.0,1444656.0,,,,,left_only,False
traper,6189516 009484,CRM,2023,5,0.0,52140.0,141.0,1294559.0,,,,,left_only,False
traper,6189516 009877,CRM,2023,6,0.0,80580.0,125.0,1385574.0,,,,,left_only,False
traper,amwj6ujkg,CRM,2024,6,0.0,126.0,0.0,1474137.0,,,,,left_only,False
traper,d7isfyfpv,CRM,2025,5,0.0,123.0,0.0,1238054.0,,,,,left_only,False
traper,kxwmus55g,CRM,2024,5,0.0,134.0,2.0,1677230.0,,,,,left_only,False
traper,mbccwpzp9,CRM,2025,7,0.0,1.0,0.0,11698.0,,,,,left_only,False
traper,pajyp7yv6,CRM,2024,7,0.0,105.0,0.0,1094248.0,,,,,left_only,False
traper,qlglgyfjm,CRM,2025,7,0.0,109.0,2.0,1358778.0,,,,,left_only,False
traper,regalones,Retail Display,2024,5,29609.0,0.0,104.0,0.0,,,,,left_only,False
traper,regalones,Retail Display,2024,6,151931.0,0.0,331.0,0.0,,,,,left_only,False
traper,regalones,Retail Display,2024,7,353589.0,0.0,919.0,0.0,,,,,left_only,False
traper,tg5yhxjky,CRM,2025,7,0.0,24.0,0.0,242150.0,,,,,left_only,False
traper,xbdvs4tpp,CRM,2025,8,0.0,60.0,2.0,774971.0,,,,,left_only,False
traper,xnh1difgh,CRM,2025,6,0.0,18884.0,323.0,196529.0,,,,,left_only,False
trex,6189516 009513,CRM,2023,5,0.0,104075.0,127.0,0.0,,,,,left_only,False
trex,6189516 009539,CRM,2023,5,0.0,104907.0,70.0,249990.0,,,,,left_only,False
trex,aon marzo 2026,Sponsored Products,2026,3,25372.0,0.0,569.0,784980.0,,,,,left_only,False
trex,aon stihl,Sponsored Products,2026,4,13413.0,0.0,209.0,1350972.0,,,,,left_only,False
trex,tactico febrero 2026,Sponsored Products,2026,2,22455.0,0.0,445.0,4364960.0,,,,,left_only,False
trex,tactico tractores,Google,2026,1,36467.0,0.0,1025.0,11461260.0,,,,,left_only,False
trex,tractores,Google,2025,11,12529.0,0.0,315.0,6971980.0,,,,,left_only,False
trex,tractores,Google,2026,2,9885.0,0.0,289.0,3941910.0,,,,,left_only,False
trex,tractores,Google,2026,3,41060.0,0.0,1351.0,4934920.0,,,,,left_only,False
tuhome,,CRM,2025,9,0.0,14727.0,0.0,3090223.0,,,,,left_only,False
tuhome,,CRM,2025,10,0.0,48642.0,0.0,8067594.0,,,,,left_only,False
tuhome,,CRM,2025,11,0.0,39754.0,0.0,7724154.0,,,,,left_only,False
tuhome,,CRM,2025,12,0.0,40694.0,0.0,2794021.0,,,,,left_only,False
tuhome,,CRM,2026,1,0.0,37000.0,0.0,6812385.0,,,,,left_only,False
tuhome,,CRM,2026,2,0.0,36413.0,0.0,6741042.0,,,,,left_only,False
tuhome,,CRM,2026,3,0.0,65665.0,0.0,7991508.0,,,,,left_only,False
tuhome,,CRM,2026,4,0.0,60200.0,0.0,5602118.0,,,,,left_only,False
tuhome,,CRM,2026,5,0.0,49484.0,0.0,3003503.0,,,,,left_only,False
tuhome,0rvmuenmi,CRM,2025,10,0.0,101144.0,736.0,4334031.0,,,,,left_only,False
tuhome,0uznzdo09,CRM,2025,8,0.0,101083.0,531.0,1647103.0,,,,,left_only,False
tuhome,2a zc5sx6,CRM,2024,12,0.0,101308.0,551.0,2722579.0,,,,,left_only,False
tuhome,3ckispkwo,CRM,2025,1,0.0,101070.0,592.0,2092828.0,,,,,left_only,False
tuhome,40ijryr8x,CRM,2024,1,0.0,40781.0,3978.0,2129383.0,,,,,left_only,False
tuhome,6189516 007762,CRM,2023,1,0.0,101124.0,159.0,6040483.0,,,,,left_only,False
tuhome,6189516 008000,CRM,2023,2,0.0,101233.0,250.0,4657570.0,,,,,left_only,False
tuhome,6189516 008118,CRM,2023,2,0.0,100999.0,434.0,1262660.0,,,,,left_only,False
tuhome,6189516 008238,CRM,2023,2,0.0,100326.0,195.0,1467354.0,,,,,left_only,False
tuhome,6189516 008382,CRM,2023,3,0.0,101303.0,242.0,4817875.0,,,,,left_only,False
tuhome,6189516 008412,CRM,2023,3,0.0,101254.0,243.0,1206400.0,,,,,left_only,False
tuhome,6189516 008413,CRM,2023,3,0.0,101307.0,8.0,895548.0,,,,,left_only,False
tuhome,6189516 008439,CRM,2023,3,0.0,99001.0,144.0,2887720.0,,,,,left_only,False
tuhome,6189516 008530,CRM,2023,3,0.0,101312.0,158.0,5035285.0,,,,,left_only,False
tuhome,6189516 008838,CRM,2023,4,0.0,101415.0,269.0,2486130.0,,,,,left_only,False
tuhome,6189516 008940,CRM,2023,4,0.0,101402.0,235.0,2813957.0,,,,,left_only,False
tuhome,6189516 009048,CRM,2023,4,0.0,54108.0,57.0,714960.0,,,,,left_only,False
tuhome,6189516 009052,CRM,2023,4,0.0,49053.0,7.0,929930.0,,,,,left_only,False
tuhome,6189516 009248,CRM,2023,5,0.0,101306.0,153.0,1817430.0,,,,,left_only,False
tuhome,6189516 009395,CRM,2023,5,0.0,101067.0,95.0,3661921.0,,,,,left_only,False
tuhome,6189516 009503,CRM,2023,5,0.0,30576.0,0.0,891900.0,,,,,left_only,False
tuhome,6189516 009505,CRM,2023,5,0.0,105273.0,152.0,1942955.0,,,,,left_only,False
tuhome,6189516 009521,CRM,2023,5,0.0,105490.0,128.0,2834984.0,,,,,left_only,False
tuhome,6189516 009745,CRM,2023,6,0.0,101257.0,109.0,3236959.0,,,,,left_only,False
tuhome,6189516 009757,CRM,2023,6,0.0,102011.0,113.0,2694603.0,,,,,left_only,False
tuhome,6189516 009926,CRM,2023,6,0.0,26978.0,0.0,2132830.0,,,,,left_only,False
tuhome,6189516 010004,CRM,2023,7,0.0,101279.0,182.0,6270476.0,,,,,left_only,False
tuhome,6189516 010019,CRM,2023,7,0.0,52183.0,87.0,3657236.0,,,,,left_only,False
tuhome,6189516 010020,CRM,2023,7,0.0,52196.0,112.0,944910.0,,,,,left_only,False
tuhome,6189516 010188,CRM,2023,7,0.0,53153.0,6184.0,3536690.0,,,,,left_only,False
tuhome,6189516 010200,CRM,2023,7,0.0,101330.0,192.0,8210146.0,,,,,left_only,False
tuhome,6189516 010457,CRM,2023,8,0.0,101784.0,88.0,4064331.0,,,,,left_only,False
tuhome,6189516 010748,CRM,2023,8,0.0,54136.0,4426.0,2870759.0,,,,,left_only,False
tuhome,6189516 010794,CRM,2023,8,0.0,53957.0,6001.0,4019996.0,,,,,left_only,False
tuhome,6189516 011163,CRM,2023,10,0.0,96769.0,630.0,5150701.0,,,,,left_only,False
tuhome,6189516 011169,CRM,2023,9,0.0,101207.0,471.0,10884811.0,,,,,left_only,False
tuhome,6189516 011193,CRM,2023,10,0.0,105301.0,197.0,2813244.0,,,,,left_only,False
tuhome,6189516 011242,CRM,2023,10,0.0,105276.0,164.0,1229621.0,,,,,left_only,False
tuhome,6189516 011260,CRM,2023,9,0.0,53878.0,4815.0,5321131.0,,,,,left_only,False
tuhome,6189516 011366,CRM,2023,10,0.0,51268.0,3580.0,1060707.0,,,,,left_only,False
tuhome,6189516 011476,CRM,2023,10,0.0,101291.0,437.0,2987845.0,,,,,left_only,False
tuhome,6189516 011650,CRM,2023,10,0.0,53972.0,3253.0,1301920.0,,,,,left_only,False
tuhome,6189516 011923,CRM,2023,11,0.0,53976.0,4863.0,1789647.0,,,,,left_only,False
tuhome,6189516 012289,CRM,2023,12,0.0,101288.0,416.0,2930267.0,,,,,left_only,False
tuhome,6189516 012354,CRM,2023,12,0.0,54250.0,4120.0,823231.0,,,,,left_only,False
tuhome,6zdamyblx,CRM,2024,5,0.0,101190.0,498.0,6828565.0,,,,,left_only,False
tuhome,adw7f99tq,CRM,2025,4,0.0,101331.0,482.0,2205274.0,,,,,left_only,False
tuhome,aon abril tuhome muebles 2026,CRM,2026,4,0.0,329593.0,0.0,2783495.0,BANOS Y COCINAS,1000000.0,27586.0,972414.0,both,True
tuhome,aon byc,Sponsored Products,2026,4,49466.0,0.0,1278.0,226970.0,,,,,left_only,False
tuhome,aon diciembre,CRM,2025,12,0.0,155262.0,426.0,1087071.0,MUEBLES,2050000.0,114286.0,1935714.0,both,True
tuhome,aon enero muebles,CRM,2026,1,0.0,324045.0,0.0,2270640.0,MUEBLES,1200000.0,55172.0,1144828.0,both,True
tuhome,aon enero muebles,CRM,2026,2,0.0,53998.0,0.0,641420.0,,,,,left_only,False
tuhome,aon enero muebles,Meta,2026,1,396383.0,0.0,16442.0,0.0,,,,,left_only,False
tuhome,aon febrero 2026,Meta,2026,2,262466.0,0.0,8582.0,0.0,,,,,left_only,False
tuhome,aon febrero 2026,Sponsored Products,2026,2,152456.0,0.0,2368.0,2041620.0,,,,,left_only,False
tuhome,aon febrero 2026 byc,Sponsored Products,2026,2,128003.0,0.0,1887.0,1528840.0,,,,,left_only,False
tuhome,aon febrero muebles 2026,CRM,2026,2,0.0,406736.0,416.0,10251593.0,MUEBLES,1200000.0,152380.0,1047620.0,both,True
tuhome,aon marzo 2026 bano y cocina,Sponsored Products,2026,3,166058.0,0.0,2901.0,1669810.0,BANOS Y COCINAS,300000.0,247200.0,52800.0,both,True
tuhome,aon marzo 2026 muebles,Sponsored Products,2026,3,108681.0,0.0,1545.0,2330790.0,MUEBLES,400000.0,329600.0,70400.0,both,True
tuhome,aon muebles,Sponsored Products,2026,4,55585.0,0.0,889.0,489950.0,,,,,left_only,False
tuhome,bares,Retail Display,2024,6,216119.0,0.0,381.0,0.0,,,,,left_only,False
tuhome,bdhkzbd7t,CRM,2025,1,0.0,155019.0,1518.0,2763517.0,,,,,left_only,False
tuhome,bjkvpqlm6,CRM,2024,3,0.0,101788.0,492.0,1022390.0,,,,,left_only,False
tuhome,black,Retail Display,2024,7,28951.0,0.0,207.0,0.0,,,,,left_only,False
tuhome,black,Retail Display,2024,8,150965.0,0.0,1170.0,0.0,,,,,left_only,False
tuhome,black week,Sponsored Products,2026,3,175250.0,0.0,3344.0,3900050.0,,,,,left_only,False
tuhome,bneoa53yy,CRM,2024,10,0.0,48573.0,208.0,1328014.0,,,,,left_only,False
tuhome,bt7dbpvkr,CRM,2025,11,0.0,101109.0,223.0,434970.0,,,,,left_only,False
tuhome,copa america,Retail Display,2024,6,193310.0,0.0,455.0,0.0,,,,,left_only,False
tuhome,copa america,Retail Display,2024,7,26250.0,0.0,78.0,0.0,,,,,left_only,False
tuhome,d25o9ekli,CRM,2024,8,0.0,1066697.0,28720.0,11961927.0,,,,,left_only,False
tuhome,dnj2eawxh,CRM,2024,8,0.0,101227.0,742.0,2676105.0,,,,,left_only,False
tuhome,dtute vby,CRM,2025,4,0.0,54073.0,315.0,1284810.0,,,,,left_only,False
tuhome,e0qzkntcu,CRM,2024,12,0.0,101128.0,562.0,2388440.0,,,,,left_only,False
tuhome,enpdqkomd,CRM,2025,11,0.0,469254.0,0.0,4502015.0,,,,,left_only,False
tuhome,evw3qgwmy,CRM,2025,2,0.0,341910.0,143.0,26261538.0,,,,,left_only,False
tuhome,fdgvecye6,CRM,2024,7,0.0,1124159.0,28656.0,13256925.0,,,,,left_only,False
tuhome,fmfmzajji,CRM,2024,6,0.0,106202.0,244.0,1578850.0,,,,,left_only,False
tuhome,fqtymmfpk,CRM,2025,11,0.0,101096.0,875.0,1158266.0,,,,,left_only,False
tuhome,gxkkkoxy,CRM,2025,10,0.0,101289.0,269.0,1532900.0,,,,,left_only,False
tuhome,gz k7ni2u,CRM,2024,7,0.0,2984.0,0.0,69990.0,,,,,left_only,False
tuhome,hagogkcqq,CRM,2025,2,0.0,101866.0,546.0,5565908.0,,,,,left_only,False
tuhome,hriwbannk,CRM,2024,9,0.0,1127962.0,27022.0,8491503.0,,,,,left_only,False
tuhome,ijhpnply9,CRM,2024,12,0.0,102112.0,374.0,1205443.0,,,,,left_only,False
tuhome,iqdhltxsb,CRM,2024,8,0.0,1090614.0,28033.0,16229087.0,,,,,left_only,False
tuhome,izpj1dgfo,CRM,2025,3,0.0,352275.0,2000.0,8877780.0,,,,,left_only,False
tuhome,j0hcfciq9,CRM,2024,7,0.0,53934.0,2439.0,847512.0,,,,,left_only,False
tuhome,jjnyn9sn4,CRM,2024,10,0.0,1124262.0,25668.0,7966840.0,,,,,left_only,False
tuhome,jvoabf6zn,CRM,2025,10,0.0,106283.0,186.0,1346380.0,,,,,left_only,False
tuhome,kepnuqpeb,CRM,2024,6,0.0,53880.0,2284.0,650924.0,,,,,left_only,False
tuhome,ksilg0zon,CRM,2025,6,0.0,101435.0,18.0,2344427.0,,,,,left_only,False
tuhome,kvtknzzp6,CRM,2025,7,0.0,101117.0,492.0,1998894.0,,,,,left_only,False
tuhome,lnz6gfbts,CRM,2024,4,0.0,53947.0,2661.0,1292959.0,,,,,left_only,False
tuhome,lthqaz0qh,CRM,2025,6,0.0,467175.0,1644.0,4813449.0,,,,,left_only,False
tuhome,m7vz0mfcp,CRM,2024,6,0.0,106063.0,361.0,765880.0,,,,,left_only,False
tuhome,muebles,Retail Display,2024,5,333712.0,0.0,1258.0,0.0,,,,,left_only,False
tuhome,n76kpzxfn,CRM,2024,11,0.0,101153.0,471.0,3666493.0,,,,,left_only,False
tuhome,navsls4c6,CRM,2024,9,0.0,101197.0,504.0,11869828.0,,,,,left_only,False
tuhome,nycfvus2o,CRM,2024,12,0.0,6.0,2.0,552940.0,,,,,left_only,False
tuhome,ochk5hxas,CRM,2025,10,0.0,101400.0,751.0,1761850.0,,,,,left_only,False
tuhome,ofdbx03ui,CRM,2025,11,0.0,101230.0,341.0,732931.0,,,,,left_only,False
tuhome,pccsium1x,CRM,2025,2,0.0,101179.0,720.0,3202020.0,,,,,left_only,False
tuhome,pfzwzpblq,CRM,2025,6,0.0,106349.0,194.0,2175790.0,,,,,left_only,False
tuhome,pj12yihpb,CRM,2025,10,0.0,106146.0,148.0,2444489.0,,,,,left_only,False
tuhome,pl8j7z6fh,CRM,2024,1,0.0,101902.0,298.0,2362232.0,,,,,left_only,False
tuhome,qogl5bsr3,CRM,2025,3,0.0,100397.0,382.0,7125866.0,,,,,left_only,False
tuhome,qsrq4cxud,CRM,2025,7,0.0,437595.0,1403.0,6185140.0,,,,,left_only,False
tuhome,qvypcjdta,CRM,2024,7,0.0,101168.0,893.0,1530604.0,,,,,left_only,False
tuhome,r01jgu6sd,CRM,2025,5,0.0,101135.0,420.0,6215596.0,,,,,left_only,False
tuhome,r4n3nx6ks,CRM,2024,7,0.0,103824.0,521.0,6535627.0,,,,,left_only,False
tuhome,tgecmbxlf,CRM,2024,5,0.0,1125132.0,35578.0,30067376.0,,,,,left_only,False
tuhome,tuy1otwwr,CRM,2025,6,0.0,106307.0,211.0,2087253.0,,,,,left_only,False
tuhome,urttd ldy,CRM,2025,3,0.0,101256.0,452.0,5636684.0,,,,,left_only,False
tuhome,vk1jctztb,CRM,2025,5,0.0,389137.0,1936.0,19577366.0,,,,,left_only,False
tuhome,wfp lwcqy,CRM,2024,3,0.0,53973.0,2819.0,1610405.0,,,,,left_only,False
tuhome,x8f pajbi,CRM,2024,3,0.0,101280.0,431.0,2985430.0,,,,,left_only,False
tuhome,xqlbymsyx,CRM,2025,7,0.0,101123.0,376.0,2460800.0,,,,,left_only,False
tuhome,xtx2esd32,CRM,2025,3,0.0,312747.0,1987.0,7537379.0,,,,,left_only,False
tuhome,y 4hqsyfq,CRM,2024,12,0.0,1128127.0,23416.0,12107861.0,,,,,left_only,False
tuhome,ykldlxfty,CRM,2024,2,0.0,101450.0,558.0,2126755.0,,,,,left_only,False
tuhome,yrglndexo,CRM,2024,4,0.0,99532.0,398.0,1970149.0,,,,,left_only,False
tuhome,ze78xvjk7,CRM,2024,11,0.0,1124403.0,25882.0,19746576.0,,,,,left_only,False
tuhome,zuwhpumry,CRM,2024,10,0.0,48530.0,297.0,1490122.0,,,,,left_only,False
tvilum,6189516 008701,CRM,2023,3,0.0,100511.0,219.0,1314460.0,,,,,left_only,False
tvilum,6189516 008749,CRM,2023,4,0.0,100635.0,547.0,4478033.0,,,,,left_only,False
tx,,Sponsored Products,2026,4,48510.0,0.0,862.0,487960.0,,,,,left_only,False
tx,black friday,Retail Display,2025,11,66633.0,0.0,83.0,0.0,,,,,left_only,False
tx,black friday,Retail Display,2025,12,8357.0,0.0,14.0,0.0,,,,,left_only,False
tx,black marzo 2026,CRM,2026,3,0.0,320536.0,0.0,813990.0,,,,,left_only,False
tx,black week,Retail Display,2026,3,103242.0,0.0,84.0,0.0,,,,,left_only,False
tx,black week,Retail Display,2026,4,50634.0,0.0,34.0,0.0,,,,,left_only,False
tx,black week,Sponsored Products,2026,3,48340.0,0.0,997.0,1696080.0,,,,,left_only,False
tx,email catalogo mes del maestro,CRM,2026,3,0.0,38977.0,91.0,85905.0,OBRA GRUESA,0.0,53333.0,-53333.0,both,True
tx,tactico febrero,Retail Display,2026,2,50011.0,0.0,53.0,0.0,OBRA GRUESA,130000.0,104000.0,26000.0,both,True
tx,tactico febrero,Sponsored Products,2026,2,87342.0,0.0,1543.0,1204530.0,OBRA GRUESA,250000.0,206000.0,44000.0,both,True
ugreen,cyber monday,Retail Display,2025,10,65131.0,0.0,149.0,0.0,,,,,left_only,False
ultu,6189516 009759,CRM,2023,6,0.0,101465.0,77.0,0.0,,,,,left_only,False
unilever,co brand,Google,2024,10,81568.0,0.0,820.0,0.0,,,,,left_only,False
unilever,co brand,Google,2025,4,19442.0,0.0,211.0,0.0,,,,,left_only,False
unilever,co brand,Google,2025,5,15886.0,0.0,221.0,59940.0,,,,,left_only,False
unilever,co brand,Google,2025,12,57015.0,0.0,631.0,386214.0,,,,,left_only,False
unilever,cyber monday,Retail Display,2024,9,15626.0,0.0,105.0,0.0,,,,,left_only,False
unilever,cyber monday,Retail Display,2024,10,144965.0,0.0,287.0,0.0,,,,,left_only,False
unilever omo,black friday,Retail Display,2024,11,8190.0,0.0,50.0,0.0,,,,,left_only,False
unilever omo,black friday,Retail Display,2024,12,274829.0,0.0,658.0,0.0,,,,,left_only,False
unilever omo,black week,Meta,2026,3,97066.0,0.0,5300.0,0.0,,,,,left_only,False
unilever omo,black week,Retail Display,2025,3,79355.0,0.0,128.0,0.0,,,,,left_only,False
unilever omo,black week,Retail Display,2025,4,131496.0,0.0,240.0,0.0,,,,,left_only,False
unilever omo drive quix,cyber day,Retail Display,2025,6,152702.0,0.0,478.0,0.0,,,,,left_only,False
unilever omo drive quix,cyber monday,Retail Display,2025,10,91627.0,0.0,355.0,0.0,,,,,left_only,False
ursus trotter,aon febrero electrodomesticos 2026,Retail Display,2026,2,230778.0,0.0,292.0,0.0,ELECTROHOGAR,600000.0,480000.0,120000.0,both,True
ursus trotter,aon febrero electrodomesticos 2026,Retail Display,2026,4,173093.0,0.0,232.0,0.0,,,,,left_only,False
ursus trotter,aon febrero electrodomesticos 2026,Sponsored Products,2026,2,188964.0,0.0,4946.0,12701800.0,ELECTROHOGAR,900000.0,741600.0,158400.0,both,True
ursus trotter,aon marzo ursus trotter 2026,CRM,2026,3,0.0,312223.0,0.0,31661085.0,ELECTROHOGAR,700000.0,53333.0,646667.0,both,True
ursus trotter,aon marzo ursus trotter 2026,Sponsored Products,2026,3,143898.0,0.0,3522.0,9791070.0,ELECTROHOGAR,300000.0,247200.0,52800.0,both,True
ursus trotter,aon ursus trotter,Sponsored Products,2026,4,123031.0,0.0,2494.0,4050240.0,,,,,left_only,False
ursus trotter,avuiizmj0,CRM,2024,6,0.0,102660.0,266.0,10973235.0,,,,,left_only,False
ursus trotter,black friday,Retail Display,2025,11,202122.0,0.0,395.0,0.0,,,,,left_only,False
ursus trotter,black friday,Retail Display,2025,12,22087.0,0.0,26.0,0.0,,,,,left_only,False
ursus trotter,black out,Retail Display,2025,7,64399.0,0.0,193.0,0.0,,,,,left_only,False
ursus trotter,black out,Retail Display,2025,8,139049.0,0.0,310.0,0.0,,,,,left_only,False
ursus trotter,black week,Sponsored Products,2026,3,86364.0,0.0,2341.0,19997690.0,,,,,left_only,False
ursus trotter,ckhhdvkcu,CRM,2025,6,0.0,106074.0,149.0,5956293.0,,,,,left_only,False
ursus trotter,cyber monday,Retail Display,2025,10,256474.0,0.0,781.0,0.0,,,,,left_only,False
ursus trotter,electro lb,Google,2025,3,155301.0,0.0,2351.0,0.0,,,,,left_only,False
ursus trotter,electro lb,Google,2025,4,149840.0,0.0,2048.0,0.0,,,,,left_only,False
ursus trotter,electrodomesticos,Retail Display,2025,6,112826.0,0.0,151.0,0.0,,,,,left_only,False
ursus trotter,kmlo1nnsd,CRM,2025,6,0.0,106209.0,223.0,11848025.0,,,,,left_only,False
ursus trotter,okcdtpudx,CRM,2025,6,0.0,101343.0,569.0,21216726.0,,,,,left_only,False
ursus trotter,pdu6kj9dh,CRM,2025,7,0.0,54043.0,249.0,5247068.0,,,,,left_only,False
ursus trotter,pkzkxcd99,CRM,2025,6,0.0,106108.0,131.0,12641015.0,,,,,left_only,False
ursus trotter,ursus always on,Retail Display,2025,6,165521.0,0.0,237.0,0.0,,,,,left_only,False
van beek,black,Retail Display,2024,8,108376.0,0.0,434.0,0.0,,,,,left_only,False
van beek,black week,Sponsored Products,2026,3,55153.0,0.0,502.0,0.0,,,,,left_only,False
van beek,cyber day,Retail Display,2024,6,303713.0,0.0,1483.0,0.0,,,,,left_only,False
van beek,cyber day,Retail Display,2025,6,107308.0,0.0,212.0,0.0,,,,,left_only,False
van beek,cyber monday,Retail Display,2025,10,111715.0,0.0,405.0,0.0,,,,,left_only,False
van beek,jardin black week,Retail Display,2025,3,76192.0,0.0,319.0,0.0,,,,,left_only,False
van beek,jardin black week,Retail Display,2025,4,81445.0,0.0,304.0,0.0,,,,,left_only,False
van beek,npo4d24s2,CRM,2024,6,0.0,106287.0,188.0,0.0,,,,,left_only,False
van beek,venta final enero 2026,CRM,2026,1,0.0,53984.0,0.0,0.0,JARDIN,550000.0,55172.0,494828.0,both,True
van beek power tools,6189516 007891,CRM,2023,1,0.0,6754.0,19.0,166990.0,,,,,left_only,False
van beek power tools,6189516 007896,CRM,2023,1,0.0,95363.0,171.0,0.0,,,,,left_only,False
van beek power tools,6189516 008550,CRM,2023,3,0.0,101332.0,145.0,189990.0,,,,,left_only,False
van beek power tools,8dqwdtcbl,CRM,2024,4,0.0,42414.0,1712.0,0.0,,,,,left_only,False
van beek power tools,sz6oirhl1,CRM,2024,6,0.0,54006.0,2189.0,319980.0,,,,,left_only,False
van beek power tools,tpjwkfdjq,CRM,2024,7,0.0,91697.0,682.0,336990.0,,,,,left_only,False
van beek power tools,vm9xskisi,CRM,2024,4,0.0,101280.0,320.0,0.0,,,,,left_only,False
van beek power tools,x,CRM,2024,9,0.0,105362.0,0.0,0.0,,,,,left_only,False
van beek power tools,x,CRM,2024,10,0.0,106229.0,606.0,281504.0,,,,,left_only,False
van beek power tools,yfuhgc8r2,CRM,2025,2,0.0,101181.0,0.0,0.0,,,,,left_only,False
vanish,5dwgcygcl,CRM,2025,6,0.0,106243.0,163.0,160960.0,,,,,left_only,False
vanish,aseo,Retail Display,2025,3,97321.0,0.0,124.0,0.0,,,,,left_only,False
vanish,aseo,Sponsored Products,2025,4,115390.0,0.0,194.0,0.0,,,,,left_only,False
vanish,tactico aseo,Retail Display,2025,2,96166.0,0.0,80.0,0.0,,,,,left_only,False
vanish pink stuff,3x2,Retail Display,2025,4,49496.0,0.0,353.0,0.0,,,,,left_only,False
vanish pink stuff,3x2,Retail Display,2025,5,8211.0,0.0,55.0,0.0,,,,,left_only,False
vekkahome,,CRM,2026,4,0.0,1582.0,0.0,9112581.0,,,,,left_only,False
vekkahome,,CRM,2026,5,0.0,1153.0,0.0,5745808.0,,,,,left_only,False
vekkahome,62gu0wyfc,CRM,2024,3,0.0,101368.0,776.0,5597788.0,,,,,left_only,False
vekkahome,aon abril vekka chile 2026,CRM,2026,4,0.0,58804.0,0.0,11123206.0,BANOS Y COCINAS,800000.0,0.0,800000.0,both,True
vekkahome,aon abril vekka chile 2026,CRM,2026,5,0.0,47446.0,0.0,6727749.0,,,,,left_only,False
vekkahome,aon abril vekka home 2026,CRM,2026,4,0.0,134919.0,543.0,5339240.0,MUEBLES,1200000.0,27586.0,1172414.0,both,True
vekkahome,aon enero,CRM,2026,1,0.0,101255.0,275.0,10776813.0,MUEBLES,1200000.0,55172.0,1144828.0,both,True
vekkahome,aon febrero bano y cocina 2026,Sponsored Products,2026,2,171386.0,0.0,3703.0,4852830.0,BANOS Y COCINAS,500000.0,412000.0,88000.0,both,True
vekkahome,aon febrero muebles 2026,CRM,2026,2,0.0,202834.0,710.0,17084434.0,MUEBLES,1200000.0,76190.0,1123810.0,both,True
vekkahome,aon febrero muebles 2026,Sponsored Products,2026,2,149063.0,0.0,4610.0,11481530.0,MUEBLES,500000.0,412000.0,88000.0,both,True
vekkahome,aon marzo 2026 bano y cocina,Sponsored Products,2026,3,94130.0,0.0,2515.0,6248130.0,BANOS Y COCINAS,300000.0,247200.0,52800.0,both,True
vekkahome,aon marzo 2026 muebles,CRM,2026,3,0.0,135081.0,720.0,9273932.0,MUEBLES,1200000.0,53333.0,1146667.0,both,True
vekkahome,aon marzo 2026 muebles,Sponsored Products,2026,3,155765.0,0.0,5141.0,11599270.0,MUEBLES,500000.0,412000.0,88000.0,both,True
vekkahome,aon mayo vekkahome muebles 2026,CRM,2026,5,0.0,135007.0,843.0,5374538.0,MUEBLES,1200000.0,61538.0,1138462.0,both,True
vekkahome,aon vekka home,Sponsored Products,2026,4,176870.0,0.0,6166.0,7647510.0,,,,,left_only,False
vekkahome,black marzo 2026 muebles,CRM,2026,3,0.0,101899.0,542.0,8383636.0,,,,,left_only,False
vekkahome,black week,Sponsored Products,2026,3,310089.0,0.0,10296.0,20828640.0,,,,,left_only,False
vekkahome,cwmbcku6d,CRM,2024,4,0.0,99515.0,420.0,6571891.0,,,,,left_only,False
vekkahome,fadh5g6rf,CRM,2025,10,0.0,106070.0,272.0,2990660.0,,,,,left_only,False
vekkahome,jkatylg0t,CRM,2024,1,0.0,101611.0,493.0,4652404.0,,,,,left_only,False
vekkahome,kv6v4ifp3,CRM,2025,5,0.0,30811.0,352.0,3619094.0,,,,,left_only,False
vekkahome,kviqsi9bi,CRM,2024,2,0.0,101293.0,619.0,12574142.0,,,,,left_only,False
vekkahome,lbrv4apvb,CRM,2025,8,0.0,101269.0,309.0,4278575.0,,,,,left_only,False
vekkahome,moesqpg5s,CRM,2025,6,0.0,106362.0,229.0,4141497.0,,,,,left_only,False
vekkahome,nngqnhwpl,CRM,2025,6,0.0,106276.0,305.0,8908888.0,,,,,left_only,False
vekkahome,psk8mpycj,CRM,2024,6,0.0,101299.0,678.0,3777125.0,,,,,left_only,False
vekkahome,sjx165ldr,CRM,2025,3,0.0,101233.0,583.0,9433351.0,,,,,left_only,False
vekkahome,srq4v19nw,CRM,2024,11,0.0,54009.0,2047.0,1778610.0,,,,,left_only,False
vekkahome,udwo3r0dg,CRM,2025,2,0.0,101068.0,574.0,7200915.0,,,,,left_only,False
vekkahome,vr8kfcih6,CRM,2024,6,0.0,106135.0,310.0,1280850.0,,,,,left_only,False
vekkahome,vub9ko3ea,CRM,2025,9,0.0,101428.0,643.0,5570313.0,,,,,left_only,False
vekkahome,x6ltab7bx,CRM,2024,5,0.0,101080.0,559.0,5245747.0,,,,,left_only,False
vekkahome,xbapssmy7,CRM,2024,3,0.0,101158.0,621.0,8903003.0,,,,,left_only,False
vekkahome,xbk93e2og,CRM,2025,12,0.0,101364.0,569.0,6825485.0,,,,,left_only,False
vekkahome,zqhumvqiw,CRM,2025,10,0.0,106272.0,225.0,5441322.0,,,,,left_only,False
vekkahome muebles,cyber day,Retail Display,2025,6,115847.0,0.0,1037.0,0.0,,,,,left_only,False
veloti,4j0pyjgh3,CRM,2024,9,0.0,102100.0,569.0,43001703.0,,,,,left_only,False
veloti,6189516 007826,CRM,2023,1,0.0,100770.0,147.0,4995413.0,,,,,left_only,False
veloti,6189516 007930,CRM,2023,1,0.0,53993.0,5631.0,1843565.0,,,,,left_only,False
veloti,6189516 007972,CRM,2023,2,0.0,100739.0,113.0,715550.0,,,,,left_only,False
veloti,6189516 007987,CRM,2023,2,0.0,101166.0,102.0,1255790.0,,,,,left_only,False
veloti,6189516 008064,CRM,2023,2,0.0,101150.0,196.0,3816780.0,,,,,left_only,False
veloti,casasegura,Retail Display,2026,1,192462.0,0.0,234.0,0.0,,,,,left_only,False
veloti,es2smyocu,CRM,2024,10,0.0,102206.0,643.0,12675009.0,,,,,left_only,False
veloti,kuybtk7fv,CRM,2024,8,0.0,101125.0,576.0,10692963.0,,,,,left_only,False
veloti,qa26qxmhw,CRM,2024,12,0.0,102210.0,653.0,9763465.0,,,,,left_only,False
veloti,vrv42kngy,CRM,2024,11,0.0,101418.0,861.0,12114014.0,,,,,left_only,False
ventis ninja,cyber monday,Google,2025,10,119186.0,0.0,3963.0,0.0,,,,,left_only,False
ventis ninja,cyber monday,Meta,2025,10,81299.0,0.0,6143.0,0.0,,,,,left_only,False
ventus,,CRM,2026,1,0.0,67.0,0.0,1103470.0,,,,,left_only,False
ventus,,CRM,2026,2,0.0,166.0,0.0,2959930.0,,,,,left_only,False
ventus,,CRM,2026,3,0.0,183.0,0.0,49990.0,,,,,left_only,False
ventus,,CRM,2026,4,0.0,326.0,0.0,2379920.0,,,,,left_only,False
ventus,,CRM,2026,5,0.0,125.0,0.0,129980.0,,,,,left_only,False
ventus,5jlgdhnhc,CRM,2025,6,0.0,105988.0,159.0,1947011.0,,,,,left_only,False
ventus,6189516 008581,CRM,2023,3,0.0,100812.0,80.0,59990.0,,,,,left_only,False
ventus,6189516 011146,CRM,2023,10,0.0,105306.0,260.0,639990.0,,,,,left_only,False
ventus,6189516 011256,CRM,2023,10,0.0,75499.0,149.0,479990.0,,,,,left_only,False
ventus,6189516 012018,CRM,2023,11,0.0,101146.0,224.0,811518.0,,,,,left_only,False
ventus,78gm0wafi,CRM,2024,5,0.0,101256.0,527.0,5445949.0,,,,,left_only,False
ventus,8tazoaumh,CRM,2025,8,0.0,53931.0,248.0,1219940.0,,,,,left_only,False
ventus,9a9j0tmfv,CRM,2024,11,0.0,102196.0,529.0,5815937.0,,,,,left_only,False
ventus,aon libero ventus 2026,CRM,2026,1,0.0,3775.0,0.0,1839970.0,,,,,left_only,False
ventus,aon libero ventus 2026,CRM,2026,2,0.0,8208.0,0.0,3339930.0,,,,,left_only,False
ventus,aon libero ventus 2026,CRM,2026,3,0.0,11960.0,0.0,751960.0,,,,,left_only,False
ventus,aon libero ventus 2026,CRM,2026,4,0.0,21515.0,0.0,1174950.0,,,,,left_only,False
ventus,aon libero ventus 2026,CRM,2026,5,0.0,14032.0,0.0,1019920.0,,,,,left_only,False
ventus,aon marzo ventus 2026,Sponsored Products,2026,3,63270.0,0.0,846.0,2074930.0,ELECTROHOGAR,400000.0,329600.0,70400.0,both,True
ventus,aon ventus,Retail Display,2026,5,80607.0,0.0,101.0,0.0,,,,,left_only,False
ventus,aon ventus febrero,Sponsored Products,2026,2,130038.0,0.0,1280.0,13548740.0,ELECTROHOGAR,500000.0,412000.0,88000.0,both,True
ventus,bfpe4pur2,CRM,2025,2,0.0,54057.0,40.0,149990.0,,,,,left_only,False
ventus,ceo9bwx3w,CRM,2025,6,0.0,106258.0,162.0,2629900.0,,,,,left_only,False
ventus,co brand,Retail Display,2024,5,220553.0,0.0,362.0,0.0,,,,,left_only,False
ventus,cyber monday,Retail Display,2024,9,67137.0,0.0,154.0,0.0,,,,,left_only,False
ventus,cyber monday,Retail Display,2024,10,141493.0,0.0,298.0,0.0,,,,,left_only,False
ventus,hlfvv6kzk,CRM,2025,3,0.0,54053.0,443.0,274970.0,,,,,left_only,False
ventus,hswcmvaaz,CRM,2025,5,0.0,54052.0,361.0,1349950.0,,,,,left_only,False
ventus,hu0ajearn,CRM,2025,7,0.0,54097.0,249.0,1769940.0,,,,,left_only,False
ventus,lxvtxjgtk,CRM,2025,4,0.0,53995.0,348.0,1606930.0,,,,,left_only,False
ventus,mbccwpzp9,CRM,2025,6,0.0,54125.0,276.0,59990.0,,,,,left_only,False
ventus,mberh739l,CRM,2025,10,0.0,54044.0,189.0,869970.0,,,,,left_only,False
ventus,meiyoqgwe,CRM,2025,1,0.0,33157.0,699.0,579990.0,,,,,left_only,False
ventus,nbj54xxuz,CRM,2024,12,0.0,54045.0,1753.0,1246491.0,,,,,left_only,False
ventus,po1re4ohp,CRM,2024,6,0.0,102535.0,165.0,899950.0,,,,,left_only,False
ventus,qmhbnmqf0,CRM,2024,5,0.0,2450.0,0.0,2387548.0,,,,,left_only,False
ventus,semana marca,Retail Display,2024,9,302168.0,0.0,615.0,0.0,,,,,left_only,False
ventus,x,CRM,2024,9,0.0,105259.0,232.0,124980.0,,,,,left_only,False
ventus,x,CRM,2024,10,0.0,106268.0,125.0,595950.0,,,,,left_only,False
ventus bbq grill,,Otros,2026,5,85190.0,0.0,112.0,0.0,,,,,left_only,False
ventus bbq grill,aon ventus,Retail Display,2026,4,115388.0,0.0,109.0,0.0,,,,,left_only,False
ventus bbq grill,cyber monday,Retail Display,2025,10,147038.0,0.0,436.0,0.0,,,,,left_only,False
ventus bbq grill,parrillas,Retail Display,2025,9,205917.0,0.0,291.0,0.0,,,,,left_only,False
ventus blanik,cyber monday,Retail Display,2025,10,147897.0,0.0,571.0,0.0,,,,,left_only,False
ventus libero,aon libero,Sponsored Products,2026,5,77816.0,0.0,81.0,0.0,,,,,left_only,False
ventus libero,semana marca,Retail Display,2024,9,301154.0,0.0,804.0,0.0,,,,,left_only,False
vigahome,lanzamiento filtro,Retail Display,2025,5,73718.0,0.0,138.0,0.0,,,,,left_only,False
vigahome,lanzamiento filtro,Retail Display,2025,6,7014.0,0.0,7.0,0.0,,,,,left_only,False
vigahome,lukst2sid,CRM,2025,5,0.0,101369.0,1079.0,1983081.0,,,,,left_only,False
vigahome,viadecohome,Retail Display,2025,3,129347.0,0.0,224.0,0.0,,,,,left_only,False
vigahome,vnlcvlfi3,CRM,2025,9,0.0,101390.0,769.0,2299695.0,,,,,left_only,False
vileda,2lddcjjx0,CRM,2025,6,0.0,52597.0,455.0,759627.0,,,,,left_only,False
vileda,6189516 011245,CRM,2023,10,0.0,79612.0,91.0,22960.0,,,,,left_only,False
vileda,aon febrero 2026,Sponsored Products,2026,2,19952.0,0.0,338.0,233940.0,ASEO,300000.0,247200.0,52800.0,both,True
vileda,aon marzo 2026,Sponsored Products,2026,3,50341.0,0.0,700.0,535450.0,ASEO,145181.0,119629.0,25552.0,both,True
vileda,aseo,Retail Display,2024,7,50664.0,0.0,313.0,0.0,,,,,left_only,False
vileda,aseo,Retail Display,2024,8,15752.0,0.0,102.0,0.0,,,,,left_only,False
vileda,black friday,Retail Display,2024,11,5937.0,0.0,45.0,0.0,,,,,left_only,False
vileda,black friday,Retail Display,2024,12,156570.0,0.0,454.0,0.0,,,,,left_only,False
vileda,black marzo 2026,CRM,2026,4,0.0,135185.0,769.0,1955290.0,ASEO,1200000.0,27586.0,1172414.0,both,True
vileda,black week,Sponsored Products,2026,3,11011.0,0.0,285.0,800670.0,,,,,left_only,False
vileda,i0t9yz0qq,CRM,2025,10,0.0,106262.0,349.0,365311.0,,,,,left_only,False
vileda,qncysylwn,CRM,2024,7,0.0,102680.0,578.0,428142.0,,,,,left_only,False
vileda,sbsqnuekk,CRM,2025,10,0.0,106187.0,562.0,699511.0,,,,,left_only,False
vileda,t1upfhrfd,CRM,2025,4,0.0,101312.0,681.0,1278082.0,,,,,left_only,False
vileda,x5eyjdgn8,CRM,2025,12,0.0,101421.0,549.0,804267.0,,,,,left_only,False
vinilit,6189516 007614,CRM,2023,1,0.0,100881.0,231.0,6132102.0,,,,,left_only,False
vinilit,6189516 007648,CRM,2023,1,0.0,35710.0,7376.0,9328396.0,,,,,left_only,False
virutex,6189516 009768,CRM,2023,6,0.0,101996.0,73.0,1755923.0,,,,,left_only,False
virutex,6189516 010090,CRM,2023,7,0.0,101255.0,43.0,2287317.0,,,,,left_only,False
virutex,6189516 010219,CRM,2023,7,0.0,101224.0,108.0,2169774.0,,,,,left_only,False
virutex,6189516 010255,CRM,2023,7,0.0,38187.0,4311.0,1466299.0,,,,,left_only,False
virutex,6189516 010311,CRM,2023,7,0.0,12777.0,0.0,640956.0,,,,,left_only,False
virutex,6189516 010443,CRM,2023,8,0.0,101980.0,69.0,2562486.0,,,,,left_only,False
virutex,6189516 010597,CRM,2023,8,0.0,101224.0,96.0,3157925.0,,,,,left_only,False
virutex,6189516 010669,CRM,2023,8,0.0,101069.0,42.0,934765.0,,,,,left_only,False
volca,campana hazlo todo con volcan,CRM,2026,4,0.0,29887.0,89.0,0.0,,,,,left_only,False
volcan,6189516 009080,CRM,2023,4,0.0,100807.0,91.0,0.0,,,,,left_only,False
volcan,6189516 009197,CRM,2023,5,0.0,45000.0,6383.0,2655711.0,,,,,left_only,False
volcan,6189516 009206,CRM,2023,5,0.0,101911.0,208.0,1549281.0,,,,,left_only,False
volcan,6189516 010181,CRM,2023,7,0.0,101206.0,148.0,1419331.0,,,,,left_only,False
volcan,6189516 010367,CRM,2023,7,0.0,102134.0,101.0,2669621.0,,,,,left_only,False
volcan,6189516 010641,CRM,2023,8,0.0,53917.0,5579.0,1713714.0,,,,,left_only,False
volcan,6189516 011439,CRM,2023,10,0.0,101300.0,451.0,5968029.0,,,,,left_only,False
volcan,6189516 011634,CRM,2023,10,0.0,101385.0,285.0,7020692.0,,,,,left_only,False
volcan,6189516 011741,CRM,2023,11,0.0,99296.0,302.0,2145210.0,,,,,left_only,False
volcan,6189516 012105,CRM,2023,12,0.0,99844.0,412.0,5349009.0,,,,,left_only,False
volcan,black marzo 2026,CRM,2026,3,0.0,30059.0,95.0,12064992.0,,,,,left_only,False
volcan,black marzo 2026,CRM,2026,4,0.0,325840.0,0.0,17569900.0,TABIQUERIA/TECHUMBRE/AISLACION,2100000.0,55172.0,2044828.0,both,True
volcan,black week,Retail Display,2026,3,129056.0,0.0,106.0,0.0,,,,,left_only,False
volcan,black week,Retail Display,2026,4,63259.0,0.0,51.0,0.0,,,,,left_only,False
volcan,black week,Sponsored Products,2026,3,54434.0,0.0,1190.0,2166639.0,,,,,left_only,False
volcan,briilfbgr,CRM,2025,7,0.0,107.0,2.0,1347662.0,,,,,left_only,False
volcan,campana hazlo todo con volcan,CRM,2026,3,0.0,476616.0,511.0,74346314.0,TABIQUERIA/TECHUMBRE/AISLACION,4700000.0,159999.0,4540001.0,both,True
volcan,campana hazlo todo con volcan,CRM,2026,4,0.0,1499930.0,4075.0,101894645.0,TABIQUERIA/TECHUMBRE/AISLACION,3000000.0,55172.0,2944828.0,both,True
volcan,cic76vb0n,CRM,2024,7,0.0,101263.0,457.0,5370955.0,,,,,left_only,False
volcan,co brand,Retail Display,2024,7,780590.0,0.0,1251.0,0.0,,,,,left_only,False
volcan,cyber day,Retail Display,2024,6,503849.0,0.0,1938.0,0.0,,,,,left_only,False
volcan,cyber day,Retail Display,2025,6,94979.0,0.0,280.0,0.0,,,,,left_only,False
volcan,cyber monday,Retail Display,2025,10,109820.0,0.0,331.0,0.0,,,,,left_only,False
volcan,fcg8pybxs,CRM,2025,8,0.0,132.0,132.0,2074756.0,,,,,left_only,False
volcan,h4jnvn3qh,CRM,2024,7,0.0,103464.0,335.0,5256929.0,,,,,left_only,False
volcan,hazlo todo con volcan,Retail Display,2026,3,153857.0,0.0,69.0,0.0,,,,,left_only,False
volcan,hazlo todo con volcan,Retail Display,2026,4,153891.0,0.0,68.0,0.0,,,,,left_only,False
volcan,hazlo todo con volcan,Sponsored Products,2026,3,92694.0,0.0,2665.0,2071852.0,,,,,left_only,False
volcan,hazlo todo con volcan,Sponsored Products,2026,4,37040.0,0.0,1371.0,1244851.0,,,,,left_only,False
volcan,irp4ia0il,CRM,2025,6,0.0,17513.0,308.0,3216368.0,,,,,left_only,False
volcan,jthsxnccb,CRM,2025,2,0.0,102223.0,557.0,5549221.0,,,,,left_only,False
volcan,lanzamiento,CRM,2025,12,0.0,131359.0,388.0,5241951.0,,,,,left_only,False
volcan,lanzamiento,Retail Display,2025,12,324234.0,0.0,313.0,0.0,,,,,left_only,False
volcan,lqwka052t,CRM,2025,2,0.0,101988.0,621.0,3636712.0,,,,,left_only,False
volcan,multivendor,Retail Display,2025,3,295158.0,0.0,475.0,0.0,,,,,left_only,False
volcan,sin campana,CRM,2025,12,0.0,30016.0,116.0,6143089.0,,,,,left_only,False
volcan,tba1w7pvi,CRM,2024,3,0.0,28153.0,363.0,7112438.0,,,,,left_only,False
volcan,tc,Retail Display,2025,7,258953.0,0.0,571.0,0.0,,,,,left_only,False
volcan,tc,Retail Display,2025,8,413860.0,0.0,483.0,0.0,,,,,left_only,False
volcan,tr3wssglh,CRM,2024,4,0.0,24590.0,286.0,4792954.0,,,,,left_only,False
volcan,vdt4l12yl,CRM,2024,4,0.0,25050.0,295.0,5196740.0,,,,,left_only,False
volcan,volcan multivendor,Retail Display,2025,2,297604.0,0.0,507.0,0.0,,,,,left_only,False
volcan,zhczu90z6,CRM,2025,10,0.0,106264.0,335.0,6064453.0,,,,,left_only,False
volcan,zpy2ximbo,CRM,2025,3,0.0,27388.0,185.0,7469755.0,,,,,left_only,False
volcanboard,6189516 011328,CRM,2023,10,0.0,51268.0,6167.0,7985810.0,,,,,left_only,False
volcanboard,6189516 011841,CRM,2023,11,0.0,99541.0,332.0,16685617.0,,,,,left_only,False
volcanboard,6189516 011857,CRM,2023,11,0.0,109702.0,242.0,3012627.0,,,,,left_only,False
volcanboard,6189516 011906,CRM,2023,11,0.0,100228.0,236.0,1681021.0,,,,,left_only,False
volcanboard,6189516 012071,CRM,2023,11,0.0,99072.0,227.0,2798162.0,,,,,left_only,False
volcanboard,6189516 012128,CRM,2023,12,0.0,7202.0,0.0,3682544.0,,,,,left_only,False
volcanboard,6189516 012245,CRM,2023,12,0.0,53997.0,4348.0,2506009.0,,,,,left_only,False
volcanboard,campana hazlo todo con volcan,CRM,2026,4,0.0,797.0,4.0,47338629.0,,,,,left_only,False
volcanboard,hazlo todo con volcan,Sponsored Products,2026,3,19547.0,0.0,511.0,155215.0,,,,,left_only,False
volcanboard,hazlo todo con volcan,Sponsored Products,2026,4,38509.0,0.0,1290.0,2233849.0,,,,,left_only,False
volcanboard,jthsxnccb,CRM,2025,2,0.0,163.0,5.0,7847450.0,,,,,left_only,False
volcanboard,lqwka052t,CRM,2025,2,0.0,129.0,0.0,9015058.0,,,,,left_only,False
volcanboard,zpy2ximbo,CRM,2025,3,0.0,237.0,1.0,16308078.0,,,,,left_only,False
volcanita,black week,Sponsored Products,2026,3,0.0,0.0,0.0,1385320.0,,,,,left_only,False
volcanita,campana hazlo todo con volcan,CRM,2026,4,0.0,988.0,10.0,59423562.0,,,,,left_only,False
volcanita,hazlo todo con volcan,Sponsored Products,2026,3,129725.0,0.0,3140.0,15648316.0,,,,,left_only,False
volcanita,hazlo todo con volcan,Sponsored Products,2026,4,52146.0,0.0,2050.0,8536914.0,,,,,left_only,False
volcanita,jthsxnccb,CRM,2025,2,0.0,184.0,4.0,12691429.0,,,,,left_only,False
volcanita,lqwka052t,CRM,2025,2,0.0,155.0,3.0,8758907.0,,,,,left_only,False
volcanita,zpy2ximbo,CRM,2025,3,0.0,232.0,2.0,14557148.0,,,,,left_only,False
wagner,6189516 010782,CRM,2023,8,0.0,102066.0,201.0,999550.0,,,,,left_only,False
wd 40,ukzp4d2zd,CRM,2025,1,0.0,54050.0,33.0,3939124.0,,,,,left_only,False
wd40,co brand,Retail Display,2024,12,257493.0,0.0,266.0,0.0,,,,,left_only,False
wd40,sobre ruedas,Retail Display,2025,1,125842.0,0.0,199.0,0.0,,,,,left_only,False
wd40,sobre ruedas,Retail Display,2025,2,146345.0,0.0,158.0,0.0,,,,,left_only,False
weber,6189516 007642,CRM,2023,1,0.0,101732.0,143.0,7231905.0,,,,,left_only,False
weber,6189516 008116,CRM,2023,2,0.0,51296.0,73.0,3020918.0,,,,,left_only,False
weber,6189516 008136,CRM,2023,2,0.0,46457.0,8621.0,4854513.0,,,,,left_only,False
weber,6189516 008280,CRM,2023,2,0.0,101619.0,135.0,11750570.0,,,,,left_only,False
weber,6189516 009616,CRM,2023,5,0.0,27727.0,4659.0,1431852.0,,,,,left_only,False
weber,6189516 009645,CRM,2023,5,0.0,27712.0,6001.0,2793205.0,,,,,left_only,False
weber,6189516 010951,CRM,2023,9,0.0,101983.0,76.0,4716211.0,,,,,left_only,False
weber,6189516 012032,CRM,2023,11,0.0,101299.0,261.0,7050085.0,,,,,left_only,False
weber,eipok5f3n,CRM,2024,2,0.0,48470.0,1916.0,63432999.0,,,,,left_only,False
weber,ppo739ws5,CRM,2025,10,0.0,3007.0,0.0,316663.0,,,,,left_only,False
weber,qwl cudgm,CRM,2024,1,0.0,56178.0,2480.0,80041346.0,,,,,left_only,False
wenco,6189516 007716,CRM,2023,1,0.0,101114.0,214.0,7089078.0,,,,,left_only,False
wenco,6189516 007829,CRM,2023,1,0.0,22000.0,8865.0,6643483.0,,,,,left_only,False
wenco,6189516 007837,CRM,2023,1,0.0,100820.0,338.0,8524741.0,,,,,left_only,False
wintec,6189516 009615,CRM,2023,5,0.0,27535.0,7502.0,7471633.0,,,,,left_only,False
wintec,6189516 010458,CRM,2023,8,0.0,102036.0,135.0,9501221.0,,,,,left_only,False
yale,6189516 008216,CRM,2023,2,0.0,101670.0,193.0,648093.0,,,,,left_only,False
yale,casa segura,CRM,2025,12,0.0,8.0,1.0,926901.0,,,,,left_only,False
yale,casa segura,CRM,2026,1,0.0,19.0,1.0,940090.0,,,,,left_only,False
yunque,aon marzo yunque 2026,CRM,2026,3,0.0,314506.0,0.0,7104092.0,ELECTROHOGAR,700000.0,53333.0,646667.0,both,True
yunque,aon marzo yunque 2026,Sponsored Products,2026,3,36627.0,0.0,802.0,6104840.0,ELECTROHOGAR,300000.0,247200.0,52800.0,both,True
zecto,repelentes,Google,2025,12,19008.0,0.0,728.0,62813.0,,,,,left_only,False
zee dreams,6189516 009448,CRM,2023,5,0.0,105170.0,119.0,1003240.0,,,,,left_only,False
