original_brand,original_campaign,group_key,year,month,family,budget,sales,match_quality,sample_is_valid,roas
3m,aon_febrero,Retail Display,2026,2,FERRETERIA,200000.0,0.0,exact,True,0.0
3M,aon_febrero,Sponsored Products,2026,2,FERRETERIA,250000.0,29430.0,exact,True,0.11772
3m,aon_marzo,Retail Display,2026,3,FERRETERIA,200000.0,0.0,exact,True,0.0
3M,aon_marzo,Sponsored Products,2026,3,FERRETERIA,154659.0,9990.0,exact,True,0.06459371908521327
agorex,AON ABRIL HENKEL 2026,CRM,2026,4,PINTURA Y ACCESORIOS,1305000.0,25291289.0,exact,True,19.380298084291187
agorex,AON FEBRERO,CRM,2026,2,PINTURA Y ACCESORIOS,1305000.0,115180104.0,exact,True,88.26061609195402
AGOREX,aon_marzo_henkel_2026,Sponsored Products,2026,3,PINTURA Y ACCESORIOS,500000.0,3256114.0,exact,True,6.512228
ALBIN TROTTER,aon_marzo_2026_albin_trotter,Sponsored Products,2026,3,BANOS Y COCINAS,400000.0,12591060.0,exact,True,31.47765
alcazar,Black Marzo ALCAZAR 2026,CRM,2026,4,ELECTROHOGAR,1000000.0,14821645.0,exact,True,14.821645
BBQ GRILL,aon_febrero_2026,Sponsored Products,2026,2,AIRE LIBRE,800000.0,9229600.0,exact,True,11.537
BBQ GRILL,aon_marzo_2026,Sponsored Products,2026,3,AIRE LIBRE,500000.0,11059440.0,exact,True,22.11888
black+decker,aon_trigger,CRM,2026,2,HERRAMIENTAS Y MAQUINARIAS,750000.0,3358338.0,exact,True,4.477784
black+decker,aon_trigger,CRM,2026,3,HERRAMIENTAS Y MAQUINARIAS,750000.0,3859080.0,exact,True,5.14544
black+decker,aon_trigger,CRM,2026,4,HERRAMIENTAS Y MAQUINARIAS,750000.0,3060872.0,exact,True,4.081162666666667
black+decker,aon_trigger,CRM,2026,5,HERRAMIENTAS Y MAQUINARIAS,750000.0,1437338.0,exact,True,1.9164506666666667
bosca,AON ABRIL BOSCA 2026,CRM,2026,4,ELECTROHOGAR,1550000.0,79099690.0,exact,True,51.03205806451613
bosca,AON Febrero 2026,CRM,2026,2,ELECTROHOGAR,950000.0,15947793.0,exact,True,16.787150526315788
bosca,AON MARZO BOSCA 2026,CRM,2026,3,ELECTROHOGAR,950000.0,89497788.0,exact,True,94.20819789473684
bosca,aon_marzo_bosca_2026,Retail Display,2026,3,ELECTROHOGAR,200000.0,0.0,exact,True,0.0
BOSCA,aon_marzo_bosca_2026,Sponsored Products,2026,3,ELECTROHOGAR,500000.0,24209560.0,exact,True,48.41912
bosca,AON MAYO BOSCA 2026,CRM,2026,5,ELECTROHOGAR,2340000.0,67569698.0,exact,True,28.875939316239315
bosch,Abril Herramientas Mil,CRM,2026,4,HERRAMIENTAS Y MAQUINARIAS,0.0,58908472.0,exact,False,
BOSCH,aon_pro_q1,Sponsored Products,2026,2,HERRAMIENTAS Y MAQUINARIAS,150000.0,1254730.0,exact,True,8.364866666666666
bosch,Mes del Maestro,CRM,2026,3,HERRAMIENTAS Y MAQUINARIAS,0.0,299790112.0,exact,False,
bosch,Táctico bonificado,CRM,2026,4,HERRAMIENTAS Y MAQUINARIAS,0.0,13249141.0,exact,False,
brother,Campaña BTS,CRM,2026,3,CASA INTELIGENTE,1200000.0,2942700.0,exact,True,2.45225
celta,AON Diciembre,CRM,2025,12,MUEBLES,500000.0,0.0,exact,True,0.0
CELTA,aon_febrero_muebles_2026,Sponsored Products,2026,2,MUEBLES,600000.0,1109960.0,exact,True,1.8499333333333334
CELTA,aon_marzo_2026,Sponsored Products,2026,3,MUEBLES,500000.0,4274750.0,exact,True,8.5495
celta,aon_trigger,CRM,2026,2,MUEBLES,900000.0,0.0,exact,True,0.0
celta,aon_trigger,CRM,2026,3,MUEBLES,900000.0,6151712.0,exact,True,6.835235555555555
celta,Black Marzo 2026,CRM,2026,4,MUEBLES,1500000.0,2153384.0,exact,True,1.4355893333333334
celta,Colchonazo,CRM,2026,1,MUEBLES,1500000.0,8306997.0,exact,True,5.537998
ceys,Campaña Cinta Montack,CRM,2026,4,FERRETERIA,1200000.0,175697.0,exact,True,0.14641416666666668
ceys,Campaña TV Cinta Montack,CRM,2025,12,FERRETERIA,600000.0,328059.0,exact,True,0.546765
chilcorrofin,Tactico Chilcorrofin Pinturas,CRM,2025,12,PINTURA Y ACCESORIOS,2700000.0,3919567.0,exact,True,1.4516914814814814
cic,AON ABRIL CIC MUEBLES 2026,CRM,2026,4,MUEBLES,800000.0,17699201.0,exact,True,22.12400125
CIC,aon_febrero_2026,Sponsored Products,2026,2,MUEBLES,1000000.0,30590880.0,exact,True,30.59088
CIC,aon_febrero_muebles_2026,Sponsored Products,2026,2,MUEBLES,1000000.0,5998840.0,exact,True,5.99884
CIC,aon_marzo_2026,Sponsored Products,2026,3,MUEBLES,800000.0,22464520.0,exact,True,28.08065
cic,BTS Febrero 2026,CRM,2026,2,MUEBLES,600000.0,133864161.0,exact,True,223.106935
CONTATTO,aon_marzo_2026,Sponsored Products,2026,3,MUEBLES,500000.0,209990.0,exact,True,0.41998
disney,BTS Febrero 2026,CRM,2026,2,MENAJE,800000.0,6890596.0,exact,True,8.613245
drimkip,AON Febrero 2026,CRM,2026,2,MUEBLES,500000.0,3136200.0,exact,True,6.2724
DRIMKIP,aon_febrero_2026,Sponsored Products,2026,2,MUEBLES,750000.0,3084760.0,exact,True,4.113013333333333
DRIMKIP,aon_marzo_2026,Sponsored Products,2026,3,MUEBLES,750000.0,5648310.0,exact,True,7.53108
electrolux,AON Electrolux 2025,CRM,2025,12,ELECTROHOGAR,1780000.0,6570462.0,exact,True,3.691270786516854
electrolux,aon_febrero_electrolux_2026,Google,2026,2,ELECTROHOGAR,1099998.0,6644080.0,exact,True,6.040083709243108
electrolux,aon_febrero_electrolux_2026,Otros,2026,2,ELECTROHOGAR,0.0,867899.0,exact,False,
ELECTROLUX,aon_febrero_electrolux_byc_2026,Sponsored Products,2026,2,BANOS Y COCINAS,500000.0,259990.0,exact,True,0.51998
ELECTROLUX,aon_febrero_electrolux_lb_2026,Sponsored Products,2026,2,ELECTROHOGAR,700000.0,2608890.0,exact,True,3.726985714285714
ELECTROLUX,aon_marzo_electrolux_lb_2026,Sponsored Products,2026,3,ELECTROHOGAR,700000.0,3655920.0,exact,True,5.222742857142857
electrolux,Black Marzo Electrolux 2026,CRM,2026,4,ELECTROHOGAR,2200000.0,6259890.0,exact,True,2.8454045454545454
EPSON,tactico_epson_febrero,Sponsored Products,2026,2,CASA INTELIGENTE,45714.0,675970.0,exact,True,14.786936168351053
epson,Tactico Epson Marzo,CRM,2026,3,CASA INTELIGENTE,700000.0,1379940.0,exact,True,1.971342857142857
EPSON,tactico_epson_marzo,Sponsored Products,2026,3,CASA INTELIGENTE,354285.0,6288700.0,exact,True,17.75039869031994
exit,AON ABRIL EXIT  2026,CRM,2026,4,MUEBLES,1000000.0,1357900.0,exact,True,1.3579
exit,AON MAYO 2026,CRM,2026,5,MUEBLES,0.0,280683.0,exact,False,
FDV,aon_febrero_2026,Sponsored Products,2026,2,ELECTROHOGAR,402133.0,4119890.0,exact,True,10.245093041356965
FDV,aon_marzo_kitchen_center_2026,Sponsored Products,2026,3,ELECTROHOGAR,502133.0,619980.0,exact,True,1.2346928005130116
FELLINI,tactico_felliny_goofy_febrero_2026,Sponsored Products,2026,2,JARDIN,200000.0,53400.0,exact,True,0.267
fixser,bts_febrero_2026,Retail Display,2026,2,ORGANIZACION,400000.0,0.0,exact,True,0.0
FIXSER,bts_febrero_2026,Sponsored Products,2026,2,ORGANIZACION,307809.0,1467820.0,exact,True,4.768606505982606
fixser,bts_marzo_2026,Retail Display,2026,3,ORGANIZACION,400000.0,0.0,exact,True,0.0
FIXSER,bts_marzo_2026,Sponsored Products,2026,3,ORGANIZACION,492810.0,4742360.0,exact,True,9.623100180596985
flex,AON Febrero 2026,CRM,2026,2,MUEBLES,550000.0,13617942.0,exact,True,24.759894545454546
FLEX,aon_febrero_2026,Sponsored Products,2026,2,MUEBLES,450000.0,10438600.0,exact,True,23.19688888888889
FLEX,aon_marzo_2026,Sponsored Products,2026,3,MUEBLES,1000000.0,6359790.0,exact,True,6.35979
hisense,AON FEBRERO,CRM,2026,2,ELECTROHOGAR,1296000.0,18933712.0,exact,True,14.609345679012346
hisense,aon_febrero,Retail Display,2026,2,ELECTROHOGAR,600000.0,0.0,exact,True,0.0
HISENSE,aon_febrero,Sponsored Products,2026,2,ELECTROHOGAR,1300000.0,14729440.0,exact,True,11.330338461538462
hisense,AON HISENSE 2026,CRM,2026,1,ELECTROHOGAR,980000.0,21093120.0,exact,True,21.523591836734695
hisense,aon_hisense_2026,Retail Display,2026,1,ELECTROHOGAR,800000.0,0.0,exact,True,0.0
hisense,aon_marzo_hisense_2026,Retail Display,2026,3,ELECTROHOGAR,900000.0,0.0,exact,True,0.0
HISENSE,aon_marzo_hisense_2026,Sponsored Products,2026,3,ELECTROHOGAR,700000.0,5529780.0,exact,True,7.899685714285714
hisense,TACTICO LAVADORAS ABRIL HISENSE 2026,CRM,2026,4,ELECTROHOGAR,2700000.0,5549028.0,exact,True,2.0551955555555557
hisense,TACTICO LAVADORAS FEBRERO,CRM,2026,2,ELECTROHOGAR,1100000.0,37601298.0,exact,True,34.182998181818185
hisense,tactico_lavadoras_febrero,Retail Display,2026,2,ELECTROHOGAR,400000.0,0.0,exact,True,0.0
HISENSE,tactico_lavadoras_febrero,Sponsored Products,2026,2,ELECTROHOGAR,600000.0,5909770.0,exact,True,9.849616666666666
hisense,TACTICO LAVADORAS HISENSE 2026,CRM,2026,1,ELECTROHOGAR,760000.0,3839820.0,exact,True,5.052394736842105
hisense,tactico_lavadoras_hisense_2026,Retail Display,2026,1,ELECTROHOGAR,600000.0,0.0,exact,True,0.0
HISENSE,tactico_lavadoras_marzo_hisense_2026,Sponsored Products,2026,3,ELECTROHOGAR,600000.0,11899620.0,exact,True,19.8327
HUSQVARNA,tactico_febrero_2026,Sponsored Products,2026,2,JARDIN,800000.0,5054320.0,exact,True,6.3179
indura,Abril Herramientas Mil,CRM,2026,4,HERRAMIENTAS Y MAQUINARIAS,0.0,51244908.0,exact,False,
indura,Campaña PPI,CRM,2026,5,HERRAMIENTAS Y MAQUINARIAS,1200000.0,8608041.0,exact,True,7.1733675
indura,Mes del Maestro,CRM,2026,3,HERRAMIENTAS Y MAQUINARIAS,0.0,49773324.0,exact,False,
jbl,always_on_mayo_2026,Google,2026,5,CASA INTELIGENTE,500000.0,412750377.0,exact,True,825.500754
junkers,AON MARZO JUNKERS 2026,CRM,2026,3,BANOS Y COCINAS,700000.0,15922652.0,exact,True,22.746645714285716
JUNKERS,aon_marzo_junkers_2026,Sponsored Products,2026,3,BANOS Y COCINAS,300000.0,8645580.0,exact,True,28.8186
KARCHER,mes_del_maestro,Sponsored Products,2026,3,HERRAMIENTAS Y MAQUINARIAS,250000.0,14814180.0,exact,True,59.25672
karcher,Tactico Febrero,CRM,2026,2,HERRAMIENTAS Y MAQUINARIAS,400000.0,2031192.0,exact,True,5.07798
karcher,Tactico Mayo,CRM,2026,5,HERRAMIENTAS Y MAQUINARIAS,400000.0,5288939.0,exact,True,13.2223475
keep,Temporada de camping,CRM,2026,1,MENAJE,0.0,3414804.0,exact,False,
lanco,aon_lanco_2026,Retail Display,2026,1,PINTURA Y ACCESORIOS,1800000.0,0.0,exact,True,0.0
lanco,AON MARZO LANCO 2026,CRM,2026,3,PINTURA Y ACCESORIOS,1500000.0,5224131.0,exact,True,3.482754
lanco,aon_marzo_lanco_2026,Retail Display,2026,3,PINTURA Y ACCESORIOS,1800000.0,0.0,exact,True,0.0
LG,aon_febrero_lg_2026,Sponsored Products,2026,2,ELECTROHOGAR,700000.0,20849420.0,exact,True,29.784885714285714
lg,TACTICO LG 2026,CRM,2026,1,ELECTROHOGAR,1500000.0,31449246.0,exact,True,20.966164
LIBERO,aon_libero_febrero,Sponsored Products,2026,2,ELECTROHOGAR,400000.0,13944130.0,exact,True,34.860325
libero,aon_libero/ventus_2026,CRM,2026,1,ELECTROHOGAR,2100000.0,4279700.0,exact,True,2.037952380952381
libero,aon_libero/ventus_2026,CRM,2026,2,ELECTROHOGAR,2100000.0,10094330.0,exact,True,4.806823809523809
libero,aon_libero/ventus_2026,CRM,2026,3,ELECTROHOGAR,2100000.0,9824413.0,exact,True,4.678291904761905
LIBERO,aon_marzo_libero_2026,Sponsored Products,2026,3,ELECTROHOGAR,300000.0,8064510.0,exact,True,26.8817
MADEMSA,aon_marzo_mademsa_lb_2026,Sponsored Products,2026,3,ELECTROHOGAR,700000.0,31343490.0,exact,True,44.77641428571429
mademsa,TACTICO MADEMSA CALEFACCION 2026,CRM,2026,5,ELECTROHOGAR,1200000.0,26061974.0,exact,True,21.718311666666665
maigas,AON MAYO MAIGAS 2026,CRM,2026,5,ELECTROHOGAR,1000000.0,72990.0,exact,True,0.07299
makita,Mes del Maestro,CRM,2026,3,HERRAMIENTAS Y MAQUINARIAS,700000.0,41110476.0,exact,True,58.72925142857143
MAKITA,mes_del_maestro,Sponsored Products,2026,3,HERRAMIENTAS Y MAQUINARIAS,700000.0,10272520.0,exact,True,14.675028571428571
mamut,Catalogo Mes del Maestro,CRM,2026,3,FERRETERIA,0.0,49762869.0,exact,False,
mantahue,Colchonazo ,CRM,2026,1,MUEBLES,1500000.0,1071880.0,exact,True,0.7145866666666667
masisa,MAIL Tactico Febrero 2026,CRM,2026,3,PISOS Y MUROS,0.0,8169600.0,exact,False,
meguiars,"Campaña Play Dirty, Get Clean",CRM,2026,3,ACCESORIOS AUTOMOVILES,1200000.0,13625217.0,exact,True,11.3543475
midea,AON Diciembre 2025,CRM,2025,12,ELECTROHOGAR,1120000.0,46591958.0,exact,True,41.5999625
midea,AON FEBRERO AC MIDEA 2026,CRM,2026,2,ELECTROHOGAR,1200000.0,108472272.0,exact,True,90.39356
MIDEA,aon_febrero_midea_ac_2026,Sponsored Products,2026,2,ELECTROHOGAR,1050000.0,21109320.0,exact,True,20.104114285714285
MIDEA,aon_febrero_midea_byc_2026,Sponsored Products,2026,2,BANOS Y COCINAS,450000.0,4354740.0,exact,True,9.6772
midea,aon_febrero_midea_electro_2026,Retail Display,2026,2,ELECTROHOGAR,300000.0,0.0,exact,True,0.0
MIDEA,aon_febrero_midea_electro_2026,Sponsored Products,2026,2,ELECTROHOGAR,700000.0,9102480.0,exact,True,13.003542857142858
MIDEA,aon_febrero_midea_lb_2026,Sponsored Products,2026,2,ELECTROHOGAR,1000000.0,36391650.0,exact,True,36.39165
midea,AON MARZO MIDEA AC 2026,CRM,2026,3,ELECTROHOGAR,800000.0,118506100.0,exact,True,148.132625
MIDEA,aon_marzo_midea_ac_2026,Sponsored Products,2026,3,ELECTROHOGAR,700000.0,8889750.0,exact,True,12.699642857142857
MIDEA,aon_marzo_midea_byc_2026,Sponsored Products,2026,3,BANOS Y COCINAS,600000.0,3889780.0,exact,True,6.482966666666667
midea,aon_marzo_midea_electro_2026,Retail Display,2026,3,ELECTROHOGAR,300000.0,0.0,exact,True,0.0
MIDEA,aon_marzo_midea_electro_2026,Sponsored Products,2026,3,ELECTROHOGAR,700000.0,10136510.0,exact,True,14.480728571428571
MIDEA,aon_marzo_midea_lb_2026,Sponsored Products,2026,3,ELECTROHOGAR,1000000.0,20075430.0,exact,True,20.07543
midea,AON MAYO MIDEA LB 2026,CRM,2026,5,ELECTROHOGAR,1820000.0,29878382.0,exact,True,16.416693406593406
midea,aon_midea_electro_enero,Retail Display,2026,1,ELECTROHOGAR,300000.0,0.0,exact,True,0.0
midea,AON MIDEA LB ENERO,CRM,2026,1,ELECTROHOGAR,1380000.0,63201668.0,exact,True,45.798310144927534
midea,aon_midea_lb_enero,Google,2026,1,ELECTROHOGAR,1000000.0,9954764.0,exact,True,9.954764
midea,tactico_midea_refri_enero,Retail Display,2026,1,ELECTROHOGAR,1500000.0,0.0,exact,True,0.0
NEOX CERAMICA,aon_marzo_2026,Sponsored Products,2026,3,PISOS Y MUROS,250000.0,1156380.0,exact,True,4.62552
NEOX CERAMICA,tactico_febrero_2026,Sponsored Products,2026,2,PISOS Y MUROS,250000.0,253286.0,exact,True,1.013144
NINJA,aon_marzo_ninja_2026,Sponsored Products,2026,3,ELECTROHOGAR,300000.0,9432320.0,exact,True,31.441066666666668
NINJA,aon_ninja_2026,Sponsored Products,2026,2,ELECTROHOGAR,300000.0,5649550.0,exact,True,18.831833333333332
NINJA,electroweek_marzo_2026,Sponsored Products,2026,2,ELECTROHOGAR,430000.0,3176146.0,exact,True,7.386386046511628
odis,Casa Segura,CRM,2026,1,FERRETERIA,450000.0,50405045.0,exact,True,112.01121111111111
oster,AON ABRIL OSTER 2026,CRM,2026,4,ELECTROHOGAR,750000.0,6053330.0,exact,True,8.071106666666667
OSTER,aon_marzo_oster_2026,Sponsored Products,2026,3,ELECTROHOGAR,250000.0,3608810.0,exact,True,14.43524
oster,AON MAYO OSTER 2026,CRM,2026,5,ELECTROHOGAR,800000.0,1961536.0,exact,True,2.45192
oster,aon_oster_2026,CRM,2026,1,ELECTROHOGAR,750000.0,0.0,exact,True,0.0
oster,aon_oster_2026,CRM,2026,2,ELECTROHOGAR,750000.0,2291788.0,exact,True,3.0557173333333334
OSTER,aon_oster_2026,Sponsored Products,2026,2,ELECTROHOGAR,250000.0,1940860.0,exact,True,7.76344
oster,Black Marzo OSTER 2026,CRM,2026,4,ELECTROHOGAR,1000000.0,8606903.0,exact,True,8.606903
OSTER,electroweek_marzo_2026,Sponsored Products,2026,2,ELECTROHOGAR,500000.0,2882550.0,exact,True,5.7651
poli,Casa Segura,CRM,2025,12,FERRETERIA,425000.0,2255407.0,exact,True,5.30684
poli,Casa Segura,CRM,2026,1,FERRETERIA,425000.0,17453730.0,exact,True,41.0676
rheem,AON MARZO RHEEM 2026,CRM,2026,3,BANOS Y COCINAS,1000000.0,9842564.0,exact,True,9.842564
ROSEN,aon_febrero_2026,Sponsored Products,2026,2,MUEBLES,900000.0,14357460.0,exact,True,15.952733333333333
ROSEN,aon_marzo_2026,Sponsored Products,2026,3,MUEBLES,600000.0,12592550.0,exact,True,20.987583333333333
rosen,Aon Mayo Rosen 2026,CRM,2026,5,MUEBLES,2400000.0,32794274.0,exact,True,13.664280833333333
rosen,AON Y COLCHONAZO,CRM,2026,1,MUEBLES,3000000.0,131066588.0,exact,True,43.688862666666665
samsung,AON ABRIL SAMSUNG 2026,CRM,2026,4,ELECTROHOGAR,1000000.0,25031500.0,exact,True,25.0315
samsung,AON MARZO SAMSUNG 2026,CRM,2026,3,ELECTROHOGAR,1500000.0,44088740.0,exact,True,29.392493333333334
SAMSUNG,aon_marzo_samsung_2026,Sponsored Products,2026,3,ELECTROHOGAR,500000.0,6479850.0,exact,True,12.9597
samsung,AON MAYO SAMSUNG 2026,CRM,2026,5,ELECTROHOGAR,1000000.0,459990.0,exact,True,0.45999
samsung,AON Samsung 2026,CRM,2026,1,ELECTROHOGAR,1500000.0,7340626.0,exact,True,4.893750666666667
samsung,AON SAMSUNG FEBRERO 2026,CRM,2026,2,ELECTROHOGAR,1500000.0,21209500.0,exact,True,14.139666666666667
SAMSUNG,aon_samsung_febrero_2026,Sponsored Products,2026,2,ELECTROHOGAR,500000.0,6209810.0,exact,True,12.41962
samsung,Black Marzo SAMSUNG 2026,CRM,2026,4,ELECTROHOGAR,2000000.0,35066888.0,exact,True,17.533444
splendid,Always On Diciembre 2025,CRM,2025,12,BANOS Y COCINAS,3920000.0,17914488.0,exact,True,4.570022448979592
splendid,AON ABRIL RHEEM CHILE 2026,CRM,2026,4,BANOS Y COCINAS,1900000.0,103722833.0,exact,True,54.5909647368421
SPLENDID,aon_abril_rheem_chile_2026,Sponsored Products,2026,4,BANOS Y COCINAS,1000000.0,33426534.0,exact,True,33.426534
splendid,AON MARZO RHEEM 2026,CRM,2026,3,BANOS Y COCINAS,1900000.0,399994324.0,exact,True,210.52332842105264
SPLENDID,aon_marzo_rheem_2026,Sponsored Products,2026,3,BANOS Y COCINAS,1000000.0,18738587.0,exact,True,18.738587
splendid,AON MAYO RHHEM  BYC2026,CRM,2026,5,BANOS Y COCINAS,2070000.0,35838650.0,exact,True,17.313357487922705
splendid,AON RHEEM 2026,CRM,2026,1,ELECTROHOGAR,1500000.0,39663054.0,exact,True,26.442036
splendid,AON RHEEM FEBRERO 2026,CRM,2026,2,BANOS Y COCINAS,1500000.0,61471056.0,exact,True,40.980704
SPLENDID,aon_rheem_febrero_2026,Sponsored Products,2026,2,BANOS Y COCINAS,500000.0,18130330.0,exact,True,36.26066
starlink,Campaña Starlink Enero,CRM,2026,1,CASA INTELIGENTE,600000.0,1347960.0,exact,True,2.2466
STIHL,aon_marzo_2026,Sponsored Products,2026,3,JARDIN,500000.0,18917902.0,exact,True,37.835804
STIHL,tactico_febrero_2026,Sponsored Products,2026,2,JARDIN,800000.0,16771610.0,exact,True,20.9645125
STRETTO,aon_febrero_2026,Sponsored Products,2026,2,BANOS Y COCINAS,200000.0,3097771.0,exact,True,15.488855
STRETTO,aon_marzo_stretto_2026,Sponsored Products,2026,3,BANOS Y COCINAS,200000.0,7053228.0,exact,True,35.26614
tajamar,aon_tajamar_2026,Retail Display,2026,1,PINTURA Y ACCESORIOS,400000.0,0.0,exact,True,0.0
tcl,AON TCL 2025,CRM,2025,12,ELECTROHOGAR,1500000.0,0.0,exact,True,0.0
tcl,aon_tcl_enero,Google,2026,1,ELECTROHOGAR,22351.0,469980.0,exact,True,21.027247103037894
TEKA,aon_marzo_teka_byc_2026,Sponsored Products,2026,3,BANOS Y COCINAS,500000.0,10836801.0,exact,True,21.673602
TEKA,aon_marzo_teka_empotrados_2026,Sponsored Products,2026,3,ELECTROHOGAR,1000000.0,20918200.0,exact,True,20.9182
teka,AON TEKA 2026,CRM,2026,1,ELECTROHOGAR,2100000.0,11655904.0,exact,True,5.550430476190476
TEKA,aon_teka_byc_febrero_2026,Sponsored Products,2026,2,BANOS Y COCINAS,400000.0,7288310.0,exact,True,18.220775
TEKA,aon_teka_empotrados_febrero_2026,Sponsored Products,2026,2,ELECTROHOGAR,500000.0,13621370.0,exact,True,27.24274
teka,AON TEKA FEBRERO 2026,CRM,2026,2,ELECTROHOGAR,2100000.0,32772466.0,exact,True,15.605936190476191
TEKA,electroweek_marzo_2026,Sponsored Products,2026,2,ELECTROHOGAR,500000.0,3702790.0,exact,True,7.40558
thomas,AON ABRIL THOMAS ELECTRODOMESTICOS 2026,CRM,2026,4,ELECTROHOGAR,1200000.0,19456188.0,exact,True,16.21349
THOMAS,aon_abril_thomas_electrodomesticos_2026,Sponsored Products,2026,4,ELECTROHOGAR,1500000.0,8581830.0,exact,True,5.72122
THOMAS,aon_febrero_thomas_electro_2026,Sponsored Products,2026,2,ELECTROHOGAR,1500000.0,23364485.0,exact,True,15.576323333333333
THOMAS,aon_febrero_thomas_lb_2026,Sponsored Products,2026,2,ELECTROHOGAR,1000000.0,2522910.0,exact,True,2.52291
thomas,AON MARZO THOMAS ELECTRODOMESTICOS 2026,CRM,2026,3,ELECTROHOGAR,1500000.0,58882960.0,exact,True,39.25530666666667
THOMAS,aon_marzo_thomas_electrodomesticos_2026,Sponsored Products,2026,3,ELECTROHOGAR,1500000.0,17321540.0,exact,True,11.547693333333333
thomas,AON MARZO THOMAS LB 2026,CRM,2026,3,ELECTROHOGAR,1200000.0,57033120.0,exact,True,47.5276
THOMAS,aon_marzo_thomas_lb_2026,Sponsored Products,2026,3,ELECTROHOGAR,700000.0,7569820.0,exact,True,10.81402857142857
thomas,ELECTROWEEK THOMAS ELECTRODOMESTICOS 2026,CRM,2026,2,ELECTROHOGAR,1500000.0,26786228.0,exact,True,17.857485333333333
toyotomi,AON ABRIL TOYOTOMI,CRM,2026,4,ELECTROHOGAR,1200000.0,54512894.0,exact,True,45.427411666666664
TOYOTOMI,aon_febrero_2026_ac,Sponsored Products,2026,2,ELECTROHOGAR,200000.0,659980.0,exact,True,3.2999
TOYOTOMI,aon_marzo_toyotomi_2026,Sponsored Products,2026,3,ELECTROHOGAR,300000.0,1119930.0,exact,True,3.7331
toyotomi,AON MAYO TOYOTOMI 2026,CRM,2026,5,ELECTROHOGAR,1200000.0,37760733.0,exact,True,31.4672775
TOYOTOMI,electroweek_toyotomi_electrodomesticos_2026,Sponsored Products,2026,2,ELECTROHOGAR,100000.0,149990.0,exact,True,1.4999
toyotomi,RELANZAMIENTO TOYOTOMI,CRM,2026,5,ELECTROHOGAR,0.0,27120107.0,exact,False,
toyotomi,relanzamiento_toyotomi,Google,2026,5,ELECTROHOGAR,5351973.0,37831745.0,exact,True,7.068747357283006
toyotomi,relanzamiento_toyotomi,Retail Display,2026,5,ELECTROHOGAR,900000.0,0.0,exact,True,0.0
tuhome,AON ABRIL TUHOME MUEBLES 2026,CRM,2026,4,BANOS Y COCINAS,1000000.0,2783495.0,exact,True,2.783495
tuhome,AON Diciembre,CRM,2025,12,MUEBLES,2050000.0,1087071.0,exact,True,0.5302785365853658
tuhome,AON Enero Muebles,CRM,2026,1,MUEBLES,1200000.0,2270640.0,exact,True,1.8922
tuhome,AON Febrero Muebles 2026,CRM,2026,2,MUEBLES,1200000.0,10251593.0,exact,True,8.542994166666666
TUHOME,aon_marzo_2026_bano_y_cocina,Sponsored Products,2026,3,BANOS Y COCINAS,300000.0,1669810.0,exact,True,5.566033333333333
TUHOME,aon_marzo_2026_muebles,Sponsored Products,2026,3,MUEBLES,400000.0,2330790.0,exact,True,5.826975
tx,Email - Catalogo Mes del Maestro,CRM,2026,3,OBRA GRUESA,0.0,85905.0,exact,False,
tx,tactico_febrero,Retail Display,2026,2,OBRA GRUESA,130000.0,0.0,exact,True,0.0
TX,tactico_febrero,Sponsored Products,2026,2,OBRA GRUESA,250000.0,1204530.0,exact,True,4.81812
ursus_trotter,aon_febrero_electrodomesticos_2026,Retail Display,2026,2,ELECTROHOGAR,600000.0,0.0,exact,True,0.0
URSUS TROTTER,aon_febrero_electrodomesticos_2026,Sponsored Products,2026,2,ELECTROHOGAR,900000.0,12701800.0,exact,True,14.113111111111111
ursus trotter,AON MARZO URSUS TROTTER 2026,CRM,2026,3,ELECTROHOGAR,700000.0,31661085.0,exact,True,45.23012142857143
URSUS TROTTER,aon_marzo_ursus_trotter_2026,Sponsored Products,2026,3,ELECTROHOGAR,300000.0,9791070.0,exact,True,32.6369
van beek,Venta Final Enero 2026,CRM,2026,1,JARDIN,550000.0,0.0,exact,True,0.0
vekkahome,aon_abril_vekka_chile_2026,CRM,2026,4,BANOS Y COCINAS,800000.0,11123206.0,exact,True,13.9040075
vekkahome,AON ABRIL VEKKA HOME 2026,CRM,2026,4,MUEBLES,1200000.0,5339240.0,exact,True,4.449366666666666
vekkahome,AON Enero,CRM,2026,1,MUEBLES,1200000.0,10776813.0,exact,True,8.9806775
VEKKAHOME,aon_febrero_bano_y_cocina_2026,Sponsored Products,2026,2,BANOS Y COCINAS,500000.0,4852830.0,exact,True,9.70566
vekkahome,AON Febrero Muebles 2026,CRM,2026,2,MUEBLES,1200000.0,17084434.0,exact,True,14.237028333333333
VEKKAHOME,aon_febrero_muebles_2026,Sponsored Products,2026,2,MUEBLES,500000.0,11481530.0,exact,True,22.96306
VEKKAHOME,aon_marzo_2026_bano_y_cocina,Sponsored Products,2026,3,BANOS Y COCINAS,300000.0,6248130.0,exact,True,20.8271
vekkahome,AON Marzo 2026 Muebles,CRM,2026,3,MUEBLES,1200000.0,9273932.0,exact,True,7.728276666666667
VEKKAHOME,aon_marzo_2026_muebles,Sponsored Products,2026,3,MUEBLES,500000.0,11599270.0,exact,True,23.19854
vekkahome,AON MAYO VEKKAHOME MUEBLES 2026,CRM,2026,5,MUEBLES,1200000.0,5374538.0,exact,True,4.478781666666666
VENTUS,aon_marzo_ventus_2026,Sponsored Products,2026,3,ELECTROHOGAR,400000.0,2074930.0,exact,True,5.187325
VENTUS,aon_ventus_febrero,Sponsored Products,2026,2,ELECTROHOGAR,500000.0,13548740.0,exact,True,27.09748
VILEDA,aon_febrero_2026,Sponsored Products,2026,2,ASEO,300000.0,233940.0,exact,True,0.7798
VILEDA,aon_marzo_2026,Sponsored Products,2026,3,ASEO,145181.0,535450.0,exact,True,3.688154786094599
vileda,Black Marzo 2026,CRM,2026,4,ASEO,1200000.0,1955290.0,exact,True,1.6294083333333333
volcan,Black Marzo 2026,CRM,2026,4,TABIQUERIA/TECHUMBRE/AISLACION,2100000.0,17569900.0,exact,True,8.366619047619048
volcan,Campaña Hazlo Todo con Volcan,CRM,2026,3,TABIQUERIA/TECHUMBRE/AISLACION,4700000.0,74346314.0,exact,True,15.818364680851063
volcan,Campaña Hazlo Todo con Volcan,CRM,2026,4,TABIQUERIA/TECHUMBRE/AISLACION,3000000.0,101894645.0,exact,True,33.96488166666666
yunque,AON MARZO YUNQUE 2026,CRM,2026,3,ELECTROHOGAR,700000.0,7104092.0,exact,True,10.148702857142856
YUNQUE,aon_marzo_yunque_2026,Sponsored Products,2026,3,ELECTROHOGAR,300000.0,6104840.0,exact,True,20.349466666666668
,AON TAJAMAR 2026,CRM,2026,1,MADERA Y TABLEROS,2900000.0,0.0,probable,True,0.0
,Black Marzo 2026,CRM,2026,4,MADERA Y TABLEROS,1800000.0,0.0,probable,True,0.0
,Push Flobal,CRM,2026,3,MADERA Y TABLEROS,2900000.0,0.0,probable,True,0.0
,sin campaña,CRM,2025,12,,,0.0,unmatched,False,
,TACTCIO MARZO TAJAMAR 2026,CRM,2026,3,MADERA Y TABLEROS,2900000.0,0.0,probable,True,0.0
,Venta Final Enero 2026,CRM,2026,2,MADERA Y TABLEROS,1700000.0,0.0,probable,True,0.0
3m,,Otros,2026,5,FERRETERIA,2000000.0,0.0,probable,False,0.0
3m,6189516-009379,CRM,2023,5,,,11374842.0,unmatched,False,
3m,6189516-010187,CRM,2023,7,,,5184602.0,unmatched,False,
3m,6189516-010315,CRM,2023,7,,,3527228.0,unmatched,False,
3m,6189516-010432,CRM,2023,8,,,2602167.0,unmatched,False,
3m,6189516-010517,CRM,2023,8,,,4087349.0,unmatched,False,
3m,6189516-010670,CRM,2023,8,,,3388824.0,unmatched,False,
3m,6189516-011796,CRM,2023,11,,,1981412.0,unmatched,False,
3m,aon_marzo,Retail Display,2026,4,,,0.0,unmatched,False,
3m,awt7IQbdx,CRM,2024,1,,,5250484.0,unmatched,False,
3m,black_week,Retail Display,2026,3,FERRETERIA,200000.0,0.0,probable,True,0.0
3m,black_week,Retail Display,2026,4,,,0.0,unmatched,False,
3M,black_week,Sponsored Products,2026,3,FERRETERIA,154659.0,4580.0,probable,True,0.029613536877905584
3m,plqJLg3aR,CRM,2024,2,,,4699622.0,unmatched,False,
3m,tlwatiikm,CRM,2024,3,,,7705564.0,unmatched,False,
3m,zbvfyq0od,CRM,2024,1,,,5753196.0,unmatched,False,
3m-command,,Retail Display,2025,11,,,0.0,unmatched,False,
3m-scotch,montaje,Retail Display,2025,8,,,0.0,unmatched,False,
3m-scotch,montaje,Retail Display,2025,9,,,0.0,unmatched,False,
3m-scotch,montaje,Retail Display,2025,10,,,0.0,unmatched,False,
3m-scotch,tc,Retail Display,2025,8,,,0.0,unmatched,False,
3m-scotchgard,lanzamiento_scotchgard,Meta,2025,8,,,0.0,unmatched,False,
3m-scotchgard,lanzamiento_scotchgard,Retail Display,2025,8,,,0.0,unmatched,False,
3m-scotchgard,lanzamiento_scotchgard,Retail Display,2025,9,,,0.0,unmatched,False,
ad_clean,limpieza_parrillas,Retail Display,2025,8,,,0.0,unmatched,False,
ad_clean,limpieza_parrillas,Retail Display,2025,9,,,0.0,unmatched,False,
adclean,2R6OOJht4,CRM,2025,8,ASEO,300000.0,251670.0,probable,True,0.8389
adepac,59ePv5hF1,CRM,2024,4,,,426481.0,unmatched,False,
agorex,1cRbN9H7Z,CRM,2024,11,,,2581517.0,unmatched,False,
agorex,2wStWSg-A,CRM,2025,7,,,8394010.0,unmatched,False,
agorex,370KDwpSz,CRM,2024,4,,,11573523.0,unmatched,False,
agorex,44fCnwLRW,CRM,2024,8,,,4508596.0,unmatched,False,
agorex,6189516-008623,CRM,2023,3,,,1134474.0,unmatched,False,
agorex,6189516-008648,CRM,2023,3,,,478378.0,unmatched,False,
agorex,6189516-008753,CRM,2023,4,,,451552.0,unmatched,False,
agorex,6189516-008785,CRM,2023,4,,,489310.0,unmatched,False,
agorex,6189516-008827,CRM,2023,4,,,384622.0,unmatched,False,
agorex,6189516-009286,CRM,2023,5,,,1130953.0,unmatched,False,
agorex,6189516-010226,CRM,2023,7,,,986642.0,unmatched,False,
agorex,6189516-010350,CRM,2023,7,,,1412855.0,unmatched,False,
agorex,6189516-010444,CRM,2023,8,,,952424.0,unmatched,False,
agorex,6189516-010711,CRM,2023,8,,,1450233.0,unmatched,False,
agorex,6189516-010721,CRM,2023,8,,,1275680.0,unmatched,False,
agorex,6189516-011507,CRM,2023,10,,,903627.0,unmatched,False,
agorex,6189516-011510,CRM,2023,10,,,269801.0,unmatched,False,
agorex,6189516-011573,CRM,2023,10,,,598717.0,unmatched,False,
agorex,6189516-011664,CRM,2023,11,,,437192.0,unmatched,False,
agorex,6189516-011954,CRM,2023,11,,,385779.0,unmatched,False,
agorex,6189516-011973,CRM,2023,11,,,615073.0,unmatched,False,
agorex,6189516-012070,CRM,2023,11,,,1231442.0,unmatched,False,
agorex,6189516-012089,CRM,2023,12,,,667173.0,unmatched,False,
agorex,6189516-012106,CRM,2023,12,,,3060294.0,unmatched,False,
agorex,6H49G04TH,CRM,2024,10,,,2707631.0,unmatched,False,
agorex,6JZIRgtKB,CRM,2024,1,,,3024892.0,unmatched,False,
agorex,7yklAWWib,CRM,2024,9,,,3328051.0,unmatched,False,
agorex,81lWHZNCz,CRM,2024,6,,,1698393.0,unmatched,False,
agorex,a9pftjpY9,CRM,2024,4,,,1054916.0,unmatched,False,
agorex,AlkjqtDEv,CRM,2024,3,,,1531292.0,unmatched,False,
agorex,bNqP1N74t,CRM,2025,6,PINTURA Y ACCESORIOS,200000.0,3638344.0,probable,True,18.19172
agorex,BPGssDKJa,CRM,2024,7,,,4742760.0,unmatched,False,
agorex,c5EeqtQLS,CRM,2025,4,PINTURA Y ACCESORIOS,1900000.0,796527.0,probable,True,0.41922473684210526
agorex,CM7i2XRXN,CRM,2024,8,,,4627001.0,unmatched,False,
agorex,cyber_day,Retail Display,2024,6,,,0.0,unmatched,False,
agorex,fDnIx-OqJ,CRM,2024,8,,,5015957.0,unmatched,False,
agorex,FqclLDcOW,CRM,2024,4,,,886447.0,unmatched,False,
agorex,FwhVrxZX8,CRM,2024,12,,,967827.0,unmatched,False,
agorex,FYS0NVO4H,CRM,2024,10,,,2434702.0,unmatched,False,
agorex,gHq2Rr6LV,CRM,2024,4,,,918272.0,unmatched,False,
agorex,gkBdg5sPT,CRM,2025,3,,,5310817.0,unmatched,False,
agorex,HaKeqeUi9,CRM,2024,11,,,3305015.0,unmatched,False,
agorex,hv8CV-ES7,CRM,2025,4,PINTURA Y ACCESORIOS,1900000.0,359340.0,probable,True,0.1891263157894737
agorex,IAQFAVMfa,CRM,2024,8,,,649075.0,unmatched,False,
agorex,iOnM0XejR,CRM,2024,10,,,2092738.0,unmatched,False,
agorex,iw1Mc71DF,CRM,2025,2,,,1305746.0,unmatched,False,
agorex,jjvdScybr,CRM,2024,9,,,4138629.0,unmatched,False,
agorex,JkenTEfPQ,CRM,2025,7,,,3932097.0,unmatched,False,
agorex,JzL5PDxtY,CRM,2024,9,,,3141932.0,unmatched,False,
agorex,mSqV5oZ-Q,CRM,2024,8,,,2592037.0,unmatched,False,
agorex,nj1NAS54O,CRM,2025,7,,,1441666.0,unmatched,False,
agorex,ouzJk9vKE,CRM,2024,4,,,629911.0,unmatched,False,
agorex,OypOFWfxX,CRM,2024,4,,,1654542.0,unmatched,False,
agorex,QBThRtben,CRM,2025,3,,,1733048.0,unmatched,False,
agorex,qvfkscuWj,CRM,2024,2,,,3388890.0,unmatched,False,
agorex,rOQ-dqoWd,CRM,2024,6,,,1033579.0,unmatched,False,
agorex,SaG7TdR-c,CRM,2025,8,,,1177970.0,unmatched,False,
agorex,TuxTUMmcs,CRM,2025,6,PINTURA Y ACCESORIOS,200000.0,1946492.0,probable,True,9.73246
agorex,Vms2UiQc1,CRM,2024,8,,,1554227.0,unmatched,False,
agorex,WdL2dFcYH,CRM,2024,11,,,1352582.0,unmatched,False,
agorex,X,CRM,2024,9,,,765180.0,unmatched,False,
agorex,xxY2D7mqy,CRM,2025,7,,,1625481.0,unmatched,False,
agorex,Y3xSF8avC,CRM,2024,7,,,16224134.0,unmatched,False,
agorex,YyQjVQyKG,CRM,2025,5,,,841407.0,unmatched,False,
agrocommerce,aon_febrero_2026,Meta,2026,2,,,486270.0,unmatched,False,
agrocommerce,aon_febrero_2026,Meta,2026,3,,,536384.0,unmatched,False,
agrocommerce,aseo,Google,2025,5,,,0.0,unmatched,False,
agrocommerce,aseo,Google,2025,6,,,0.0,unmatched,False,
agrocommerce_dr_beckmann,aseo,Retail Display,2025,4,,,0.0,unmatched,False,
agrocommerce-dr.beckmann,black_friday,Retail Display,2025,11,,,0.0,unmatched,False,
agrocommerce-dr.beckmann,black_friday,Retail Display,2025,12,,,0.0,unmatched,False,
agrocommerce-dr.beckmann,black_week,Retail Display,2026,3,,,0.0,unmatched,False,
agrocommerce-dr.beckmann,black_week,Retail Display,2026,4,,,0.0,unmatched,False,
agrocommerce-dr.beckmann,cyber_day,Retail Display,2025,6,,,0.0,unmatched,False,
agrocommerce-drbeckmann,cyber_monday,Retail Display,2025,10,,,0.0,unmatched,False,
agrocommerce-vileda,,Retail Display,2025,4,,,0.0,unmatched,False,
agrocommerce-vileda,aseo,Retail Display,2024,10,,,0.0,unmatched,False,
agrocommerce-vileda,aseo,Retail Display,2024,11,,,0.0,unmatched,False,
agrocommerce-vileda,black_friday,Retail Display,2025,11,,,0.0,unmatched,False,
agrocommerce-vileda,black_friday,Retail Display,2025,12,,,0.0,unmatched,False,
agrocommerce-vileda,black_week,Retail Display,2026,4,,,0.0,unmatched,False,
agrocommerce-vileda,cyber_day,Retail Display,2025,6,,,0.0,unmatched,False,
agrocommerce-vileda,cyber_monday,Meta,2025,10,,,0.0,unmatched,False,
agrocommerce-vileda,cyber_monday,Meta,2025,11,,,0.0,unmatched,False,
agrocommerce-vileda,cyber_monday,Meta,2025,12,,,0.0,unmatched,False,
agrocommerce-vileda,cyber_monday,Retail Display,2024,9,,,0.0,unmatched,False,
agrocommerce-vileda,cyber_monday,Retail Display,2024,10,,,0.0,unmatched,False,
agrocommerce-vileda,cyber_monday,Retail Display,2025,10,,,0.0,unmatched,False,
airolite,5eBjVcV6K,CRM,2024,12,,,4895752.0,unmatched,False,
airolite,6189516-009614,CRM,2023,5,,,334192.0,unmatched,False,
airolite,black_friday,Retail Display,2025,11,,,0.0,unmatched,False,
airolite,black_friday,Retail Display,2025,12,,,0.0,unmatched,False,
airolite,Dxu2b7rTY,CRM,2025,1,,,2730874.0,unmatched,False,
airolite,wx9VDBXFo,CRM,2024,8,,,358940.0,unmatched,False,
airwick,5dwGcygCL,CRM,2025,6,,,329111.0,unmatched,False,
airwick,aromatizadores_navidad,Retail Display,2024,11,,,0.0,unmatched,False,
airwick,aromatizadores_navidad,Retail Display,2024,12,,,0.0,unmatched,False,
airwick,navidad,Retail Display,2025,12,ASEO,300000.0,0.0,probable,True,0.0
airwick,ZJWoXqRfI,CRM,2025,4,,,1077336.0,unmatched,False,
aislan,bRIiLfbGr,CRM,2025,7,,,101980.0,unmatched,False,
AISLAN,hazlo_todo_con_volcan,Sponsored Products,2026,3,,,306012.0,unmatched,False,
aislan,jthSxNccB,CRM,2025,2,,,313440.0,unmatched,False,
aislan,lQwkA052t,CRM,2025,2,,,912497.0,unmatched,False,
aislan,ZPy2XIMBO,CRM,2025,3,,,925454.0,unmatched,False,
aislanglass,6189516-009037,CRM,2023,4,,,0.0,unmatched,False,
aislanglass,6189516-009043,CRM,2023,4,,,1853798.0,unmatched,False,
aislanglass,6189516-011717,CRM,2023,11,,,2676797.0,unmatched,False,
aislanglass,6189516-011818,CRM,2023,11,,,2509006.0,unmatched,False,
aislanglass,6189516-012048,CRM,2023,11,,,2413218.0,unmatched,False,
aislanglass,6189516-012211,CRM,2023,12,,,920500.0,unmatched,False,
aislanglass,6189516-012336,CRM,2023,12,,,3625651.0,unmatched,False,
aislanglass,Black Marzo 2026,CRM,2026,3,,,4355170.0,unmatched,False,
AISLANGLASS,black_week,Sponsored Products,2026,3,,,3116960.0,unmatched,False,
aislanglass,bRIiLfbGr,CRM,2025,7,,,1917305.0,unmatched,False,
aislanglass,Campaña Hazlo Todo con Volcan,CRM,2026,4,,,12681760.0,unmatched,False,
aislanglass,FCg8pyBxs,CRM,2025,8,,,512186.0,unmatched,False,
AISLANGLASS,hazlo_todo_con_volcan,Sponsored Products,2026,3,,,205960.0,unmatched,False,
AISLANGLASS,hazlo_todo_con_volcan,Sponsored Products,2026,4,,,296324.0,unmatched,False,
aislanglass,lanzamiento,CRM,2025,12,,,1147243.0,unmatched,False,
aislanglass,njKzr0uq5,CRM,2025,7,,,86580.0,unmatched,False,
aislanglass,OmyRaUXr5,CRM,2024,1,,,2445490.0,unmatched,False,
aislanglass,p2ymELHZE,CRM,2025,7,,,204238.0,unmatched,False,
aislanglass,sin campaña,CRM,2025,12,,,2017732.0,unmatched,False,
aiwa,6189516-007594,CRM,2023,1,,,500473.0,unmatched,False,
aiwa,6189516-007705,CRM,2023,1,,,169670.0,unmatched,False,
ALBIN TROTTER,black_week,Sponsored Products,2026,3,,,17840680.0,unmatched,False,
alcazar,,Otros,2026,5,,,0.0,unmatched,False,
alcazar,,Retail Display,2025,5,ELECTROHOGAR,1600000.0,0.0,probable,True,0.0
alcazar,,Retail Display,2025,6,ELECTROHOGAR,1650000.0,0.0,probable,True,0.0
alcazar,,Retail Display,2025,7,ELECTROHOGAR,1600000.0,0.0,probable,True,0.0
alcazar,2sOXjbVo2,CRM,2024,5,,,16364712.0,unmatched,False,
alcazar,5kAto2DyA,CRM,2024,5,,,8183677.0,unmatched,False,
alcazar,6PzgeN8dh,CRM,2024,6,,,8300369.0,unmatched,False,
alcazar,8tamdWTa4,CRM,2025,7,ELECTROHOGAR,150000.0,5304850.0,probable,True,35.36566666666667
alcazar,ao,Google,2025,5,,,0.0,unmatched,False,
alcazar,ao,Google,2025,6,,,0.0,unmatched,False,
alcazar,aon_alcazar,Retail Display,2026,4,,,0.0,unmatched,False,
alcazar,aon_alcazar,Retail Display,2026,5,ELECTROHOGAR,800000.0,0.0,probable,True,0.0
ALCAZAR,black_week,Sponsored Products,2026,3,,,17879740.0,unmatched,False,
alcazar,calefaccion,Retail Display,2024,6,,,0.0,unmatched,False,
alcazar,co_brand,Retail Display,2024,5,,,0.0,unmatched,False,
alcazar,electrohogar,Retail Display,2025,4,ELECTROHOGAR,1850000.0,0.0,probable,True,0.0
alcazar,Hch7FU2ZZ,CRM,2024,6,,,5144277.0,unmatched,False,
alcazar,iDQO2mQq9,CRM,2024,5,,,5098118.0,unmatched,False,
alcazar,lLxM-tnxf,CRM,2025,7,ELECTROHOGAR,150000.0,1534950.0,probable,True,10.233
alcazar,oYhJ1bavn,CRM,2024,6,,,9377835.0,unmatched,False,
alcazar,tQLUNYTSv,CRM,2024,4,,,10016750.0,unmatched,False,
alcazar,tW5e2eLwZ,CRM,2024,6,,,7392910.0,unmatched,False,
alcazar,u3mVu-mko,CRM,2024,5,,,13458900.0,unmatched,False,
alcazar,WmAJmWX3V,CRM,2025,4,ELECTROHOGAR,0.0,6714760.0,probable,False,
alex,fAX2pYCmu,CRM,2025,7,,,241812.0,unmatched,False,
amerplast,,Retail Display,2026,1,PLOMERIA / GASFITERIA,400000.0,0.0,probable,True,0.0
amerplast,,Retail Display,2026,2,,,0.0,unmatched,False,
amerplast,cyber_monday,Sponsored Products,2025,10,,,0.0,unmatched,False,
amerplast,IJnxjn0-k,CRM,2024,1,,,1319523.0,unmatched,False,
amerplast,RT8zRYTLh,CRM,2024,1,,,1905621.0,unmatched,False,
amesti,aon_amesti,Otros,2026,5,,,0.0,unmatched,False,
amesti,black_week,Retail Display,2025,3,ELECTROHOGAR,300000.0,0.0,probable,True,0.0
amesti,black_week,Retail Display,2025,4,,,0.0,unmatched,False,
AMESTI,black_week,Sponsored Products,2026,3,,,53759230.0,unmatched,False,
amesti,cyber_day,Retail Display,2025,6,,,0.0,unmatched,False,
amesti,zyLsPsQZH,CRM,2024,5,,,26552723.0,unmatched,False,
anasac,6189516-008871,CRM,2023,4,,,5579252.0,unmatched,False,
anasac,6189516-011705,CRM,2023,11,,,10753047.0,unmatched,False,
anasac,cyperkill,Retail Display,2025,11,,,0.0,unmatched,False,
anasac,cyperkill,Retail Display,2025,12,,,0.0,unmatched,False,
anasac,nuevos_zectos,Retail Display,2024,10,,,0.0,unmatched,False,
anasac,q5SKwLOrG,CRM,2025,11,,,3206931.0,unmatched,False,
anasac,repelentes,Google,2025,12,JARDIN,200000.0,55550.0,probable,True,0.27775
anasac-fellini-goofy,felliny_goofy,Retail Display,2026,5,,,0.0,unmatched,False,
anasac-fellini-goofy,tactico_felliny_goofy_febrero_2026,Retail Display,2026,2,,,0.0,unmatched,False,
anasac-fellini-goofy,tactico_felliny_goofy_febrero_2026,Retail Display,2026,3,,,0.0,unmatched,False,
anasac-rastop,rastop,Retail Display,2026,5,,,0.0,unmatched,False,
anasac-traper,regalones_de_la_casa,Retail Display,2025,6,,,0.0,unmatched,False,
anasac-traper,regalones_de_la_casa,Retail Display,2025,7,,,0.0,unmatched,False,
anasac-traper,regalones_de_la_casa,Retail Display,2025,8,,,0.0,unmatched,False,
anasac-traper,regalones_de_la_casa,Retail Display,2025,9,,,0.0,unmatched,False,
anasac-trapper,cyber_day,Retail Display,2025,6,,,0.0,unmatched,False,
anasac-zecto,repelente_insectos,Retail Display,2025,2,,,0.0,unmatched,False,
anasac-zecto,repelente_insectos,Retail Display,2025,3,,,0.0,unmatched,False,
anasac-zecto,repelentes,Google,2025,12,,,88970.0,unmatched,False,
ANGELGRES,aon_marzo_2026,Sponsored Products,2026,3,,,335267.0,unmatched,False,
ANGELGRES,tactico_febrero_2026,Sponsored Products,2026,2,,,418514.0,unmatched,False,
aquaplast,fysDomBdr,CRM,2024,12,,,38980.0,unmatched,False,
aquaplast,MJD1j61En,CRM,2025,1,,,207900.0,unmatched,False,
AR SHELVING,bts_febrero_2026,Sponsored Products,2026,2,,,0.0,unmatched,False,
AR SHELVING,bts_marzo_2026,Sponsored Products,2026,3,,,59990.0,unmatched,False,
arielle pisoforte,Kj-BzyqL8,CRM,2025,3,,,139662.0,unmatched,False,
armor all,4Omb9tcWD,CRM,2024,8,,,16970.0,unmatched,False,
armor all,b9td76ydp,CRM,2025,2,,,108360.0,unmatched,False,
armor all,JIKcdv03v,CRM,2025,2,,,67450.0,unmatched,False,
armor all,n4R0tjRKy,CRM,2024,8,,,51248.0,unmatched,False,
atlantic,6189516-009925,CRM,2023,6,,,349980.0,unmatched,False,
atom,qnlqbNhGX,CRM,2024,2,,,184840.0,unmatched,False,
AURA,aon_marzo_ninja_2026,Sponsored Products,2026,3,,,24990.0,unmatched,False,
AURA,aon_ninja,Sponsored Products,2026,4,,,0.0,unmatched,False,
AURA,black_week,Sponsored Products,2026,3,,,0.0,unmatched,False,
AURA,electroweek_marzo_2026,Sponsored Products,2026,2,,,0.0,unmatched,False,
austone,black_friday,Retail Display,2025,11,,,0.0,unmatched,False,
austone,black_friday,Retail Display,2025,12,,,0.0,unmatched,False,
austone,hFDvT5ysu,CRM,2024,9,,,4989357.0,unmatched,False,
austone,KOTyhrPfO,CRM,2025,9,,,1422090.0,unmatched,False,
austone,M41P1YhxN,CRM,2025,9,,,2834434.0,unmatched,False,
austone,-rBiEIruh,CRM,2024,12,,,2106087.0,unmatched,False,
austone,Xa-jpvlMh,CRM,2025,1,,,3861704.0,unmatched,False,
austone,ZDK5MO-bj,CRM,2024,1,,,3237240.0,unmatched,False,
autoplanet-austone,cyber_monday,Retail Display,2025,10,,,0.0,unmatched,False,
autoplanet-austone_kumho_hankook_autostyle,sobre_ruedas_2026,Retail Display,2026,1,,,0.0,unmatched,False,
autostyle,0LiW1rKjW,CRM,2025,1,,,33752598.0,unmatched,False,
autostyle,6189516-007925,CRM,2023,1,,,18435299.0,unmatched,False,
autostyle,JIKcdv03v,CRM,2025,2,,,20912345.0,unmatched,False,
b&d-multimarca,cyber_day,Retail Display,2025,6,,,0.0,unmatched,False,
bata industrials,lwluRfoWn,CRM,2024,3,,,977274.0,unmatched,False,
bata industrials,quShbWlA9,CRM,2024,3,,,2139823.0,unmatched,False,
bauker,OJEpYkjXV,CRM,2025,4,,,31642442.0,unmatched,False,
bbq grill,6189516-008554,CRM,2023,3,,,219990.0,unmatched,False,
bbq grill,6189516-009316,CRM,2023,5,,,2923800.0,unmatched,False,
bbq grill,6189516-010739,CRM,2023,8,,,0.0,unmatched,False,
BBQ GRILL,black_week,Sponsored Products,2026,3,AIRE LIBRE,500000.0,10959520.0,probable,True,21.91904
behnke,X,CRM,2024,10,,,0.0,unmatched,False,
behnkehome,cyber_monday,Retail Display,2024,9,,,0.0,unmatched,False,
behnkehome,cyber_monday,Retail Display,2024,10,,,0.0,unmatched,False,
belsogno,6189516-012295,CRM,2023,12,,,390930.0,unmatched,False,
BELSOGNO,aon_febrero_2026,Sponsored Products,2026,2,,,199990.0,unmatched,False,
BELSOGNO,aon_febrero_muebles_2026,Sponsored Products,2026,2,,,399980.0,unmatched,False,
BELSOGNO,aon_marzo_2026,Sponsored Products,2026,3,,,58690.0,unmatched,False,
BELSOGNO,black_week,Sponsored Products,2026,3,,,129980.0,unmatched,False,
beox,cyber_monday,Meta,2025,10,,,0.0,unmatched,False,
beox,cyber_monday,Retail Display,2025,10,ASEO,300000.0,0.0,probable,True,0.0
beox,HNYTxSXjp,CRM,2025,10,ASEO,800000.0,5990.0,probable,True,0.0074875
beox,QGQuEuMOD,CRM,2025,10,ASEO,800000.0,0.0,probable,True,0.0
bertex,cyber_day,Retail Display,2024,6,,,0.0,unmatched,False,
BIL JAC,black_week,Sponsored Products,2026,3,,,9381.0,unmatched,False,
bil jac,OfNyHN00c,CRM,2024,7,,,38250.0,unmatched,False,
bio-bio,6189516-008920,CRM,2023,4,,,1196763.0,unmatched,False,
bio-bio,6189516-009070,CRM,2023,4,,,1448661.0,unmatched,False,
bio-bio,dhF9i6NFd,CRM,2024,12,,,1848199.0,unmatched,False,
bio piscinas,6189516-012274,CRM,2023,12,,,1273040.0,unmatched,False,
bio piscinas,6189516-012352,CRM,2023,12,,,816952.0,unmatched,False,
black+decker,,CRM,2025,7,,,124150.0,unmatched,False,
black+decker,,CRM,2025,8,,,1310555.0,unmatched,False,
black+decker,,CRM,2025,9,,,2269791.0,unmatched,False,
black+decker,,CRM,2025,10,,,2349783.0,unmatched,False,
black+decker,,CRM,2025,11,,,3513766.0,unmatched,False,
black+decker,,CRM,2025,12,,,1375835.0,unmatched,False,
black+decker,,CRM,2026,1,,,868680.0,unmatched,False,
black+decker,,CRM,2026,2,HERRAMIENTAS Y MAQUINARIAS,750000.0,1982001.0,probable,True,2.642668
black+decker,,CRM,2026,3,HERRAMIENTAS Y MAQUINARIAS,750000.0,1519956.0,probable,True,2.026608
black+decker,,CRM,2026,4,HERRAMIENTAS Y MAQUINARIAS,750000.0,4440950.0,probable,True,5.921266666666667
black+decker,,CRM,2026,5,HERRAMIENTAS Y MAQUINARIAS,750000.0,982148.0,probable,True,1.3095306666666666
black+decker,2IwM2LoUF,CRM,2024,8,,,4434084.0,unmatched,False,
black+decker,3HDTBjpUn,CRM,2024,4,,,2932886.0,unmatched,False,
black+decker,3jW60WEQ3,CRM,2024,6,,,4671788.0,unmatched,False,
black+decker,5wE3Vqee1,CRM,2024,10,,,10149915.0,unmatched,False,
black + decker,6189516-008011,CRM,2023,2,,,896549.0,unmatched,False,
black + decker,6189516-008482,CRM,2023,3,,,1945680.0,unmatched,False,
black + decker,6189516-008571,CRM,2023,3,,,86160.0,unmatched,False,
black + decker,6189516-008572,CRM,2023,3,,,242140.0,unmatched,False,
black + decker,6189516-008689,CRM,2023,4,,,587607.0,unmatched,False,
black + decker,6189516-008767,CRM,2023,4,,,571420.0,unmatched,False,
black+decker,6189516-008890,CRM,2023,4,,,5452685.0,unmatched,False,
black+decker,6189516-009157,CRM,2023,5,,,3707049.0,unmatched,False,
black+decker,6189516-009239,CRM,2023,5,,,2984552.0,unmatched,False,
black+decker,6189516-009410,CRM,2023,5,,,1350843.0,unmatched,False,
black+decker,6189516-009516,CRM,2023,5,,,4050701.0,unmatched,False,
black+decker,6189516-009722,CRM,2023,6,,,1987518.0,unmatched,False,
black+decker,6189516-010040,CRM,2023,7,,,5121016.0,unmatched,False,
black+decker,6189516-010136,CRM,2023,7,,,1903310.0,unmatched,False,
black+decker,6189516-010247,CRM,2023,7,,,2116100.0,unmatched,False,
black+decker,6189516-010569,CRM,2023,8,,,3913573.0,unmatched,False,
black+decker,6189516-010700,CRM,2023,8,,,6207724.0,unmatched,False,
black+decker,6189516-011161,CRM,2023,10,,,1491612.0,unmatched,False,
black+decker,6189516-011469,CRM,2023,10,,,6546358.0,unmatched,False,
black+decker,84Gcu-iWN,CRM,2024,6,,,28630739.0,unmatched,False,
black+decker,8GmCiKf2V,CRM,2024,7,,,3637260.0,unmatched,False,
black+decker,94mL3Y6q2,CRM,2024,8,,,8925292.0,unmatched,False,
black+decker,aon_trigger,CRM,2025,7,,,690558.0,unmatched,False,
black+decker,aon_trigger,CRM,2025,8,,,2468452.0,unmatched,False,
black+decker,aon_trigger,CRM,2025,9,,,4440187.0,unmatched,False,
black+decker,aon_trigger,CRM,2025,10,,,6871396.0,unmatched,False,
black+decker,aon_trigger,CRM,2025,11,,,6341032.0,unmatched,False,
black+decker,aon_trigger,CRM,2025,12,,,5483166.0,unmatched,False,
black+decker,aon_trigger,CRM,2026,1,,,2932655.0,unmatched,False,
black+decker,B8oxmLtZx,CRM,2024,9,,,8995616.0,unmatched,False,
black+decker,bGg0QOxUh,CRM,2024,5,,,10839650.0,unmatched,False,
black+decker,bkgoghi8N,CRM,2024,12,,,7808554.0,unmatched,False,
black_&_decker,cyber_day,Retail Display,2024,6,,,0.0,unmatched,False,
black+decker,DelHdb08F,CRM,2024,8,,,8179494.0,unmatched,False,
black+decker,FDxP4lIEu,CRM,2024,12,,,9006323.0,unmatched,False,
black+decker,hKWIr8tVa,CRM,2024,4,,,8378959.0,unmatched,False,
black+decker,IGzNWQqlM,CRM,2025,10,,,2931939.0,unmatched,False,
black+decker,IYTtkq5xe,CRM,2024,7,,,3171578.0,unmatched,False,
black+decker,-jAr66174,CRM,2024,6,,,8220153.0,unmatched,False,
black+decker,K6cSwmZDN,CRM,2025,10,,,1429499.0,unmatched,False,
black+decker,MqwwjmTXe,CRM,2025,6,,,1972338.0,unmatched,False,
black+decker,PuV70AwA1,CRM,2024,7,,,7082510.0,unmatched,False,
black+decker,rv0LDwfSl,CRM,2025,4,HERRAMIENTAS Y MAQUINARIAS,1000000.0,3178281.0,probable,True,3.178281
black+decker,s4mBMyQE-,CRM,2024,6,,,3947236.0,unmatched,False,
black+decker,SLj5gGG2M,CRM,2025,6,,,3750069.0,unmatched,False,
black+decker,TuXImOitq,CRM,2024,4,,,5408381.0,unmatched,False,
black+decker,uyfSZoICV,CRM,2024,7,,,6497436.0,unmatched,False,
black+decker,X,CRM,2024,9,,,11879168.0,unmatched,False,
black+decker,X,CRM,2024,10,,,16246856.0,unmatched,False,
black+decker,XvJ9rdTwd,CRM,2024,9,,,3572683.0,unmatched,False,
black+decker,XXXXXX,CRM,2024,9,,,5146534.0,unmatched,False,
black+decker,ZIeWzT5gv,CRM,2025,5,,,3523818.0,unmatched,False,
black_&_decker-stanley,cyber_day,Retail Display,2024,6,,,0.0,unmatched,False,
black_&_deckers-dewalt,tactica,Retail Display,2025,5,,,0.0,unmatched,False,
black_&_deckers-dewalt,tactica,Retail Display,2025,6,,,0.0,unmatched,False,
black_&_deckers-dewalt_stanley,black_week,Retail Display,2025,3,,,0.0,unmatched,False,
black_&_deckers-dewalt_stanley,black_week,Retail Display,2025,4,,,0.0,unmatched,False,
black_&_deckers-dewalt_stanley,black_week,Retail Display,2026,3,,,0.0,unmatched,False,
black_&_deckers-dewalt_stanley,black_week,Retail Display,2026,4,,,0.0,unmatched,False,
BLANIK,aon_marzo_ventus_2026,Sponsored Products,2026,3,,,17990.0,unmatched,False,
bosca,,Otros,2026,5,,,0.0,unmatched,False,
bosca,6189516-008188,CRM,2023,2,,,4779890.0,unmatched,False,
bosca,6189516-008338,CRM,2023,3,,,18100320.0,unmatched,False,
bosca,6189516-009829,CRM,2023,6,,,83035587.0,unmatched,False,
bosca,6189516-010249,CRM,2023,7,,,5430060.0,unmatched,False,
bosca,6189516-010958,CRM,2023,9,,,733690.0,unmatched,False,
bosca,ao,Google,2025,5,ELECTROHOGAR,800000.0,2088723.0,probable,True,2.61090375
bosca,ao,Google,2025,6,ELECTROHOGAR,800000.0,6884800.0,probable,True,8.606
bosca,ao,Google,2025,7,ELECTROHOGAR,800000.0,747064.0,probable,True,0.93383
bosca,ao,Google,2025,8,,,169990.0,unmatched,False,
BOSCA,aon_bosca,Sponsored Products,2026,4,ELECTROHOGAR,400000.0,7319870.0,probable,True,18.299675
bosca,B3WOrb-kb,CRM,2025,9,AIRE LIBRE,600000.0,5755976.0,probable,True,9.593293333333333
bosca,Black Marzo BOSCA 2026,CRM,2026,3,ELECTROHOGAR,950000.0,90445827.0,probable,True,95.20613368421053
bosca,black_week,Retail Display,2025,3,ELECTROHOGAR,300000.0,0.0,probable,True,0.0
bosca,black_week,Retail Display,2025,4,ELECTROHOGAR,200000.0,0.0,probable,True,0.0
bosca,calefaccion,Retail Display,2025,4,ELECTROHOGAR,200000.0,0.0,probable,True,0.0
bosca,calefaccion,Retail Display,2025,6,ELECTROHOGAR,300000.0,0.0,probable,True,0.0
bosca,calefaccion,Retail Display,2025,7,ELECTROHOGAR,300000.0,0.0,probable,True,0.0
bosca,cb3UBzrL5,CRM,2024,5,,,27610982.0,unmatched,False,
bosca,co_brand,Retail Display,2024,5,,,0.0,unmatched,False,
bosca,cyber_day,Retail Display,2024,6,,,0.0,unmatched,False,
bosca,cyber_monday,Retail Display,2024,9,,,0.0,unmatched,False,
bosca,cyber_monday,Retail Display,2024,10,,,0.0,unmatched,False,
bosca,enxobdRt8,CRM,2024,5,,,13705416.0,unmatched,False,
bosca,KO2LzIZZx,CRM,2025,7,ELECTROHOGAR,290000.0,2927349.0,probable,True,10.094306896551725
bosca,oabNLgw3z,CRM,2025,4,,,18670173.0,unmatched,False,
bosca,pr3gBVIBp,CRM,2025,9,AIRE LIBRE,600000.0,2428007.0,probable,True,4.046678333333333
bosca,semana_parrilla,Retail Display,2025,9,AIRE LIBRE,800000.0,0.0,probable,True,0.0
bosca,u9rmlbGqo,CRM,2025,8,,,3306838.0,unmatched,False,
bosca,Uu4NEOOzc,CRM,2024,4,,,19481758.0,unmatched,False,
bosca,VkAhspUnB,CRM,2024,5,,,17365605.0,unmatched,False,
bosca,wZW7eF0-Q,CRM,2025,7,ELECTROHOGAR,290000.0,3538818.0,probable,True,12.202820689655173
bosca-atlantic,calefaccion,Retail Display,2025,5,,,0.0,unmatched,False,
bosca-atlantic,calefaccion,Retail Display,2025,6,,,0.0,unmatched,False,
bosch,0LiW1rKjW,CRM,2025,1,HERRAMIENTAS Y MAQUINARIAS,700000.0,11422430.0,probable,True,16.317757142857143
bosch,14bzBbrR8,CRM,2025,2,HERRAMIENTAS Y MAQUINARIAS,400000.0,18332626.0,probable,True,45.831565
bosch,5KaWZo19G,CRM,2024,11,,,19461379.0,unmatched,False,
bosch,6189516-007862,CRM,2023,1,,,10539473.0,unmatched,False,
bosch,6189516-008327,CRM,2023,3,,,13512842.0,unmatched,False,
bosch,6189516-008478,CRM,2023,3,,,15520486.0,unmatched,False,
bosch,6189516-008732,CRM,2023,3,,,12249802.0,unmatched,False,
bosch,6189516-008760,CRM,2023,4,,,5378958.0,unmatched,False,
bosch,6189516-008768,CRM,2023,4,,,8004870.0,unmatched,False,
bosch,6189516-008792,CRM,2023,4,,,9099047.0,unmatched,False,
bosch,6189516-008793,CRM,2023,4,,,3058862.0,unmatched,False,
bosch,6189516-009024,CRM,2023,4,,,6767922.0,unmatched,False,
bosch,6189516-009025,CRM,2023,4,,,7091122.0,unmatched,False,
bosch,6189516-009075,CRM,2023,4,,,0.0,unmatched,False,
bosch,6189516-009092,CRM,2023,4,,,0.0,unmatched,False,
bosch,6189516-009191,CRM,2023,5,,,9095513.0,unmatched,False,
bosch,6189516-009283,CRM,2023,5,,,9600547.0,unmatched,False,
bosch,6189516-009393,CRM,2023,5,,,7778111.0,unmatched,False,
bosch,6189516-009409,CRM,2023,5,,,7366382.0,unmatched,False,
bosch,6189516-009509,CRM,2023,5,,,4373348.0,unmatched,False,
bosch,6189516-009527,CRM,2023,5,,,20981274.0,unmatched,False,
bosch,6189516-009530,CRM,2023,5,,,6054091.0,unmatched,False,
bosch,6189516-009620,CRM,2023,5,,,135547807.0,unmatched,False,
bosch,6189516-010180,CRM,2023,7,,,17591349.0,unmatched,False,
bosch,6189516-010288,CRM,2023,7,,,13852447.0,unmatched,False,
bosch,6189516-010353,CRM,2023,7,,,9137515.0,unmatched,False,
bosch,6189516-010753,CRM,2023,8,,,12365093.0,unmatched,False,
bosch,6189516-010996,CRM,2023,9,,,9420591.0,unmatched,False,
bosch,6189516-011117,CRM,2023,9,,,21969020.0,unmatched,False,
bosch,6189516-011118,CRM,2023,9,,,16731835.0,unmatched,False,
bosch,6189516-011141,CRM,2023,10,,,6826046.0,unmatched,False,
bosch,6189516-011158,CRM,2023,10,,,4918958.0,unmatched,False,
bosch,6189516-011293,CRM,2023,9,,,4820596.0,unmatched,False,
bosch,6189516-011312,CRM,2023,10,,,7717098.0,unmatched,False,
bosch,6189516-011331,CRM,2023,10,,,3782533.0,unmatched,False,
bosch,6189516-011534,CRM,2023,10,,,24930658.0,unmatched,False,
bosch,6189516-011750,CRM,2023,11,,,20554806.0,unmatched,False,
bosch,6189516-011853,CRM,2023,11,,,26298078.0,unmatched,False,
bosch,6189516-012023,CRM,2023,11,,,14086722.0,unmatched,False,
bosch,9JYWcGJ5l,CRM,2025,6,,,12195198.0,unmatched,False,
bosch,a05QCIAJx,CRM,2024,1,,,16964986.0,unmatched,False,
bosch,always_on,Google,2025,3,,,0.0,unmatched,False,
bosch,AMVU42pfo,CRM,2025,3,,,1346867.0,unmatched,False,
BOSCH,aon_junkers,Sponsored Products,2026,4,HERRAMIENTAS Y MAQUINARIAS,500000.0,6901331.0,probable,True,13.802662
BOSCH,aon_marzo_junkers_2026,Sponsored Products,2026,3,,,15764950.0,unmatched,False,
bosch,aVurdscbn,CRM,2024,11,,,15482703.0,unmatched,False,
bosch,b6LM8sSEv,CRM,2025,1,HERRAMIENTAS Y MAQUINARIAS,700000.0,19695589.0,probable,True,28.136555714285713
bosch,black_week,Retail Display,2025,3,HERRAMIENTAS Y MAQUINARIAS,300000.0,0.0,probable,True,0.0
bosch,black_week,Retail Display,2025,4,,,0.0,unmatched,False,
bosch,bosch_days,Retail Display,2024,7,,,0.0,unmatched,False,
bosch,cIcxhOowd,CRM,2025,6,,,10642542.0,unmatched,False,
bosch,co_brand,Google,2024,9,,,0.0,unmatched,False,
bosch,co_brand,Google,2024,10,,,0.0,unmatched,False,
bosch,co_brand,Meta,2024,3,,,0.0,unmatched,False,
bosch,co_brand,Meta,2024,4,,,0.0,unmatched,False,
bosch,co_brand,Meta,2024,5,,,0.0,unmatched,False,
bosch,co_brand,Meta,2024,6,,,0.0,unmatched,False,
bosch,co_brand,Meta,2024,7,,,0.0,unmatched,False,
bosch,co_brand,Meta,2024,8,,,0.0,unmatched,False,
bosch,co_brand,Meta,2024,9,,,0.0,unmatched,False,
bosch,co_brand,Meta,2024,10,,,0.0,unmatched,False,
bosch,co_brand,Meta,2024,11,,,0.0,unmatched,False,
bosch,concurso_abre_gana,Retail Display,2024,10,,,0.0,unmatched,False,
bosch,concurso_cupon,Retail Display,2024,12,,,0.0,unmatched,False,
bosch,cUdsRvIK-,CRM,2024,7,,,17804846.0,unmatched,False,
bosch,cupon,Retail Display,2025,2,HERRAMIENTAS Y MAQUINARIAS,400000.0,0.0,probable,True,0.0
bosch,cupon,Retail Display,2025,3,HERRAMIENTAS Y MAQUINARIAS,300000.0,0.0,probable,True,0.0
bosch,cxZpJ-SLc,CRM,2025,2,HERRAMIENTAS Y MAQUINARIAS,400000.0,14858430.0,probable,True,37.146075
bosch,cyber_day,Meta,2024,6,,,0.0,unmatched,False,
bosch,cyber_day,Retail Display,2024,6,,,0.0,unmatched,False,
bosch,cyber_day,Retail Display,2025,6,,,0.0,unmatched,False,
bosch,cyber_monday,Retail Display,2024,9,,,0.0,unmatched,False,
bosch,cyber_monday,Retail Display,2024,10,,,0.0,unmatched,False,
bosch,CZv7hyPm2,CRM,2025,10,HERRAMIENTAS Y MAQUINARIAS,1000000.0,10107368.0,probable,True,10.107368
bosch,D-rOCtF7F,CRM,2024,10,,,13251939.0,unmatched,False,
bosch,D6Shz21Ky,CRM,2025,3,,,18077477.0,unmatched,False,
bosch,dgshi1gZQ,CRM,2024,11,,,11535286.0,unmatched,False,
bosch,dmJBPC3vX,CRM,2024,7,,,18734714.0,unmatched,False,
bosch,e7F3JE07B,CRM,2024,1,,,14448869.0,unmatched,False,
bosch,Ebeb4xmjc,CRM,2024,4,,,19566051.0,unmatched,False,
bosch,eMnnCsESD,CRM,2024,3,,,40786935.0,unmatched,False,
bosch,er1MHdwVr,CRM,2024,7,,,24280558.0,unmatched,False,
bosch,fq8le4NcL,CRM,2024,4,,,12142128.0,unmatched,False,
bosch,FwOGdA9MN,CRM,2025,10,HERRAMIENTAS Y MAQUINARIAS,1000000.0,6834082.0,probable,True,6.834082
bosch,G0FPCfp4B,CRM,2024,4,,,13858982.0,unmatched,False,
bosch,Gf81NUGX7,CRM,2025,4,,,19589379.0,unmatched,False,
bosch,herramientas,Retail Display,2024,9,,,0.0,unmatched,False,
bosch,hidrolavadoras,Meta,2024,10,,,0.0,unmatched,False,
bosch,hidrolavadoras,Retail Display,2024,7,,,0.0,unmatched,False,
bosch,hidrolavadoras,Retail Display,2024,8,,,0.0,unmatched,False,
bosch,hidrolavadoras,Retail Display,2024,10,,,0.0,unmatched,False,
bosch,HZ5fBBnh5,CRM,2024,11,,,14175160.0,unmatched,False,
bosch,Ib1GNZpua,CRM,2024,10,,,13569411.0,unmatched,False,
bosch,iGbqkxNuz,CRM,2024,6,,,2879184.0,unmatched,False,
bosch,j-zjsA9l0,CRM,2025,3,,,11207390.0,unmatched,False,
bosch,jlUbALayD,CRM,2024,7,,,25926142.0,unmatched,False,
bosch,knygBVn4U,CRM,2025,6,,,11894061.0,unmatched,False,
bosch,kpOUSfg4a,CRM,2025,3,,,7895705.0,unmatched,False,
bosch,KV-RVSVdw,CRM,2024,10,,,29468614.0,unmatched,False,
bosch,kW3f5dmIW,CRM,2025,3,,,12283253.0,unmatched,False,
bosch,LGysARtRs,CRM,2024,4,,,20190520.0,unmatched,False,
bosch,maletines,Retail Display,2025,1,,,0.0,unmatched,False,
bosch,maletines,Retail Display,2025,2,HERRAMIENTAS Y MAQUINARIAS,400000.0,0.0,probable,True,0.0
bosch,mas_verde,Retail Display,2024,8,,,0.0,unmatched,False,
bosch,mas_verde,Retail Display,2025,8,HERRAMIENTAS Y MAQUINARIAS,300000.0,0.0,probable,True,0.0
bosch,MEWsnWfhJ,CRM,2025,8,HERRAMIENTAS Y MAQUINARIAS,300000.0,13978529.0,probable,True,46.59509666666667
bosch,nivelacion,Retail Display,2025,5,,,0.0,unmatched,False,
bosch,nivelacion,Retail Display,2025,6,,,0.0,unmatched,False,
bosch,nNN5FIq8a,CRM,2024,6,,,5163326.0,unmatched,False,
bosch,ocNykZ5ZY,CRM,2024,12,,,7973490.0,unmatched,False,
bosch,PkTpV1cSK,CRM,2024,11,,,30558967.0,unmatched,False,
bosch,QXKNNYb7Q,CRM,2024,6,,,13461538.0,unmatched,False,
bosch,RvseU3KXX,CRM,2024,10,,,23625395.0,unmatched,False,
bosch,SRLaV6WA6,CRM,2024,10,,,15962451.0,unmatched,False,
bosch,Vm0XyGhOY,CRM,2024,7,,,16980477.0,unmatched,False,
bosch,W45H3HEWd,CRM,2024,6,,,28293436.0,unmatched,False,
bosch,wPfli2dGN,CRM,2024,8,,,28658644.0,unmatched,False,
bosch,X,CRM,2024,9,,,36325930.0,unmatched,False,
bosch,X,CRM,2024,10,,,20139407.0,unmatched,False,
bosch,Xa-jpvlMh,CRM,2025,1,HERRAMIENTAS Y MAQUINARIAS,700000.0,9518551.0,probable,True,13.59793
bosch,zmRQZiR5d,CRM,2024,11,,,26216003.0,unmatched,False,
bosch-dremel,,Retail Display,2025,11,,,0.0,unmatched,False,
bosch-dremel,,Retail Display,2025,12,,,0.0,unmatched,False,
bosch-dremel,tc,Retail Display,2025,9,,,0.0,unmatched,False,
bosch-junkers,cyber_day,Retail Display,2025,6,,,0.0,unmatched,False,
bosch-junkers,ppi,Retail Display,2025,6,,,0.0,unmatched,False,
bosch-junkers,ppi,Retail Display,2025,7,,,0.0,unmatched,False,
briggs,6189516-009134,CRM,2023,4,,,116970.0,unmatched,False,
briggs,6189516-009141,CRM,2023,4,,,14990.0,unmatched,False,
briggs & stratton,6189516-009134,CRM,2023,4,,,0.0,unmatched,False,
briggs & stratton,6189516-009141,CRM,2023,4,,,0.0,unmatched,False,
brother,,Retail Display,2026,3,CASA INTELIGENTE,300000.0,0.0,probable,True,0.0
brother,0nUYXZ2S6,CRM,2024,3,,,1453415.0,unmatched,False,
brother,6189516-008233,CRM,2023,2,,,597542.0,unmatched,False,
brother,6189516-008635,CRM,2023,3,,,164990.0,unmatched,False,
brother,6189516-008649,CRM,2023,3,,,596930.0,unmatched,False,
brother,6189516-009311,CRM,2023,5,,,672190.0,unmatched,False,
brother,A4OgHl7Xk,CRM,2025,2,CASA INTELIGENTE,200000.0,2761720.0,probable,True,13.8086
brother,cyber_day,Retail Display,2024,6,,,0.0,unmatched,False,
brother,cyber_day,Retail Display,2025,6,,,0.0,unmatched,False,
brother,cyber_monday,Retail Display,2024,9,,,0.0,unmatched,False,
brother,cyber_monday,Retail Display,2024,10,,,0.0,unmatched,False,
brother,cyber_monday,Retail Display,2025,10,CASA INTELIGENTE,200000.0,0.0,probable,True,0.0
brother,maquinadecoser,Retail Display,2025,12,CASA INTELIGENTE,300000.0,0.0,probable,True,0.0
brother,semana_brother,Meta,2025,9,,,0.0,unmatched,False,
brother,semana_brother,Retail Display,2025,8,,,0.0,unmatched,False,
brother,semana_brother,Retail Display,2025,9,CASA INTELIGENTE,250000.0,0.0,probable,True,0.0
brother,semana_marca,Retail Display,2024,8,,,0.0,unmatched,False,
bticino,6189516-010550,CRM,2023,8,,,8876232.0,unmatched,False,
bticino,6189516-010618,CRM,2023,8,,,5989375.0,unmatched,False,
bticino,6189516-011132,CRM,2023,9,,,7540513.0,unmatched,False,
bticino,k6Nk6ZXb2,CRM,2024,11,,,19875128.0,unmatched,False,
bticino,OinQEEPRY,CRM,2025,2,,,13264135.0,unmatched,False,
bticino,rBecn7vi4,CRM,2024,11,,,14946722.0,unmatched,False,
cachupin,9rwJTWJv9,CRM,2024,6,,,1045770.0,unmatched,False,
cachupin,A90PbbAiT,CRM,2025,7,,,56970.0,unmatched,False,
cachupin,FCg8pyBxs,CRM,2025,8,,,354480.0,unmatched,False,
caixun,6189516-012206,CRM,2023,12,,,2335975.0,unmatched,False,
casasegura,6189516-008137,CRM,2023,2,,,0.0,unmatched,False,
casasegura,6189516-008210,CRM,2023,2,,,0.0,unmatched,False,
cat chow,4FGhJKjAd,CRM,2024,6,,,3491812.0,unmatched,False,
cat chow,6189516-009482,CRM,2023,5,,,959050.0,unmatched,False,
cat chow,6189516-009978,CRM,2023,6,,,691724.0,unmatched,False,
cedral,AFEcwY1-D,CRM,2025,10,,,8000.0,unmatched,False,
celta,,CRM,2026,2,MUEBLES,900000.0,520982.0,probable,True,0.5788688888888889
celta,,CRM,2026,3,MUEBLES,900000.0,2664921.0,probable,True,2.9610233333333333
celta,,CRM,2026,4,,,2774830.0,unmatched,False,
celta,,CRM,2026,5,,,1345554.0,unmatched,False,
celta,5NLbqjfU4,CRM,2025,11,MUEBLES,700000.0,3728908.0,probable,True,5.327011428571429
celta,aon_trigger,CRM,2026,4,,,6731290.0,unmatched,False,
celta,aon_trigger,CRM,2026,5,,,2083890.0,unmatched,False,
CELTA,black_week,Sponsored Products,2026,3,MUEBLES,500000.0,11804200.0,probable,True,23.6084
celta,blackout,Retail Display,2025,7,MUEBLES,300000.0,0.0,probable,True,0.0
celta,blackout,Retail Display,2025,8,,,0.0,unmatched,False,
celta,cyber_day,Retail Display,2025,6,,,0.0,unmatched,False,
celta,dzgpWL0DB,CRM,2025,10,MUEBLES,600000.0,4145679.0,probable,True,6.909465
celta,JcMOFW7r-,CRM,2025,7,MUEBLES,600000.0,1799900.0,probable,True,2.999833333333333
cem-splendid,ac,Retail Display,2025,2,,,0.0,unmatched,False,
cem-splendid,black_week,Retail Display,2026,3,,,0.0,unmatched,False,
cem-splendid,black_week,Retail Display,2026,4,,,0.0,unmatched,False,
cem-splendid,cyber_day,Retail Display,2025,6,,,0.0,unmatched,False,
cem-splendid,cyber_monday,Retail Display,2025,10,,,0.0,unmatched,False,
cem-splendid,renovaciones,Retail Display,2025,3,,,0.0,unmatched,False,
cem-splendid-rheem,,Otros,2026,5,,,0.0,unmatched,False,
ceresita,0S1xJs-ah,CRM,2025,9,,,20328628.0,unmatched,False,
ceresita,0Te5hrJXa,CRM,2025,8,,,7357587.0,unmatched,False,
ceresita,6189516-007965,CRM,2023,2,,,24739519.0,unmatched,False,
ceresita,6189516-008983,CRM,2023,4,,,11758513.0,unmatched,False,
ceresita,6189516-009297,CRM,2023,5,,,13212245.0,unmatched,False,
ceresita,6189516-010720,CRM,2023,8,,,19835451.0,unmatched,False,
ceresita,9j9xl2GBH,CRM,2025,9,,,12910217.0,unmatched,False,
ceresita,bJro0feiQ,CRM,2025,8,,,16600172.0,unmatched,False,
ceresita,codelpa,Retail Display,2024,11,,,0.0,unmatched,False,
ceresita,codelpa,Retail Display,2024,12,,,0.0,unmatched,False,
ceresita,gHqpzL3LQ,CRM,2025,8,,,6063881.0,unmatched,False,
ceresita,NN2xDn4mN,CRM,2024,11,,,3023630.0,unmatched,False,
ceresita,p8UApGzPD,CRM,2025,9,,,5308186.0,unmatched,False,
ceresita,qYLLFYZax,CRM,2025,8,,,13406685.0,unmatched,False,
ceresita,Tactico Invictus 2025,CRM,2025,12,,,35208124.0,unmatched,False,
ceresita,-TcDhtKpV,CRM,2025,8,,,25580004.0,unmatched,False,
ceresita,tP1baBOmr,CRM,2025,9,,,5556748.0,unmatched,False,
ceresita,ulnEG-LKZ,CRM,2024,3,,,42431784.0,unmatched,False,
ceresita,XXXXXX,CRM,2024,11,,,2370421.0,unmatched,False,
ceresita,ySFm-VyHx,CRM,2024,11,,,89422322.0,unmatched,False,
ceresita,ZD7nOyimO,CRM,2025,12,,,31874991.0,unmatched,False,
ceresita,zpTibzuKb,CRM,2025,8,,,10800472.0,unmatched,False,
ceys,0Ja1USMzr,CRM,2024,3,,,1447674.0,unmatched,False,
ceys,2ENal9SCI,CRM,2024,4,,,1217027.0,unmatched,False,
ceys,6189516-009289,CRM,2023,5,,,1253167.0,unmatched,False,
ceys,6189516-009356,CRM,2023,5,,,740560.0,unmatched,False,
ceys,6189516-009366,CRM,2023,5,,,394050.0,unmatched,False,
ceys,co_brand,Retail Display,2024,12,,,0.0,unmatched,False,
ceys,DYXYgEjOr,CRM,2024,12,,,247781.0,unmatched,False,
ceys,fAX2pYCmu,CRM,2025,7,FERRETERIA,600000.0,203875.0,probable,True,0.33979166666666666
ceys-alex_montack,,Retail Display,2026,4,,,0.0,unmatched,False,
ceys-alex_montack,tc,Retail Display,2025,12,,,0.0,unmatched,False,
ceys-alex_montack,tc,Retail Display,2026,1,,,0.0,unmatched,False,
ceys-alex_montack,tc_julio,Retail Display,2025,7,,,0.0,unmatched,False,
chakrana,6189516-011518,CRM,2023,10,,,41480.0,unmatched,False,
champion,regalones,Retail Display,2024,5,,,0.0,unmatched,False,
champion,regalones,Retail Display,2024,6,,,0.0,unmatched,False,
champion,regalones,Retail Display,2024,7,,,0.0,unmatched,False,
champion cat,8Pjn0i-Fc,CRM,2025,7,,,166054.0,unmatched,False,
champion cat,AMWJ6uJkg,CRM,2024,6,,,674097.0,unmatched,False,
champion cat,jBV1xJm4R,CRM,2024,7,,,489979.0,unmatched,False,
champion cat,kxwMus55G,CRM,2024,5,,,755735.0,unmatched,False,
champion cat,PAJyP7YV6,CRM,2024,7,,,745361.0,unmatched,False,
champion cat,xUN2u7jvP,CRM,2025,8,,,282253.0,unmatched,False,
champion dog,6189516-009678,CRM,2023,6,,,554330.0,unmatched,False,
champion dog,8Pjn0i-Fc,CRM,2025,7,,,2044328.0,unmatched,False,
champion dog,AMWJ6uJkg,CRM,2024,6,,,2062102.0,unmatched,False,
champion dog,Black Marzo Champion 2026,CRM,2026,4,,,2181850.0,unmatched,False,
champion dog,d7IsFyFPV,CRM,2025,5,,,1731656.0,unmatched,False,
champion dog,jBV1xJm4R,CRM,2024,7,,,1821921.0,unmatched,False,
champion dog,mbCcwpZp9,CRM,2025,7,,,49934.0,unmatched,False,
champion dog,PAJyP7YV6,CRM,2024,7,,,2975293.0,unmatched,False,
champion dog,QlGlgYFJm,CRM,2025,7,,,2464918.0,unmatched,False,
champion_dog,regalones_de_la_casa,Retail Display,2025,5,,,0.0,unmatched,False,
champion_dog,regalones_de_la_casa,Retail Display,2025,6,,,0.0,unmatched,False,
champion_dog,regalones_de_la_casa,Retail Display,2025,7,,,0.0,unmatched,False,
champion_dog,regalones_de_la_casa,Retail Display,2025,8,,,0.0,unmatched,False,
champion dog,tg5YHxJKY,CRM,2025,7,,,93970.0,unmatched,False,
champion dog,xBDvS4tpp,CRM,2025,8,,,1432385.0,unmatched,False,
champion dog,xUN2u7jvP,CRM,2025,8,,,3146550.0,unmatched,False,
char broil,jpXxE-HTy,CRM,2024,9,,,511180.0,unmatched,False,
chilcorrofin,4Sla4i30D,CRM,2025,10,PINTURA Y ACCESORIOS,2700000.0,2774864.0,probable,True,1.0277274074074074
chilcorrofin,EWE4VIqrP,CRM,2025,11,PINTURA Y ACCESORIOS,2700000.0,372307.0,probable,True,0.13789148148148148
chilcorrofin,lSWhkqK5k,CRM,2025,11,PINTURA Y ACCESORIOS,2700000.0,2087019.0,probable,True,0.77297
chilcorrofin,W9yeQnxxd,CRM,2025,11,PINTURA Y ACCESORIOS,2700000.0,4645785.0,probable,True,1.7206611111111112
churu,Black Marzo 2026,CRM,2026,3,,,573702.0,unmatched,False,
CHURU,black_week,Sponsored Products,2026,3,,,35886.0,unmatched,False,
churu,kxwMus55G,CRM,2024,5,,,477702.0,unmatched,False,
churu,OfNyHN00c,CRM,2024,7,,,377887.0,unmatched,False,
churu,QlGlgYFJm,CRM,2025,7,,,334597.0,unmatched,False,
churu,regalones,Retail Display,2024,6,,,0.0,unmatched,False,
churu,regalones,Retail Display,2024,7,,,0.0,unmatched,False,
churu,tg5YHxJKY,CRM,2025,7,,,50928.0,unmatched,False,
churu,xBDvS4tpp,CRM,2025,8,,,99672.0,unmatched,False,
cic,,CRM,2025,4,MUEBLES,1000000.0,55112777.0,probable,True,55.112777
cic,,CRM,2025,5,,,49687154.0,unmatched,False,
cic,,CRM,2025,6,MUEBLES,1400000.0,76092286.0,probable,True,54.35163285714286
cic,,CRM,2025,7,,,28407620.0,unmatched,False,
cic,,CRM,2025,9,MUEBLES,1200000.0,71274202.0,probable,True,59.39516833333333
cic,,CRM,2025,10,,,144954392.0,unmatched,False,
cic,,CRM,2025,11,,,83548040.0,unmatched,False,
cic,,CRM,2025,12,,,84431070.0,unmatched,False,
cic,,CRM,2026,1,MUEBLES,900000.0,115669084.0,probable,True,128.52120444444444
cic,,CRM,2026,2,,,121416475.0,unmatched,False,
cic,,CRM,2026,3,MUEBLES,900000.0,63295935.0,probable,True,70.32881666666667
cic,,CRM,2026,4,,,39483578.0,unmatched,False,
cic,,CRM,2026,5,MUEBLES,900000.0,26081836.0,probable,True,28.97981777777778
cic,1cuzrvA7b,CRM,2024,5,,,18045138.0,unmatched,False,
cic,1iyPEMsAa,CRM,2025,8,,,16777411.0,unmatched,False,
cic,1pOvQOkxc,CRM,2025,11,,,87595927.0,unmatched,False,
cic,1x7xf33Bd,CRM,2025,10,,,18107439.0,unmatched,False,
cic,3iabxglbO,CRM,2024,8,,,15679381.0,unmatched,False,
cic,3SqS9EyAj,CRM,2025,11,,,2686315.0,unmatched,False,
cic,3wfaP0sVS,CRM,2024,2,,,5542780.0,unmatched,False,
cic,5AIENIc5I,CRM,2024,6,,,58323601.0,unmatched,False,
cic,5G1EeSNKQ,CRM,2024,6,,,10622444.0,unmatched,False,
cic,5nb3leDNh,CRM,2025,11,,,14389065.0,unmatched,False,
cic,6189516-007655,CRM,2023,1,,,17106881.0,unmatched,False,
cic,6189516-007786,CRM,2023,1,,,6661983.0,unmatched,False,
cic,6189516-008042,CRM,2023,2,,,7327764.0,unmatched,False,
cic,6189516-008063,CRM,2023,2,,,8512551.0,unmatched,False,
cic,6189516-008172,CRM,2023,2,,,3875772.0,unmatched,False,
cic,6189516-008263,CRM,2023,2,,,11777008.0,unmatched,False,
cic,6189516-008325,CRM,2023,3,,,10743613.0,unmatched,False,
cic,6189516-008396,CRM,2023,3,,,5680293.0,unmatched,False,
cic,6189516-008424,CRM,2023,3,,,10802985.0,unmatched,False,
cic,6189516-008516,CRM,2023,3,,,7344591.0,unmatched,False,
cic,6189516-008535,CRM,2023,3,,,3157320.0,unmatched,False,
cic,6189516-008563,CRM,2023,3,,,12068555.0,unmatched,False,
cic,6189516-008564,CRM,2023,3,,,4026474.0,unmatched,False,
cic,6189516-008605,CRM,2023,3,,,12291216.0,unmatched,False,
cic,6189516-008620,CRM,2023,3,,,3102140.0,unmatched,False,
cic,6189516-008670,CRM,2023,3,,,5617666.0,unmatched,False,
cic,6189516-008690,CRM,2023,4,,,5744530.0,unmatched,False,
cic,6189516-008713,CRM,2023,3,,,109899514.0,unmatched,False,
cic,6189516-009005,CRM,2023,4,,,11134862.0,unmatched,False,
cic,6189516-009038,CRM,2023,4,,,6120903.0,unmatched,False,
cic,6189516-009180,CRM,2023,5,,,10683402.0,unmatched,False,
cic,6189516-009263,CRM,2023,5,,,6866043.0,unmatched,False,
cic,6189516-009346,CRM,2023,5,,,13355069.0,unmatched,False,
cic,6189516-009407,CRM,2023,5,,,27422518.0,unmatched,False,
cic,6189516-009437,CRM,2023,5,,,5568040.0,unmatched,False,
cic,6189516-009504,CRM,2023,5,,,24236465.0,unmatched,False,
cic,6189516-009529,CRM,2023,5,,,10007673.0,unmatched,False,
cic,6189516-009574,CRM,2023,5,,,16897333.0,unmatched,False,
cic,6189516-009602,CRM,2023,5,,,11885979.0,unmatched,False,
cic,6189516-009637,CRM,2023,5,,,183898658.0,unmatched,False,
cic,6189516-009812,CRM,2023,6,,,7336180.0,unmatched,False,
cic,6189516-009902,CRM,2023,6,,,8032752.0,unmatched,False,
cic,6189516-010095,CRM,2023,7,,,22103396.0,unmatched,False,
cic,6189516-010417,CRM,2023,8,,,92593076.0,unmatched,False,
cic,6189516-010453,CRM,2023,8,,,8138645.0,unmatched,False,
cic,6189516-010693,CRM,2023,8,,,19438279.0,unmatched,False,
cic,6189516-010830,CRM,2023,8,,,21397440.0,unmatched,False,
cic,6189516-011140,CRM,2023,10,,,45565561.0,unmatched,False,
cic,6189516-011162,CRM,2023,10,,,14897332.0,unmatched,False,
cic,6189516-011174,CRM,2023,9,,,23916859.0,unmatched,False,
cic,6189516-011332,CRM,2023,10,,,17558892.0,unmatched,False,
cic,6189516-011365,CRM,2023,10,,,20370717.0,unmatched,False,
cic,6189516-011636,CRM,2023,10,,,7613837.0,unmatched,False,
cic,6189516-011849,CRM,2023,11,,,13799517.0,unmatched,False,
cic,6189516-011904,CRM,2023,11,,,17773478.0,unmatched,False,
cic,6189516-011959,CRM,2023,11,,,16067590.0,unmatched,False,
cic,6189516-011972,CRM,2023,11,,,7856105.0,unmatched,False,
cic,6Fovc1-1p,CRM,2025,6,MUEBLES,1400000.0,50612265.0,probable,True,36.15161785714286
cic,6UgjKllX-,CRM,2024,3,,,21771207.0,unmatched,False,
cic,7-IT83klq,CRM,2024,11,,,40755901.0,unmatched,False,
cic,7yfCLQ7Fc,CRM,2024,7,,,23395554.0,unmatched,False,
cic,aCuNd3DBK,CRM,2024,12,,,16317180.0,unmatched,False,
cic,aon_enero_dormitorio,Retail Display,2026,1,MUEBLES,1500000.0,0.0,probable,True,0.0
CIC,aon_enero_muebles,Sponsored Products,2026,1,MUEBLES,1600000.0,8175850.0,probable,True,5.10990625
cic,AON febrero 2026,CRM,2026,1,MUEBLES,900000.0,14097181.0,probable,True,15.663534444444444
cic,aon_febrero_muebles_2026,Sponsored Products,2026,3,,,0.0,unmatched,False,
cic,aYfJmiVrF,CRM,2025,10,,,18247131.0,unmatched,False,
cic,b7H6Re6a3,CRM,2025,10,,,8754135.0,unmatched,False,
cic,BBwRXnfWw,CRM,2025,4,MUEBLES,1000000.0,18601251.0,probable,True,18.601251
cic,bFKcZHSWH,CRM,2025,6,MUEBLES,1400000.0,15310444.0,probable,True,10.936031428571429
cic,BhR8mKxBX,CRM,2024,6,,,41515434.0,unmatched,False,
cic,black_friday,Retail Display,2025,11,,,0.0,unmatched,False,
cic,black_friday,Retail Display,2025,12,,,0.0,unmatched,False,
cic,Black Marzo Cic Dormitorio 2026,CRM,2026,3,MUEBLES,900000.0,57539903.0,probable,True,63.93322555555556
cic,Black Marzo Cic Muebles 2026,CRM,2026,3,MUEBLES,900000.0,21032462.0,probable,True,23.369402222222224
CIC,black_week,Sponsored Products,2026,3,,,25934690.0,unmatched,False,
cic,CfQ5ZFanZ,CRM,2024,10,,,8425142.0,unmatched,False,
cic,cIBrjIw1D,CRM,2024,6,,,9446245.0,unmatched,False,
cic,CqvNsdf0J,CRM,2024,8,,,10902522.0,unmatched,False,
cic,cyber_day,Google,2025,6,MUEBLES,1200000.0,12075873.0,probable,True,10.0632275
cic,cyber_monday,Google,2025,10,,,5113678.0,unmatched,False,
cic,DHqcd-v3D,CRM,2025,1,MUEBLES,1600000.0,17536458.0,probable,True,10.96028625
cic,Di1KLzpHB,CRM,2024,2,,,4630460.0,unmatched,False,
cic,dormitorio,Google,2024,9,,,8741780.0,unmatched,False,
cic,dormitorio,Google,2024,10,,,11392743.0,unmatched,False,
cic,dormitorio,Google,2024,11,,,10104500.0,unmatched,False,
cic,dormitorio,Google,2024,12,,,15888030.0,unmatched,False,
cic,dormitorio,Google,2025,1,MUEBLES,1200000.0,14297459.0,probable,True,11.914549166666667
cic,dormitorio,Google,2025,2,MUEBLES,1200000.0,20345061.0,probable,True,16.9542175
cic,dormitorio,Google,2025,3,MUEBLES,1200000.0,14362837.0,probable,True,11.969030833333333
cic,dormitorio,Google,2025,4,MUEBLES,1200000.0,12963368.0,probable,True,10.802806666666667
cic,dormitorio,Google,2025,5,,,15042931.0,unmatched,False,
cic,dormitorio,Google,2025,6,MUEBLES,1200000.0,11486834.0,probable,True,9.572361666666668
cic,dormitorio,Google,2025,7,MUEBLES,1200000.0,12409619.0,probable,True,10.341349166666667
cic,dormitorio,Google,2025,8,MUEBLES,1200000.0,1694880.0,probable,True,1.4124
cic,dormitorio,Google,2025,9,MUEBLES,1000000.0,9151580.0,probable,True,9.15158
cic,dormitorio,Google,2025,10,,,4634810.0,unmatched,False,
cic,dormitorio,Google,2025,11,MUEBLES,800000.0,165472530.0,probable,True,206.8406625
cic,dormitorio,Google,2025,12,MUEBLES,800000.0,1685920.0,probable,True,2.1074
cic,dormitorio,Google,2026,1,MUEBLES,800000.0,7237617.0,probable,True,9.04702125
cic,dormitorio,Google,2026,2,MUEBLES,800000.0,5623791.0,probable,True,7.02973875
cic,dormitorio,Google,2026,3,MUEBLES,600000.0,9557954.0,probable,True,15.929923333333333
cic,dormitorio,Google,2026,4,MUEBLES,600000.0,5088522.0,probable,True,8.48087
cic,dormitorio,Retail Display,2025,1,MUEBLES,1200000.0,0.0,probable,True,0.0
cic,dormitorio_black_week,Retail Display,2025,3,,,0.0,unmatched,False,
cic,dormitorio_black_week,Retail Display,2025,4,,,0.0,unmatched,False,
cic,dormitorio_blackout,Retail Display,2025,7,MUEBLES,400000.0,0.0,probable,True,0.0
cic,dormitorio_blackout,Retail Display,2025,8,MUEBLES,800000.0,0.0,probable,True,0.0
cic,dormitorio_cyber_day,Meta,2024,6,,,0.0,unmatched,False,
cic,dormitorio_cyber_day,Retail Display,2024,6,,,0.0,unmatched,False,
cic,dormitorios_black,Retail Display,2024,7,,,0.0,unmatched,False,
cic,dormitorios_black,Retail Display,2024,8,,,0.0,unmatched,False,
cic,ejhaWORIO,CRM,2024,2,,,5273483.0,unmatched,False,
cic,endpFDxP1,CRM,2025,6,MUEBLES,1400000.0,18811704.0,probable,True,13.436931428571429
cic,Gq4oc2uY0,CRM,2024,1,,,34015118.0,unmatched,False,
cic,GRphqaBCj,CRM,2024,12,,,7893249.0,unmatched,False,
cic,H7sqAjUnn,CRM,2024,1,,,12300125.0,unmatched,False,
cic,hSEZ5QbfV,CRM,2024,8,,,1860635.0,unmatched,False,
cic,ImLnKDi8Q,CRM,2025,5,,,106793881.0,unmatched,False,
cic,J8sbOiCN5,CRM,2025,1,MUEBLES,1600000.0,19322330.0,probable,True,12.07645625
cic,LhSpI8NVH,CRM,2024,6,,,26180660.0,unmatched,False,
cic,LiN16l97z,CRM,2024,4,,,37040017.0,unmatched,False,
cic,lQTjMdEio,CRM,2025,3,,,17636399.0,unmatched,False,
cic,LTlkU42R4,CRM,2024,6,,,32773315.0,unmatched,False,
cic,LyOohhrLC,CRM,2024,8,,,14110304.0,unmatched,False,
cic,LyQ3H6dBH,CRM,2025,2,MUEBLES,1300000.0,8179456.0,probable,True,6.291889230769231
cic,lZitwLN1T,CRM,2024,6,,,4702982.0,unmatched,False,
cic,mKNUdnBK2,CRM,2024,9,,,7676514.0,unmatched,False,
cic,muebles,Retail Display,2024,8,,,0.0,unmatched,False,
cic,muebles,Retail Display,2024,10,,,0.0,unmatched,False,
cic,muebles,Retail Display,2025,2,MUEBLES,1200000.0,0.0,probable,True,0.0
cic,muebles_black,Retail Display,2024,7,,,0.0,unmatched,False,
cic,muebles_black,Retail Display,2024,8,,,0.0,unmatched,False,
cic,muebles_black_week,Retail Display,2025,3,,,0.0,unmatched,False,
cic,muebles_black_week,Retail Display,2025,4,,,0.0,unmatched,False,
cic,muebles_cyber_day,Meta,2024,6,,,0.0,unmatched,False,
cic,muebles_cyber_day,Retail Display,2024,6,,,0.0,unmatched,False,
cic,NT-jiisIk,CRM,2024,5,,,82234638.0,unmatched,False,
cic,PLwJKUWTC,CRM,2025,9,MUEBLES,1200000.0,5439115.0,probable,True,4.532595833333334
cic,Pr4z4tLoR,CRM,2024,6,,,30795524.0,unmatched,False,
cic,Push Bonificado CIC,CRM,2026,5,MUEBLES,900000.0,34433017.0,probable,True,38.25890777777778
cic,pYkL5VjHy,CRM,2025,6,MUEBLES,1400000.0,22678587.0,probable,True,16.198990714285713
cic,QvDJVYPTG,CRM,2024,11,,,12295831.0,unmatched,False,
cic,s1xepmdZK,CRM,2024,3,,,172732665.0,unmatched,False,
cic,s4laH77f1,CRM,2025,2,MUEBLES,1300000.0,29580160.0,probable,True,22.75396923076923
cic,sRso6WefX,CRM,2025,7,,,6986487.0,unmatched,False,
cic,SsvlnIVJl,CRM,2024,8,,,1860493.0,unmatched,False,
cic,sVvxa0obR,CRM,2024,7,,,17009284.0,unmatched,False,
cic,T-4VDiS70,CRM,2025,3,,,27893795.0,unmatched,False,
cic,t8CyHnL73,CRM,2024,1,,,15246941.0,unmatched,False,
cic,Ts61bC3Uh,CRM,2025,10,,,95624647.0,unmatched,False,
cic,U9c6pzTQF,CRM,2025,6,MUEBLES,1400000.0,16290499.0,probable,True,11.636070714285715
cic,UzYbmctmr,CRM,2024,11,,,39657504.0,unmatched,False,
cic,V497ga0Uv,CRM,2024,3,,,12335312.0,unmatched,False,
cic,Ve1pkGzhO,CRM,2024,5,,,6631939.0,unmatched,False,
cic,w-PiLD7ne,CRM,2025,6,MUEBLES,1400000.0,15983081.0,probable,True,11.416486428571428
cic,w8Yhp4Ox8,CRM,2024,12,,,14599322.0,unmatched,False,
cic,-WYJLM2vt,CRM,2024,12,,,25732053.0,unmatched,False,
cic,X,CRM,2024,9,,,349579239.0,unmatched,False,
cic,X,CRM,2024,10,,,49383542.0,unmatched,False,
cic,xvD3ChWeq,CRM,2025,1,MUEBLES,1600000.0,339980.0,probable,True,0.2124875
cic,YbnM3nRZm,CRM,2025,10,,,32917100.0,unmatched,False,
cic,yD1jzqCKq,CRM,2025,6,MUEBLES,1400000.0,11681768.0,probable,True,8.34412
cic,YglWTKKHZ,CRM,2024,2,,,6796352.0,unmatched,False,
cic,YKoMMVlAF,CRM,2024,6,,,18916657.0,unmatched,False,
cic,zDu1Wlmwh,CRM,2024,7,,,23494676.0,unmatched,False,
cic_dormitorio,aniversario,Retail Display,2024,11,,,0.0,unmatched,False,
cic_dormitorio,black_friday,Retail Display,2024,11,,,0.0,unmatched,False,
cic_dormitorio,black_friday,Retail Display,2024,12,,,0.0,unmatched,False,
cic-dormitorio,black_week,Retail Display,2026,3,,,0.0,unmatched,False,
cic-dormitorio,black_week,Retail Display,2026,4,,,0.0,unmatched,False,
cic_dormitorio,cyber_day,Retail Display,2025,6,,,0.0,unmatched,False,
cic-dormitorio,cyber_monday,Retail Display,2024,9,,,0.0,unmatched,False,
cic-dormitorio,cyber_monday,Retail Display,2024,10,,,0.0,unmatched,False,
cic_dormitorio,cyber_monday,Retail Display,2025,10,,,0.0,unmatched,False,
cic_muebles,aniversario,Retail Display,2024,11,,,0.0,unmatched,False,
cic_muebles,black_friday,Retail Display,2024,11,,,0.0,unmatched,False,
cic_muebles,cyber_day,Retail Display,2025,6,,,0.0,unmatched,False,
cic_muebles,cyber_monday,Retail Display,2025,10,,,0.0,unmatched,False,
cic-muebles,cyber_monday,Sponsored Products,2024,9,,,0.0,unmatched,False,
cic-muebles,cyber_monday,Sponsored Products,2024,10,,,0.0,unmatched,False,
cif,,CRM,2025,7,,,0.0,unmatched,False,
cif,,CRM,2025,8,,,0.0,unmatched,False,
cif,,CRM,2025,9,,,0.0,unmatched,False,
cintac,7i-QdlO85,CRM,2025,10,TABIQUERIA/TECHUMBRE/AISLACION,800000.0,404511.0,probable,True,0.50563875
cintac,ZGpWU6grT,CRM,2025,12,,,1879791.0,unmatched,False,
command,2KIsAvR1e,CRM,2025,11,,,3519220.0,unmatched,False,
command,6189516-009345,CRM,2023,5,,,200210.0,unmatched,False,
command,6189516-010257,CRM,2023,7,,,526540.0,unmatched,False,
command,6189516-010324,CRM,2023,7,,,192758.0,unmatched,False,
command,6189516-010545,CRM,2023,8,,,686234.0,unmatched,False,
command,6189516-011015,CRM,2023,9,,,613114.0,unmatched,False,
command,6189516-011835,CRM,2023,11,,,1323778.0,unmatched,False,
command,6189516-012127,CRM,2023,12,,,1577621.0,unmatched,False,
command,6189516-012182,CRM,2023,12,,,219810.0,unmatched,False,
command,6189516-012197,CRM,2023,12,,,854613.0,unmatched,False,
COMMAND,aon_3m,Sponsored Products,2026,4,,,25131.0,unmatched,False,
COMMAND,aon_marzo,Sponsored Products,2026,3,,,55830.0,unmatched,False,
COMMAND,black_week,Sponsored Products,2026,3,,,36740.0,unmatched,False,
concurso_agorex,tSgt9ClVw,CRM,2025,2,,,0.0,unmatched,False,
concursomascotas,6189516-009960,CRM,2023,6,,,0.0,unmatched,False,
CONTATTO,bts,Sponsored Products,2026,2,,,734970.0,unmatched,False,
contatto-one_sit,bts,Meta,2026,2,,,109990.0,unmatched,False,
contatto-one_sit,bts,Meta,2026,3,,,0.0,unmatched,False,
cordilerra,6189516-009776,CRM,2023,6,,,0.0,unmatched,False,
cordillera,3KSQbcmU7,CRM,2024,4,,,153947895.0,unmatched,False,
cordillera,6189516-007706,CRM,2023,1,,,43772325.0,unmatched,False,
cordillera,6189516-007819,CRM,2023,1,,,23474381.0,unmatched,False,
cordillera,6189516-007912,CRM,2023,1,,,48541696.0,unmatched,False,
cordillera,6189516-008072,CRM,2023,2,,,3799426.0,unmatched,False,
cordillera,6189516-008138,CRM,2023,2,,,5006651.0,unmatched,False,
cordillera,6189516-008207,CRM,2023,2,,,33525445.0,unmatched,False,
cordillera,6189516-008366,CRM,2023,3,,,32565276.0,unmatched,False,
cordillera,6189516-008493,CRM,2023,3,,,25799380.0,unmatched,False,
cordillera,6189516-009247,CRM,2023,5,,,32785553.0,unmatched,False,
cordillera,6189516-009288,CRM,2023,5,,,33908127.0,unmatched,False,
cordillera,6189516-009355,CRM,2023,5,,,18294774.0,unmatched,False,
cordillera,6189516-009438,CRM,2023,5,,,9535785.0,unmatched,False,
cordillera,6189516-009776,CRM,2023,6,,,16834092.0,unmatched,False,
cordillera,6189516-010628,CRM,2023,8,,,11210692.0,unmatched,False,
cordillera,6189516-010640,CRM,2023,8,,,23722989.0,unmatched,False,
cordillera,6189516-010714,CRM,2023,8,,,209077180.0,unmatched,False,
cordillera,6189516-010737,CRM,2023,8,,,19099878.0,unmatched,False,
cordillera,6189516-010826,CRM,2023,8,,,47165706.0,unmatched,False,
cordillera,6189516-010906,CRM,2023,9,,,26725934.0,unmatched,False,
cordillera,6189516-011046,CRM,2023,9,,,17209875.0,unmatched,False,
cordillera,6189516-011119,CRM,2023,9,,,31612707.0,unmatched,False,
cordillera,6189516-011255,CRM,2023,9,,,38142516.0,unmatched,False,
cordillera,6189516-011292,CRM,2023,9,,,21823289.0,unmatched,False,
cordillera,6189516-011535,CRM,2023,10,,,26468835.0,unmatched,False,
cordillera,6189516-011804,CRM,2023,11,,,9406463.0,unmatched,False,
cordillera,6189516-011808,CRM,2023,11,,,16697007.0,unmatched,False,
cordillera,6189516-011888,CRM,2023,11,,,73020988.0,unmatched,False,
cordillera,6189516-011949,CRM,2023,11,,,37224805.0,unmatched,False,
cordillera,6189516-012310,CRM,2023,12,,,9570152.0,unmatched,False,
cordillera,6RvotCSAX,CRM,2025,2,PISOS Y MUROS,1600000.0,47438501.0,probable,True,29.649063125
cordillera,A6dv1R8RX,CRM,2024,11,,,23008597.0,unmatched,False,
cordillera,a8A-KysZA,CRM,2024,11,,,1967943.0,unmatched,False,
cordillera,a97tJ5gke,CRM,2024,2,,,25812983.0,unmatched,False,
cordillera,b3z4Dj8dv,CRM,2024,11,,,187898654.0,unmatched,False,
CORDILLERA,black_week,Sponsored Products,2026,3,,,12548174.0,unmatched,False,
cordillera,BP8QCIRIQ,CRM,2025,2,PISOS Y MUROS,1600000.0,23059223.0,probable,True,14.412014375
cordillera,CcSnCHX-4,CRM,2024,5,,,21019258.0,unmatched,False,
cordillera,cyber_monday,Retail Display,2024,9,,,0.0,unmatched,False,
cordillera,cyber_monday,Retail Display,2024,10,,,0.0,unmatched,False,
cordillera,D3tzcHKRk,CRM,2024,6,,,20592837.0,unmatched,False,
cordillera,dU2UDbX5b,CRM,2024,9,,,15923767.0,unmatched,False,
cordillera,dwoQquYOk,CRM,2024,10,,,18855585.0,unmatched,False,
cordillera,GATHO3lfB,CRM,2024,6,,,10595811.0,unmatched,False,
cordillera,hCtwouN1b,CRM,2024,12,,,93095646.0,unmatched,False,
cordillera,iDFD3E-vT,CRM,2024,8,,,19750358.0,unmatched,False,
cordillera,lCKNTrT5U,CRM,2024,3,,,53906780.0,unmatched,False,
cordillera,MtHLLuQ5y,CRM,2024,8,,,21010587.0,unmatched,False,
cordillera,MWwg2u6cX,CRM,2024,12,,,12975139.0,unmatched,False,
cordillera,P6BprznIV,CRM,2024,5,,,12755333.0,unmatched,False,
cordillera,pEGLP4wbW,CRM,2024,12,,,13497782.0,unmatched,False,
cordillera,piyD2Ht3g,CRM,2025,2,PISOS Y MUROS,1600000.0,642521.0,probable,True,0.401575625
cordillera,RdjU9ev8J,CRM,2024,10,,,12457594.0,unmatched,False,
cordillera,rkiOX0Pyp,CRM,2024,10,,,14213925.0,unmatched,False,
cordillera,SLUfG7wbc,CRM,2024,8,,,19169196.0,unmatched,False,
cordillera,vD65nES1d,CRM,2025,1,PISOS Y MUROS,600000.0,27694553.0,probable,True,46.15758833333334
cordillera,vFag3YueG,CRM,2024,5,,,23105354.0,unmatched,False,
cordillera,X,CRM,2024,9,,,79598168.0,unmatched,False,
cordillera,X,CRM,2024,10,,,13856585.0,unmatched,False,
cordillera,xZuLf64Rq,CRM,2024,3,,,42174819.0,unmatched,False,
cordillera,YJ6wasb2T,CRM,2024,12,,,122378817.0,unmatched,False,
cordillera,ZrrnKMBpP,CRM,2024,1,,,26278514.0,unmatched,False,
cordillera,zXEwE1k3X,CRM,2024,8,,,22879251.0,unmatched,False,
corona,,Retail Display,2025,1,,,0.0,unmatched,False,
corona,6189516-011368,CRM,2023,10,,,3758776.0,unmatched,False,
corona,6JbbgwJqt,CRM,2025,1,,,2969466.0,unmatched,False,
corona,BaOTTYmol,CRM,2025,1,,,863460.0,unmatched,False,
corona,cyber_day,Retail Display,2025,6,,,0.0,unmatched,False,
corona,ebFCekbh9,CRM,2024,11,,,2201420.0,unmatched,False,
countach-meguiars,sobre_ruedas,Retail Display,2025,1,,,0.0,unmatched,False,
countach-meguiars,sobre_ruedas,Retail Display,2025,2,,,0.0,unmatched,False,
crest,6189516-010237,CRM,2023,7,,,4327646.0,unmatched,False,
CRISTOFOLETTI,aon_marzo_2026,Sponsored Products,2026,3,,,1472899.0,unmatched,False,
CRISTOFOLETTI,tactico_febrero_2026,Sponsored Products,2026,2,,,918839.0,unmatched,False,
decogreen,LLoEXTDDf,CRM,2024,5,,,518740.0,unmatched,False,
derco,auto_day,Retail Display,2024,9,,,0.0,unmatched,False,
derco,cyber_monday,Retail Display,2024,9,,,0.0,unmatched,False,
derco,cyber_monday,Retail Display,2024,10,,,0.0,unmatched,False,
derco,sobre_ruedas,Retail Display,2025,1,,,0.0,unmatched,False,
derco,sobre_ruedas,Retail Display,2025,2,,,0.0,unmatched,False,
derco-hankook,cyber_day,Retail Display,2025,6,,,0.0,unmatched,False,
derco-hankook_austone,autoday,Retail Display,2025,9,,,0.0,unmatched,False,
dewalt,,CRM,2025,7,,,2194084.0,unmatched,False,
dewalt,,CRM,2025,8,,,10709597.0,unmatched,False,
dewalt,,CRM,2025,9,,,9121650.0,unmatched,False,
dewalt,,CRM,2025,10,,,24296095.0,unmatched,False,
dewalt,,CRM,2025,11,,,11224905.0,unmatched,False,
dewalt,,CRM,2025,12,,,8923366.0,unmatched,False,
dewalt,,CRM,2026,1,,,7090341.0,unmatched,False,
dewalt,,CRM,2026,2,,,9073420.0,unmatched,False,
dewalt,,CRM,2026,3,,,34630321.0,unmatched,False,
dewalt,,CRM,2026,4,,,34959409.0,unmatched,False,
dewalt,,CRM,2026,5,,,6447502.0,unmatched,False,
dewalt,1OiuWF5mm,CRM,2025,3,,,7682147.0,unmatched,False,
dewalt,2IwM2LoUF,CRM,2024,8,,,9459388.0,unmatched,False,
dewalt,3HDTBjpUn,CRM,2024,4,,,3320983.0,unmatched,False,
dewalt,3jW60WEQ3,CRM,2024,6,,,8190433.0,unmatched,False,
dewalt,5wE3Vqee1,CRM,2024,10,,,11416399.0,unmatched,False,
dewalt,6189516-008001,CRM,2023,2,,,2600083.0,unmatched,False,
dewalt,6189516-008438,CRM,2023,3,,,17470568.0,unmatched,False,
dewalt,6189516-008578,CRM,2023,3,,,7493042.0,unmatched,False,
dewalt,6189516-008579,CRM,2023,3,,,2109797.0,unmatched,False,
dewalt,6189516-008580,CRM,2023,3,,,1052322.0,unmatched,False,
dewalt,6189516-008702,CRM,2023,3,,,2225390.0,unmatched,False,
dewalt,6189516-008866,CRM,2023,4,,,4788875.0,unmatched,False,
dewalt,6189516-009049,CRM,2023,4,,,3596330.0,unmatched,False,
dewalt,6189516-009171,CRM,2023,5,,,3321340.0,unmatched,False,
dewalt,6189516-009264,CRM,2023,5,,,4890644.0,unmatched,False,
dewalt,6189516-009404,CRM,2023,5,,,4266415.0,unmatched,False,
dewalt,6189516-009525,CRM,2023,5,,,13016399.0,unmatched,False,
dewalt,6189516-009612,CRM,2023,5,,,2362614.0,unmatched,False,
dewalt,6189516-009673,CRM,2023,6,,,9053755.0,unmatched,False,
dewalt,6189516-010121,CRM,2023,7,,,1519790.0,unmatched,False,
dewalt,6189516-010122,CRM,2023,7,,,2260890.0,unmatched,False,
dewalt,6189516-010520,CRM,2023,8,,,4590132.0,unmatched,False,
dewalt,6189516-011105,CRM,2023,9,,,6838116.0,unmatched,False,
dewalt,6189516-011149,CRM,2023,10,,,3065958.0,unmatched,False,
dewalt,6189516-011367,CRM,2023,10,,,2466439.0,unmatched,False,
dewalt,6189516-011517,CRM,2023,10,,,9357103.0,unmatched,False,
dewalt,6189516-011979,CRM,2023,11,,,18299000.0,unmatched,False,
dewalt,84Gcu-iWN,CRM,2024,6,,,46798159.0,unmatched,False,
dewalt,8GmCiKf2V,CRM,2024,7,,,15800308.0,unmatched,False,
dewalt,94mL3Y6q2,CRM,2024,8,,,31723998.0,unmatched,False,
dewalt,aon_trigger,CRM,2025,7,,,2604171.0,unmatched,False,
dewalt,aon_trigger,CRM,2025,8,,,6193419.0,unmatched,False,
dewalt,aon_trigger,CRM,2025,9,,,7029188.0,unmatched,False,
dewalt,aon_trigger,CRM,2025,10,,,20452653.0,unmatched,False,
dewalt,aon_trigger,CRM,2025,11,,,4991199.0,unmatched,False,
dewalt,aon_trigger,CRM,2025,12,,,1719965.0,unmatched,False,
dewalt,aon_trigger,CRM,2026,1,,,1814042.0,unmatched,False,
dewalt,aon_trigger,CRM,2026,2,,,693763.0,unmatched,False,
dewalt,aon_trigger,CRM,2026,3,,,17838579.0,unmatched,False,
dewalt,aon_trigger,CRM,2026,4,,,10914419.0,unmatched,False,
dewalt,aon_trigger,CRM,2026,5,,,3844905.0,unmatched,False,
dewalt,AZ4VECghQ,CRM,2024,10,,,18153201.0,unmatched,False,
dewalt,bGg0QOxUh,CRM,2024,5,,,23298737.0,unmatched,False,
dewalt,bkgoghi8N,CRM,2024,12,,,5501987.0,unmatched,False,
dewalt,cNXgpL8LN,CRM,2025,6,,,10252502.0,unmatched,False,
dewalt,DelHdb08F,CRM,2024,8,,,20853492.0,unmatched,False,
dewalt,FDxP4lIEu,CRM,2024,12,,,10701651.0,unmatched,False,
dewalt,I8N3kRtIE,CRM,2025,10,,,6131791.0,unmatched,False,
dewalt,IGzNWQqlM,CRM,2025,10,,,22854272.0,unmatched,False,
dewalt,IYTtkq5xe,CRM,2024,7,,,14768364.0,unmatched,False,
dewalt,-jAr66174,CRM,2024,6,,,24233797.0,unmatched,False,
dewalt,MqwwjmTXe,CRM,2025,6,,,8296628.0,unmatched,False,
dewalt,PuV70AwA1,CRM,2024,7,,,23806315.0,unmatched,False,
dewalt,rv0LDwfSl,CRM,2025,4,,,8922464.0,unmatched,False,
dewalt,s4mBMyQE-,CRM,2024,6,,,10329275.0,unmatched,False,
dewalt,Sow3eKeEZ,CRM,2024,4,,,17802124.0,unmatched,False,
dewalt,TuXImOitq,CRM,2024,4,,,8718708.0,unmatched,False,
dewalt,uIz-d--xC,CRM,2025,4,,,5099745.0,unmatched,False,
dewalt,uyfSZoICV,CRM,2024,7,,,16212986.0,unmatched,False,
dewalt,wnWa-uzOQ,CRM,2025,10,,,10983290.0,unmatched,False,
dewalt,X,CRM,2024,9,,,25219488.0,unmatched,False,
dewalt,X,CRM,2024,10,,,44145288.0,unmatched,False,
dewalt,XvJ9rdTwd,CRM,2024,9,,,4880091.0,unmatched,False,
dewalt,XXXXXX,CRM,2024,9,,,8651795.0,unmatched,False,
dewalt,zC702ltrn,CRM,2025,4,,,8784048.0,unmatched,False,
dewalt,ZIeWzT5gv,CRM,2025,5,,,17835336.0,unmatched,False,
dib,6189516-007890,CRM,2023,1,,,851062.0,unmatched,False,
dib,6189516-008165,CRM,2023,2,,,868424.0,unmatched,False,
dib,6189516-008376,CRM,2023,3,,,375310.0,unmatched,False,
dib,6189516-008378,CRM,2023,3,,,67344.0,unmatched,False,
dib,6189516-008380,CRM,2023,3,,,113446.0,unmatched,False,
dib,6189516-008519,CRM,2023,3,,,969996.0,unmatched,False,
dib,6189516-008718,CRM,2023,3,,,554220.0,unmatched,False,
dib,6189516-008727,CRM,2023,4,,,1349008.0,unmatched,False,
dib,6189516-008806,CRM,2023,4,,,910428.0,unmatched,False,
dib,6189516-009403,CRM,2023,5,,,462550.0,unmatched,False,
dib,6189516-009432,CRM,2023,5,,,1700689.0,unmatched,False,
dib,6189516-009519,CRM,2023,5,,,59750.0,unmatched,False,
dib,6189516-009537,CRM,2023,5,,,682509.0,unmatched,False,
dib,6189516-009601,CRM,2023,5,,,0.0,unmatched,False,
dib,6189516-011188,CRM,2023,10,,,786223.0,unmatched,False,
dib,black_week,Retail Display,2025,3,DECORACION,200000.0,0.0,probable,True,0.0
dib,black_week,Retail Display,2025,4,,,0.0,unmatched,False,
dib,cyber_day,Retail Display,2024,6,,,0.0,unmatched,False,
dib,cyber_day,Retail Display,2025,6,,,0.0,unmatched,False,
dib,cyber_monday,Retail Display,2024,9,,,0.0,unmatched,False,
dib,cyber_monday,Retail Display,2024,10,,,0.0,unmatched,False,
dib,cyber_monday,Retail Display,2025,10,DECORACION,200000.0,0.0,probable,True,0.0
dib,jy-kiWm5i,CRM,2025,3,DECORACION,300000.0,3238235.0,probable,True,10.794116666666667
dib,X2kHkfwkI,CRM,2025,10,DECORACION,300000.0,126920.0,probable,True,0.42306666666666665
disney,howCd7Uou,CRM,2024,9,,,2755776.0,unmatched,False,
disney,MwrpZQpFm,CRM,2025,2,MENAJE,0.0,2859038.0,probable,False,
dog chow,4FGhJKjAd,CRM,2024,6,,,3146886.0,unmatched,False,
dog chow,6189516-009769,CRM,2023,6,,,303255.0,unmatched,False,
dog chow,kxwMus55G,CRM,2024,5,,,2018035.0,unmatched,False,
dog_chow,regalones,Sponsored Products,2024,6,,,0.0,unmatched,False,
dog_chow,regalones,Sponsored Products,2024,7,,,0.0,unmatched,False,
doite,OLbkpMlrH,CRM,2024,2,,,4737151.0,unmatched,False,
dr. beckmann,6189516-011155,CRM,2023,10,,,37620.0,unmatched,False,
DR. BECKMANN,aon_febrero_2026,Sponsored Products,2026,2,,,203857.0,unmatched,False,
DR. BECKMANN,aon_marzo_2026,Sponsored Products,2026,3,,,310180.0,unmatched,False,
dr.beckmann,aseo,Retail Display,2024,7,,,0.0,unmatched,False,
dr.beckmann,aseo,Retail Display,2024,8,,,0.0,unmatched,False,
dr.beckmann,black_friday,Retail Display,2024,11,,,0.0,unmatched,False,
dr.beckmann,black_friday,Retail Display,2024,12,,,0.0,unmatched,False,
dr. beckmann,Black Marzo 2026,CRM,2026,4,,,4271008.0,unmatched,False,
DR. BECKMANN,black_week,Sponsored Products,2026,3,,,382120.0,unmatched,False,
dr. beckmann,I0T9yZ0QQ,CRM,2025,10,,,530064.0,unmatched,False,
dr. beckmann,qnCYsYLWN,CRM,2024,7,,,2529491.0,unmatched,False,
dr. beckmann,sbsqnUeKk,CRM,2025,10,,,919996.0,unmatched,False,
dr. beckmann,x5eYJdGn8,CRM,2025,12,,,1740609.0,unmatched,False,
dremel,6189516-009798,CRM,2023,6,,,570580.0,unmatched,False,
dremel,7mvsu0vSM,CRM,2024,10,,,3111464.0,unmatched,False,
dremel,Gf81NUGX7,CRM,2025,4,,,1181430.0,unmatched,False,
dremel,HjgC8WNzw,CRM,2025,3,HERRAMIENTAS Y MAQUINARIAS,1500000.0,561895.0,probable,True,0.3745966666666667
dremel,JoTadEjUH,CRM,2025,3,HERRAMIENTAS Y MAQUINARIAS,1500000.0,1153522.0,probable,True,0.7690146666666666
dremel,tDRKD95el,CRM,2025,1,,,956601.0,unmatched,False,
dremel,th5kl1YfU,CRM,2025,1,,,1451301.0,unmatched,False,
drimkip,6189516-002352,CRM,2023,9,,,949676.0,unmatched,False,
drimkip,6189516-007688,CRM,2023,1,,,7718995.0,unmatched,False,
drimkip,6189516-007734,CRM,2023,1,,,3938760.0,unmatched,False,
drimkip,6189516-008158,CRM,2023,2,,,620940.0,unmatched,False,
drimkip,6189516-008231,CRM,2023,2,,,1836830.0,unmatched,False,
drimkip,6189516-008717,CRM,2023,3,,,3479257.0,unmatched,False,
drimkip,6189516-008721,CRM,2023,4,,,1006002.0,unmatched,False,
drimkip,6189516-008852,CRM,2023,4,,,269970.0,unmatched,False,
drimkip,6189516-009302,CRM,2023,5,,,2241049.0,unmatched,False,
drimkip,6189516-009354,CRM,2023,5,,,859880.0,unmatched,False,
drimkip,6189516-009401,CRM,2023,5,,,1953850.0,unmatched,False,
drimkip,6189516-009511,CRM,2023,5,,,3245273.0,unmatched,False,
drimkip,6189516-009785,CRM,2023,6,,,344970.0,unmatched,False,
drimkip,6189516-009884,CRM,2023,6,,,528950.0,unmatched,False,
drimkip,6189516-009924,CRM,2023,6,,,4379372.0,unmatched,False,
drimkip,6189516-010133,CRM,2023,7,,,769980.0,unmatched,False,
drimkip,6189516-010355,CRM,2023,7,,,1098644.0,unmatched,False,
drimkip,6189516-010701,CRM,2023,8,,,5554183.0,unmatched,False,
drimkip,6189516-010810,CRM,2023,8,,,9540437.0,unmatched,False,
DRIMKIP,aon_abril_2026,Sponsored Products,2026,4,MUEBLES,750000.0,2539800.0,probable,True,3.3864
drimkip,black_week,Retail Display,2025,3,MUEBLES,300000.0,0.0,probable,True,0.0
drimkip,black_week,Retail Display,2025,4,,,0.0,unmatched,False,
drimkip,cyber_day,Retail Display,2025,6,,,0.0,unmatched,False,
drimkip,dormitorio,Retail Display,2025,1,MUEBLES,300000.0,0.0,probable,True,0.0
drimkip,NacDQIbDw,CRM,2025,10,MUEBLES,500000.0,174960.0,probable,True,0.34992
drimkip,txVZ64MYx,CRM,2025,6,,,595960.0,unmatched,False,
drimkip,-VNR0ghhu,CRM,2025,10,MUEBLES,500000.0,242940.0,probable,True,0.48588
drimkip2,6189516-002352,CRM,2023,9,,,0.0,unmatched,False,
drl,6189516-008214,CRM,2023,2,,,149470.0,unmatched,False,
drl,6189516-008215,CRM,2023,2,,,218530.0,unmatched,False,
drl,6189516-008261,CRM,2023,2,,,556884.0,unmatched,False,
duraline,nYZvZ8dys,CRM,2024,6,,,28840.0,unmatched,False,
duschy,6189516-011187,CRM,2023,10,,,846940.0,unmatched,False,
dvp,08T1dkHFb,CRM,2024,5,,,21720258.0,unmatched,False,
dvp,6189516-011008,CRM,2023,9,,,12884093.0,unmatched,False,
dvp,6189516-011630,CRM,2023,10,,,1331871.0,unmatched,False,
dvp,6zcc9xG4R,CRM,2024,10,,,16159798.0,unmatched,False,
dvp,EEuBddO-A,CRM,2024,11,,,330660.0,unmatched,False,
dvp,hzhh8kqeX,CRM,2024,12,,,139020.0,unmatched,False,
dvp,izOwMehVl,CRM,2024,12,,,92090.0,unmatched,False,
dvp,LSFeaepqz,CRM,2024,12,,,116740.0,unmatched,False,
dvp,ndVIWT7Lf,CRM,2025,9,TABIQUERIA/TECHUMBRE/AISLACION,1500000.0,8542468.0,probable,True,5.694978666666667
dvp,o0thajCgZ,CRM,2025,7,,,13535415.0,unmatched,False,
dvp,OCr90nDe7,CRM,2025,8,TABIQUERIA/TECHUMBRE/AISLACION,800000.0,11730813.0,probable,True,14.66351625
dvp,p3cW1KBFD,CRM,2024,4,,,24459254.0,unmatched,False,
dvp,Rh6eK-EEG,CRM,2024,12,,,505744.0,unmatched,False,
dvp,siding,Retail Display,2024,11,,,0.0,unmatched,False,
dvp,siding,Retail Display,2024,12,,,0.0,unmatched,False,
dvp,SzjxykbtX,CRM,2025,8,TABIQUERIA/TECHUMBRE/AISLACION,800000.0,746116.0,probable,True,0.932645
dvp,TPAMcrlfJ,CRM,2025,9,TABIQUERIA/TECHUMBRE/AISLACION,1500000.0,1096684.0,probable,True,0.7311226666666667
dvp,YK6aFnGBu,CRM,2024,5,,,13082928.0,unmatched,False,
eglo,6189516-007745,CRM,2023,1,,,865032.0,unmatched,False,
eglo,6189516-007746,CRM,2023,1,,,384530.0,unmatched,False,
electolux,4x3YAI3AV,CRM,2025,9,,,0.0,unmatched,False,
electrofensamademsa,,CRM,2025,9,,,26767324.0,unmatched,False,
electrofensamademsa,,CRM,2025,10,,,101314616.0,unmatched,False,
electrofensamademsa,,CRM,2025,11,,,97486898.0,unmatched,False,
electrofensamademsa,,CRM,2025,12,,,85271289.0,unmatched,False,
electrofensamademsa,,CRM,2026,1,,,101924235.0,unmatched,False,
electrofensamademsa,,CRM,2026,2,,,78387682.0,unmatched,False,
electrofensamademsa,,CRM,2026,3,,,82624012.0,unmatched,False,
electrofensamademsa,,CRM,2026,4,,,54701784.0,unmatched,False,
electrofensamademsa,,CRM,2026,5,,,40015837.0,unmatched,False,
electrolux,,CRM,2025,4,ELECTROHOGAR,700000.0,446877.0,probable,True,0.6383957142857143
electrolux,,CRM,2025,5,,,653110.0,unmatched,False,
electrolux,,CRM,2025,6,ELECTROHOGAR,1400000.0,1090264.0,probable,True,0.77876
electrolux,,CRM,2025,7,,,143572.0,unmatched,False,
electrolux,3HutdwKwM,CRM,2025,11,,,1346840.0,unmatched,False,
electrolux,4i30FHsF1,CRM,2025,9,,,153970.0,unmatched,False,
electrolux,4IxVpZNJd,CRM,2025,6,ELECTROHOGAR,1400000.0,239990.0,probable,True,0.17142142857142856
electrolux,5hbwhifhX,CRM,2025,9,,,1416900.0,unmatched,False,
electrolux,6189516-010680,CRM,2023,8,,,44990.0,unmatched,False,
electrolux,8Vb4Ewtf4,CRM,2024,8,,,279980.0,unmatched,False,
electrolux,9MIOsrsY3,CRM,2025,2,ELECTROHOGAR,800000.0,1840822.0,probable,True,2.3010275
electrolux,9x3c5RlwP,CRM,2025,5,,,139990.0,unmatched,False,
electrolux,ao,Retail Display,2025,7,ELECTROHOGAR,500000.0,0.0,probable,True,0.0
electrolux,aon_febrero_electrolux_2026,Google,2026,3,ELECTROHOGAR,1100000.0,20686672.0,probable,True,18.806065454545454
electrolux,aon_febrero_electrolux_2026,Google,2026,5,ELECTROHOGAR,1400000.0,20924133.0,probable,True,14.945809285714287
electrolux,aon_febrero_electrolux_2026,Meta,2026,2,,,0.0,unmatched,False,
electrolux,aon_febrero_electrolux_2026,Meta,2026,3,,,0.0,unmatched,False,
electrolux,aon_febrero_electrolux_2026,Otros,2026,3,,,125280268.0,unmatched,False,
ELECTROLUX,aon_marzo_mademsaelectrolux_sda_2026,Sponsored Products,2026,3,,,0.0,unmatched,False,
electrolux,BFtwhT1sG,CRM,2025,8,ELECTROHOGAR,1280000.0,304980.0,probable,True,0.238265625
electrolux,black_friday,Retail Display,2025,11,ELECTROHOGAR,1464600.0,0.0,probable,True,0.0
electrolux,black_friday,Retail Display,2025,12,ELECTROHOGAR,2900000.0,0.0,probable,True,0.0
electrolux,Black Marzo Electrolux 2026,CRM,2026,3,ELECTROHOGAR,1320000.0,5860940.0,probable,True,4.440106060606061
electrolux,black_week,Google,2026,3,ELECTROHOGAR,1100000.0,0.0,probable,True,0.0
electrolux,black_week,Google,2026,4,ELECTROHOGAR,700000.0,3884570.0,probable,True,5.549385714285714
ELECTROLUX,black_week,Sponsored Products,2026,3,,,9914340.0,unmatched,False,
electrolux,blackout,Retail Display,2025,7,ELECTROHOGAR,500000.0,0.0,probable,True,0.0
electrolux,blackout,Retail Display,2025,8,ELECTROHOGAR,500000.0,0.0,probable,True,0.0
electrolux,bW96z5e-a,CRM,2025,7,,,870910.0,unmatched,False,
electrolux,cyber_day,Retail Display,2025,6,ELECTROHOGAR,2000000.0,0.0,probable,True,0.0
electrolux,cyber_monday,Google,2025,10,,,4794931.0,unmatched,False,
electrolux,cyber_monday,Google,2025,11,,,5284280.0,unmatched,False,
electrolux,cyber_monday,Google,2025,12,,,6242090.0,unmatched,False,
electrolux,cyber_monday,Retail Display,2025,10,,,0.0,unmatched,False,
electrolux,debC0VAaG,CRM,2025,4,ELECTROHOGAR,700000.0,117970.0,probable,True,0.16852857142857142
electrolux,DUKQreZXm,CRM,2025,11,,,1007925.0,unmatched,False,
electrolux,especial_empotrados,Retail Display,2024,8,,,0.0,unmatched,False,
electrolux,fensa_black_week,Retail Display,2025,3,ELECTROHOGAR,2200000.0,0.0,probable,True,0.0
electrolux,fensa_black_week,Retail Display,2025,4,ELECTROHOGAR,2000000.0,0.0,probable,True,0.0
electrolux,fensa_mademsa,Google,2024,8,,,42580.0,unmatched,False,
electrolux,fensa_mademsa,Google,2024,9,,,529980.0,unmatched,False,
electrolux,fensa_mademsa,Google,2024,10,,,847151.0,unmatched,False,
electrolux,fensa_mademsa,Google,2024,11,,,625930.0,unmatched,False,
electrolux,fensa_mademsa,Google,2024,12,,,1607183.0,unmatched,False,
electrolux,fensa_mademsa,Google,2025,1,ELECTROHOGAR,1200000.0,527310.0,probable,True,0.439425
electrolux,fensa_mademsa,Google,2025,2,ELECTROHOGAR,1200000.0,157220.0,probable,True,0.13101666666666667
electrolux,fensa_mademsa,Google,2025,3,,,1367810.0,unmatched,False,
electrolux,fensa_mademsa,Google,2025,4,ELECTROHOGAR,1200000.0,615555.0,probable,True,0.5129625
electrolux,fensa_mademsa,Google,2025,5,,,1142001.0,unmatched,False,
electrolux,fensa_mademsa,Google,2025,6,ELECTROHOGAR,1200000.0,0.0,probable,True,0.0
electrolux,fensa_mademsa,Google,2025,7,,,158760.0,unmatched,False,
electrolux,fensa_mademsa,Google,2025,8,,,265360.0,unmatched,False,
electrolux,fensa_mademsa,Google,2025,10,,,1675870.0,unmatched,False,
electrolux,fIFUv5W7W,CRM,2025,1,ELECTROHOGAR,1000000.0,1778822.0,probable,True,1.778822
electrolux,GP1LRldUl,CRM,2025,10,,,682980.0,unmatched,False,
electrolux,H7-4e0JWW,CRM,2024,8,,,0.0,unmatched,False,
electrolux,HHAmcr3DI,CRM,2025,3,,,68965.0,unmatched,False,
electrolux,IAHkol-V1,CRM,2025,8,ELECTROHOGAR,1280000.0,3083899.0,probable,True,2.40929609375
electrolux,lSspZtd6V,CRM,2025,10,,,1050391.0,unmatched,False,
electrolux,mademsa_black_week,Retail Display,2025,3,ELECTROHOGAR,2200000.0,0.0,probable,True,0.0
electrolux,mademsa_black_week,Retail Display,2025,4,ELECTROHOGAR,2000000.0,0.0,probable,True,0.0
electrolux,MEKUlfOKY,CRM,2024,8,,,373183.0,unmatched,False,
electrolux,PsfdTVvHA,CRM,2025,10,,,2013256.0,unmatched,False,
electrolux,Q16ZpNm5O,CRM,2025,5,,,1418312.0,unmatched,False,
electrolux,rCWPiqxVz,CRM,2025,8,ELECTROHOGAR,1280000.0,464374.0,probable,True,0.3627921875
electrolux,RFTkt04XA,CRM,2025,7,,,1233715.0,unmatched,False,
electrolux,rOrAjmo0g,CRM,2024,12,,,5408760.0,unmatched,False,
electrolux,semana_marca,Retail Display,2024,11,,,0.0,unmatched,False,
electrolux,semana_marca,Retail Display,2025,10,,,0.0,unmatched,False,
electrolux,semana_marca,Retail Display,2025,11,ELECTROHOGAR,1464600.0,0.0,probable,True,0.0
electrolux,TbXfuGY-F,CRM,2025,6,ELECTROHOGAR,1400000.0,195940.0,probable,True,0.13995714285714286
electrolux,twIUY-z59,CRM,2025,9,,,220960.0,unmatched,False,
electrolux,X,CRM,2024,10,,,2234823.0,unmatched,False,
electrolux,XgegrDatx,CRM,2024,12,,,736960.0,unmatched,False,
electrolux,xgI4hh8qJ,CRM,2025,6,ELECTROHOGAR,1400000.0,648850.0,probable,True,0.4634642857142857
electrolux,xIabN8r7q,CRM,2025,8,ELECTROHOGAR,1280000.0,620696.0,probable,True,0.48491875
electrolux,xw5IsueIM,CRM,2024,8,,,69980.0,unmatched,False,
electrolux,zFLGOSr-u,CRM,2025,6,ELECTROHOGAR,1400000.0,1259290.0,probable,True,0.8994928571428571
electrolux,ZmJLxjzbX,CRM,2025,11,,,2562278.0,unmatched,False,
electrolux,Zs6Stdx3E,CRM,2025,10,,,1302061.0,unmatched,False,
electrolux-fensa,ao,Retail Display,2025,8,,,0.0,unmatched,False,
electrolux-fensa,ao,Retail Display,2025,9,,,0.0,unmatched,False,
electrolux-fensa,black,Retail Display,2024,7,,,0.0,unmatched,False,
electrolux-fensa,black,Retail Display,2024,8,,,0.0,unmatched,False,
electrolux-fensa,black_friday,Retail Display,2024,11,,,0.0,unmatched,False,
electrolux-fensa,black_friday,Retail Display,2024,12,,,0.0,unmatched,False,
electrolux-fensa,blackout,Retail Display,2025,7,,,0.0,unmatched,False,
electrolux-fensa,blackout,Retail Display,2025,8,,,0.0,unmatched,False,
electrolux-fensa,cyber_day,Meta,2024,6,,,0.0,unmatched,False,
electrolux-fensa,cyber_day,Retail Display,2024,6,,,0.0,unmatched,False,
electrolux-fensa,cyber_day,Retail Display,2025,6,,,0.0,unmatched,False,
electrolux-fensa,cyber_monday,Retail Display,2024,9,,,0.0,unmatched,False,
electrolux-fensa,cyber_monday,Retail Display,2024,10,,,0.0,unmatched,False,
electrolux-fensa,cyber_monday,Retail Display,2025,10,,,0.0,unmatched,False,
electrolux-fensa_mademsa,semana_marca,Retail Display,2025,9,,,0.0,unmatched,False,
electrolux-mademsa,,Retail Display,2024,6,,,0.0,unmatched,False,
electrolux-mademsa,ao,Retail Display,2025,8,,,0.0,unmatched,False,
electrolux-mademsa,ao,Retail Display,2025,9,,,0.0,unmatched,False,
electrolux-mademsa,black,Retail Display,2024,7,,,0.0,unmatched,False,
electrolux-mademsa,black,Retail Display,2024,8,,,0.0,unmatched,False,
electrolux-mademsa,black_friday,Retail Display,2024,11,,,0.0,unmatched,False,
electrolux-mademsa,black_friday,Retail Display,2024,12,,,0.0,unmatched,False,
electrolux-mademsa,blackout,Retail Display,2025,7,,,0.0,unmatched,False,
electrolux-mademsa,blackout,Retail Display,2025,8,,,0.0,unmatched,False,
electrolux-mademsa,calefont,Retail Display,2024,7,,,0.0,unmatched,False,
electrolux-mademsa,cyber_day,Retail Display,2024,6,,,0.0,unmatched,False,
electrolux-mademsa,cyber_day,Retail Display,2025,6,,,0.0,unmatched,False,
electrolux-mademsa,cyber_monday,Retail Display,2024,9,,,0.0,unmatched,False,
electrolux-mademsa,cyber_monday,Retail Display,2024,10,,,0.0,unmatched,False,
electrolux-mademsa,cyber_monday,Retail Display,2025,10,,,0.0,unmatched,False,
electrolux-mademsa_fensa,cyber_day,Google,2025,6,,,0.0,unmatched,False,
elite professional,6189516-011144,CRM,2023,10,,,44220.0,unmatched,False,
elite professional,6189516-011257,CRM,2023,10,,,37150.0,unmatched,False,
emaresa-stihl,cyber_day,Retail Display,2025,6,,,0.0,unmatched,False,
emaresa-stihl,cyber_monday,Meta,2025,10,,,0.0,unmatched,False,
emaresa-stihl_trex,aon_stihl,Google,2026,4,,,440050.0,unmatched,False,
emaresa-stihl_trex,aon_stihl,Google,2026,5,,,96980.0,unmatched,False,
emaresa-trex,tactico_tractores,Google,2026,1,,,4217424.0,unmatched,False,
emaresa-trex,tractores,Google,2025,11,,,225760.0,unmatched,False,
emaresa-trex,tractores,Google,2025,12,,,8487362.0,unmatched,False,
emaresa-trex,tractores,Google,2026,2,,,14010854.0,unmatched,False,
emaresa-trex,tractores,Google,2026,3,,,12993317.0,unmatched,False,
emasa-hyundai,cyber_day,Retail Display,2025,6,,,0.0,unmatched,False,
emasa-hyundai,cyber_monday,Retail Display,2025,10,,,0.0,unmatched,False,
embramaco,6189516-011905,CRM,2023,11,,,703637.0,unmatched,False,
EMBRAMACO,aon_marzo_2026,Sponsored Products,2026,3,,,2127996.0,unmatched,False,
embramaco,Df6XaFM6O,CRM,2025,3,,,78980.0,unmatched,False,
embramaco,k9ifrVBCu,CRM,2024,1,,,1073830.0,unmatched,False,
embramaco,q1xxbvCFu,CRM,2025,2,,,524654.0,unmatched,False,
EMBRAMACO,tactico_febrero_2026,Sponsored Products,2026,2,,,838984.0,unmatched,False,
encuesta_agorex,sHXWmJ90M,CRM,2023,12,,,113693.0,unmatched,False,
energizer,concurso_navidad,Retail Display,2024,11,,,0.0,unmatched,False,
energizer,concurso_navidad,Retail Display,2024,12,,,0.0,unmatched,False,
epson,Tactico Epson Febrero,CRM,2026,3,CASA INTELIGENTE,700000.0,993450.0,probable,True,1.4192142857142858
ergo,tactico_turba_febrero_2026,Retail Display,2026,2,,,0.0,unmatched,False,
ergo,tactico_turba_febrero_2026,Retail Display,2026,3,,,0.0,unmatched,False,
essity-tork,aon,Meta,2025,6,,,0.0,unmatched,False,
essity-tork,aon,Meta,2025,10,,,0.0,unmatched,False,
essity-tork,aon,Meta,2025,11,,,49780.0,unmatched,False,
etersol,bnLJva3ux,CRM,2024,5,,,2499193.0,unmatched,False,
EXIT,muebles,Sponsored Products,2026,4,MUEBLES,500000.0,0.0,probable,True,0.0
fanaloza,8J6SoTr2L,CRM,2024,1,,,9639789.0,unmatched,False,
fanaloza,DADeU5dx1,CRM,2024,1,,,15499462.0,unmatched,False,
fanaloza,gasfiteria,Retail Display,2025,1,,,0.0,unmatched,False,
fanaloza,gIfjO88ZR,CRM,2025,1,,,9651464.0,unmatched,False,
fanaloza,noppp2VmI,CRM,2024,1,,,6592329.0,unmatched,False,
fanaloza,UayXRZWGz,CRM,2025,1,,,8291909.0,unmatched,False,
fanaloza,WC0NYW2g2,CRM,2024,6,,,1962396.0,unmatched,False,
fanaloza,-xZsJhPsd,CRM,2024,6,,,12435590.0,unmatched,False,
fantuzzi,black_friday,Retail Display,2024,11,,,0.0,unmatched,False,
fantuzzi,black_friday,Retail Display,2024,12,,,0.0,unmatched,False,
fantuzzi,yL5U6FNWd,CRM,2024,12,,,273780.0,unmatched,False,
fdv,8EWWY2ecv,CRM,2025,8,ELECTROHOGAR,600000.0,499980.0,probable,True,0.8333
fdv,a1eUaN1Xa,CRM,2025,10,ELECTROHOGAR,500000.0,0.0,probable,True,0.0
FDV,aon_kitchen_center,Sponsored Products,2026,4,ELECTROHOGAR,502133.0,0.0,probable,True,0.0
fdv-kitchen_center,blackout,Retail Display,2025,7,,,0.0,unmatched,False,
fdv-kitchen_center,blackout,Retail Display,2025,8,,,0.0,unmatched,False,
fensa,,CRM,2025,5,,,1502724.0,unmatched,False,
fensa,,CRM,2025,6,,,13047432.0,unmatched,False,
fensa,,CRM,2025,7,,,7795750.0,unmatched,False,
fensa,3HutdwKwM,CRM,2025,11,,,6161290.0,unmatched,False,
fensa,4i30FHsF1,CRM,2025,9,,,2672890.0,unmatched,False,
fensa,4IxVpZNJd,CRM,2025,6,,,4303790.0,unmatched,False,
fensa,4x3YAI3AV,CRM,2025,9,,,13666480.0,unmatched,False,
fensa,5hbwhifhX,CRM,2025,9,,,5386024.0,unmatched,False,
fensa,5IAk1jjy7,CRM,2025,10,ELECTROHOGAR,2074000.0,2251902.0,probable,True,1.0857772420443588
fensa,6189516-007810,CRM,2023,1,,,15489369.0,unmatched,False,
fensa,6189516-008781,CRM,2023,4,,,6973522.0,unmatched,False,
fensa,6189516-008820,CRM,2023,4,,,12810510.0,unmatched,False,
fensa,6189516-009506,CRM,2023,5,,,7054108.0,unmatched,False,
fensa,6189516-009607,CRM,2023,5,,,3383826.0,unmatched,False,
fensa,6189516-010277,CRM,2023,7,,,3943843.0,unmatched,False,
fensa,6189516-010401,CRM,2023,7,,,14574815.0,unmatched,False,
fensa,6189516-010549,CRM,2023,8,,,5807700.0,unmatched,False,
fensa,6189516-010730,CRM,2023,8,,,0.0,unmatched,False,
fensa,6189516-011016,CRM,2023,9,,,3811262.0,unmatched,False,
fensa,6189516-011302,CRM,2023,10,,,130619244.0,unmatched,False,
fensa,6189516-011304,CRM,2023,10,,,1003920.0,unmatched,False,
fensa,6189516-011490,CRM,2023,10,,,5248021.0,unmatched,False,
fensa,6189516-011551,CRM,2023,10,,,8448745.0,unmatched,False,
fensa,6189516-011626,CRM,2023,10,,,11732691.0,unmatched,False,
fensa,6189516-011704,CRM,2023,11,,,9534166.0,unmatched,False,
fensa,6189516-011856,CRM,2023,11,,,13574202.0,unmatched,False,
fensa,6189516-011921,CRM,2023,11,,,14649358.0,unmatched,False,
fensa,6189516-012155,CRM,2023,12,,,7590174.0,unmatched,False,
fensa,8SRvtevBL,CRM,2024,6,,,15593132.0,unmatched,False,
fensa,8Vb4Ewtf4,CRM,2024,8,,,10021712.0,unmatched,False,
fensa,9MIOsrsY3,CRM,2025,2,,,15454470.0,unmatched,False,
fensa,9WiV1celX,CRM,2024,2,,,21510502.0,unmatched,False,
fensa,9x3c5RlwP,CRM,2025,5,,,5343280.0,unmatched,False,
fensa,AON Electrolux 2025,CRM,2025,12,,,11865412.0,unmatched,False,
FENSA,aon_febrero_electrolux_byc_2026,Sponsored Products,2026,2,,,5429690.0,unmatched,False,
FENSA,aon_febrero_electrolux_lb_2026,Sponsored Products,2026,2,,,0.0,unmatched,False,
FENSA,aon_febrero_mademsa_lb_2026,Sponsored Products,2026,2,,,969970.0,unmatched,False,
FENSA,aon_marzo_electrolux_lb_2026,Sponsored Products,2026,3,,,14599370.0,unmatched,False,
FENSA,aon_marzo_mademsa_lb_2026,Sponsored Products,2026,3,,,2769880.0,unmatched,False,
fensa,BFtwhT1sG,CRM,2025,8,,,5247032.0,unmatched,False,
fensa,BkhgVr0Wj,CRM,2024,6,,,10519650.0,unmatched,False,
fensa,Black Marzo Electrolux 2026,CRM,2026,3,,,8741566.0,unmatched,False,
fensa,Black Marzo Electrolux 2026,CRM,2026,4,,,22451863.0,unmatched,False,
FENSA,black_week,Sponsored Products,2026,3,,,15749500.0,unmatched,False,
fensa,bW96z5e-a,CRM,2025,7,,,1483520.0,unmatched,False,
fensa,cLfm7hwvq,CRM,2024,8,,,12837186.0,unmatched,False,
fensa,d7IsFyFPV,CRM,2024,4,,,4094953.0,unmatched,False,
fensa,debC0VAaG,CRM,2025,4,,,11328745.0,unmatched,False,
fensa,DUKQreZXm,CRM,2025,11,,,3117089.0,unmatched,False,
fensa,fensa_mademsa,Google,2024,8,,,339990.0,unmatched,False,
fensa,fensa_mademsa,Google,2024,9,,,629980.0,unmatched,False,
fensa,fensa_mademsa,Google,2024,11,,,2012642.0,unmatched,False,
fensa,fensa_mademsa,Google,2025,1,,,3994050.0,unmatched,False,
fensa,fensa_mademsa,Google,2025,2,,,1317489.0,unmatched,False,
fensa,fensa_mademsa,Google,2025,3,,,1814251.0,unmatched,False,
fensa,fensa_mademsa,Google,2025,4,,,5213490.0,unmatched,False,
fensa,fensa_mademsa,Google,2025,5,,,1174360.0,unmatched,False,
fensa,fensa_mademsa,Google,2025,7,,,765770.0,unmatched,False,
fensa,fensa_mademsa,Google,2025,8,,,209990.0,unmatched,False,
fensa,fensa_mademsa,Google,2025,10,,,1468930.0,unmatched,False,
fensa,fIFUv5W7W,CRM,2025,1,,,16187431.0,unmatched,False,
fensa,hf-qiQJcZ,CRM,2025,3,,,7868013.0,unmatched,False,
fensa,HHAmcr3DI,CRM,2025,3,,,18488076.0,unmatched,False,
fensa,IAHkol-V1,CRM,2025,8,,,22057974.0,unmatched,False,
fensa,iypLXgtDK,CRM,2024,1,,,8581036.0,unmatched,False,
fensa,k6raI0X5v,CRM,2024,2,,,16617905.0,unmatched,False,
fensa,KnsJgtQW5,CRM,2024,1,,,9979318.0,unmatched,False,
fensa,l8CQ2jfQK,CRM,2024,2,,,6138970.0,unmatched,False,
fensa,lSspZtd6V,CRM,2025,10,ELECTROHOGAR,2074000.0,6828049.0,probable,True,3.2922126325940213
fensa,Oo110B0vZ,CRM,2024,11,,,70733749.0,unmatched,False,
fensa,oVdJJAiUy,CRM,2024,11,,,6471412.0,unmatched,False,
fensa,PJA0xZN9s,CRM,2024,8,,,10231126.0,unmatched,False,
fensa,PsfdTVvHA,CRM,2025,10,ELECTROHOGAR,2074000.0,8408767.0,probable,True,4.05437174541948
fensa,pSPg35bnh,CRM,2025,6,,,6230043.0,unmatched,False,
fensa,PYpUiDzGg,CRM,2024,9,,,10114414.0,unmatched,False,
fensa,Q16ZpNm5O,CRM,2025,5,,,14209009.0,unmatched,False,
fensa,rCWPiqxVz,CRM,2025,8,,,3269860.0,unmatched,False,
fensa,RFTkt04XA,CRM,2025,7,,,9683974.0,unmatched,False,
fensa,rOrAjmo0g,CRM,2024,12,,,28593327.0,unmatched,False,
fensa,SdaAX9Fwd,CRM,2024,12,,,5464330.0,unmatched,False,
fensa,TbXfuGY-F,CRM,2025,6,,,4020830.0,unmatched,False,
fensa,twIUY-z59,CRM,2025,9,,,941940.0,unmatched,False,
fensa,tzfJHIMug,CRM,2024,11,,,4718283.0,unmatched,False,
fensa,ufpp80XTs,CRM,2024,12,,,14173771.0,unmatched,False,
fensa,V0Vwvc9WZ,CRM,2024,8,,,30152852.0,unmatched,False,
fensa,VJPdPTjDN,CRM,2024,6,,,18647362.0,unmatched,False,
fensa,vJyZZmBYJ,CRM,2024,8,,,15836125.0,unmatched,False,
fensa,X,CRM,2024,9,,,17009485.0,unmatched,False,
fensa,X,CRM,2024,10,,,71270076.0,unmatched,False,
fensa,XgegrDatx,CRM,2024,12,,,13418666.0,unmatched,False,
fensa,xgI4hh8qJ,CRM,2025,6,,,14724619.0,unmatched,False,
fensa,xIabN8r7q,CRM,2025,8,,,4163390.0,unmatched,False,
fensa,xw5IsueIM,CRM,2024,8,,,16585584.0,unmatched,False,
fensa,y2P4D3IMn,CRM,2024,10,,,10398191.0,unmatched,False,
fensa,yL6waTAc-,CRM,2024,4,,,14162676.0,unmatched,False,
fensa,ZA9dpadFF,CRM,2024,10,,,5754323.0,unmatched,False,
fensa,zFLGOSr-u,CRM,2025,6,,,15514556.0,unmatched,False,
fensa,ZmJLxjzbX,CRM,2025,11,,,8080230.0,unmatched,False,
fensa,Zs6Stdx3E,CRM,2025,10,ELECTROHOGAR,2074000.0,4643730.0,probable,True,2.2390212150433944
finish,5dwGcygCL,CRM,2025,6,,,255730.0,unmatched,False,
finish,ZJWoXqRfI,CRM,2025,4,,,220743.0,unmatched,False,
flex,6189516-009590,CRM,2023,5,,,3794820.0,unmatched,False,
flex,6189516-012025,CRM,2023,11,,,149990.0,unmatched,False,
FLEX,black_week,Sponsored Products,2026,3,MUEBLES,1000000.0,1989930.0,probable,True,1.98993
flex,CwIiQyXdE,CRM,2024,8,,,919940.0,unmatched,False,
flex,K8ADqS6-W,CRM,2025,9,,,0.0,unmatched,False,
flex,pwEe3t85x,CRM,2024,1,,,609970.0,unmatched,False,
flex,XR-FOFmcm,CRM,2024,4,,,1446930.0,unmatched,False,
flowmak,4LPZLLZgv,CRM,2024,7,,,229990.0,unmatched,False,
flowmak,GNApC550a,CRM,2024,7,,,5609470.0,unmatched,False,
fonaloza,udCX0Lzkr,CRM,2025,8,,,0.0,unmatched,False,
gardena,5XzOrAvOm,CRM,2024,11,,,1892294.0,unmatched,False,
gardena,GZ2h-JMNO,CRM,2024,9,,,5155579.0,unmatched,False,
gardena,nYZvZ8dys,CRM,2024,6,,,725261.0,unmatched,False,
GARDENA,tactico_febrero_2026,Sponsored Products,2026,2,,,75470.0,unmatched,False,
generico,6189516-009760,CRM,2023,6,,,1615386.0,unmatched,False,
GENERICO,black_week,Sponsored Products,2026,3,,,0.0,unmatched,False,
generico_mascotas,regalones,Retail Display,2024,6,,,0.0,unmatched,False,
generico_mascotas,regalones,Retail Display,2024,7,,,0.0,unmatched,False,
glade,,Retail Display,2025,12,ASEO,150000.0,0.0,probable,True,0.0
glassex,5dwGcygCL,CRM,2025,6,,,22730.0,unmatched,False,
goofy,d7IsFyFPV,CRM,2025,5,,,34844.0,unmatched,False,
GOOFY,tactico_felliny_goofy_febrero_2026,Sponsored Products,2026,2,,,9380.0,unmatched,False,
grayson,co_brand,Google,2024,10,,,0.0,unmatched,False,
grayson,co_brand,Google,2025,6,,,0.0,unmatched,False,
grayson,co_brand,Google,2025,10,,,0.0,unmatched,False,
grayson,cyber_monday,Retail Display,2024,10,,,0.0,unmatched,False,
grayson_capital_spa-the_pink_stuff,cyber_day,Retail Display,2025,6,,,0.0,unmatched,False,
grayson-the_pink_stuff,cyber_monday,Retail Display,2025,10,,,0.0,unmatched,False,
greenwork,jardin_fest,Google,2025,4,,,0.0,unmatched,False,
greenwork,jardin_fest,Google,2025,5,,,0.0,unmatched,False,
greenwork,jardin_fest,Meta,2025,4,,,0.0,unmatched,False,
greenwork,jardin_fest,Meta,2025,5,,,0.0,unmatched,False,
greenworks,HeB7xgj2J,CRM,2025,4,JARDIN,550000.0,0.0,probable,True,0.0
grilltech,rKeqVfdLY,CRM,2024,9,,,231554.0,unmatched,False,
grilltech,WwHJuze8e,CRM,2024,9,,,1741995.0,unmatched,False,
hankook,6189516-011746,CRM,2023,11,,,2049577.0,unmatched,False,
hankook,9YHHSNV9y,CRM,2024,2,,,7808176.0,unmatched,False,
hankook,black_friday,Retail Display,2024,11,,,0.0,unmatched,False,
hankook,black_friday,Retail Display,2024,12,,,0.0,unmatched,False,
hankook,black_week,Retail Display,2025,3,ACCESORIOS AUTOMOVILES,300000.0,0.0,probable,True,0.0
hankook,black_week,Retail Display,2025,4,,,0.0,unmatched,False,
hankook,kKEDKIH3w,CRM,2024,1,,,2597491.0,unmatched,False,
hankook,KOTyhrPfO,CRM,2025,9,,,1028659.0,unmatched,False,
hankook,lE9wYEuNs,CRM,2025,6,,,2081155.0,unmatched,False,
hankook,M41P1YhxN,CRM,2025,9,,,5403295.0,unmatched,False,
hankook,msTeMQDU3,CRM,2024,1,,,5005875.0,unmatched,False,
hankook,-rBiEIruh,CRM,2024,12,,,3643381.0,unmatched,False,
hankook,rRQLUk6Jg,CRM,2024,1,,,5390190.0,unmatched,False,
hankook,Xa-jpvlMh,CRM,2025,1,ACCESORIOS AUTOMOVILES,500000.0,4591776.0,probable,True,9.183552
harpic,ZJWoXqRfI,CRM,2025,4,,,287461.0,unmatched,False,
henkel,44fCnwLRW,CRM,2024,8,,,9401197.0,unmatched,False,
henkel,6189516-007848,CRM,2023,1,,,11203353.0,unmatched,False,
henkel,6189516-008494,CRM,2023,3,,,3515582.0,unmatched,False,
henkel,6189516-008610,CRM,2023,3,,,3279160.0,unmatched,False,
henkel,6189516-008708,CRM,2023,3,,,608680.0,unmatched,False,
henkel,6189516-008839,CRM,2023,4,,,3574166.0,unmatched,False,
henkel,6189516-008919,CRM,2023,4,,,2334982.0,unmatched,False,
henkel,6189516-009004,CRM,2023,4,,,2595257.0,unmatched,False,
henkel,6189516-009240,CRM,2023,5,,,1366840.0,unmatched,False,
henkel,6189516-009402,CRM,2023,5,,,4387349.0,unmatched,False,
henkel,6189516-009512,CRM,2023,5,,,2673558.0,unmatched,False,
henkel,6189516-010528,CRM,2023,8,,,5754652.0,unmatched,False,
henkel,6189516-011855,CRM,2023,11,,,3167911.0,unmatched,False,
henkel,7yklAWWib,CRM,2024,9,,,7927808.0,unmatched,False,
HENKEL,aon_marzo_henkel_2026,Sponsored Products,2026,3,,,7790.0,unmatched,False,
henkel,BPGssDKJa,CRM,2024,7,,,12667996.0,unmatched,False,
henkel,CM7i2XRXN,CRM,2024,8,,,10889098.0,unmatched,False,
henkel,cyber_monday,Retail Display,2024,9,,,0.0,unmatched,False,
henkel,cyber_monday,Retail Display,2024,10,,,0.0,unmatched,False,
henkel,fDnIx-OqJ,CRM,2024,8,,,10243160.0,unmatched,False,
henkel,gkBdg5sPT,CRM,2025,3,,,14466172.0,unmatched,False,
henkel,IAQFAVMfa,CRM,2024,8,,,1361295.0,unmatched,False,
henkel,jjvdScybr,CRM,2024,9,,,10076989.0,unmatched,False,
henkel,JzL5PDxtY,CRM,2024,9,,,8696197.0,unmatched,False,
henkel,rOQ-dqoWd,CRM,2024,6,,,3167888.0,unmatched,False,
henkel-agorex,black,Retail Display,2024,8,,,0.0,unmatched,False,
henkel_agorex,black_friday,Retail Display,2024,11,,,0.0,unmatched,False,
henkel_agorex,black_friday,Retail Display,2024,12,,,0.0,unmatched,False,
henkel_agorex,black_out,Retail Display,2025,7,,,0.0,unmatched,False,
henkel_agorex,black_out,Retail Display,2025,8,,,0.0,unmatched,False,
henkel_agorex,black_week,Retail Display,2025,3,,,0.0,unmatched,False,
henkel_agorex,black_week,Retail Display,2025,4,,,0.0,unmatched,False,
henkel_agorex,cobrand,Retail Display,2025,4,,,0.0,unmatched,False,
henkel_agorex,concurso,Retail Display,2024,8,,,0.0,unmatched,False,
henkel_agorex,concurso,Retail Display,2024,9,,,0.0,unmatched,False,
henkel_agorex,concurso,Retail Display,2025,5,,,0.0,unmatched,False,
henkel-agorex,concurso_camioneta,Retail Display,2024,10,,,0.0,unmatched,False,
henkel-agorex,concurso_camioneta,Retail Display,2024,11,,,0.0,unmatched,False,
henkel-agorex,concurso_smart_tv,Retail Display,2025,2,,,0.0,unmatched,False,
henkel-agorex,concurso_smart_tv,Retail Display,2025,3,,,0.0,unmatched,False,
henkel-agorex,cyber_day,Retail Display,2025,6,,,0.0,unmatched,False,
henkel_agorex,ppi,Retail Display,2025,6,,,0.0,unmatched,False,
henkel_agorex,ppi,Retail Display,2025,7,,,0.0,unmatched,False,
henkel_agorex,tapagoteras,Retail Display,2024,7,,,0.0,unmatched,False,
hisense,,CRM,2025,7,ELECTROHOGAR,2100000.0,6446122.0,probable,True,3.069581904761905
hisense,,CRM,2025,8,,,19743260.0,unmatched,False,
hisense,,CRM,2025,9,,,28748106.0,unmatched,False,
hisense,,CRM,2025,10,ELECTROHOGAR,1120000.0,56422928.0,probable,True,50.37761428571429
hisense,,CRM,2025,11,,,48882515.0,unmatched,False,
hisense,,CRM,2025,12,ELECTROHOGAR,4450000.0,48652786.0,probable,True,10.933210337078652
hisense,,CRM,2026,1,,,29521603.0,unmatched,False,
hisense,,CRM,2026,2,,,30703596.0,unmatched,False,
hisense,,CRM,2026,3,,,35177147.0,unmatched,False,
hisense,,CRM,2026,4,,,14802096.0,unmatched,False,
hisense,,CRM,2026,5,,,7787884.0,unmatched,False,
hisense,,Otros,2026,4,,,0.0,unmatched,False,
hisense,,Otros,2026,5,,,0.0,unmatched,False,
HISENSE,,Sponsored Products,2026,2,,,769970.0,unmatched,False,
HISENSE,,Sponsored Products,2026,4,,,2959920.0,unmatched,False,
hisense,0DzNQ7mvc,CRM,2024,11,,,879960.0,unmatched,False,
hisense,1D8AjW3Kg,CRM,2024,6,,,1744910.0,unmatched,False,
hisense,2HFRnwtX8,CRM,2025,12,ELECTROHOGAR,4450000.0,2361112.0,probable,True,0.5305869662921349
hisense,30jSXQY18,CRM,2024,6,,,4453773.0,unmatched,False,
hisense,405ttC4Sx,CRM,2024,3,,,2209910.0,unmatched,False,
hisense,5m34NGQ5O,CRM,2025,9,,,2694982.0,unmatched,False,
hisense,6189516-007847,CRM,2023,1,,,1959920.0,unmatched,False,
hisense,6189516-009205,CRM,2023,5,,,1299940.0,unmatched,False,
hisense,6189516-010995,CRM,2023,9,,,6488944.0,unmatched,False,
hisense,6189516-011164,CRM,2023,10,,,569970.0,unmatched,False,
hisense,6189516-011234,CRM,2023,10,,,1034940.0,unmatched,False,
hisense,AKp3nIakG,CRM,2025,7,ELECTROHOGAR,2100000.0,2559910.0,probable,True,1.219004761904762
hisense,ao,Google,2025,12,ELECTROHOGAR,1200000.0,8786044.0,probable,True,7.321703333333334
hisense,ao,Google,2026,4,ELECTROHOGAR,1000000.0,6056440.0,probable,True,6.05644
hisense,ao,Google,2026,5,ELECTROHOGAR,1086000.0,14149756.0,probable,True,13.029241252302025
hisense,ao,Retail Display,2025,2,ELECTROHOGAR,900000.0,0.0,probable,True,0.0
hisense,ao,Retail Display,2025,5,,,0.0,unmatched,False,
hisense,ao,Retail Display,2025,6,,,0.0,unmatched,False,
hisense,ao,Retail Display,2025,12,ELECTROHOGAR,600000.0,0.0,probable,True,0.0
hisense,aon,Retail Display,2025,8,,,0.0,unmatched,False,
hisense,aon,Retail Display,2025,9,ELECTROHOGAR,800000.0,0.0,probable,True,0.0
hisense,AON Febrero 2026,CRM,2026,3,,,8442728.0,unmatched,False,
HISENSE,aon_hisense,Sponsored Products,2026,4,,,1019960.0,unmatched,False,
hisense,BaV9m46Kl,CRM,2025,4,ELECTROHOGAR,1000000.0,2637063.0,probable,True,2.637063
hisense,black_friday,Retail Display,2024,11,,,0.0,unmatched,False,
hisense,black_friday,Retail Display,2024,12,,,0.0,unmatched,False,
hisense,black_friday,Retail Display,2025,11,,,0.0,unmatched,False,
hisense,black_friday,Retail Display,2025,12,ELECTROHOGAR,600000.0,0.0,probable,True,0.0
hisense,Black Marzo HISENSE 2026,CRM,2026,3,,,4745307.0,unmatched,False,
hisense,black_week,Retail Display,2025,3,ELECTROHOGAR,400000.0,0.0,probable,True,0.0
hisense,black_week,Retail Display,2025,4,,,0.0,unmatched,False,
hisense,black_week,Retail Display,2026,3,,,0.0,unmatched,False,
hisense,black_week,Retail Display,2026,4,,,0.0,unmatched,False,
HISENSE,black_week,Sponsored Products,2026,3,,,17069380.0,unmatched,False,
hisense,Bm0EpbuYj,CRM,2025,6,,,1508800.0,unmatched,False,
hisense,c-dzRT64k,CRM,2024,4,,,980834.0,unmatched,False,
hisense,cJIo8H8tt,CRM,2025,11,,,3370833.0,unmatched,False,
hisense,co_brand,Retail Display,2024,12,,,0.0,unmatched,False,
hisense,cyber_day,Retail Display,2024,6,,,0.0,unmatched,False,
hisense,cyber_day,Retail Display,2025,6,,,0.0,unmatched,False,
hisense,cyber_monday,Retail Display,2024,9,,,0.0,unmatched,False,
hisense,cyber_monday,Retail Display,2024,10,,,0.0,unmatched,False,
hisense,cyber_monday,Retail Display,2025,10,,,0.0,unmatched,False,
hisense,eMacsPf4x,CRM,2025,12,ELECTROHOGAR,4450000.0,1097171.0,probable,True,0.2465552808988764
hisense,f9Y1AjHzT,CRM,2025,10,ELECTROHOGAR,1120000.0,5961231.0,probable,True,5.322527678571428
hisense,FMXzzXfms,CRM,2024,11,,,2053818.0,unmatched,False,
hisense,geS-0iszM,CRM,2024,3,,,3794441.0,unmatched,False,
hisense,i4XvLHdvw,CRM,2024,6,,,184990.0,unmatched,False,
hisense,Iw6f7f6oj,CRM,2024,4,,,2997049.0,unmatched,False,
hisense,IwXF22NNQ,CRM,2024,4,,,1374920.0,unmatched,False,
hisense,l0wZJbHh-,CRM,2025,12,ELECTROHOGAR,4450000.0,12974475.0,probable,True,2.9156123595505616
hisense,L6E6hsmg3,CRM,2024,12,,,709970.0,unmatched,False,
hisense,lanzamiento,Retail Display,2025,12,ELECTROHOGAR,600000.0,0.0,probable,True,0.0
hisense,lanzamiento_lavadora,Retail Display,2025,8,,,0.0,unmatched,False,
hisense,lanzamiento_lavadora,Retail Display,2025,9,ELECTROHOGAR,800000.0,0.0,probable,True,0.0
hisense,lavadoras,Retail Display,2025,10,,,0.0,unmatched,False,
hisense,lavadoras,Retail Display,2025,11,,,0.0,unmatched,False,
hisense,LGUeP0C2h,CRM,2024,10,,,3395096.0,unmatched,False,
hisense,linea_blanca,Retail Display,2025,7,ELECTROHOGAR,1100000.0,0.0,probable,True,0.0
hisense,Lm4kAoGwa,CRM,2024,6,,,1660108.0,unmatched,False,
hisense,n3n5pR5NB,CRM,2025,1,,,5113521.0,unmatched,False,
hisense,N3TGC20QS,CRM,2025,11,,,4621068.0,unmatched,False,
hisense,qRta1k6le,CRM,2024,8,,,129990.0,unmatched,False,
hisense,r6xN5ERyS,CRM,2024,9,,,1099950.0,unmatched,False,
hisense,refrigeradores_hero,Retail Display,2025,10,,,0.0,unmatched,False,
hisense,refrigeradores_hero,Retail Display,2025,11,,,0.0,unmatched,False,
hisense,refrigeradores_hero_model,Retail Display,2025,12,ELECTROHOGAR,600000.0,0.0,probable,True,0.0
hisense,rkZHD66l8,CRM,2024,8,,,1111065.0,unmatched,False,
hisense,semana_marca,Retail Display,2024,10,,,0.0,unmatched,False,
hisense,semana_marca,Retail Display,2024,11,,,0.0,unmatched,False,
hisense,semana_marca,Retail Display,2025,1,ELECTROHOGAR,3200000.0,0.0,probable,True,0.0
hisense,semana_marca,Retail Display,2025,2,ELECTROHOGAR,900000.0,0.0,probable,True,0.0
hisense,SnkTwSl8D,CRM,2024,12,,,1391030.0,unmatched,False,
hisense,TUgMQ9cbZ,CRM,2024,2,,,5494780.0,unmatched,False,
hisense,TvE8k5Wke,CRM,2025,12,ELECTROHOGAR,4450000.0,5066730.0,probable,True,1.138591011235955
hisense,VDpufuODi,CRM,2024,1,,,4612485.0,unmatched,False,
hisense,XPbqna-2C,CRM,2025,4,ELECTROHOGAR,1000000.0,1844546.0,probable,True,1.844546
hisense,xyOngT-GS,CRM,2024,4,,,3399558.0,unmatched,False,
hisense,ZRglKJVwr,CRM,2025,8,,,2055538.0,unmatched,False,
hoffens,6189516-007645,CRM,2023,1,,,6865513.0,unmatched,False,
hoffens,7WSKWA2Ov,CRM,2024,1,,,2207625.0,unmatched,False,
hoffens,BblLgKjao,CRM,2025,2,,,8448329.0,unmatched,False,
hoffens,zOGvrFKuf,CRM,2024,1,,,6018247.0,unmatched,False,
hoga,6189516-010153,CRM,2023,7,,,333940.0,unmatched,False,
hoga,6189516-010488,CRM,2023,8,,,3099803.0,unmatched,False,
hoga,muebles_pisos,Retail Display,2024,8,,,0.0,unmatched,False,
hoga,muebles_pisos,Retail Display,2024,9,,,0.0,unmatched,False,
hoga,Odrw0LwvB,CRM,2024,10,,,982833.0,unmatched,False,
hoga,pisos,Retail Display,2024,10,,,0.0,unmatched,False,
hoga,pisos,Retail Display,2024,11,,,0.0,unmatched,False,
HOME MOBILI,aon_b_y_c,Sponsored Products,2026,4,,,579960.0,unmatched,False,
HOME MOBILI,aon_dormitorio,Sponsored Products,2026,4,,,0.0,unmatched,False,
HOME MOBILI,aon_febrero_bano_y_cocina_2026,Sponsored Products,2026,2,,,604960.0,unmatched,False,
HOME MOBILI,aon_febrero_muebles_2026,Sponsored Products,2026,2,,,3133610.0,unmatched,False,
HOME MOBILI,aon_muebles,Sponsored Products,2026,4,,,69990.0,unmatched,False,
HOME MOBILI,black_week,Sponsored Products,2026,3,,,9001590.0,unmatched,False,
homemobili,7a7NZ10-C,CRM,2025,6,,,503984.0,unmatched,False,
homemobili,csjVLuhK6,CRM,2025,12,,,473950.0,unmatched,False,
homemobili,cyber_day,Retail Display,2025,6,,,0.0,unmatched,False,
homemobili,cyber_monday,Retail Display,2025,10,MUEBLES,300000.0,0.0,probable,True,0.0
homemobili,LuYPmKo5O,CRM,2024,6,,,269970.0,unmatched,False,
homemobili,muebles_bts,Retail Display,2025,2,MUEBLES,200000.0,0.0,probable,True,0.0
homemobili,oWBvEH0C2,CRM,2024,6,,,817930.0,unmatched,False,
homemobili,VTu4k6fY8,CRM,2025,10,MUEBLES,500000.0,830900.0,probable,True,1.6618
homemobili,X-69pxESl,CRM,2025,11,,,1116910.0,unmatched,False,
HOMY,aon_byc,Sponsored Products,2026,4,,,0.0,unmatched,False,
HOMY,aon_marzo_2026_muebles,Sponsored Products,2026,3,,,329990.0,unmatched,False,
hunter,51-9HpDY3,CRM,2024,1,,,111990.0,unmatched,False,
hunter,6189516-012118,CRM,2023,12,,,151070.0,unmatched,False,
hunter,6189516-012221,CRM,2023,12,,,469970.0,unmatched,False,
hunter,airolite,Meta,2024,1,,,0.0,unmatched,False,
hunter,Dxu2b7rTY,CRM,2025,1,,,329980.0,unmatched,False,
hunter,sV0GKr8xl,CRM,2024,1,,,855940.0,unmatched,False,
hunter,WPh8lWOq8,CRM,2024,1,,,289980.0,unmatched,False,
hunter-airolite,ventiladores,Retail Display,2024,12,,,0.0,unmatched,False,
husqvarna,2BJTBqOIl,CRM,2025,4,JARDIN,300000.0,1079103.0,probable,True,3.59701
husqvarna,5XzOrAvOm,CRM,2024,11,,,6178090.0,unmatched,False,
husqvarna,GZ2h-JMNO,CRM,2024,9,,,31324233.0,unmatched,False,
husqvarna,HeB7xgj2J,CRM,2025,4,JARDIN,300000.0,5455226.0,probable,True,18.184086666666666
husqvarna,jardin_fest,Google,2025,4,JARDIN,500000.0,364190.0,probable,True,0.72838
husqvarna,jardin_fest,Google,2025,5,JARDIN,900000.0,189990.0,probable,True,0.2111
husqvarna,jardin_fest,Google,2025,6,,,5572370.0,unmatched,False,
husqvarna,jardin_fest,Google,2025,12,JARDIN,300000.0,2149560.0,probable,True,7.1652
husqvarna,jardin_fest,Google,2026,1,JARDIN,300000.0,1503070.0,probable,True,5.010233333333334
husqvarna,jardin_fest,Google,2026,2,JARDIN,400000.0,4726811.0,probable,True,11.8170275
husqvarna,jardin_fest,Meta,2025,4,,,0.0,unmatched,False,
husqvarna,jardin_fest,Meta,2025,5,,,0.0,unmatched,False,
husqvarna,jardin_fest,Retail Display,2025,4,JARDIN,1100000.0,0.0,probable,True,0.0
husqvarna,jardin_fest,Retail Display,2025,5,JARDIN,900000.0,0.0,probable,True,0.0
husqvarna,Lz832Gf5Y,CRM,2025,6,,,1449245.0,unmatched,False,
husqvarna,MC45fSWiY,CRM,2025,10,JARDIN,500000.0,3152620.0,probable,True,6.30524
husqvarna,nYZvZ8dys,CRM,2024,6,,,3166300.0,unmatched,False,
husqvarna,OJEpYkjXV,CRM,2025,4,JARDIN,300000.0,64219.0,probable,True,0.21406333333333333
husqvarna,sFL0xoRHE,CRM,2025,10,JARDIN,500000.0,2138500.0,probable,True,4.277
hyundai,6189516-008021,CRM,2023,2,,,780950.0,unmatched,False,
hyundai,6189516-008436,CRM,2023,3,,,354970.0,unmatched,False,
hyundai,6189516-008719,CRM,2023,4,,,360770.0,unmatched,False,
hyundai,6189516-008735,CRM,2023,3,,,1934323.0,unmatched,False,
hyundai,6189516-008777,CRM,2023,4,,,9980.0,unmatched,False,
hyundai,herramientas_cyber_day,Retail Display,2024,6,,,0.0,unmatched,False,
hyundai-jardin,cyber_monday,Retail Display,2024,9,,,0.0,unmatched,False,
hyundai-jardin,cyber_monday,Retail Display,2024,10,,,0.0,unmatched,False,
igal,black_friday,Retail Display,2025,11,PUERTAS/VENTANAS/MOLDURAS,269755.0,0.0,probable,True,0.0
igal,black_friday,Retail Display,2025,12,,,0.0,unmatched,False,
ignisterra,0IC7A5sPl,CRM,2024,6,,,653980.0,unmatched,False,
ignisterra,6189516-011159,CRM,2023,10,,,49090.0,unmatched,False,
ignisterra,6189516-011417,CRM,2023,10,,,921722.0,unmatched,False,
ignisterra,6189516-012033,CRM,2023,11,,,275990.0,unmatched,False,
ignisterra,70wffOIw0,CRM,2024,6,,,1735900.0,unmatched,False,
ignisterra,cyber_day,Retail Display,2024,6,,,0.0,unmatched,False,
ilko,6189516-010575,CRM,2023,8,,,1041082.0,unmatched,False,
ilko,6189516-010927,CRM,2023,9,,,1706183.0,unmatched,False,
ilko,cyber_monday,Retail Display,2024,9,,,0.0,unmatched,False,
ilko,cyber_monday,Retail Display,2024,10,,,0.0,unmatched,False,
imel,6189516-009391,CRM,2023,5,,,0.0,unmatched,False,
imel,6189516-009507,CRM,2023,5,,,0.0,unmatched,False,
imel,6189516-009523,CRM,2023,5,,,0.0,unmatched,False,
imel,6189516-009642,CRM,2023,5,,,0.0,unmatched,False,
imperial,black_week,Retail Display,2026,3,,,0.0,unmatched,False,
imperial,black_week,Retail Display,2026,4,HERRAMIENTAS Y MAQUINARIAS,500000.0,0.0,probable,True,0.0
indura,,CRM,2025,5,HERRAMIENTAS Y MAQUINARIAS,475000.0,880302.0,probable,True,1.8532673684210526
indura,,CRM,2025,6,HERRAMIENTAS Y MAQUINARIAS,475000.0,6529913.0,probable,True,13.747185263157895
indura,,CRM,2025,7,,,4389295.0,unmatched,False,
indura,,CRM,2025,8,HERRAMIENTAS Y MAQUINARIAS,1500000.0,987693.0,probable,True,0.658462
indura,,CRM,2025,9,HERRAMIENTAS Y MAQUINARIAS,1500000.0,1166993.0,probable,True,0.7779953333333334
indura,,CRM,2025,10,,,7808029.0,unmatched,False,
indura,,CRM,2025,11,HERRAMIENTAS Y MAQUINARIAS,700000.0,2436419.0,probable,True,3.480598571428571
indura,,CRM,2025,12,,,2545712.0,unmatched,False,
indura,,CRM,2026,1,,,2852580.0,unmatched,False,
indura,,CRM,2026,2,,,3180553.0,unmatched,False,
indura,,CRM,2026,3,HERRAMIENTAS Y MAQUINARIAS,0.0,9415808.0,probable,False,
indura,,CRM,2026,4,HERRAMIENTAS Y MAQUINARIAS,0.0,7131018.0,probable,False,
indura,,CRM,2026,5,HERRAMIENTAS Y MAQUINARIAS,1200000.0,2762952.0,probable,True,2.30246
indura,6189516-008455,CRM,2023,3,,,9595987.0,unmatched,False,
indura,6189516-008636,CRM,2023,3,,,6868945.0,unmatched,False,
indura,6OldvWVhD,CRM,2025,11,HERRAMIENTAS Y MAQUINARIAS,700000.0,349921.0,probable,True,0.49988714285714286
indura,black_friday,Retail Display,2025,11,HERRAMIENTAS Y MAQUINARIAS,300000.0,0.0,probable,True,0.0
indura,black_friday,Retail Display,2025,12,,,0.0,unmatched,False,
indura,cyber_day,Retail Display,2024,6,,,0.0,unmatched,False,
indura,e6ThknzZt,CRM,2024,6,,,415390.0,unmatched,False,
indura,EdPK3wQMa,CRM,2024,1,,,5488138.0,unmatched,False,
indura,oPbo-ZuJ3,CRM,2024,6,,,217616.0,unmatched,False,
indura,VvMXAUIvK,CRM,2024,6,,,913245.0,unmatched,False,
innovamuebles,6189516-007871,CRM,2023,1,,,0.0,unmatched,False,
innovamuebles,6189516-007872,CRM,2023,1,,,0.0,unmatched,False,
innovamuebles,6189516-007939,CRM,2023,2,,,0.0,unmatched,False,
innovamuebles,6189516-008365,CRM,2023,3,,,1715909.0,unmatched,False,
innovamuebles,6189516-008537,CRM,2023,3,,,549970.0,unmatched,False,
innovamuebles,6189516-009413,CRM,2023,5,,,1881340.0,unmatched,False,
innovamuebles,6189516-009534,CRM,2023,5,,,449970.0,unmatched,False,
innovamuebles,6189516-009855,CRM,2023,6,,,2670386.0,unmatched,False,
innovamuebles,6189516-010422,CRM,2023,8,,,139990.0,unmatched,False,
innovamuebles,6189516-010801,CRM,2023,8,,,3242675.0,unmatched,False,
innovamuebles,6189516-010854,CRM,2023,8,,,699970.0,unmatched,False,
innovamuebles,6189516-011151,CRM,2023,10,,,784950.0,unmatched,False,
innovamuebles,6189516-011246,CRM,2023,10,,,1145950.0,unmatched,False,
innovamuebles,6189516-012011,CRM,2023,11,,,1428627.0,unmatched,False,
innovamuebles,cyber_day,Retail Display,2024,6,,,0.0,unmatched,False,
innovamuebles,cyber_monday,Retail Display,2024,9,,,0.0,unmatched,False,
innovamuebles,cyber_monday,Retail Display,2024,10,,,0.0,unmatched,False,
innovamuebles,Fzp2g6ixG,CRM,2024,4,,,2125423.0,unmatched,False,
innovamuebles,X,CRM,2024,9,,,3456872.0,unmatched,False,
innovamuebles,YVKLoiuQs,CRM,2024,6,,,2006920.0,unmatched,False,
instapanel,ZGpWU6grT,CRM,2025,12,,,3344445.0,unmatched,False,
intcomex,casasegura,Retail Display,2025,12,,,0.0,unmatched,False,
intcomex,casasegura,Retail Display,2026,1,,,0.0,unmatched,False,
intcomex,co_brand,Google,2025,3,,,0.0,unmatched,False,
intcomex-jbl,black_friday,Retail Display,2024,11,,,0.0,unmatched,False,
intcomex-jbl,black_friday,Retail Display,2024,12,,,0.0,unmatched,False,
intcomex-jbl,cyber_day,Retail Display,2024,6,,,0.0,unmatched,False,
intcomex-jbl,cyber_monday,Retail Display,2024,9,,,0.0,unmatched,False,
intcomex-jbl,cyber_monday,Retail Display,2024,10,,,0.0,unmatched,False,
intcomex-starlink,,Retail Display,2026,1,,,0.0,unmatched,False,
intcomex-starlink,cyber_day,Retail Display,2024,6,,,0.0,unmatched,False,
intcomex_strarlink,co_brand,Retail Display,2025,3,,,0.0,unmatched,False,
intcomex_strarlink,tc,Retail Display,2025,12,,,0.0,unmatched,False,
jbl,black_week,Retail Display,2025,3,CASA INTELIGENTE,300000.0,0.0,probable,True,0.0
jbl,black_week,Retail Display,2025,4,,,0.0,unmatched,False,
jbl,K3z21yXHY,CRM,2024,6,,,393932.0,unmatched,False,
jbl,rJWM583Xd,CRM,2024,12,,,631860.0,unmatched,False,
jbl,X,CRM,2024,9,,,361930.0,unmatched,False,
jbl,X,CRM,2024,10,,,1753923.0,unmatched,False,
jce-charbroil,parrillas,Retail Display,2024,8,,,0.0,unmatched,False,
jce-charbroil,parrillas,Retail Display,2024,9,,,0.0,unmatched,False,
jce-greenworks,cyber_day,Meta,2025,6,,,0.0,unmatched,False,
jce-grilltech,parrillas,Retail Display,2024,9,,,0.0,unmatched,False,
jce-husqvarna,cyber_monday,Retail Display,2025,10,,,0.0,unmatched,False,
jce-husqvarna_gardena,jardin_primavera,Retail Display,2024,10,,,0.0,unmatched,False,
jce-husqvarna_gardena,jardin_primavera,Retail Display,2024,11,,,0.0,unmatched,False,
junkers,6189516-008912,CRM,2023,4,,,17980960.0,unmatched,False,
junkers,6189516-009414,CRM,2023,5,,,28259708.0,unmatched,False,
junkers,6189516-009531,CRM,2023,5,,,8572668.0,unmatched,False,
junkers,6189516-011138,CRM,2023,10,,,8376310.0,unmatched,False,
junkers,6189516-011233,CRM,2023,10,,,10916050.0,unmatched,False,
junkers,6189516-011920,CRM,2023,11,,,17014230.0,unmatched,False,
junkers,7oatUbdwm,CRM,2024,4,,,5399491.0,unmatched,False,
junkers,a16DLKUm7,CRM,2025,6,,,36072473.0,unmatched,False,
junkers,ad3O9pgT5,CRM,2024,12,,,13076443.0,unmatched,False,
JUNKERS,aon_junkers,Sponsored Products,2026,4,BANOS Y COCINAS,1000000.0,5532730.0,probable,True,5.53273
junkers,black_friday,Retail Display,2024,11,,,0.0,unmatched,False,
junkers,black_friday,Retail Display,2024,12,,,0.0,unmatched,False,
junkers,black_week,Retail Display,2025,3,BANOS Y COCINAS,500000.0,0.0,probable,True,0.0
junkers,black_week,Retail Display,2025,4,,,0.0,unmatched,False,
junkers,ffahFrLJq,CRM,2024,6,,,10893260.0,unmatched,False,
junkers,fLYO1fsSP,CRM,2024,7,,,27396905.0,unmatched,False,
junkers,GYrnAFxDh,CRM,2024,8,,,24548619.0,unmatched,False,
junkers,gZEWbVjJv,CRM,2024,7,,,21424772.0,unmatched,False,
junkers,hLKMr8z5j,CRM,2024,6,,,16386760.0,unmatched,False,
junkers,KekvskRUl,CRM,2024,8,,,22328238.0,unmatched,False,
junkers,KuQ9gu-iA,CRM,2025,6,,,30827367.0,unmatched,False,
junkers,L6f988hQN,CRM,2025,3,BANOS Y COCINAS,300000.0,9428000.0,probable,True,31.426666666666666
junkers,ngFLFpxqU,CRM,2024,6,,,30987355.0,unmatched,False,
junkers,wHUJkmViH,CRM,2024,7,,,55613807.0,unmatched,False,
junkers,X,CRM,2024,10,,,34446474.0,unmatched,False,
junkers,YFYG1BhyI,CRM,2024,5,,,41472367.0,unmatched,False,
junkers,Z3TRh9TWW,CRM,2024,6,,,45949781.0,unmatched,False,
JUST HOME COLLECTION,bts_febrero_2026,Sponsored Products,2026,2,,,48990.0,unmatched,False,
karcher,,Retail Display,2025,10,,,0.0,unmatched,False,
karcher,,Retail Display,2025,11,HERRAMIENTAS Y MAQUINARIAS,250000.0,0.0,probable,True,0.0
karcher,,Retail Display,2025,12,HERRAMIENTAS Y MAQUINARIAS,250000.0,0.0,probable,True,0.0
karcher,6189516-007920,CRM,2023,1,,,4101288.0,unmatched,False,
karcher,BXo3WMMdE,CRM,2025,10,,,1071260.0,unmatched,False,
karcher,co_brand,Google,2024,9,,,0.0,unmatched,False,
karcher,co_brand,Google,2024,10,,,0.0,unmatched,False,
karcher,cyber_day,Retail Display,2025,6,,,0.0,unmatched,False,
karcher,cyber_monday,Retail Display,2025,10,,,0.0,unmatched,False,
karcher,HJ3IsWIua,CRM,2025,11,HERRAMIENTAS Y MAQUINARIAS,700000.0,1388790.0,probable,True,1.9839857142857142
karcher,mCnzLC34o,CRM,2025,10,,,658200.0,unmatched,False,
karcher,oEWsF59NE,CRM,2025,12,HERRAMIENTAS Y MAQUINARIAS,700000.0,838480.0,probable,True,1.1978285714285715
karcher,wA6Xc1YRJ,CRM,2025,10,,,3500515.0,unmatched,False,
KARSON,aon_febrero_2026,Sponsored Products,2026,2,,,11990.0,unmatched,False,
KARSON,aon_marzo_stretto_2026,Sponsored Products,2026,3,,,13990.0,unmatched,False,
KARSON,aon_stretto,Sponsored Products,2026,4,,,161260.0,unmatched,False,
KARSON,black_week,Sponsored Products,2026,3,,,59960.0,unmatched,False,
keep,MwrpZQpFm,CRM,2025,2,,,5742848.0,unmatched,False,
kendal,6189516-009699,CRM,2023,6,,,2162717.0,unmatched,False,
kendal,6189516-012267,CRM,2023,12,,,1455267.0,unmatched,False,
kendal,tf5VwbHHx,CRM,2024,1,,,3978804.0,unmatched,False,
kendal,UgrAMpT2o,CRM,2024,6,,,2292612.0,unmatched,False,
kendal,Vihk5amgz,CRM,2024,5,,,8001149.0,unmatched,False,
kendal,wqvPHK2QH,CRM,2025,6,ELECTROHOGAR,900000.0,6205433.0,probable,True,6.894925555555556
keter,tactico_keter,Meta,2026,4,,,0.0,unmatched,False,
KETER,tactico_keter,Sponsored Products,2026,4,JARDIN,400000.0,664980.0,probable,True,1.66245
kiboo pet,6189516-009684,CRM,2023,6,,,148120.0,unmatched,False,
kit,8A9oOxTgD,CRM,2025,1,ACCESORIOS AUTOMOVILES,1000000.0,1153338.0,probable,True,1.153338
kit,JIKcdv03v,CRM,2025,2,,,531664.0,unmatched,False,
kit,sobre_ruedas,Retail Display,2025,1,ACCESORIOS AUTOMOVILES,800000.0,0.0,probable,True,0.0
kit,sobre_ruedas,Retail Display,2025,2,,,0.0,unmatched,False,
kit,special_buy,Retail Display,2026,4,ACCESORIOS AUTOMOVILES,250000.0,0.0,probable,True,0.0
kit,special_buy_mayo,Retail Display,2026,5,ACCESORIOS AUTOMOVILES,250000.0,0.0,probable,True,0.0
kit,Xa-jpvlMh,CRM,2025,1,ACCESORIOS AUTOMOVILES,1000000.0,567319.0,probable,True,0.567319
klipen,6X9VCLeGJ,CRM,2025,2,PISOS Y MUROS,1200000.0,7970577.0,probable,True,6.6421475
klipen,8smTdUDSP,CRM,2025,1,PISOS Y MUROS,200000.0,11684527.0,probable,True,58.422635
klipen,9qLqyjOjQ,CRM,2024,11,,,7853714.0,unmatched,False,
klipen,B9w0HFlb9,CRM,2024,6,,,15582087.0,unmatched,False,
klipen,black_friday,Retail Display,2024,11,,,0.0,unmatched,False,
klipen,black_friday,Retail Display,2024,12,,,0.0,unmatched,False,
klipen,CH7OlVznd,CRM,2025,5,,,3118150.0,unmatched,False,
klipen,cyber_day,Retail Display,2025,6,,,0.0,unmatched,False,
klipen,cyber_monday,Retail Display,2024,9,,,0.0,unmatched,False,
klipen,cyber_monday,Retail Display,2024,10,,,0.0,unmatched,False,
klipen,dAnFu88VM,CRM,2024,4,,,11509616.0,unmatched,False,
klipen,DzxlW9t3O,CRM,2025,6,PISOS Y MUROS,800000.0,100068.0,probable,True,0.125085
klipen,fxImiulpq,CRM,2024,4,,,6525492.0,unmatched,False,
klipen,gTTO5ZBK9,CRM,2024,8,,,7758703.0,unmatched,False,
klipen,iUlHoNUyg,CRM,2025,2,PISOS Y MUROS,1200000.0,10608774.0,probable,True,8.840645
klipen,Kj-BzyqL8,CRM,2025,3,PISOS Y MUROS,800000.0,6673617.0,probable,True,8.34202125
klipen,krAaWbJh2,CRM,2025,6,PISOS Y MUROS,800000.0,3572669.0,probable,True,4.46583625
klipen,kzmbd771b,CRM,2025,1,PISOS Y MUROS,200000.0,2771159.0,probable,True,13.855795
klipen,LS7PR2T2a,CRM,2025,6,PISOS Y MUROS,800000.0,5816321.0,probable,True,7.27040125
klipen,MSGILD-Re,CRM,2024,11,,,6163153.0,unmatched,False,
klipen,NFtKRvKsA,CRM,2024,6,,,6981275.0,unmatched,False,
klipen,PyzwkCHiT,CRM,2025,7,PISOS Y MUROS,800000.0,9276932.0,probable,True,11.596165
klipen,TOzEMSJV8,CRM,2025,4,PISOS Y MUROS,800000.0,7478392.0,probable,True,9.34799
klipen,u3cC2UPX2,CRM,2025,6,PISOS Y MUROS,800000.0,5651982.0,probable,True,7.0649775
klipen,wzJCjFDtY,CRM,2024,3,,,9048249.0,unmatched,False,
klipen,X,CRM,2024,9,,,2447520.0,unmatched,False,
klipen,X,CRM,2024,10,,,5499646.0,unmatched,False,
klipen,XE1UPHqoG,CRM,2024,6,,,20619815.0,unmatched,False,
klipen,ZAgI3qRCJ,CRM,2024,4,,,12755238.0,unmatched,False,
knauf,co_brand,Retail Display,2024,12,,,0.0,unmatched,False,
knauf,dIgJKLHUc,CRM,2024,11,,,25092.0,unmatched,False,
knauf,EJxkQUvyz,CRM,2024,12,,,0.0,unmatched,False,
knauf,OuqoTH8LE,CRM,2025,1,,,342689.0,unmatched,False,
knauf,Q3YHVv5RV,CRM,2025,1,,,112660.0,unmatched,False,
knauf,Qx5O9SG5q,CRM,2024,11,,,772682.0,unmatched,False,
knauf,srNP-u8Qb,CRM,2025,1,,,103090.0,unmatched,False,
kokido,27fG8tuLE,CRM,2025,1,,,864113.0,unmatched,False,
kokido,6189516-012150,CRM,2023,12,,,492860.0,unmatched,False,
kokido,6189516-012318,CRM,2023,12,,,754019.0,unmatched,False,
kokido,bFTCdkF7A,CRM,2025,2,,,799870.0,unmatched,False,
kokido,FrnV3BsEB,CRM,2023,12,,,1427969.0,unmatched,False,
kokido,Temporada de piscina,CRM,2026,1,AIRE LIBRE,500000.0,199960.0,probable,True,0.39992
kokido-pool_blaster,temporada_de_piscinas,Retail Display,2026,1,,,0.0,unmatched,False,
kolor,d13zkyyEs,CRM,2025,8,,,16666728.0,unmatched,False,
kolor,q5TCvvk3c,CRM,2025,8,,,4964135.0,unmatched,False,
kolor,Wow05C7kY,CRM,2025,8,,,18069282.0,unmatched,False,
kolvok,6189516-007593,CRM,2023,1,,,265890.0,unmatched,False,
kolvok,6189516-009446,CRM,2023,5,,,1119970.0,unmatched,False,
kolvok,6189516-009538,CRM,2023,5,,,0.0,unmatched,False,
kolvok,6189516-011182,CRM,2023,10,,,419990.0,unmatched,False,
kolvok,7mrQhqEc-,CRM,2024,6,,,3495950.0,unmatched,False,
kolvok,co_brand,Google,2024,10,,,0.0,unmatched,False,
kolvok,cyber_day,Retail Display,2024,6,,,0.0,unmatched,False,
koslan-pedrollo-flomak,bombas,Retail Display,2025,2,,,0.0,unmatched,False,
kumho,o8ZDaFH6B,CRM,2025,1,,,0.0,unmatched,False,
kw,temporada_casa,Retail Display,2025,5,,,0.0,unmatched,False,
kw,temporada_casa,Retail Display,2025,6,,,0.0,unmatched,False,
lanco,,CRM,2025,9,,,6451492.0,unmatched,False,
lanco,,CRM,2025,10,,,9172812.0,unmatched,False,
lanco,,CRM,2025,11,PINTURA Y ACCESORIOS,1500000.0,2594506.0,probable,True,1.7296706666666666
lanco,,CRM,2025,12,,,1569137.0,unmatched,False,
lanco,,CRM,2026,1,,,1424671.0,unmatched,False,
lanco,,CRM,2026,2,,,1943561.0,unmatched,False,
lanco,,CRM,2026,3,PINTURA Y ACCESORIOS,1500000.0,174332.0,probable,True,0.11622133333333333
lanco,1SBjxe9Vj,CRM,2024,10,,,9479287.0,unmatched,False,
lanco,2YdwXzMPw,CRM,2025,8,PINTURA Y ACCESORIOS,3345000.0,9004807.0,probable,True,2.692020029895366
lanco,3-rYl9fJ7,CRM,2024,8,,,7879170.0,unmatched,False,
lanco,3C-ctZnGn,CRM,2025,2,,,5215514.0,unmatched,False,
lanco,4QoCC61WK,CRM,2025,3,PINTURA Y ACCESORIOS,100000.0,7940595.0,probable,True,79.40595
lanco,4x0JncMHi,CRM,2024,8,,,3786514.0,unmatched,False,
lanco,5JWwHf9MK,CRM,2025,4,PINTURA Y ACCESORIOS,0.0,13276882.0,probable,False,
lanco,5pZJ9wBlv,CRM,2025,8,PINTURA Y ACCESORIOS,3345000.0,2506419.0,probable,True,0.7493031390134529
lanco,6189516-008675,CRM,2023,3,,,3089166.0,unmatched,False,
lanco,6189516-008688,CRM,2023,4,,,2343551.0,unmatched,False,
lanco,6189516-008748,CRM,2023,4,,,2912847.0,unmatched,False,
lanco,6189516-010681,CRM,2023,8,,,4471728.0,unmatched,False,
lanco,6189516-010867,CRM,2023,9,,,5539466.0,unmatched,False,
lanco,6189516-011658,CRM,2023,11,,,5354175.0,unmatched,False,
lanco,6189516-011868,CRM,2023,11,,,3061419.0,unmatched,False,
lanco,6iRD-ndmc,CRM,2024,8,,,3373752.0,unmatched,False,
lanco,9-d9iTyRy,CRM,2025,6,PINTURA Y ACCESORIOS,0.0,6060196.0,probable,False,
lanco,a7DxgVWXx,CRM,2025,5,PINTURA Y ACCESORIOS,1500000.0,315801.0,probable,True,0.210534
lanco,AHODzmMBf,CRM,2025,8,PINTURA Y ACCESORIOS,3345000.0,2496179.0,probable,True,0.7462418535127056
lanco,always_on,Retail Display,2025,4,PINTURA Y ACCESORIOS,800000.0,0.0,probable,True,0.0
lanco,always_on,Retail Display,2025,5,PINTURA Y ACCESORIOS,2800000.0,0.0,probable,True,0.0
lanco,always_on,Retail Display,2025,6,PINTURA Y ACCESORIOS,800000.0,0.0,probable,True,0.0
lanco,always_on,Retail Display,2025,7,PINTURA Y ACCESORIOS,800000.0,0.0,probable,True,0.0
lanco,aO0HYkjrG,CRM,2024,10,,,301689.0,unmatched,False,
lanco,aon,Retail Display,2025,8,PINTURA Y ACCESORIOS,1700000.0,0.0,probable,True,0.0
lanco,aon,Retail Display,2025,9,PINTURA Y ACCESORIOS,800000.0,0.0,probable,True,0.0
lanco,aon,Retail Display,2025,10,PINTURA Y ACCESORIOS,3300000.0,0.0,probable,True,0.0
lanco,aon,Retail Display,2025,11,PINTURA Y ACCESORIOS,2500000.0,0.0,probable,True,0.0
lanco,bApbXTswm,CRM,2024,3,,,8858314.0,unmatched,False,
lanco,bienvenida_primavera,Retail Display,2024,8,,,0.0,unmatched,False,
lanco,bienvenida_primavera,Retail Display,2024,9,,,0.0,unmatched,False,
lanco,bienvenida_primavera,Retail Display,2024,10,,,0.0,unmatched,False,
lanco,bienvenida_primavera2,Retail Display,2024,9,,,0.0,unmatched,False,
lanco,dQL6rhasb,CRM,2025,9,,,7436328.0,unmatched,False,
lanco,duelo_leyendas,Meta,2024,11,,,0.0,unmatched,False,
lanco,duelo_leyendas,Meta,2024,12,,,0.0,unmatched,False,
lanco,duelo_leyendas,Retail Display,2024,11,,,0.0,unmatched,False,
lanco,duelo_leyendas,Retail Display,2024,12,,,0.0,unmatched,False,
lanco,fByMIHKHW,CRM,2024,10,,,58414986.0,unmatched,False,
lanco,GKVtmbzog,CRM,2025,2,,,98020.0,unmatched,False,
lanco,Ja30ngaMq,CRM,2024,11,,,18364586.0,unmatched,False,
lanco,JI7pkbhis,CRM,2024,12,,,8462706.0,unmatched,False,
lanco,l7PQojdkR,CRM,2025,9,,,3244278.0,unmatched,False,
lanco,Ll-LSULXE,CRM,2024,3,,,7672993.0,unmatched,False,
lanco,LNmES7RAj,CRM,2025,5,PINTURA Y ACCESORIOS,1500000.0,2940660.0,probable,True,1.96044
lanco,lR38rweyX,CRM,2025,9,,,166100.0,unmatched,False,
lanco,mDk-26EWg,CRM,2024,8,,,395676.0,unmatched,False,
lanco,MUYPHpH-z,CRM,2025,1,PINTURA Y ACCESORIOS,1000000.0,6896527.0,probable,True,6.896527
lanco,Nb9vXU8Lo,CRM,2025,7,PINTURA Y ACCESORIOS,1000000.0,2938470.0,probable,True,2.93847
lanco,ocKoz1KQZ,CRM,2025,1,PINTURA Y ACCESORIOS,1000000.0,6235684.0,probable,True,6.235684
lanco,OG4MBhnSJ,CRM,2024,3,,,56679312.0,unmatched,False,
lanco,OrF56sVpm,CRM,2025,1,PINTURA Y ACCESORIOS,1000000.0,19995706.0,probable,True,19.995706
lanco,PfiddmMGY,CRM,2025,2,,,6738215.0,unmatched,False,
lanco,PH9JoBLNo,CRM,2024,9,,,7156674.0,unmatched,False,
lanco,pSFGzZT95,CRM,2025,4,PINTURA Y ACCESORIOS,0.0,9219382.0,probable,False,
lanco,qFjQXkFUq,CRM,2025,9,,,12217801.0,unmatched,False,
lanco,QR7VqyMQT,CRM,2024,11,,,18428402.0,unmatched,False,
lanco,QT6BdFWWM,CRM,2024,3,,,19205617.0,unmatched,False,
lanco,r-G3FtmBz,CRM,2024,9,,,594417.0,unmatched,False,
lanco,rhV2mUmfw,CRM,2024,8,,,657578.0,unmatched,False,
lanco,s-zw4nuXH,CRM,2025,2,,,3853741.0,unmatched,False,
lanco,s12BjnTJ4,CRM,2024,10,,,300556.0,unmatched,False,
lanco,s814Kyplr,CRM,2025,8,PINTURA Y ACCESORIOS,3345000.0,2421610.0,probable,True,0.723949177877429
lanco,SUqrSiv0b,CRM,2025,7,PINTURA Y ACCESORIOS,1000000.0,2601640.0,probable,True,2.60164
lanco,t1cewmARE,CRM,2024,2,,,15010622.0,unmatched,False,
lanco,tactica,Meta,2025,3,,,0.0,unmatched,False,
lanco,TiZIbg1zB,CRM,2025,8,PINTURA Y ACCESORIOS,3345000.0,5302939.0,probable,True,1.5853330343796712
lanco,tMS7mf0cK,CRM,2024,3,,,9043598.0,unmatched,False,
lanco,uO2KhokUN,CRM,2025,5,PINTURA Y ACCESORIOS,1500000.0,10733710.0,probable,True,7.155806666666667
lanco,verano,Retail Display,2024,12,,,0.0,unmatched,False,
lanco,verano,Retail Display,2025,1,PINTURA Y ACCESORIOS,800000.0,0.0,probable,True,0.0
lanco,verano,Retail Display,2025,2,,,0.0,unmatched,False,
lanco,verano,Retail Display,2025,3,PINTURA Y ACCESORIOS,800000.0,0.0,probable,True,0.0
lanco,vwy4lqP58,CRM,2025,7,PINTURA Y ACCESORIOS,1000000.0,8606191.0,probable,True,8.606191
lanco,W2oxlRn2t,CRM,2024,9,,,8809036.0,unmatched,False,
lanco,w7qLfmWIs,CRM,2025,8,PINTURA Y ACCESORIOS,3345000.0,4352660.0,probable,True,1.3012436472346787
lanco,Wgwj5Ze3-,CRM,2024,11,,,13482433.0,unmatched,False,
lanco,wMVJ7qvcP,CRM,2024,9,,,263983.0,unmatched,False,
lanco,Wzm6TrFwZ,CRM,2025,9,,,6325752.0,unmatched,False,
lanco,yjSdAuW6t,CRM,2024,3,,,3435285.0,unmatched,False,
_lanco,YSA8UnD70,CRM,2025,3,PINTURA Y ACCESORIOS,100000.0,0.0,probable,True,0.0
lanco,Z2StLvH7A,CRM,2024,9,,,6175608.0,unmatched,False,
lanco,Zm-uoZijW,CRM,2024,12,,,11716652.0,unmatched,False,
ledzone,6189516-008630,CRM,2023,3,,,316720.0,unmatched,False,
leifheit,dziCLVAzE,CRM,2024,4,,,29980.0,unmatched,False,
leifheit,fgdTYbdSp,CRM,2024,7,,,122919.0,unmatched,False,
leifheit,jbTuQB0cQ,CRM,2024,4,,,33460.0,unmatched,False,
lg,6189516-009133,CRM,2023,4,,,1245960.0,unmatched,False,
lg,6189516-009138,CRM,2023,4,,,3206710.0,unmatched,False,
lg,6189516-009405,CRM,2023,5,,,4294860.0,unmatched,False,
lg,6189516-009526,CRM,2023,5,,,4016944.0,unmatched,False,
lg,aE3YSSwL2,CRM,2025,10,ELECTROHOGAR,700000.0,4125900.0,probable,True,5.894142857142858
lg,aon_febrero_lg_2026,Meta,2026,2,,,159990.0,unmatched,False,
lg,aon_febrero_lg_2026,Meta,2026,3,,,0.0,unmatched,False,
lg,black_week,Retail Display,2025,3,ELECTROHOGAR,300000.0,0.0,probable,True,0.0
lg,black_week,Retail Display,2025,4,,,0.0,unmatched,False,
lg,BrOnY1h9K,CRM,2024,5,,,9075637.0,unmatched,False,
lg,co_brand,Google,2024,8,,,1404040.0,unmatched,False,
lg,co_brand,Google,2024,9,,,797738.0,unmatched,False,
lg,co_brand,Google,2026,2,ELECTROHOGAR,800000.0,12091050.0,probable,True,15.1138125
lg,cyber_monday,Retail Display,2025,10,ELECTROHOGAR,500000.0,0.0,probable,True,0.0
lg,DCjC7W2Ce,CRM,2025,10,ELECTROHOGAR,700000.0,15373277.0,probable,True,21.961824285714286
lg,jS6VW17tW,CRM,2024,4,,,7098811.0,unmatched,False,
lg,jVLsMT3Xt,CRM,2024,6,,,4540783.0,unmatched,False,
lg,nO-39yctx,CRM,2025,4,,,8114137.0,unmatched,False,
lg,oJXZDliHS,CRM,2024,8,,,6162315.0,unmatched,False,
lg,semana_marca,Retail Display,2024,8,,,0.0,unmatched,False,
lg,X,CRM,2024,10,,,21576032.0,unmatched,False,
libero,,CRM,2026,1,ELECTROHOGAR,2100000.0,8462646.0,probable,True,4.029831428571429
libero,,CRM,2026,2,ELECTROHOGAR,2100000.0,11202791.0,probable,True,5.3346623809523805
libero,,CRM,2026,3,ELECTROHOGAR,2100000.0,7362598.0,probable,True,3.5059990476190475
libero,,CRM,2026,4,ELECTROHOGAR,0.0,5119741.0,probable,False,
libero,,CRM,2026,5,,,2839870.0,unmatched,False,
libero,5jLgdhnHc,CRM,2025,6,ELECTROHOGAR,0.0,862474.0,probable,False,
libero,8tAZoAUMh,CRM,2025,8,ELECTROHOGAR,700000.0,1213364.0,probable,True,1.733377142857143
libero,9a9j0tMFV,CRM,2024,11,,,3712429.0,unmatched,False,
LIBERO,aon_febrero_2026,Sponsored Products,2026,2,ELECTROHOGAR,400000.0,129990.0,probable,True,0.324975
libero,aon_libero/ventus_2026,CRM,2026,4,ELECTROHOGAR,0.0,8849561.0,probable,False,
libero,aon_libero/ventus_2026,CRM,2026,5,,,4029820.0,unmatched,False,
LIBERO,aon_marzo_ventus_2026,Sponsored Products,2026,3,ELECTROHOGAR,300000.0,449970.0,probable,True,1.4999
libero,BFPE4pUr2,CRM,2025,2,ELECTROHOGAR,0.0,3619850.0,probable,False,
LIBERO,black_week,Sponsored Products,2026,3,ELECTROHOGAR,300000.0,25253580.0,probable,True,84.1786
libero,CEO9BwX3w,CRM,2025,6,ELECTROHOGAR,0.0,2324867.0,probable,False,
libero,hLfvv6KZk,CRM,2025,3,ELECTROHOGAR,0.0,1409930.0,probable,False,
libero,HswCmVaaz,CRM,2025,5,ELECTROHOGAR,0.0,2499880.0,probable,False,
libero,hu0AJEarN,CRM,2025,7,ELECTROHOGAR,700000.0,1040660.0,probable,True,1.486657142857143
libero,lxvTxJgTK,CRM,2025,4,ELECTROHOGAR,0.0,1634810.0,probable,False,
libero,m7Z6z1qku,CRM,2024,3,,,319980.0,unmatched,False,
libero,mbCcwpZp9,CRM,2025,6,ELECTROHOGAR,0.0,1514910.0,probable,False,
libero,mbERh739L,CRM,2025,10,,,959940.0,unmatched,False,
libero,MEIYoQGWe,CRM,2025,1,ELECTROHOGAR,700000.0,3693302.0,probable,True,5.276145714285715
libero,NBJ54xXuZ,CRM,2024,12,,,1209920.0,unmatched,False,
libero,VEjvN2BTz,CRM,2025,10,,,414217.0,unmatched,False,
libero,X,CRM,2024,10,,,1189960.0,unmatched,False,
lizcal,6189516-007695,CRM,2023,1,,,6640017.0,unmatched,False,
lizcal,cCvGLWlbh,CRM,2025,9,,,5533708.0,unmatched,False,
lizcal,J7tYdyWQN,CRM,2025,8,,,1778060.0,unmatched,False,
lizcal,KHjJx3alR,CRM,2025,8,,,4744458.0,unmatched,False,
loctite,44fCnwLRW,CRM,2024,8,,,785705.0,unmatched,False,
loctite,7yklAWWib,CRM,2024,9,,,530291.0,unmatched,False,
loctite,bNqP1N74t,CRM,2025,6,,,155971.0,unmatched,False,
loctite,BPGssDKJa,CRM,2024,7,,,574459.0,unmatched,False,
loctite,CM7i2XRXN,CRM,2024,8,,,741148.0,unmatched,False,
loctite,fDnIx-OqJ,CRM,2024,8,,,675522.0,unmatched,False,
loctite,IAQFAVMfa,CRM,2024,8,,,57213.0,unmatched,False,
loctite,rUDHzZWA1,CRM,2025,6,,,20070.0,unmatched,False,
loctite,YyQjVQyKG,CRM,2025,5,,,43640.0,unmatched,False,
los_robles-thomas,aon_thomas_lb,Retail Display,2026,5,,,0.0,unmatched,False,
lysoform,BNqA1Ffim,CRM,2025,2,,,290548.0,unmatched,False,
lysoform,dziCLVAzE,CRM,2024,4,,,35378.0,unmatched,False,
lysoform,jbTuQB0cQ,CRM,2024,4,,,41299.0,unmatched,False,
lysoform,mbCcwpZp9,CRM,2025,7,,,9044.0,unmatched,False,
lysoform,pets,Retail Display,2025,8,JARDIN,100000.0,0.0,probable,True,0.0
lysoform,QlGlgYFJm,CRM,2025,7,,,424155.0,unmatched,False,
lysoform,tg5YHxJKY,CRM,2025,7,,,146663.0,unmatched,False,
lysoform,xBDvS4tpp,CRM,2025,8,,,246075.0,unmatched,False,
lysoform_pets,regalones_de_la_casa,Retail Display,2025,6,,,0.0,unmatched,False,
lysoform_pets,regalones_de_la_casa,Retail Display,2025,7,,,0.0,unmatched,False,
lysoform_pets,regalones_de_la_casa,Retail Display,2025,8,,,0.0,unmatched,False,
lysol,5dwGcygCL,CRM,2025,6,,,9980.0,unmatched,False,
lysol,ZJWoXqRfI,CRM,2025,4,,,31828.0,unmatched,False,
mabe,0bSXq1m-f,CRM,2024,6,,,3441800.0,unmatched,False,
mabe,134OK6v0L,CRM,2024,9,,,2133119.0,unmatched,False,
mabe,3VeCu8xdz,CRM,2024,11,,,739980.0,unmatched,False,
mabe,7uXhGT7Qv,CRM,2025,2,ELECTROHOGAR,600000.0,1620900.0,probable,True,2.7015
mabe,always_on,Retail Display,2025,3,,,0.0,unmatched,False,
mabe,auk4S6-I5,CRM,2024,3,,,3569790.0,unmatched,False,
mabe,black_friday,Retail Display,2024,11,,,0.0,unmatched,False,
mabe,black_friday,Retail Display,2024,12,,,0.0,unmatched,False,
mabe,black_week,Retail Display,2025,3,,,0.0,unmatched,False,
mabe,black_week,Retail Display,2025,4,ELECTROHOGAR,300000.0,0.0,probable,True,0.0
mabe,cLfm7hwvq,CRM,2024,8,,,7214309.0,unmatched,False,
mabe,cyber_day,Retail Display,2024,6,,,0.0,unmatched,False,
mabe,cyber_day,Retail Display,2025,6,,,0.0,unmatched,False,
mabe,fGxVz8X0y,CRM,2024,2,,,1219920.0,unmatched,False,
mabe,gTTO5ZBK9,CRM,2024,8,,,2239870.0,unmatched,False,
mabe,hrLYNsUtQ,CRM,2024,6,,,16540154.0,unmatched,False,
mabe,-LajhqkDZ,CRM,2025,1,ELECTROHOGAR,600000.0,3462365.0,probable,True,5.770608333333334
mabe,lbIg77gPT,CRM,2024,3,,,3438285.0,unmatched,False,
mabe,MEKUlfOKY,CRM,2024,8,,,3192790.0,unmatched,False,
mabe,NRUu1Bqmb,CRM,2024,8,,,3394255.0,unmatched,False,
mabe,o96oRkgOi,CRM,2024,2,,,3387820.0,unmatched,False,
mabe,OdbhS3SOv,CRM,2025,3,,,5844730.0,unmatched,False,
mabe,ok2oXe2dc,CRM,2024,4,,,6414680.0,unmatched,False,
mabe,oVvist16D,CRM,2024,12,,,1657402.0,unmatched,False,
mabe,PJA0xZN9s,CRM,2024,8,,,1839279.0,unmatched,False,
mabe,PUBjA31b8,CRM,2024,11,,,3879320.0,unmatched,False,
mabe,rKnaC5hk8,CRM,2024,6,,,12016730.0,unmatched,False,
mabe,tactica,Retail Display,2025,4,ELECTROHOGAR,300000.0,0.0,probable,True,0.0
mabe,v2NRfyezE,CRM,2024,12,,,3284860.0,unmatched,False,
mabe,WZel1EfH0,CRM,2024,1,,,1580552.0,unmatched,False,
mabe,X,CRM,2024,9,,,3734321.0,unmatched,False,
mabe,X,CRM,2024,10,,,10499427.0,unmatched,False,
mabe,YAO3ni7cT,CRM,2024,10,,,2111203.0,unmatched,False,
mabe,yLvaYxJQ2,CRM,2025,4,,,5320794.0,unmatched,False,
madeco,6189516-011779,CRM,2023,11,,,10549054.0,unmatched,False,
madeco,6189516-012185,CRM,2023,12,,,7637122.0,unmatched,False,
madeco,dfvO9f-RA,CRM,2024,11,,,15760590.0,unmatched,False,
madeco,XH7jn75FH,CRM,2023,12,,,7223423.0,unmatched,False,
mademsa,,CRM,2025,5,,,5934630.0,unmatched,False,
mademsa,,CRM,2025,6,,,38225203.0,unmatched,False,
mademsa,,CRM,2025,7,,,11085032.0,unmatched,False,
mademsa,1AdPdsARu,CRM,2025,6,,,20064395.0,unmatched,False,
mademsa,2pa4AJ6if,CRM,2024,6,,,15883406.0,unmatched,False,
mademsa,2xbD6rD-7,CRM,2024,7,,,20240178.0,unmatched,False,
mademsa,3HutdwKwM,CRM,2025,11,,,6210745.0,unmatched,False,
mademsa,4i30FHsF1,CRM,2025,9,,,4691951.0,unmatched,False,
mademsa,4IxVpZNJd,CRM,2025,6,,,10201312.0,unmatched,False,
mademsa,4oFEHHs1Q,CRM,2024,8,,,18820671.0,unmatched,False,
mademsa,4x3YAI3AV,CRM,2025,9,,,27734552.0,unmatched,False,
mademsa,5hbwhifhX,CRM,2025,9,,,11519710.0,unmatched,False,
mademsa,6189516-007684,CRM,2023,1,,,6405710.0,unmatched,False,
mademsa,6189516-007809,CRM,2023,1,,,6113695.0,unmatched,False,
mademsa,6189516-008276,CRM,2023,2,,,5909710.0,unmatched,False,
mademsa,6189516-008460,CRM,2023,3,,,4520060.0,unmatched,False,
mademsa,6189516-008461,CRM,2023,3,,,1689920.0,unmatched,False,
mademsa,6189516-008700,CRM,2023,3,,,6380350.0,unmatched,False,
mademsa,6189516-009099,CRM,2023,4,,,11603862.0,unmatched,False,
mademsa,6189516-009100,CRM,2023,4,,,7790156.0,unmatched,False,
mademsa,6189516-009392,CRM,2023,5,,,23883045.0,unmatched,False,
mademsa,6189516-009506,CRM,2023,5,,,8074113.0,unmatched,False,
mademsa,6189516-010596,CRM,2023,8,,,11916218.0,unmatched,False,
mademsa,6189516-010722,CRM,2023,8,,,0.0,unmatched,False,
mademsa,6189516-010752,CRM,2023,8,,,10885341.0,unmatched,False,
mademsa,6189516-011137,CRM,2023,10,,,21694958.0,unmatched,False,
mademsa,6189516-011243,CRM,2023,10,,,11378291.0,unmatched,False,
mademsa,6189516-011303,CRM,2023,10,,,8182570.0,unmatched,False,
mademsa,6189516-011605,CRM,2023,10,,,9680624.0,unmatched,False,
mademsa,6189516-011740,CRM,2023,11,,,5792958.0,unmatched,False,
mademsa,6189516-011943,CRM,2023,11,,,14633713.0,unmatched,False,
mademsa,6189516-011971,CRM,2023,11,,,106639938.0,unmatched,False,
mademsa,8ScgpIYF0,CRM,2024,6,,,11638830.0,unmatched,False,
mademsa,8SRvtevBL,CRM,2024,6,,,28896123.0,unmatched,False,
mademsa,8Vb4Ewtf4,CRM,2024,8,,,14450834.0,unmatched,False,
mademsa,9MIOsrsY3,CRM,2025,2,,,31364960.0,unmatched,False,
mademsa,9x3c5RlwP,CRM,2025,5,,,12122681.0,unmatched,False,
mademsa,AON Electrolux 2025,CRM,2025,12,,,36639431.0,unmatched,False,
MADEMSA,aon_febrero_electrolux_byc_2026,Sponsored Products,2026,2,ELECTROHOGAR,700000.0,7168560.0,probable,True,10.2408
MADEMSA,aon_febrero_electrolux_lb_2026,Sponsored Products,2026,2,ELECTROHOGAR,700000.0,1453940.0,probable,True,2.077057142857143
MADEMSA,aon_febrero_mademsa_lb_2026,Sponsored Products,2026,2,ELECTROHOGAR,700000.0,13408180.0,probable,True,19.154542857142857
MADEMSA,aon_marzo_electrolux_lb_2026,Sponsored Products,2026,3,ELECTROHOGAR,700000.0,5749760.0,probable,True,8.213942857142857
MADEMSA,aon_marzo_mademsaelectrolux_sda_2026,Sponsored Products,2026,3,ELECTROHOGAR,700000.0,11344230.0,probable,True,16.206042857142858
mademsa,bdTtIzhLx,CRM,2024,7,,,131349207.0,unmatched,False,
mademsa,BFtwhT1sG,CRM,2025,8,,,4574004.0,unmatched,False,
mademsa,BkhgVr0Wj,CRM,2024,6,,,14930661.0,unmatched,False,
mademsa,black_friday,Retail Display,2025,11,ELECTROHOGAR,500000.0,0.0,probable,True,0.0
mademsa,black_friday,Retail Display,2025,12,,,0.0,unmatched,False,
mademsa,Black Marzo Electrolux 2026,CRM,2026,3,,,27248023.0,unmatched,False,
mademsa,Black Marzo Electrolux 2026,CRM,2026,4,,,61883627.0,unmatched,False,
MADEMSA,black_week,Sponsored Products,2026,3,ELECTROHOGAR,700000.0,30256970.0,probable,True,43.224242857142855
mademsa,bW96z5e-a,CRM,2025,7,,,8174238.0,unmatched,False,
mademsa,C8qUSEPzl,CRM,2024,3,,,15227420.0,unmatched,False,
mademsa,cLfm7hwvq,CRM,2024,8,,,25545716.0,unmatched,False,
mademsa,Cnl42s71W,CRM,2024,6,,,115528671.0,unmatched,False,
mademsa,CqstPwE7a,CRM,2024,7,,,12190288.0,unmatched,False,
mademsa,Cr5m59FEc,CRM,2024,8,,,7466085.0,unmatched,False,
mademsa,d7IsFyFPV,CRM,2024,4,,,8651769.0,unmatched,False,
mademsa,debC0VAaG,CRM,2025,4,,,19122975.0,unmatched,False,
mademsa,dp9xkMlot,CRM,2024,2,,,121669684.0,unmatched,False,
mademsa,DpzpRtZsd,CRM,2024,6,,,6923490.0,unmatched,False,
mademsa,DUKQreZXm,CRM,2025,11,,,9317540.0,unmatched,False,
mademsa,fensa_mademsa,Google,2024,8,,,2307880.0,unmatched,False,
mademsa,fensa_mademsa,Google,2024,9,,,4479290.0,unmatched,False,
mademsa,fensa_mademsa,Google,2024,10,,,9564600.0,unmatched,False,
mademsa,fensa_mademsa,Google,2024,11,,,6498240.0,unmatched,False,
mademsa,fensa_mademsa,Google,2024,12,,,15321452.0,unmatched,False,
mademsa,fensa_mademsa,Google,2025,1,,,11370190.0,unmatched,False,
mademsa,fensa_mademsa,Google,2025,2,,,15603640.0,unmatched,False,
mademsa,fensa_mademsa,Google,2025,3,,,3343178.0,unmatched,False,
mademsa,fensa_mademsa,Google,2025,4,,,14279680.0,unmatched,False,
mademsa,fensa_mademsa,Google,2025,5,,,6037090.0,unmatched,False,
mademsa,fensa_mademsa,Google,2025,6,,,10170390.0,unmatched,False,
mademsa,fensa_mademsa,Google,2025,7,,,3609610.0,unmatched,False,
mademsa,fensa_mademsa,Google,2025,8,,,1098910.0,unmatched,False,
mademsa,fensa_mademsa,Google,2025,10,,,11580096.0,unmatched,False,
mademsa,fensa_mademsa,Google,2025,11,,,8724817.0,unmatched,False,
mademsa,fIFUv5W7W,CRM,2025,1,,,21326175.0,unmatched,False,
mademsa,FsFrHP754,CRM,2025,10,ELECTROHOGAR,700000.0,4591286.0,probable,True,6.55898
mademsa,Ft0YisMEB,CRM,2025,3,,,9664723.0,unmatched,False,
mademsa,hf-qiQJcZ,CRM,2025,3,,,15573081.0,unmatched,False,
mademsa,HHAmcr3DI,CRM,2025,3,,,28811944.0,unmatched,False,
mademsa,HJukmXsbJ,CRM,2024,2,,,26310347.0,unmatched,False,
mademsa,HR17COQTH,CRM,2025,6,,,22515658.0,unmatched,False,
mademsa,i1q4kwhth,CRM,2024,5,,,33759145.0,unmatched,False,
mademsa,i9ccBzDAX,CRM,2024,4,,,11219481.0,unmatched,False,
mademsa,IAHkol-V1,CRM,2025,8,,,47258567.0,unmatched,False,
mademsa,invierno,Retail Display,2026,4,,,0.0,unmatched,False,
mademsa,invierno,Retail Display,2026,5,ELECTROHOGAR,5100000.0,0.0,probable,True,0.0
mademsa,jqWO3VmGj,CRM,2024,7,,,12558718.0,unmatched,False,
mademsa,MEKUlfOKY,CRM,2024,8,,,16220708.0,unmatched,False,
mademsa,mUayTvYPS,CRM,2025,7,,,5416094.0,unmatched,False,
mademsa,N6c1BIqt4,CRM,2025,6,,,26584732.0,unmatched,False,
mademsa,NrNbgOL-4,CRM,2024,2,,,30557542.0,unmatched,False,
mademsa,Oo110B0vZ,CRM,2024,11,,,94634571.0,unmatched,False,
mademsa,oVdJJAiUy,CRM,2024,11,,,12943158.0,unmatched,False,
mademsa,PJA0xZN9s,CRM,2024,8,,,13300550.0,unmatched,False,
mademsa,PsfdTVvHA,CRM,2025,10,ELECTROHOGAR,700000.0,22847836.0,probable,True,32.639765714285716
mademsa,-ptyysfjR,CRM,2024,6,,,17682266.0,unmatched,False,
mademsa,Q16ZpNm5O,CRM,2025,5,,,27828707.0,unmatched,False,
mademsa,Qj6wSta3r,CRM,2024,7,,,121627051.0,unmatched,False,
mademsa,rCWPiqxVz,CRM,2025,8,,,8513851.0,unmatched,False,
mademsa,RFTkt04XA,CRM,2025,7,,,21113650.0,unmatched,False,
mademsa,RM2GDJejV,CRM,2024,7,,,23054006.0,unmatched,False,
mademsa,rOrAjmo0g,CRM,2024,12,,,30512350.0,unmatched,False,
mademsa,S2MqitcDR,CRM,2024,7,,,14502709.0,unmatched,False,
mademsa,S7umBAl82,CRM,2024,9,,,6256352.0,unmatched,False,
mademsa,SdaAX9Fwd,CRM,2024,12,,,4749690.0,unmatched,False,
mademsa,TbXfuGY-F,CRM,2025,6,,,14712665.0,unmatched,False,
mademsa,TP9LblSNK,CRM,2025,10,ELECTROHOGAR,700000.0,9811769.0,probable,True,14.016812857142858
mademsa,twIUY-z59,CRM,2025,9,,,2855340.0,unmatched,False,
mademsa,V0Vwvc9WZ,CRM,2024,8,,,66630237.0,unmatched,False,
mademsa,VJPdPTjDN,CRM,2024,6,,,33408956.0,unmatched,False,
mademsa,vJyZZmBYJ,CRM,2024,8,,,30615879.0,unmatched,False,
mademsa,X,CRM,2024,10,,,116141209.0,unmatched,False,
mademsa,Xbu873G2a,CRM,2025,7,,,14170107.0,unmatched,False,
mademsa,XgegrDatx,CRM,2024,12,,,20002277.0,unmatched,False,
mademsa,xgI4hh8qJ,CRM,2025,6,,,53536802.0,unmatched,False,
mademsa,xIabN8r7q,CRM,2025,8,,,5856731.0,unmatched,False,
mademsa,xw5IsueIM,CRM,2024,8,,,22686234.0,unmatched,False,
mademsa,y2P4D3IMn,CRM,2024,10,,,8887710.0,unmatched,False,
mademsa,yL6waTAc-,CRM,2024,4,,,25107945.0,unmatched,False,
mademsa,YxWXFhmnf,CRM,2024,6,,,173013776.0,unmatched,False,
mademsa,zFLGOSr-u,CRM,2025,6,,,35903598.0,unmatched,False,
mademsa,ZmJLxjzbX,CRM,2025,11,,,23524899.0,unmatched,False,
mademsa,zngXqcvmv,CRM,2025,4,,,12705604.0,unmatched,False,
mademsa,Zs6Stdx3E,CRM,2025,10,ELECTROHOGAR,700000.0,11008880.0,probable,True,15.726971428571428
mademsa,ZTThEZAwJ,CRM,2024,5,,,16734981.0,unmatched,False,
magic_home,navidad,Retail Display,2024,12,,,0.0,unmatched,False,
maigas,aon_maigas,Retail Display,2026,5,ELECTROHOGAR,200000.0,0.0,probable,True,0.0
maigas,ELECTROWEEK ABRIL MAIGAS,CRM,2026,4,,,5767251.0,unmatched,False,
makita,,CRM,2025,5,HERRAMIENTAS Y MAQUINARIAS,900000.0,3991707.0,probable,True,4.43523
makita,,CRM,2025,6,HERRAMIENTAS Y MAQUINARIAS,900000.0,18732049.0,probable,True,20.813387777777777
makita,,CRM,2025,7,,,8358843.0,unmatched,False,
makita,19uVfaNWq,CRM,2024,6,,,2044725.0,unmatched,False,
makita,6189516-010482,CRM,2023,8,,,4182196.0,unmatched,False,
makita,6189516-010639,CRM,2023,8,,,5332219.0,unmatched,False,
makita,6189516-011817,CRM,2023,11,,,2326164.0,unmatched,False,
makita,AzSxIslsR,CRM,2024,12,,,3971541.0,unmatched,False,
makita,black_friday,Retail Display,2025,11,HERRAMIENTAS Y MAQUINARIAS,400000.0,0.0,probable,True,0.0
makita,black_friday,Retail Display,2025,12,,,0.0,unmatched,False,
makita,camping,Retail Display,2024,12,,,0.0,unmatched,False,
makita,camping_cyber_day,Retail Display,2024,6,,,0.0,unmatched,False,
makita,Cd94Iglwb,CRM,2024,12,,,2247812.0,unmatched,False,
makita,Fk3adeVDo,CRM,2024,10,,,6422925.0,unmatched,False,
makita,herramientas,Retail Display,2024,10,,,0.0,unmatched,False,
makita,herramientas_cyber_day,Retail Display,2024,6,,,0.0,unmatched,False,
makita,jardin,Retail Display,2024,11,,,0.0,unmatched,False,
makita,jardin,Retail Display,2024,12,,,0.0,unmatched,False,
makita,mq89sgaeQ,CRM,2024,12,,,1789735.0,unmatched,False,
makita,Oqg9RQVEh,CRM,2025,1,,,2908590.0,unmatched,False,
makita,ppi,Retail Display,2025,5,HERRAMIENTAS Y MAQUINARIAS,446000.0,0.0,probable,True,0.0
makita,ppi,Retail Display,2025,6,HERRAMIENTAS Y MAQUINARIAS,446000.0,0.0,probable,True,0.0
makita,sg41vkxpI,CRM,2024,10,,,5738226.0,unmatched,False,
makita,sHeuejGqT,CRM,2024,6,,,3325531.0,unmatched,False,
makita,TKRrC5Q7f,CRM,2025,12,,,1856406.0,unmatched,False,
makita,tQ5XJyqHE,CRM,2024,6,,,3065744.0,unmatched,False,
mantahue,0drGG8Mg-,CRM,2024,11,,,4173212.0,unmatched,False,
mantahue,3JBgJfdbt,CRM,2025,2,MUEBLES,600000.0,2265211.0,probable,True,3.775351666666667
mantahue,58zOypPJB,CRM,2025,1,MUEBLES,400000.0,3907812.0,probable,True,9.76953
mantahue,ar9kBJtY-,CRM,2024,6,,,2077261.0,unmatched,False,
mantahue,black,Retail Display,2024,7,,,0.0,unmatched,False,
mantahue,black,Retail Display,2024,8,,,0.0,unmatched,False,
mantahue,black_friday,Retail Display,2024,11,,,0.0,unmatched,False,
mantahue,black_friday,Retail Display,2024,12,,,0.0,unmatched,False,
mantahue,black_week,Retail Display,2025,3,MUEBLES,300000.0,0.0,probable,True,0.0
mantahue,black_week,Retail Display,2025,4,MUEBLES,300000.0,0.0,probable,True,0.0
mantahue,co_brand,Google,2024,8,,,0.0,unmatched,False,
mantahue,co_brand,Google,2024,9,,,0.0,unmatched,False,
mantahue,co_brand,Google,2024,10,,,0.0,unmatched,False,
mantahue,co_brand,Google,2024,11,,,0.0,unmatched,False,
mantahue,co_brand,Retail Display,2024,6,,,0.0,unmatched,False,
mantahue,co_brand,Retail Display,2024,7,,,0.0,unmatched,False,
mantahue,co_brand,Retail Display,2024,8,,,0.0,unmatched,False,
mantahue,co_brand,Retail Display,2024,9,,,0.0,unmatched,False,
mantahue,co_brand,Retail Display,2024,10,,,0.0,unmatched,False,
mantahue,cyber_day,Retail Display,2024,6,,,0.0,unmatched,False,
mantahue,cyber_monday,Retail Display,2025,10,MUEBLES,200000.0,0.0,probable,True,0.0
mantahue,dormitorio,Retail Display,2025,1,MUEBLES,300000.0,0.0,probable,True,0.0
mantahue,dormitorio,Retail Display,2025,2,,,0.0,unmatched,False,
mantahue,dormitorio,Retail Display,2025,4,MUEBLES,300000.0,0.0,probable,True,0.0
mantahue,dYrSuWKEz,CRM,2024,6,,,2285921.0,unmatched,False,
mantahue,kYzm1rT2U,CRM,2024,6,,,3548782.0,unmatched,False,
mantahue,muebles_week,Retail Display,2025,11,MUEBLES,400000.0,0.0,probable,True,0.0
mantahue,QuVyZM5NI,CRM,2025,11,,,159990.0,unmatched,False,
mantahue,r2FX4D990,CRM,2024,9,,,2910008.0,unmatched,False,
mantahue,X,CRM,2024,9,,,1968431.0,unmatched,False,
mantahue,X,CRM,2024,10,,,3991401.0,unmatched,False,
mantahue,ySqO-88QN,CRM,2024,8,,,3572794.0,unmatched,False,
mantahue,Z0NrBTpkU,CRM,2025,1,MUEBLES,400000.0,3683770.0,probable,True,9.209425
mar_del_sur-kendal,calefaccion,Retail Display,2025,5,,,0.0,unmatched,False,
mar_del_sur-kendal,calefaccion,Retail Display,2025,6,,,0.0,unmatched,False,
mar_del_sur-kendal,calefaccion,Retail Display,2025,7,,,0.0,unmatched,False,
mar_del_sur-scaldasonno,calefaccion,Retail Display,2025,5,,,0.0,unmatched,False,
mar_del_sur-scaldasonno,calefaccion,Retail Display,2025,6,,,0.0,unmatched,False,
mar_del_sur-scaldasonno,calefaccion,Retail Display,2025,7,,,0.0,unmatched,False,
mascotas,FOx1Iohr7,CRM,2025,7,,,0.0,unmatched,False,
masisa,a1CLBxDDR,CRM,2024,8,,,25923932.0,unmatched,False,
masisa,black_friday,Retail Display,2024,11,,,0.0,unmatched,False,
masisa,black_friday,Retail Display,2024,12,,,0.0,unmatched,False,
masisa,Campaña renovaciones,CRM,2026,1,,,10503388.0,unmatched,False,
masisa,co_brand,Google,2024,9,,,0.0,unmatched,False,
masisa,co_brand,Google,2024,10,,,0.0,unmatched,False,
masisa,cyber_monday,Meta,2024,9,,,0.0,unmatched,False,
masisa,cyber_monday,Meta,2024,10,,,0.0,unmatched,False,
masisa,cyber_monday,Retail Display,2024,9,,,0.0,unmatched,False,
masisa,cyber_monday,Retail Display,2024,10,,,0.0,unmatched,False,
masisa,hYd7U59iq,CRM,2025,1,PISOS Y MUROS,0.0,9469770.0,probable,False,
masisa,LyC3J4mQv,CRM,2024,11,,,6842600.0,unmatched,False,
masisa,m6rWPOBNV,CRM,2024,6,,,8406710.0,unmatched,False,
masisa,pisos_ripados,Retail Display,2024,8,,,0.0,unmatched,False,
masisa,pisos_ripados,Retail Display,2024,11,,,0.0,unmatched,False,
masisa,pisos_ripados,Retail Display,2024,12,,,0.0,unmatched,False,
masisa,X,CRM,2024,9,,,9291461.0,unmatched,False,
masisa,X,CRM,2024,10,,,16505323.0,unmatched,False,
masisa,ybLsZ-Gj7,CRM,2025,2,,,7880411.0,unmatched,False,
masisa,ZhPAGEzTR,CRM,2024,11,,,137626.0,unmatched,False,
masonite,6189516-009941,CRM,2023,6,,,105990.0,unmatched,False,
master cat,9rwJTWJv9,CRM,2024,6,,,822325.0,unmatched,False,
master cat,A90PbbAiT,CRM,2025,7,,,101384.0,unmatched,False,
master cat,FCg8pyBxs,CRM,2025,8,,,227546.0,unmatched,False,
master dog,6189516-009435,CRM,2023,5,,,1717699.0,unmatched,False,
master dog,6189516-009854,CRM,2023,6,,,6046760.0,unmatched,False,
master dog,9rwJTWJv9,CRM,2024,6,,,5639433.0,unmatched,False,
master dog,A90PbbAiT,CRM,2025,7,JARDIN,500000.0,918791.0,probable,True,1.837582
master dog,AMWJ6uJkg,CRM,2024,6,,,4402505.0,unmatched,False,
master dog,d7IsFyFPV,CRM,2025,5,,,2665561.0,unmatched,False,
master dog,FCg8pyBxs,CRM,2025,8,JARDIN,900000.0,1766244.0,probable,True,1.9624933333333334
master dog,kxwMus55G,CRM,2024,5,,,7037390.0,unmatched,False,
master dog,mbCcwpZp9,CRM,2025,7,JARDIN,500000.0,60570.0,probable,True,0.12114
master dog,PAJyP7YV6,CRM,2024,7,,,5408020.0,unmatched,False,
master dog,QlGlgYFJm,CRM,2025,7,JARDIN,500000.0,2570708.0,probable,True,5.141416
master_dog,regalones,Retail Display,2024,6,,,0.0,unmatched,False,
master_dog,regalones,Retail Display,2024,7,,,0.0,unmatched,False,
master_dog,regalones_de_la_casa,Retail Display,2025,4,JARDIN,300000.0,0.0,probable,True,0.0
master_dog,regalones_de_la_casa,Retail Display,2025,5,,,0.0,unmatched,False,
master_dog,regalones_de_la_casa,Retail Display,2025,6,JARDIN,830000.0,0.0,probable,True,0.0
master_dog,regalones_de_la_casa,Retail Display,2025,7,JARDIN,870000.0,0.0,probable,True,0.0
master_dog,regalones_de_la_casa,Retail Display,2025,8,JARDIN,200000.0,0.0,probable,True,0.0
master_dog,regalones_de_la_casa,Retail Display,2025,12,JARDIN,100000.0,0.0,probable,True,0.0
master dog,tg5YHxJKY,CRM,2025,7,JARDIN,500000.0,153870.0,probable,True,0.30774
master dog,xBDvS4tpp,CRM,2025,8,JARDIN,900000.0,1961891.0,probable,True,2.1798788888888887
max_service-puma_safety,seguridad,Retail Display,2024,12,,,0.0,unmatched,False,
max_service-puma_safety,seguridad,Retail Display,2025,1,,,0.0,unmatched,False,
maxtrek_tyres,cyber_day,Retail Display,2025,6,,,0.0,unmatched,False,
mc_garcia-veloti,casa_segura,Retail Display,2024,11,,,0.0,unmatched,False,
mc_garcia-veloti,casa_segura,Retail Display,2024,12,,,0.0,unmatched,False,
meguiars,6189516-007950,CRM,2023,2,,,1730717.0,unmatched,False,
meguiars,7g5LN0s-I,CRM,2025,1,ACCESORIOS AUTOMOVILES,1000000.0,3918841.0,probable,True,3.918841
meguiars,JIKcdv03v,CRM,2025,2,,,2406819.0,unmatched,False,
meguiars,-nljMcNBn,CRM,2024,2,,,3855853.0,unmatched,False,
meguiars,vt-3zHCn2,CRM,2024,1,,,4448840.0,unmatched,False,
meguiars,Xa-jpvlMh,CRM,2025,1,ACCESORIOS AUTOMOVILES,1000000.0,2431413.0,probable,True,2.431413
melon,0q721X1zn,CRM,2024,1,,,9923523.0,unmatched,False,
melon,g0YQcm0ag,CRM,2024,3,,,5918704.0,unmatched,False,
melon,Lcl09u-fU,CRM,2024,3,,,2819811.0,unmatched,False,
melon,m9DQIgiGX,CRM,2024,1,,,4348692.0,unmatched,False,
menguiars,b9td76ydp,CRM,2025,2,,,0.0,unmatched,False,
metalhsa,black_friday,Retail Display,2024,11,,,0.0,unmatched,False,
metalhsa,black_friday,Retail Display,2024,12,,,0.0,unmatched,False,
metalhsa,black_week,Retail Display,2025,3,DECORACION,200000.0,0.0,probable,True,0.0
metalhsa,black_week,Retail Display,2025,4,,,0.0,unmatched,False,
metalhsa,co_brand,Google,2024,10,,,0.0,unmatched,False,
metalhsa,cyber_monday,Retail Display,2024,9,,,0.0,unmatched,False,
metalhsa,cyber_monday,Retail Display,2024,10,,,0.0,unmatched,False,
metalhsa,el8Px0cK8,CRM,2025,6,,,903256.0,unmatched,False,
metalhsa-just_home_collection,cyber_day,Retail Display,2025,6,,,0.0,unmatched,False,
midea,,CRM,2025,8,ELECTROHOGAR,2620000.0,96863669.0,probable,True,36.97086603053435
midea,,CRM,2025,9,,,85107773.0,unmatched,False,
midea,,CRM,2025,10,,,108512626.0,unmatched,False,
midea,,CRM,2025,11,,,99691563.0,unmatched,False,
midea,,CRM,2025,12,,,126292959.0,unmatched,False,
midea,,CRM,2026,1,,,183116206.0,unmatched,False,
midea,,CRM,2026,2,,,129527139.0,unmatched,False,
midea,,CRM,2026,3,,,178089167.0,unmatched,False,
midea,,CRM,2026,4,,,145214830.0,unmatched,False,
midea,,CRM,2026,5,ELECTROHOGAR,1820000.0,82452786.0,probable,True,45.30372857142857
MIDEA,,Sponsored Products,2026,4,,,34668890.0,unmatched,False,
midea,0FgTqIHxk,CRM,2024,4,,,21180725.0,unmatched,False,
midea,3GzQJh2vv,CRM,2024,6,,,10650234.0,unmatched,False,
midea,48uW0T2wl,CRM,2025,11,,,12259164.0,unmatched,False,
midea,4tmohgHnW,CRM,2025,9,,,9729712.0,unmatched,False,
midea,56K-zjFXI,CRM,2025,3,,,17590490.0,unmatched,False,
midea,5iyvYHpF6,CRM,2025,6,,,12771211.0,unmatched,False,
midea,6189516-007682,CRM,2023,1,,,22438940.0,unmatched,False,
midea,6189516-007940,CRM,2023,2,,,13335467.0,unmatched,False,
midea,6189516-008208,CRM,2023,2,,,13431200.0,unmatched,False,
midea,6189516-008770,CRM,2023,4,,,90681413.0,unmatched,False,
midea,6189516-009131,CRM,2023,4,,,4064720.0,unmatched,False,
midea,6189516-009137,CRM,2023,4,,,9819394.0,unmatched,False,
midea,6189516-009175,CRM,2023,5,,,11683743.0,unmatched,False,
midea,6189516-009222,CRM,2023,5,,,9136930.0,unmatched,False,
midea,6189516-009412,CRM,2023,5,,,16239020.0,unmatched,False,
midea,6189516-009532,CRM,2023,5,,,9181757.0,unmatched,False,
midea,6189516-009698,CRM,2023,6,,,15253997.0,unmatched,False,
midea,6189516-009845,CRM,2023,6,,,18117649.0,unmatched,False,
midea,6189516-010086,CRM,2023,7,,,16436076.0,unmatched,False,
midea,6189516-010421,CRM,2023,8,,,7762490.0,unmatched,False,
midea,6189516-010585,CRM,2023,8,,,8341348.0,unmatched,False,
midea,6189516-010893,CRM,2023,9,,,13024111.0,unmatched,False,
midea,6189516-011147,CRM,2023,10,,,25656858.0,unmatched,False,
midea,6189516-011156,CRM,2023,10,,,21244504.0,unmatched,False,
midea,6189516-011232,CRM,2023,10,,,20530604.0,unmatched,False,
midea,6189516-011355,CRM,2023,10,,,6240798.0,unmatched,False,
midea,6189516-011441,CRM,2023,10,,,5139568.0,unmatched,False,
midea,6189516-011443,CRM,2023,10,,,5830014.0,unmatched,False,
midea,6189516-011672,CRM,2023,11,,,13287780.0,unmatched,False,
midea,6189516-011805,CRM,2023,11,,,37508949.0,unmatched,False,
midea,6189516-011840,CRM,2023,11,,,26687348.0,unmatched,False,
midea,6189516-011977,CRM,2023,11,,,17999136.0,unmatched,False,
midea,6189516-012138,CRM,2023,12,,,14467536.0,unmatched,False,
midea,6189516-012139,CRM,2023,12,,,10357418.0,unmatched,False,
midea,6189516-012260,CRM,2023,12,,,20165417.0,unmatched,False,
midea,66YPhEdIW,CRM,2025,7,,,12127761.0,unmatched,False,
midea,74fFSlft-,CRM,2024,12,,,6442153.0,unmatched,False,
midea,8EcYkcS6p,CRM,2024,9,,,67030276.0,unmatched,False,
midea,9L-ZtUzjw,CRM,2024,10,,,967599.0,unmatched,False,
midea,9MHOpOwLB,CRM,2025,4,,,9590361.0,unmatched,False,
midea,ac,Meta,2025,7,,,0.0,unmatched,False,
midea,aire,Google,2025,9,,,0.0,unmatched,False,
midea,aire,Retail Display,2025,7,,,0.0,unmatched,False,
midea,aon_febrero_midea_ac_2026,Retail Display,2026,2,,,0.0,unmatched,False,
midea,aon_marzo_midea_electro_2026,Retail Display,2026,4,ELECTROHOGAR,200000.0,0.0,probable,True,0.0
MIDEA,aon_midea_ac,Sponsored Products,2026,4,,,1609960.0,unmatched,False,
midea,aon_midea_byc,Retail Display,2026,5,,,0.0,unmatched,False,
MIDEA,aon_midea_byc,Sponsored Products,2026,4,,,4289730.0,unmatched,False,
midea,aon_midea_electro,Retail Display,2026,5,,,0.0,unmatched,False,
MIDEA,aon_midea_electro,Sponsored Products,2026,4,,,2331550.0,unmatched,False,
midea,aon_midea_lb_enero,Google,2026,2,ELECTROHOGAR,1000000.0,11615689.0,probable,True,11.615689
midea,aon_midea_lb_enero,Google,2026,3,ELECTROHOGAR,1000000.0,20100597.0,probable,True,20.100597
midea,aon_midea_lb_enero,Google,2026,4,ELECTROHOGAR,1000000.0,18614647.0,probable,True,18.614647
midea,aon_midea_lb_enero,Google,2026,5,ELECTROHOGAR,1000000.0,14467763.0,probable,True,14.467763
midea,AvTMWCq6y,CRM,2024,1,,,36087208.0,unmatched,False,
midea,B8l1tdeLB,CRM,2024,5,,,21916436.0,unmatched,False,
midea,bgAbn7G0f,CRM,2024,10,,,6807718.0,unmatched,False,
midea,black_friday,Retail Display,2024,11,,,0.0,unmatched,False,
midea,black_friday,Retail Display,2024,12,,,0.0,unmatched,False,
midea,Black Marzo MIDEA BYC 2026,CRM,2026,3,,,40416973.0,unmatched,False,
midea,black_week,Retail Display,2025,3,ELECTROHOGAR,600000.0,0.0,probable,True,0.0
midea,black_week,Retail Display,2025,4,ELECTROHOGAR,2800000.0,0.0,probable,True,0.0
MIDEA,black_week,Sponsored Products,2026,3,,,53031110.0,unmatched,False,
midea,calefont,Meta,2025,5,,,0.0,unmatched,False,
midea,calefont,Meta,2025,6,,,0.0,unmatched,False,
midea,calefont,Retail Display,2025,5,,,0.0,unmatched,False,
midea,calefont,Retail Display,2025,6,,,0.0,unmatched,False,
midea,CkKUUmEfi,CRM,2024,10,,,5170060.0,unmatched,False,
midea,Cko81chAv,CRM,2025,10,,,8442834.0,unmatched,False,
midea,co_brand,Google,2024,9,,,3682556.0,unmatched,False,
midea,co_brand,Google,2024,10,,,9335630.0,unmatched,False,
midea,co_brand,Google,2024,11,,,17447019.0,unmatched,False,
midea,concurso_manchester,Retail Display,2024,10,,,0.0,unmatched,False,
midea,cyber_day,Retail Display,2024,6,,,0.0,unmatched,False,
midea,cyber_day,Retail Display,2025,6,,,0.0,unmatched,False,
midea,d4BO9gdqR,CRM,2025,5,,,6984051.0,unmatched,False,
midea,DEyxfP-Nc,CRM,2025,10,,,17293834.0,unmatched,False,
midea,dgXZzjC5c,CRM,2024,3,,,16103807.0,unmatched,False,
midea,Dj5bO8w5g,CRM,2025,10,,,32815467.0,unmatched,False,
midea,dPLCE5rGM,CRM,2024,2,,,11785407.0,unmatched,False,
midea,DRuqnaotg,CRM,2025,10,,,5098138.0,unmatched,False,
midea,DSO5x6QdO,CRM,2024,2,,,14795006.0,unmatched,False,
midea,e11FuadNm,CRM,2025,6,,,14714141.0,unmatched,False,
midea,electrodomesticos,Google,2025,10,,,1033790.0,unmatched,False,
midea,electrodomesticos,Google,2025,11,,,3388807.0,unmatched,False,
midea,electrodomesticos,Google,2025,12,ELECTROHOGAR,700000.0,6449843.0,probable,True,9.214061428571428
midea,ElmMzawGQ,CRM,2024,10,,,2760760.0,unmatched,False,
midea,empotrados,Retail Display,2025,4,ELECTROHOGAR,2800000.0,0.0,probable,True,0.0
midea,eoJe1wbCt,CRM,2025,7,,,9725311.0,unmatched,False,
midea,Fn9VM7Wd0,CRM,2024,11,,,7674622.0,unmatched,False,
midea,Fti-xsYW1,CRM,2025,7,,,13521402.0,unmatched,False,
midea,gBZQFptvV,CRM,2025,9,,,33325059.0,unmatched,False,
midea,GmBaJa31v,CRM,2025,11,,,16941144.0,unmatched,False,
midea,Grs3Hng-R,CRM,2025,6,,,38957233.0,unmatched,False,
midea,HJ60a0HhW,CRM,2025,7,,,4498668.0,unmatched,False,
midea,iEyAddyyE,CRM,2024,12,,,18906626.0,unmatched,False,
midea,IhtZAbdpZ,CRM,2024,8,,,13319337.0,unmatched,False,
midea,jhJIHsbV-,CRM,2024,11,,,18049321.0,unmatched,False,
midea,jodQhCCVy,CRM,2024,9,,,28035504.0,unmatched,False,
midea,jQQ5ZcB0U,CRM,2025,11,,,31597312.0,unmatched,False,
midea,juQyJezNV,CRM,2025,4,,,13929636.0,unmatched,False,
midea,jZluTHw69,CRM,2024,8,,,19525419.0,unmatched,False,
midea,KfOcVjbUf,CRM,2024,10,,,4540505.0,unmatched,False,
midea,kj-Odfvgc,CRM,2024,6,,,6016710.0,unmatched,False,
midea,l4GtEIUC6,CRM,2024,4,,,27934821.0,unmatched,False,
midea,lavado_secado,Meta,2025,6,,,0.0,unmatched,False,
midea,lavado_secado,Meta,2025,7,,,0.0,unmatched,False,
midea,lavado_secado,Meta,2025,8,,,0.0,unmatched,False,
midea,lavado_secado,Retail Display,2025,6,,,0.0,unmatched,False,
midea,lavado_secado,Retail Display,2025,7,,,0.0,unmatched,False,
midea,lavado_secado,Retail Display,2025,8,,,0.0,unmatched,False,
midea,lavadoras,Meta,2024,5,,,0.0,unmatched,False,
midea,linea_blanca,Google,2025,3,ELECTROHOGAR,1200000.0,6376828.0,probable,True,5.314023333333333
midea,linea_blanca,Google,2025,4,ELECTROHOGAR,1500000.0,12774547.0,probable,True,8.516364666666666
midea,linea_blanca,Google,2025,5,,,9119520.0,unmatched,False,
midea,linea_blanca,Google,2025,6,,,8217142.0,unmatched,False,
midea,linea_blanca,Google,2025,7,,,3679302.0,unmatched,False,
midea,linea_blanca,Google,2025,10,,,469980.0,unmatched,False,
midea,linea_blanca,Google,2025,11,,,8859579.0,unmatched,False,
midea,linea_blanca,Google,2025,12,ELECTROHOGAR,700000.0,5260212.0,probable,True,7.514588571428572
midea,linea_blanca,Retail Display,2024,12,,,0.0,unmatched,False,
midea,m2SALSh17,CRM,2024,6,,,17511869.0,unmatched,False,
midea,mCy0uYbq4,CRM,2024,2,,,41569103.0,unmatched,False,
midea,mO3NoxMW1,CRM,2024,9,,,13415458.0,unmatched,False,
midea,MRF5mGFNI,CRM,2025,10,,,3881722.0,unmatched,False,
midea,Nb4xG0V8d,CRM,2025,11,,,11306863.0,unmatched,False,
midea,NkR-U0qyW,CRM,2024,6,,,5944265.0,unmatched,False,
midea,nt3aRxv6n,CRM,2025,3,,,88524285.0,unmatched,False,
midea,nuevos_refrigeradores,Meta,2024,1,,,0.0,unmatched,False,
midea,nuevos_refrigeradores,Meta,2024,2,,,0.0,unmatched,False,
midea,OQKJxkgoW,CRM,2024,9,,,78368106.0,unmatched,False,
midea,oW6Ef0WmL,CRM,2025,4,,,303054.0,unmatched,False,
midea,P7U1UpWSI,CRM,2024,12,,,25395081.0,unmatched,False,
midea,qCTviQ6Lz,CRM,2025,6,,,29587251.0,unmatched,False,
midea,R2Luxr83r,CRM,2025,8,ELECTROHOGAR,2620000.0,21554682.0,probable,True,8.22697786259542
midea,refrigeradores,Retail Display,2025,10,ELECTROHOGAR,820000.0,0.0,probable,True,0.0
midea,refrigeradores,Retail Display,2025,11,,,0.0,unmatched,False,
midea,refrigeradores,Retail Display,2025,12,ELECTROHOGAR,2000000.0,0.0,probable,True,0.0
midea,rr779vxZO,CRM,2024,5,,,12948648.0,unmatched,False,
midea,RveNHrZ8p,CRM,2025,6,,,13793494.0,unmatched,False,
midea,semana_marca,Retail Display,2024,8,,,0.0,unmatched,False,
midea,semana_marca,Retail Display,2024,9,,,0.0,unmatched,False,
midea,sqvzXVHGN,CRM,2024,1,,,46533721.0,unmatched,False,
midea,TACTICO MIDEA REFIR,CRM,2026,2,,,22833172.0,unmatched,False,
midea,tbWELrguf,CRM,2025,10,,,7503015.0,unmatched,False,
midea,u49WTreuM-Q,CRM,2024,8,,,27541038.0,unmatched,False,
midea,uDqrucY0D,CRM,2024,6,,,42371606.0,unmatched,False,
midea,uxgXx26Ak,CRM,2024,10,,,13532875.0,unmatched,False,
midea,v0jfauopl,CRM,2025,10,,,10119443.0,unmatched,False,
midea,viaE4f630,CRM,2024,11,,,21262114.0,unmatched,False,
midea,w1ggD8vm2,CRM,2024,10,,,14027589.0,unmatched,False,
midea,Whzur1vV8,CRM,2025,5,,,19985901.0,unmatched,False,
midea,X,CRM,2024,9,,,37129772.0,unmatched,False,
midea,X,CRM,2024,10,,,25773470.0,unmatched,False,
midea,XMScQsSt1,CRM,2024,7,,,18878565.0,unmatched,False,
midea,Yq9HDLDqm,CRM,2025,6,,,19710838.0,unmatched,False,
midea,YQkO8s7sa,CRM,2024,7,,,15274639.0,unmatched,False,
midea,zOa0b-Y2V,CRM,2024,12,,,11938213.0,unmatched,False,
midea,zwQi-Y3f4,CRM,2024,6,,,22849501.0,unmatched,False,
midea-electro,cyber_monday,Retail Display,2024,9,,,0.0,unmatched,False,
midea-electro,cyber_monday,Retail Display,2024,10,,,0.0,unmatched,False,
midea-lb,cyber_monday,Retail Display,2024,9,,,0.0,unmatched,False,
midea-lb,cyber_monday,Retail Display,2024,10,,,0.0,unmatched,False,
mlab,casasegura,Retail Display,2025,12,FERRETERIA,150000.0,0.0,probable,True,0.0
mlab,casasegura,Retail Display,2026,1,FERRETERIA,150000.0,0.0,probable,True,0.0
mon_weber,6189516-009885,CRM,2023,6,,,0.0,unmatched,False,
montack,Campaña TV Cinta Montack,CRM,2025,12,,,231988.0,unmatched,False,
montack,fAX2pYCmu,CRM,2025,7,,,143730.0,unmatched,False,
montana,BSLw1Us67,CRM,2024,9,,,11990.0,unmatched,False,
montana,iuGl8XEyU,CRM,2024,10,,,0.0,unmatched,False,
montana,pintura_auto,Retail Display,2024,12,,,0.0,unmatched,False,
montana colors,6189516-008100,CRM,2023,2,,,2768340.0,unmatched,False,
montana colors,6189516-009685,CRM,2023,6,,,1893147.0,unmatched,False,
montana colors,iuGl8XEyU,CRM,2024,10,,,1300897.0,unmatched,False,
montana colors,KMWC5ULzV,CRM,2025,1,,,4503943.0,unmatched,False,
montana colors,MzqijrkAg,CRM,2024,12,,,2635008.0,unmatched,False,
montana colors,v2ZbvnLMe,CRM,2024,12,,,5254604.0,unmatched,False,
MOSAICO,aon_febrero_2026,Sponsored Products,2026,2,,,0.0,unmatched,False,
MOSAICO,black_week,Sponsored Products,2026,3,,,359990.0,unmatched,False,
motorola,6189516-007866,CRM,2023,1,,,1674380.0,unmatched,False,
motorola,6189516-010454,CRM,2023,8,,,807880.0,unmatched,False,
motorola,6189516-011354,CRM,2023,10,,,1102396.0,unmatched,False,
mr.musculo,temporada_parrilla,Retail Display,2025,8,ASEO,300000.0,0.0,probable,True,0.0
mr.musculo,temporada_parrilla,Retail Display,2025,9,,,0.0,unmatched,False,
MTD,aon_marzo_2026,Sponsored Products,2026,3,,,0.0,unmatched,False,
MTD,aon_stihl,Sponsored Products,2026,4,,,0.0,unmatched,False,
MTD,tactico_febrero_2026,Sponsored Products,2026,2,,,0.0,unmatched,False,
multimarca,temporada_aseo,Retail Display,2025,1,,,0.0,unmatched,False,
multivendor,6189516-008240,CRM,2023,2,,,0.0,unmatched,False,
multivendor,especial_empotrados,Retail Display,2024,8,,,0.0,unmatched,False,
multivendor_casasegura,6189516-008038,CRM,2023,2,,,0.0,unmatched,False,
muresco,6189516-009515,CRM,2023,5,,,800460.0,unmatched,False,
muresco,6189516-009540,CRM,2023,5,,,73950.0,unmatched,False,
national geographic,6189516-007733,CRM,2023,1,,,1030355.0,unmatched,False,
nexxt,Casa Segura,CRM,2025,12,,,445014.0,unmatched,False,
nexxt,Casa Segura,CRM,2026,1,,,490374.0,unmatched,False,
nexxt solution,A-i9nKapt,CRM,2024,8,,,33560.0,unmatched,False,
nexxt solution,Casa Segura,CRM,2025,12,,,349790.0,unmatched,False,
nexxt solution,Casa Segura,CRM,2026,1,,,238350.0,unmatched,False,
nexxt solution,q7W1GQtbS,CRM,2024,10,,,402912.0,unmatched,False,
nexxt solution,stIMcir1k,CRM,2024,11,,,527655.0,unmatched,False,
nexxt_solutions,smarthome,Retail Display,2024,11,,,0.0,unmatched,False,
nexxt_solutions,smarthome,Retail Display,2024,12,,,0.0,unmatched,False,
nibsa,co_brand,Retail Display,2024,7,,,0.0,unmatched,False,
nilfisk,cyber_day,Retail Display,2024,6,,,0.0,unmatched,False,
nilfisk,JAVeDrGSv,CRM,2024,4,,,597900.0,unmatched,False,
NINJA,aon_ninja,Sponsored Products,2026,4,,,5359470.0,unmatched,False,
NINJA,black_week,Sponsored Products,2026,3,ELECTROHOGAR,300000.0,8719430.0,probable,True,29.064766666666667
norseg,0cSEtIQEt,CRM,2024,8,,,452597.0,unmatched,False,
norseg,6189516-007615,CRM,2023,1,,,791910.0,unmatched,False,
norseg,Q0j74Wh2D,CRM,2024,3,,,3641701.0,unmatched,False,
norseg,t-Z1c5-H8,CRM,2024,9,,,0.0,unmatched,False,
norseg,TWlUJq3fW,CRM,2024,8,,,684229.0,unmatched,False,
odis,6189516-007749,CRM,2023,1,,,5941229.0,unmatched,False,
odis,6189516-007763,CRM,2023,1,,,4095716.0,unmatched,False,
odis,6189516-007956,CRM,2023,2,,,4052007.0,unmatched,False,
odis,6189516-007975,CRM,2023,2,,,3084471.0,unmatched,False,
odis,6189516-008043,CRM,2023,2,,,1530634.0,unmatched,False,
odis,6189516-008083,CRM,2023,2,,,2850412.0,unmatched,False,
odis,6189516-008115,CRM,2023,2,,,1135407.0,unmatched,False,
odis,6189516-008134,CRM,2023,2,,,1879251.0,unmatched,False,
odis,6189516-008209,CRM,2023,2,,,2358419.0,unmatched,False,
odis,casasegura,Retail Display,2025,9,FERRETERIA,0.0,0.0,probable,False,
odis,casasegura,Retail Display,2025,12,FERRETERIA,250000.0,0.0,probable,True,0.0
odis,casasegura,Retail Display,2026,1,FERRETERIA,250000.0,0.0,probable,True,0.0
omo,,CRM,2025,7,,,87960.0,unmatched,False,
omo,,CRM,2025,8,,,148376.0,unmatched,False,
omo,,CRM,2025,9,,,132519.0,unmatched,False,
omo,,CRM,2025,10,,,3427200.0,unmatched,False,
omo,,CRM,2025,11,,,996656.0,unmatched,False,
omo,,CRM,2025,12,,,663446.0,unmatched,False,
omo,,CRM,2026,1,,,87940.0,unmatched,False,
omo,,CRM,2026,2,,,280850.0,unmatched,False,
omo,,CRM,2026,3,,,0.0,unmatched,False,
omo,6189516-012232,CRM,2023,12,,,951205.0,unmatched,False,
omo,Black Marzo 2026,CRM,2026,3,,,1150867.0,unmatched,False,
omo,black_week,Meta,2026,3,,,72750.0,unmatched,False,
OMO,black_week,Sponsored Products,2026,3,,,6624020.0,unmatched,False,
omo,hu0AJEarN,CRM,2026,4,ASEO,1800000.0,2871233.0,probable,True,1.5951294444444444
omo,jF1j1tA7d,CRM,2025,10,,,354300.0,unmatched,False,
omo,Nd0wdi6id,CRM,2025,10,,,727440.0,unmatched,False,
ONE SIT,aon_marzo_2026,Sponsored Products,2026,3,,,1351850.0,unmatched,False,
ONE SIT,bts,Sponsored Products,2026,2,,,1311890.0,unmatched,False,
oster,,CRM,2026,1,ELECTROHOGAR,750000.0,89980.0,probable,True,0.11997333333333333
oster,,CRM,2026,2,ELECTROHOGAR,750000.0,501247.0,probable,True,0.6683293333333333
oster,,CRM,2026,3,ELECTROHOGAR,750000.0,879941.0,probable,True,1.1732546666666666
oster,,CRM,2026,4,,,2056667.0,unmatched,False,
oster,,CRM,2026,5,ELECTROHOGAR,800000.0,482870.0,probable,True,0.6035875
oster,,Retail Display,2024,12,,,0.0,unmatched,False,
oster,2AGTggDQv,CRM,2025,3,ELECTROHOGAR,300000.0,388897.0,probable,True,1.2963233333333333
oster,32ZxoPq-d,CRM,2025,2,ELECTROHOGAR,300000.0,490931.0,probable,True,1.6364366666666668
oster,6189516-010423,CRM,2023,8,,,1341740.0,unmatched,False,
oster,6189516-011139,CRM,2023,10,,,689046.0,unmatched,False,
oster,6189516-011253,CRM,2023,10,,,1481690.0,unmatched,False,
oster,6189516-011400,CRM,2023,10,,,614714.0,unmatched,False,
oster,7tvLvM7HL,CRM,2024,4,,,1882763.0,unmatched,False,
oster,ao,Retail Display,2025,11,ELECTROHOGAR,199055.0,0.0,probable,True,0.0
oster,ao,Retail Display,2025,12,ELECTROHOGAR,350000.0,0.0,probable,True,0.0
OSTER,aon_oster,Sponsored Products,2026,4,,,1058530.0,unmatched,False,
oster,aon_oster_2026,CRM,2026,3,ELECTROHOGAR,750000.0,1078048.0,probable,True,1.4373973333333334
oster,aon_oster_2026,CRM,2026,4,,,963237.0,unmatched,False,
oster,aon_oster_2026,CRM,2026,5,ELECTROHOGAR,800000.0,672425.0,probable,True,0.84053125
oster,black_friday,Retail Display,2025,11,ELECTROHOGAR,199055.0,0.0,probable,True,0.0
oster,black_friday,Retail Display,2025,12,ELECTROHOGAR,350000.0,0.0,probable,True,0.0
oster,black_week,Retail Display,2025,3,ELECTROHOGAR,300000.0,0.0,probable,True,0.0
oster,black_week,Retail Display,2025,4,,,0.0,unmatched,False,
OSTER,black_week,Sponsored Products,2026,3,ELECTROHOGAR,250000.0,5366870.0,probable,True,21.46748
oster,CG4CVVsDe,CRM,2024,2,,,2735322.0,unmatched,False,
oster,cyber_day,Retail Display,2025,6,,,0.0,unmatched,False,
oster,cyber_monday,Retail Display,2024,9,,,0.0,unmatched,False,
oster,cyber_monday,Retail Display,2024,10,,,0.0,unmatched,False,
oster,cyber_monday,Retail Display,2025,10,,,0.0,unmatched,False,
oster,dtJucwYEf,CRM,2025,6,ELECTROHOGAR,400000.0,258128.0,probable,True,0.64532
oster,elcP4Qjx9,CRM,2025,9,ELECTROHOGAR,1700000.0,1201500.0,probable,True,0.706764705882353
oster,electrodomesticos,Google,2025,10,,,0.0,unmatched,False,
oster,electrodomesticos,Google,2025,11,,,0.0,unmatched,False,
OSTER,electroweek,Sponsored Products,2026,4,,,0.0,unmatched,False,
oster,EwXBmxKhy,CRM,2025,11,,,8325029.0,unmatched,False,
oster,GZDCL0rKx,CRM,2025,4,ELECTROHOGAR,300000.0,556627.0,probable,True,1.8554233333333334
oster,i4BQA5zCE,CRM,2024,4,,,2909700.0,unmatched,False,
oster,JE0LzMR-T,CRM,2025,7,ELECTROHOGAR,400000.0,679563.0,probable,True,1.6989075
oster,JR8aIZS3U,CRM,2024,12,,,3144516.0,unmatched,False,
oster,oNQcrES0Z,CRM,2025,11,,,320490.0,unmatched,False,
oster,s8b5Fyh1t,CRM,2025,1,ELECTROHOGAR,300000.0,706418.0,probable,True,2.3547266666666666
oster,syGGTil1F,CRM,2025,6,ELECTROHOGAR,400000.0,3054560.0,probable,True,7.6364
oster,tactica,Retail Display,2025,10,,,0.0,unmatched,False,
oster,UljDOUGfb,CRM,2025,10,ELECTROHOGAR,1000000.0,3647639.0,probable,True,3.647639
oster,vveHDxRR3,CRM,2024,12,,,2465254.0,unmatched,False,
oster,vZryiopbT,CRM,2025,6,ELECTROHOGAR,400000.0,2140614.0,probable,True,5.351535
oster,WanLCLUFJ,CRM,2025,10,ELECTROHOGAR,1000000.0,1704331.0,probable,True,1.704331
oster,xxGlJAu4s,CRM,2025,8,ELECTROHOGAR,400000.0,1281550.0,probable,True,3.203875
oster,ygpjD4j42,CRM,2025,9,ELECTROHOGAR,1700000.0,309550.0,probable,True,0.18208823529411763
oster,ZevI68Ixp,CRM,2024,8,,,1664759.0,unmatched,False,
p_imperial,DabP7Ht5S,CRM,2025,10,,,0.0,unmatched,False,
p_santu home & deco,Df75KjBG0,CRM,2025,10,,,0.0,unmatched,False,
palermo,6189516-009508,CRM,2023,5,,,154250.0,unmatched,False,
palermo,6189516-009522,CRM,2023,5,,,281466.0,unmatched,False,
palermo,6189516-009644,CRM,2023,5,,,275040.0,unmatched,False,
PAMESA,aon_marzo_2026,Sponsored Products,2026,3,,,991563.0,unmatched,False,
pamesa,Df6XaFM6O,CRM,2025,3,,,2303541.0,unmatched,False,
pamesa,q1xxbvCFu,CRM,2025,2,,,1999860.0,unmatched,False,
parksolar,6189516-007620,CRM,2023,1,,,2581070.0,unmatched,False,
paso,fAX2pYCmu,CRM,2025,7,,,256118.0,unmatched,False,
pato,co_brand,Retail Display,2024,5,,,0.0,unmatched,False,
pato,co_brand,Retail Display,2024,6,,,0.0,unmatched,False,
pato purific,dziCLVAzE,CRM,2024,4,,,49128.0,unmatched,False,
pato purific,jbTuQB0cQ,CRM,2024,4,,,45868.0,unmatched,False,
pato purific,SJ6u116hZ,CRM,2024,3,,,102268.0,unmatched,False,
pedrollo,0IC7A5sPl,CRM,2024,6,,,0.0,unmatched,False,
pedrollo,GNApC550a,CRM,2024,7,,,909370.0,unmatched,False,
pedrollo,i7vzI9XZn,CRM,2025,2,PLOMERIA / GASFITERIA,800000.0,1147318.0,probable,True,1.4341475
pedrollo,khCBcp-lu,CRM,2024,1,,,1884224.0,unmatched,False,
pedrollo,qGuxDA5OG,CRM,2025,2,PLOMERIA / GASFITERIA,800000.0,2126224.0,probable,True,2.65778
pedrollo,XKj1gdFoK,CRM,2024,1,,,2729679.0,unmatched,False,
petizoos,AMWJ6uJkg,CRM,2024,6,,,12232284.0,unmatched,False,
petizoos,PAJyP7YV6,CRM,2024,7,,,8263622.0,unmatched,False,
pets & friends,6189516-009575,CRM,2023,5,,,374311.0,unmatched,False,
pets & friends,6189516-009940,CRM,2023,6,,,1077412.0,unmatched,False,
pgic-flowmark,gasfiteria,Retail Display,2024,10,,,0.0,unmatched,False,
pgic-flowmark,gasfiteria,Retail Display,2024,11,,,0.0,unmatched,False,
philips,6189516-010002,CRM,2023,7,,,2244916.0,unmatched,False,
philips,6189516-010003,CRM,2023,7,,,1633716.0,unmatched,False,
philips,iPmKFsua7,CRM,2024,10,,,872143.0,unmatched,False,
philips,yhEUY2kJs,CRM,2024,10,,,974888.0,unmatched,False,
philips hue,nGCMT9qBD,CRM,2024,8,,,27990.0,unmatched,False,
phillips,co_brand,Google,2024,10,,,0.0,unmatched,False,
PIMARES,aon_marzo_2026_muebles,Sponsored Products,2026,3,,,89990.0,unmatched,False,
PIMARES,black_week,Sponsored Products,2026,3,,,89990.0,unmatched,False,
PISOFORTE,aon_marzo_2026,Sponsored Products,2026,3,,,210204.0,unmatched,False,
pizarreno cedral,6189516-009514,CRM,2023,5,,,22080580.0,unmatched,False,
pizarreno cedral,6189516-011640,CRM,2023,10,,,5015150.0,unmatched,False,
pizarreno cedral,6189516-011656,CRM,2023,11,,,11289506.0,unmatched,False,
pizarreno cedral,6189516-012186,CRM,2023,12,,,4950962.0,unmatched,False,
pizarreno cedral,6189516-012294,CRM,2023,12,,,839264.0,unmatched,False,
pizarreno cedral,7GkJxjr68,Otros,2025,3,TABIQUERIA/TECHUMBRE/AISLACION,4490000.0,0.0,probable,False,0.0
pizarreno cedral,AFEcwY1-D,CRM,2025,10,TABIQUERIA/TECHUMBRE/AISLACION,1000000.0,1160453.0,probable,True,1.160453
pizarreno cedral,cZMkfwbkG,CRM,2025,4,TABIQUERIA/TECHUMBRE/AISLACION,1710000.0,5241047.0,probable,True,3.064939766081871
pizarreno cedral,DvpfVTAxb,CRM,2025,3,TABIQUERIA/TECHUMBRE/AISLACION,2010000.0,10897284.0,probable,True,5.421534328358209
pizarreno cedral,EdvuvATgH,CRM,2025,5,TABIQUERIA/TECHUMBRE/AISLACION,2010000.0,3097989.0,probable,True,1.5412880597014926
pizarreno cedral,F1bSXQl5c,CRM,2025,4,TABIQUERIA/TECHUMBRE/AISLACION,1710000.0,952869.0,probable,True,0.5572333333333334
pizarreno cedral,fEmItrge0,CRM,2025,4,TABIQUERIA/TECHUMBRE/AISLACION,1710000.0,3881300.0,probable,True,2.269766081871345
pizarreno cedral,HxUvaSwM7,CRM,2025,5,TABIQUERIA/TECHUMBRE/AISLACION,2010000.0,701456.0,probable,True,0.3489830845771144
pizarreno cedral,kMsfkUQbj,CRM,2024,6,,,5021839.0,unmatched,False,
pizarreno cedral,QRJOdN5XB,CRM,2025,5,TABIQUERIA/TECHUMBRE/AISLACION,2010000.0,5506864.0,probable,True,2.739733333333333
pizarreno cedral,RbCzH5K6b,CRM,2024,5,,,28208111.0,unmatched,False,
pizarreno cedral,YCH69qJSL,CRM,2025,4,TABIQUERIA/TECHUMBRE/AISLACION,1710000.0,5071736.0,probable,True,2.9659274853801167
pluss,6189516-009524,CRM,2023,5,,,0.0,unmatched,False,
pluss,6189516-009535,CRM,2023,5,,,0.0,unmatched,False,
poli,6189516-007787,CRM,2023,1,,,3861860.0,unmatched,False,
poli,6189516-007838,CRM,2023,1,,,2973336.0,unmatched,False,
poli,6189516-007911,CRM,2023,1,,,2632832.0,unmatched,False,
poli,6189516-008065,CRM,2023,2,,,1535013.0,unmatched,False,
poli,6189516-008106,CRM,2023,2,,,1430911.0,unmatched,False,
poli,6189516-008230,CRM,2023,2,,,1902340.0,unmatched,False,
poli,6189516-008395,CRM,2023,3,,,2940220.0,unmatched,False,
poli,casasegura,Retail Display,2025,12,FERRETERIA,250000.0,0.0,probable,True,0.0
poli,casasegura,Retail Display,2026,1,FERRETERIA,250000.0,0.0,probable,True,0.0
polpaico,Hs5Wxhb0c,CRM,2025,1,,,5711711.0,unmatched,False,
polpaico,Z9BxjjW27,CRM,2024,11,,,4515279.0,unmatched,False,
pool blaster,27fG8tuLE,CRM,2025,1,,,179990.0,unmatched,False,
pool blaster,bFTCdkF7A,CRM,2025,2,,,359980.0,unmatched,False,
promerco-churu,regalones_de_la_casa,Retail Display,2025,6,,,0.0,unmatched,False,
promerco-churu,regalones_de_la_casa,Retail Display,2025,7,,,0.0,unmatched,False,
puma safety,mgw71aEFt,CRM,2025,1,,,0.0,unmatched,False,
PYRAMID,black_week,Sponsored Products,2026,3,,,3421760.0,unmatched,False,
quix,Black Marzo 2026,CRM,2026,3,,,173902.0,unmatched,False,
QUIX,black_week,Sponsored Products,2026,3,,,32670.0,unmatched,False,
quix,hu0AJEarN,CRM,2026,4,,,531440.0,unmatched,False,
quix,jF1j1tA7d,CRM,2025,10,,,142520.0,unmatched,False,
quix,Nd0wdi6id,CRM,2025,10,,,208851.0,unmatched,False,
raf,dormitorio,Google,2026,2,,,1462728.0,unmatched,False,
raid,4dk3G60zW,CRM,2024,2,,,671071.0,unmatched,False,
raid,aseo,Sponsored Products,2025,2,,,0.0,unmatched,False,
raid,bienvenida_primavera,Retail Display,2024,12,,,0.0,unmatched,False,
raid,bienvenida_primavera,Retail Display,2025,1,JARDIN,400000.0,0.0,probable,True,0.0
raid,Campaña insecticidas Verano ,CRM,2026,1,,,4526944.0,unmatched,False,
raid,eAvnoDYYi,CRM,2024,2,,,1152697.0,unmatched,False,
raid,hiHyuTZ9C,CRM,2024,1,,,852029.0,unmatched,False,
raid,KrhCqvKqk,CRM,2025,1,JARDIN,0.0,1613665.0,probable,False,
raid,primavera,Retail Display,2024,11,,,0.0,unmatched,False,
raid,pVa-Xp7eN,CRM,2025,11,JARDIN,700000.0,800835.0,probable,True,1.14405
rasch,6189516-007656,CRM,2023,1,,,36990.0,unmatched,False,
rasch,6189516-007717,CRM,2023,1,,,498460.0,unmatched,False,
rasch,6189516-007771,CRM,2023,1,,,350910.0,unmatched,False,
rasch,6189516-007772,CRM,2023,1,,,23980.0,unmatched,False,
reckitt,aseo,Google,2025,5,,,0.0,unmatched,False,
reckitt,cyber_day,Retail Display,2025,6,,,0.0,unmatched,False,
reckitt,cyber_monday,Meta,2025,10,,,0.0,unmatched,False,
reckitt,cyber_monday,Retail Display,2024,9,,,0.0,unmatched,False,
reckitt,cyber_monday,Retail Display,2024,10,,,0.0,unmatched,False,
reckitt,cyber_monday,Retail Display,2025,10,,,0.0,unmatched,False,
revor,AON TRICOLOR 2026,CRM,2026,1,,,2833506.0,unmatched,False,
rex,6189516-009738,CRM,2023,6,,,612542.0,unmatched,False,
rex,6189516-009800,CRM,2023,6,,,180404.0,unmatched,False,
rex,6189516-009846,CRM,2023,6,,,262670.0,unmatched,False,
rex,6189516-010848,CRM,2023,8,,,463667.0,unmatched,False,
rex,6189516-010943,CRM,2023,9,,,557347.0,unmatched,False,
rex,hBv31LUQx,CRM,2025,1,PINTURA Y ACCESORIOS,100000.0,2431317.0,probable,True,24.31317
rex,inWSVS2MK,CRM,2025,4,,,414129.0,unmatched,False,
rex,tractores,Google,2025,12,,,284580.0,unmatched,False,
reyplast,6189516-010586,CRM,2023,8,,,6477718.0,unmatched,False,
rheem,,CRM,2025,8,BANOS Y COCINAS,1000000.0,4463355.0,probable,True,4.463355
rheem,,CRM,2025,9,BANOS Y COCINAS,1350000.0,5333490.0,probable,True,3.9507333333333334
rheem,,CRM,2025,10,,,7956813.0,unmatched,False,
rheem,,CRM,2025,11,BANOS Y COCINAS,800000.0,5692830.0,probable,True,7.1160375
rheem,,CRM,2025,12,BANOS Y COCINAS,800000.0,1755940.0,probable,True,2.194925
rheem,,CRM,2026,1,,,1606008.0,unmatched,False,
rheem,,CRM,2026,2,,,3855800.0,unmatched,False,
rheem,,CRM,2026,3,BANOS Y COCINAS,1000000.0,8899226.0,probable,True,8.899226
rheem,,CRM,2026,4,,,11997612.0,unmatched,False,
rheem,,CRM,2026,5,,,9606900.0,unmatched,False,
rheem,1c9emGtHS,CRM,2025,8,BANOS Y COCINAS,1000000.0,2432936.0,probable,True,2.432936
rheem,38pGqh-eg,CRM,2025,10,,,311960.0,unmatched,False,
rheem,53NNaQx8m,CRM,2025,6,,,6056665.0,unmatched,False,
rheem,6189516-011143,CRM,2023,10,,,1139683.0,unmatched,False,
rheem,6189516-011160,CRM,2023,10,,,667860.0,unmatched,False,
rheem,6189516-012287,CRM,2023,12,,,16355047.0,unmatched,False,
rheem,7EknLNuM4,CRM,2024,8,,,3656378.0,unmatched,False,
RHEEM,aon_abril_rheem_chile_2026,Sponsored Products,2026,4,,,5978690.0,unmatched,False,
RHEEM,aon_marzo_rheem_2026,Sponsored Products,2026,3,,,3206870.0,unmatched,False,
RHEEM,aon_rheem_febrero_2026,Sponsored Products,2026,2,,,2157910.0,unmatched,False,
rheem,B61y30fTj,CRM,2025,7,BANOS Y COCINAS,1000000.0,5837903.0,probable,True,5.837903
rheem,Black Marzo RHEEM/SPLENDID 2026,CRM,2026,4,,,4465810.0,unmatched,False,
RHEEM,black_week,Sponsored Products,2026,3,,,279990.0,unmatched,False,
rheem,cabeceras,Retail Display,2024,6,,,0.0,unmatched,False,
rheem,cabeceras,Retail Display,2024,7,,,0.0,unmatched,False,
rheem,cabeceras,Retail Display,2024,8,,,0.0,unmatched,False,
rheem,E2G7cJqOp,CRM,2025,6,,,2074463.0,unmatched,False,
rheem,FCg8pyBxs,CRM,2025,11,BANOS Y COCINAS,800000.0,874910.0,probable,True,1.0936375
rheem,FYExLdyOL,CRM,2025,7,BANOS Y COCINAS,1000000.0,2495748.0,probable,True,2.495748
rheem,gabinetes,Retail Display,2024,7,,,0.0,unmatched,False,
rheem,gabinetes,Retail Display,2024,8,,,0.0,unmatched,False,
rheem,gabinetes,Retail Display,2024,10,,,0.0,unmatched,False,
rheem,gabinetes,Retail Display,2024,11,,,0.0,unmatched,False,
rheem,GwsFIgNQQ,CRM,2025,1,PLOMERIA / GASFITERIA,50000.0,2291722.0,probable,True,45.83444
rheem,hHIc8jX4H,CRM,2025,9,BANOS Y COCINAS,1350000.0,666950.0,probable,True,0.49403703703703705
rheem,ihgok0nyj,CRM,2025,10,,,862008.0,unmatched,False,
rheem,IipLqVnGY,CRM,2025,10,,,755960.0,unmatched,False,
rheem,J5v5c2G3t,CRM,2024,6,,,2927644.0,unmatched,False,
rheem,JK4k77ZJI,CRM,2025,5,,,3394435.0,unmatched,False,
rheem,kb86ea2X-,CRM,2025,2,PLOMERIA / GASFITERIA,50000.0,1381931.0,probable,True,27.63862
rheem,MV1e0spjZ,CRM,2024,4,,,3762735.0,unmatched,False,
rheem,nAY09oqqY,CRM,2025,10,,,230078.0,unmatched,False,
rheem,Py6Md9P5r,CRM,2025,2,PLOMERIA / GASFITERIA,50000.0,1653360.0,probable,True,33.0672
rheem,rOtSULunK,CRM,2024,7,,,3044134.0,unmatched,False,
rheem,SSrfRJCGk,CRM,2025,10,,,2625848.0,unmatched,False,
rheem,tEmFfoTYp,CRM,2025,5,,,929974.0,unmatched,False,
rheem,termos,Retail Display,2024,8,,,0.0,unmatched,False,
rheem,TWT6cIDL7,CRM,2025,6,,,729870.0,unmatched,False,
rheem,UofXhh9UF,CRM,2025,4,,,587950.0,unmatched,False,
rheem,UsWo7qQ8x,CRM,2025,4,,,5274728.0,unmatched,False,
rheem,vl7GBpdfz,CRM,2025,1,PLOMERIA / GASFITERIA,50000.0,1684335.0,probable,True,33.6867
rheem,VnXYOHkCp,CRM,2024,8,,,5703103.0,unmatched,False,
rheem,vUrrTRW6w,CRM,2025,6,,,8191839.0,unmatched,False,
rheem,WhFUGTy3v,CRM,2025,9,BANOS Y COCINAS,1350000.0,2417476.0,probable,True,1.790722962962963
rheem,WKnr7jTEv,CRM,2025,10,,,1141968.0,unmatched,False,
rheem,X,CRM,2024,10,,,3296821.0,unmatched,False,
rheem,YYHQqM641,CRM,2024,7,,,3345578.0,unmatched,False,
rheem,ZiaSEZIxC,CRM,2025,12,BANOS Y COCINAS,800000.0,269990.0,probable,True,0.3374875
robert_bosch-bosch,aon_pro_q1,Retail Display,2026,1,,,0.0,unmatched,False,
roch ltda,6189516-010617,CRM,2023,8,,,2800843.0,unmatched,False,
roch ltda,6189516-010851,CRM,2023,8,,,1804903.0,unmatched,False,
roch ltda,6189516-010865,CRM,2023,9,,,1362258.0,unmatched,False,
roch ltda,6189516-010957,CRM,2023,9,,,0.0,unmatched,False,
roch ltda,6189516-011131,CRM,2023,9,,,238980.0,unmatched,False,
rosen,,CRM,2025,8,,,18103367.0,unmatched,False,
rosen,,CRM,2025,9,MUEBLES,900000.0,41950218.0,probable,True,46.611353333333334
rosen,,CRM,2025,10,,,72164001.0,unmatched,False,
rosen,,CRM,2025,11,,,23092006.0,unmatched,False,
rosen,,CRM,2025,12,,,17571884.0,unmatched,False,
rosen,,CRM,2026,1,,,20216928.0,unmatched,False,
rosen,,CRM,2026,2,MUEBLES,900000.0,20152990.0,probable,True,22.392211111111113
rosen,,CRM,2026,3,MUEBLES,900000.0,27490505.0,probable,True,30.545005555555555
rosen,,CRM,2026,4,,,26762451.0,unmatched,False,
rosen,,CRM,2026,5,,,13954882.0,unmatched,False,
rosen,6189516-009416,CRM,2023,5,,,2123910.0,unmatched,False,
rosen,6189516-009536,CRM,2023,5,,,0.0,unmatched,False,
rosen,6189516-010262,CRM,2023,7,,,5484850.0,unmatched,False,
rosen,6189516-010310,CRM,2023,7,,,7131740.0,unmatched,False,
rosen,6189516-011603,CRM,2023,10,,,1787920.0,unmatched,False,
rosen,6189516-012273,CRM,2023,12,,,3573152.0,unmatched,False,
rosen,7UkT8hgKO,CRM,2025,11,,,6743042.0,unmatched,False,
rosen,ao,Google,2025,12,MUEBLES,550000.0,5231780.0,probable,True,9.512327272727273
rosen,ao,Retail Display,2025,8,MUEBLES,300000.0,0.0,probable,True,0.0
rosen,AON Diciembre,CRM,2025,12,,,1763900.0,unmatched,False,
rosen,Black Marzo 2026,CRM,2026,3,MUEBLES,900000.0,166447172.0,probable,True,184.94130222222222
ROSEN,black_week,Sponsored Products,2026,3,MUEBLES,600000.0,7074800.0,probable,True,11.791333333333334
rosen,BzRlbUtUO,CRM,2025,10,,,22617728.0,unmatched,False,
rosen,cyber_monday,Retail Display,2025,10,MUEBLES,1300000.0,0.0,probable,True,0.0
rosen,dormitorio,Retail Display,2025,1,MUEBLES,300000.0,0.0,probable,True,0.0
rosen,dormitorio,Retail Display,2025,2,MUEBLES,400000.0,0.0,probable,True,0.0
rosen,dormitorio_black_week,Retail Display,2025,3,MUEBLES,400000.0,0.0,probable,True,0.0
rosen,dormitorio_black_week,Retail Display,2025,4,,,0.0,unmatched,False,
rosen,FW785jgBb,CRM,2025,8,,,1979837.0,unmatched,False,
rosen,HXbJmOwww,CRM,2024,12,,,1479950.0,unmatched,False,
rosen,I-v9SHPI5,CRM,2025,10,,,17676722.0,unmatched,False,
rosen,IP48l3FJB,CRM,2024,5,,,15817666.0,unmatched,False,
rosen,iuT4g2T8F,CRM,2025,11,,,12840995.0,unmatched,False,
rosen,J0AxHSLQw,CRM,2025,11,,,58572571.0,unmatched,False,
rosen,kNiP0wnc-,CRM,2025,10,,,9328041.0,unmatched,False,
rosen,lSO9qWaXd,CRM,2025,1,MUEBLES,400000.0,2129920.0,probable,True,5.3248
rosen,mrGv-M5lr,CRM,2025,4,MUEBLES,500000.0,971678.0,probable,True,1.943356
rosen,ouUr597iN,CRM,2024,11,,,3245266.0,unmatched,False,
rosen,PoKJQGymo,CRM,2024,7,,,2964946.0,unmatched,False,
rosen,PtCVJMkUG,CRM,2025,5,,,5792357.0,unmatched,False,
rosen,Q-L1ldGNq,CRM,2024,10,,,4444862.0,unmatched,False,
rosen,UB7sVQGvw,CRM,2025,11,,,4552167.0,unmatched,False,
rosen,X,CRM,2024,10,,,7438782.0,unmatched,False,
rosen,xqu0q583a,CRM,2024,9,,,5408526.0,unmatched,False,
rosen,xWYH8mj-o,CRM,2025,6,MUEBLES,900000.0,20742263.0,probable,True,23.046958888888888
rosen,yvPvw9JDI,CRM,2024,8,,,1512570.0,unmatched,False,
rosen,zQGBhzgmy,CRM,2025,8,,,1707410.0,unmatched,False,
rta design,nYCFVUS2O,CRM,2024,12,,,0.0,unmatched,False,
rust-oleum,6189516-009819,CRM,2023,6,,,919331.0,unmatched,False,
rust-oleum,6189516-010103,CRM,2023,7,,,1034540.0,unmatched,False,
rust-oleum,6189516-010104,CRM,2023,7,,,560303.0,unmatched,False,
rust-oleum,6189516-010905,CRM,2023,9,,,1655518.0,unmatched,False,
rust-oleum,6189516-011552,CRM,2023,10,,,2897772.0,unmatched,False,
rust-oleum,LgGGZDJ54,CRM,2025,1,,,3632466.0,unmatched,False,
rust-oleum,rju08GiLM,CRM,2025,3,,,3239255.0,unmatched,False,
rust-oleum,SQJ-Yh1xC,CRM,2024,12,,,1743064.0,unmatched,False,
rust-oleum,x2wqdWzHn,CRM,2025,1,,,4050060.0,unmatched,False,
rust-oleum,Z61-V8xoX,CRM,2025,2,PINTURA Y ACCESORIOS,0.0,1455555.0,probable,False,
safecom,6189516-011047,CRM,2023,9,,,221410.0,unmatched,False,
samsung,1eHqIVWEh,CRM,2024,4,,,4770509.0,unmatched,False,
samsung,1M2BOxoe8,CRM,2024,7,,,40131707.0,unmatched,False,
samsung,2JLHUEeSp,CRM,2024,7,,,4723944.0,unmatched,False,
samsung,4GCRkhNqb,CRM,2024,4,,,52856241.0,unmatched,False,
samsung,6189516-007689,CRM,2023,1,,,15152764.0,unmatched,False,
samsung,6189516-007801,CRM,2023,1,,,11749720.0,unmatched,False,
samsung,6189516-007802,CRM,2023,1,,,5622024.0,unmatched,False,
samsung,6189516-007828,CRM,2023,1,,,115364887.0,unmatched,False,
samsung,6189516-007875,CRM,2023,1,,,9423916.0,unmatched,False,
samsung,6189516-008151,CRM,2023,2,,,70209188.0,unmatched,False,
samsung,6189516-008262,CRM,2023,2,,,81903424.0,unmatched,False,
samsung,6189516-008543,CRM,2023,3,,,21247812.0,unmatched,False,
samsung,6189516-008676,CRM,2023,3,,,96534158.0,unmatched,False,
samsung,6189516-008951,CRM,2023,4,,,10549620.0,unmatched,False,
samsung,6189516-008978,CRM,2023,4,,,60144132.0,unmatched,False,
samsung,6189516-009411,CRM,2023,5,,,20305524.0,unmatched,False,
samsung,6189516-009447,CRM,2023,5,,,7668568.0,unmatched,False,
samsung,6189516-009589,CRM,2023,5,,,226639130.0,unmatched,False,
samsung,6189516-009901,CRM,2023,6,,,20494907.0,unmatched,False,
samsung,6189516-010369,CRM,2023,7,,,64101685.0,unmatched,False,
samsung,6189516-010659,CRM,2023,8,,,4054956.0,unmatched,False,
samsung,6189516-010671,CRM,2023,8,,,3399844.0,unmatched,False,
samsung,6189516-011145,CRM,2023,10,,,15115960.0,unmatched,False,
samsung,6189516-011190,CRM,2023,10,,,14766032.0,unmatched,False,
samsung,6189516-011248,CRM,2023,10,,,8029593.0,unmatched,False,
samsung,6189516-011311,CRM,2023,10,,,17153182.0,unmatched,False,
samsung,6189516-011887,CRM,2023,11,,,18328994.0,unmatched,False,
samsung,6189516-011978,CRM,2023,11,,,5087710.0,unmatched,False,
samsung,6189516-012184,CRM,2023,12,,,33038023.0,unmatched,False,
samsung,6CGnycuUG,CRM,2024,5,,,779970.0,unmatched,False,
samsung,7nT0ZyqsS,CRM,2025,10,,,74525542.0,unmatched,False,
samsung,8QRAIofCS,CRM,2024,8,,,33805887.0,unmatched,False,
samsung,8yEWxioo2,CRM,2025,1,,,6607753.0,unmatched,False,
samsung,9Wmn9SYbK,CRM,2024,7,,,5936109.0,unmatched,False,
samsung,AaSkzf5KU,CRM,2025,5,,,18407396.0,unmatched,False,
SAMSUNG,aon_samsung,Sponsored Products,2026,4,,,22299340.0,unmatched,False,
samsung,bDNrSfODB,CRM,2025,6,ELECTROHOGAR,1000000.0,45152905.0,probable,True,45.152905
samsung,Bh4TIzeAO,CRM,2024,6,,,15789341.0,unmatched,False,
samsung,biFsdSflz,CRM,2025,11,ELECTROHOGAR,1300000.0,1646950.0,probable,True,1.2668846153846154
samsung,BKVcDt5v6,CRM,2024,6,,,12703949.0,unmatched,False,
samsung,Black Marzo SAMSUNG 2026,CRM,2026,3,ELECTROHOGAR,1500000.0,15616709.0,probable,True,10.411139333333333
samsung,black_week,Meta,2025,3,,,622060.0,unmatched,False,
samsung,black_week,Meta,2025,4,,,117250.0,unmatched,False,
samsung,black_week,Meta,2025,11,,,437890.0,unmatched,False,
samsung,black_week,Meta,2025,12,,,0.0,unmatched,False,
SAMSUNG,black_week,Sponsored Products,2026,3,ELECTROHOGAR,500000.0,58291220.0,probable,True,116.58244
samsung,CDRQxWzJI,CRM,2025,11,ELECTROHOGAR,1300000.0,2587760.0,probable,True,1.9905846153846154
samsung,cyber_day,Google,2025,6,,,0.0,unmatched,False,
samsung,cyber_day,Retail Display,2024,6,,,0.0,unmatched,False,
samsung,cyber_day,Retail Display,2025,6,,,0.0,unmatched,False,
samsung,cyber_monday,Google,2025,10,,,9339356.0,unmatched,False,
samsung,cyber_monday,Google,2025,12,,,559990.0,unmatched,False,
samsung,eek1WWFB3,CRM,2025,1,,,5884800.0,unmatched,False,
samsung,GKb7LTNFw,CRM,2025,2,,,6150551.0,unmatched,False,
samsung,Glh2N5M8u,CRM,2024,6,,,106381740.0,unmatched,False,
samsung,GtoJxAO4E,CRM,2025,3,,,4506698.0,unmatched,False,
samsung,Ia9x-vVvL,CRM,2024,2,,,13617607.0,unmatched,False,
samsung,ibLgb0xdz,CRM,2024,1,,,15485119.0,unmatched,False,
samsung,IGpysWCJE,CRM,2025,11,ELECTROHOGAR,1300000.0,1339960.0,probable,True,1.0307384615384616
samsung,ilaGShc-N,CRM,2024,11,,,17791847.0,unmatched,False,
samsung,iMcSMpd2S,CRM,2025,10,,,12731045.0,unmatched,False,
samsung,IxfLmCvkm,CRM,2025,4,ELECTROHOGAR,1000000.0,3969860.0,probable,True,3.96986
samsung,J-WdZQSyz,CRM,2025,3,,,3461392.0,unmatched,False,
samsung,JHwkYvZS8,CRM,2024,2,,,6164024.0,unmatched,False,
samsung,Jt6LpGHJh,CRM,2025,10,,,1714623.0,unmatched,False,
samsung,jTwnIlHsC,CRM,2024,6,,,10954143.0,unmatched,False,
samsung,kamPnmECl,CRM,2024,11,,,0.0,unmatched,False,
samsung,KwtWINcir,CRM,2024,7,,,16369140.0,unmatched,False,
samsung,lanzamiento,Meta,2024,11,,,0.0,unmatched,False,
samsung,lanzamiento,Meta,2024,12,,,0.0,unmatched,False,
samsung,lanzamiento,Retail Display,2024,11,,,0.0,unmatched,False,
samsung,lanzamiento,Retail Display,2024,12,,,0.0,unmatched,False,
samsung,linea_blanca,Google,2024,9,,,6406120.0,unmatched,False,
samsung,linea_blanca,Google,2024,10,,,11820974.0,unmatched,False,
samsung,linea_blanca,Google,2024,11,,,9118796.0,unmatched,False,
samsung,linea_blanca,Google,2024,12,,,0.0,unmatched,False,
samsung,linea_blanca,Google,2025,1,ELECTROHOGAR,1000000.0,7477471.0,probable,True,7.477471
samsung,linea_blanca,Google,2025,2,ELECTROHOGAR,1000000.0,5494780.0,probable,True,5.49478
samsung,linea_blanca,Google,2025,3,ELECTROHOGAR,300000.0,1232720.0,probable,True,4.109066666666667
samsung,linea_blanca,Google,2025,4,ELECTROHOGAR,500000.0,1104263.0,probable,True,2.208526
samsung,linea_blanca,Meta,2024,1,,,0.0,unmatched,False,
samsung,linea_blanca,Meta,2024,2,,,0.0,unmatched,False,
samsung,linea_blanca,Meta,2024,3,,,0.0,unmatched,False,
samsung,linea_blanca,Meta,2024,4,,,0.0,unmatched,False,
samsung,linea_blanca,Meta,2025,4,,,0.0,unmatched,False,
samsung,linea_blanca,Meta,2025,5,,,287990.0,unmatched,False,
samsung,linea_blanca,Meta,2025,7,,,369990.0,unmatched,False,
samsung,linea_blanca,Meta,2025,8,,,0.0,unmatched,False,
samsung,linea_blanca,Meta,2025,9,,,639970.0,unmatched,False,
samsung,linea_blanca,Meta,2025,10,,,369980.0,unmatched,False,
samsung,oVagp3RO8,CRM,2025,9,ELECTROHOGAR,700000.0,9707808.0,probable,True,13.868297142857143
samsung,PaZeakrXn,CRM,2024,12,,,12727060.0,unmatched,False,
samsung,Pk9KZo9R2,CRM,2025,6,ELECTROHOGAR,1000000.0,7233780.0,probable,True,7.23378
samsung,qn7DRG-BQ,CRM,2025,8,ELECTROHOGAR,800000.0,5127357.0,probable,True,6.40919625
samsung,rAd8PQSeH,CRM,2024,2,,,6191375.0,unmatched,False,
samsung,rEuzM-USF,CRM,2025,6,ELECTROHOGAR,1000000.0,8842191.0,probable,True,8.842191
samsung,rWetxqNVc,CRM,2025,7,ELECTROHOGAR,500000.0,2690292.0,probable,True,5.380584
samsung,s/i,CRM,2023,1,,,0.0,unmatched,False,
samsung,s/i,CRM,2023,2,,,0.0,unmatched,False,
samsung,s/i,CRM,2023,3,,,0.0,unmatched,False,
samsung,s/i,CRM,2023,4,,,0.0,unmatched,False,
samsung,s/i,CRM,2023,5,,,0.0,unmatched,False,
samsung,s/i,CRM,2023,6,,,0.0,unmatched,False,
samsung,s/i,CRM,2023,7,,,0.0,unmatched,False,
samsung,s/i,CRM,2023,8,,,0.0,unmatched,False,
samsung,s/i,CRM,2023,9,,,0.0,unmatched,False,
samsung,s/i,CRM,2023,10,,,0.0,unmatched,False,
samsung,s/i,CRM,2023,11,,,0.0,unmatched,False,
samsung,tl1rj6zLJ,CRM,2025,6,ELECTROHOGAR,1000000.0,5032878.0,probable,True,5.032878
samsung,tpiX0aTJ9,CRM,2025,2,,,26711122.0,unmatched,False,
samsung,TXcqZ172V,CRM,2024,3,,,22652584.0,unmatched,False,
samsung,UNKFNpsW6,CRM,2024,5,,,42376644.0,unmatched,False,
samsung,UNMMrYIag,CRM,2024,1,,,62519869.0,unmatched,False,
samsung,Uqo5M3on6,CRM,2024,9,,,34508984.0,unmatched,False,
samsung,VvDt2-Hdj,CRM,2024,11,,,18007377.0,unmatched,False,
samsung,W389suKa4,CRM,2025,3,,,37390341.0,unmatched,False,
samsung,wsSaSDzD,CRM,2025,6,ELECTROHOGAR,1000000.0,37119436.0,probable,True,37.119436
samsung,X,CRM,2024,10,,,128673925.0,unmatched,False,
samsung,x18IPGXf7,CRM,2025,1,,,7258313.0,unmatched,False,
samsung,ykdCvPYu1,CRM,2024,4,,,6711767.0,unmatched,False,
samsung,ykM4VAnaZ,CRM,2025,6,ELECTROHOGAR,1000000.0,24595936.0,probable,True,24.595936
samsung,z-BpD77hj,CRM,2025,2,,,5393414.0,unmatched,False,
samsung,Zd1L3kRHm,CRM,2024,10,,,54109002.0,unmatched,False,
san lorenzo,Kj-BzyqL8,CRM,2025,3,,,20890.0,unmatched,False,
scaldasonno,ECSXnxPX6,CRM,2024,6,,,1156608.0,unmatched,False,
scaldasonno,njcjm4KJA,CRM,2024,6,,,1903562.0,unmatched,False,
scaldasonno,Vihk5amgz,CRM,2024,5,,,5786507.0,unmatched,False,
scaldasonno,wqvPHK2QH,CRM,2025,6,,,6581870.0,unmatched,False,
scanavini,,Retail Display,2026,1,FERRETERIA,300000.0,0.0,probable,True,0.0
scanavini,6VTiEraYT,CRM,2025,1,,,6591352.0,unmatched,False,
scanavini,vacaciones,Retail Display,2025,1,FERRETERIA,300000.0,0.0,probable,True,0.0
schneider,ao,Google,2025,5,,,0.0,unmatched,False,
schneider,ao,Google,2025,6,,,0.0,unmatched,False,
schneider,ao,Meta,2025,9,,,0.0,unmatched,False,
schneider,ao,Meta,2025,10,,,0.0,unmatched,False,
schneider,ao,Meta,2025,12,,,0.0,unmatched,False,
schneider,ao,Retail Display,2025,6,ELECTRICIDAD,350000.0,0.0,probable,True,0.0
schneider,aon,Retail Display,2025,8,ELECTRICIDAD,350000.0,0.0,probable,True,0.0
schneider,black_friday,Retail Display,2024,11,,,0.0,unmatched,False,
schneider,black_friday,Retail Display,2024,12,,,0.0,unmatched,False,
schneider,black_friday,Retail Display,2025,11,ELECTRICIDAD,400000.0,0.0,probable,True,0.0
schneider,black_friday,Retail Display,2025,12,ELECTRICIDAD,350000.0,0.0,probable,True,0.0
schneider,black_week,Retail Display,2026,3,,,0.0,unmatched,False,
schneider,black_week,Retail Display,2026,4,ELECTRICIDAD,500000.0,0.0,probable,True,0.0
schneider,co_brand,Retail Display,2024,5,,,0.0,unmatched,False,
schneider,co_brand,Retail Display,2024,6,,,0.0,unmatched,False,
schneider,co_brand,Retail Display,2024,7,,,0.0,unmatched,False,
schneider,co_brand,Retail Display,2024,8,,,0.0,unmatched,False,
schneider,co_brand,Retail Display,2024,9,,,0.0,unmatched,False,
schneider,co_brand,Retail Display,2024,10,,,0.0,unmatched,False,
schneider,co_brand,Retail Display,2024,11,,,0.0,unmatched,False,
schneider,cyber_day,Retail Display,2025,6,ELECTRICIDAD,350000.0,0.0,probable,True,0.0
schneider,cyber_day,Sponsored Products,2024,6,,,0.0,unmatched,False,
schneider,cyber_monday,Meta,2025,10,,,0.0,unmatched,False,
schneider,cyber_monday,Retail Display,2024,9,,,0.0,unmatched,False,
schneider,cyber_monday,Retail Display,2024,10,,,0.0,unmatched,False,
schneider,cyber_monday,Retail Display,2025,10,,,0.0,unmatched,False,
schneider electric,6189516-008766,CRM,2023,4,,,3584050.0,unmatched,False,
schneider electric,6189516-009312,CRM,2023,5,,,3681540.0,unmatched,False,
schneider electric,6189516-009356,CRM,2024,5,,,773156.0,unmatched,False,
schneider electric,6189516-009394,CRM,2023,5,,,2324624.0,unmatched,False,
schneider electric,6189516-009415,CRM,2023,5,,,463592.0,unmatched,False,
schneider electric,6189516-009533,CRM,2023,5,,,3995892.0,unmatched,False,
schneider electric,6189516-009977,CRM,2023,6,,,3353779.0,unmatched,False,
schneider electric,6189516-010026,CRM,2023,7,,,3735065.0,unmatched,False,
schneider electric,6189516-010442,CRM,2023,8,,,4147108.0,unmatched,False,
schneider electric,6189516-011142,CRM,2023,10,,,7510021.0,unmatched,False,
schneider electric,6189516-011252,CRM,2023,10,,,1957606.0,unmatched,False,
schneider electric,6189516-011944,CRM,2023,11,,,3632531.0,unmatched,False,
schneider electric,6189516-011974,CRM,2023,11,,,5685703.0,unmatched,False,
schneider electric,8EbIhKHu0,CRM,2024,1,,,3237252.0,unmatched,False,
schneider electric,AON ABRIL,CRM,2026,4,,,308075.0,unmatched,False,
SCHNEIDER ELECTRIC,aon_abril,Sponsored Products,2026,4,,,537496.0,unmatched,False,
schneider electric,Black Marzo 2026,CRM,2026,4,,,2932421.0,unmatched,False,
SCHNEIDER ELECTRIC,black_week,Sponsored Products,2026,3,,,332239.0,unmatched,False,
schneider electric,bMPz9wKgq,CRM,2024,6,,,875312.0,unmatched,False,
schneider electric,DWRhmgkZh,CRM,2024,4,,,10308379.0,unmatched,False,
schneider electric,e9je3qe1f,CRM,2025,6,,,4332594.0,unmatched,False,
schneider electric,K6lpdQS3g,CRM,2024,4,,,3971256.0,unmatched,False,
schneider electric,nTBQBmsBs,CRM,2024,10,,,6711822.0,unmatched,False,
schneider electric,pDZwPNlpE,CRM,2024,1,,,3404727.0,unmatched,False,
schneider electric,qakyfSoap,CRM,2024,12,,,8091865.0,unmatched,False,
schneider electric,RBaeBWDit,CRM,2025,12,,,1713670.0,unmatched,False,
schneider electric,SzDOfWa1D,CRM,2025,5,,,1018190.0,unmatched,False,
schneider electric,weYfjyvvc,CRM,2024,2,,,6191428.0,unmatched,False,
schneider electric,X,CRM,2024,9,,,3898095.0,unmatched,False,
schneider electric,yeG2gmDFX,CRM,2025,10,,,2807944.0,unmatched,False,
schneider electric,YqiIZ5wgH,CRM,2024,6,,,3647441.0,unmatched,False,
schneider electric,yVozpRywU,CRM,2025,6,,,3441744.0,unmatched,False,
scotch,6189516-008367,CRM,2023,3,,,882553.0,unmatched,False,
scotch,6189516-008467,CRM,2023,3,,,812051.0,unmatched,False,
scotch,6189516-008536,CRM,2023,3,,,536012.0,unmatched,False,
scotch,6189516-010209,CRM,2023,7,,,1018575.0,unmatched,False,
scotch,6189516-010356,CRM,2023,7,,,331920.0,unmatched,False,
scotch,6189516-011494,CRM,2023,10,,,1030485.0,unmatched,False,
scotch,aKqp4PrZw,CRM,2025,9,,,439606.0,unmatched,False,
SCOTCH,aon_3m,Sponsored Products,2026,4,,,355200.0,unmatched,False,
SCOTCH,aon_febrero,Sponsored Products,2026,2,,,393180.0,unmatched,False,
SCOTCH,aon_marzo,Sponsored Products,2026,3,,,1051021.0,unmatched,False,
SCOTCH,black_week,Sponsored Products,2026,3,,,264617.0,unmatched,False,
scotch,L-qfogOiI,CRM,2025,8,,,501230.0,unmatched,False,
SCOTCH BRITE,aon_marzo,Sponsored Products,2026,3,,,12591.0,unmatched,False,
scotchbrite,dziCLVAzE,CRM,2024,4,,,15563.0,unmatched,False,
scotchbrite,jbTuQB0cQ,CRM,2024,4,,,16440.0,unmatched,False,
scotchbrite,O1xk9JlpU,CRM,2025,7,,,129424.0,unmatched,False,
scotchgard,dziCLVAzE,CRM,2024,4,,,67960.0,unmatched,False,
scotchgard,jbTuQB0cQ,CRM,2024,4,,,101940.0,unmatched,False,
scotchgard,O1xk9JlpU,CRM,2025,7,,,239314.0,unmatched,False,
seguros_falabella,automotriz,Retail Display,2025,2,,,0.0,unmatched,False,
SENSI DACQUA,aon_febrero_2026,Sponsored Products,2026,2,,,79990.0,unmatched,False,
SENSI DACQUA,aon_marzo_stretto_2026,Sponsored Products,2026,3,,,99990.0,unmatched,False,
SIEGEN,aon_marzo_thomas_electrodomesticos_2026,Sponsored Products,2026,3,,,20990.0,unmatched,False,
sika,2i1UN2NuW,CRM,2024,12,,,2214789.0,unmatched,False,
sika,8DXN1f3EP,CRM,2024,3,,,6552055.0,unmatched,False,
sika,beH0NI6Bs,CRM,2024,10,,,1111058.0,unmatched,False,
sika,It9mAZ0fv,CRM,2024,2,,,5142591.0,unmatched,False,
sika,kqpdh6p1v,CRM,2024,5,,,6189701.0,unmatched,False,
sika,NG7ejUxZX,CRM,2024,10,,,990803.0,unmatched,False,
sika,OBIcIVmWi,CRM,2024,1,,,1321767.0,unmatched,False,
sika,oNWabp76v,CRM,2024,11,,,2775540.0,unmatched,False,
sika,PQovVq2cW,CRM,2024,8,,,3374917.0,unmatched,False,
sika,R9HUZAgHL,CRM,2024,9,,,20550986.0,unmatched,False,
sika,rX8r-cFxz,CRM,2024,8,,,2121058.0,unmatched,False,
sika,sGKxYMZ4G,CRM,2024,10,,,3440266.0,unmatched,False,
sika,uqErAhNIs,CRM,2024,6,,,4536651.0,unmatched,False,
sika,vvrVPs9pn,CRM,2024,4,,,3658810.0,unmatched,False,
sika,wskS5c1ut,CRM,2024,11,,,10527551.0,unmatched,False,
sika,x-4XC3jtS,CRM,2024,1,,,345673.0,unmatched,False,
simoniz,6189516-008025,CRM,2023,2,,,652779.0,unmatched,False,
simoniz,KOTyhrPfO,CRM,2025,9,,,268528.0,unmatched,False,
simoniz,M41P1YhxN,CRM,2025,9,,,877508.0,unmatched,False,
simplisima,concurso,Retail Display,2025,3,,,0.0,unmatched,False,
simplisima,concurso,Retail Display,2025,4,,,0.0,unmatched,False,
simplisima,concurso,Retail Display,2025,5,,,0.0,unmatched,False,
simplisima,concurso,Retail Display,2025,6,,,0.0,unmatched,False,
simplisima,cyber_monday,Retail Display,2025,10,,,0.0,unmatched,False,
sin_marca,,Otros,2024,5,,,0.0,unmatched,False,
sindelen,6189516-012259,CRM,2023,12,,,4416605.0,unmatched,False,
sindelen,BmzTxUo8S,CRM,2024,4,,,4813197.0,unmatched,False,
sindelen,cLfm7hwvq,CRM,2024,8,,,5136165.0,unmatched,False,
sindelen,cyber_day,Retail Display,2024,6,,,0.0,unmatched,False,
sindelen,cyber_monday,Retail Display,2024,9,,,0.0,unmatched,False,
sindelen,cyber_monday,Retail Display,2024,10,,,0.0,unmatched,False,
sindelen,daDb10y-Q,CRM,2023,12,,,2299482.0,unmatched,False,
sindelen,dFYK0f1rX,CRM,2024,8,,,2509607.0,unmatched,False,
sindelen,Ilu19JN7r,CRM,2024,1,,,6920865.0,unmatched,False,
sindelen,KHat9O5Et,CRM,2025,6,,,7372964.0,unmatched,False,
sindelen,MGkkW0ceb,CRM,2025,10,ELECTROHOGAR,700000.0,4488101.0,probable,True,6.411572857142857
sindelen,O1C8b6vb6,CRM,2024,7,,,3814480.0,unmatched,False,
sindelen,OJjc2QdoI,CRM,2025,6,,,9716754.0,unmatched,False,
sindelen,PJA0xZN9s,CRM,2024,8,,,3346691.0,unmatched,False,
sindelen,QcI2Rs5bG,CRM,2024,6,,,4508335.0,unmatched,False,
sindelen,R7kCQZIHi,CRM,2024,6,,,613880.0,unmatched,False,
sindelen,vXCExwydM,CRM,2024,6,,,1310925.0,unmatched,False,
sindelen,X,CRM,2024,9,,,2722211.0,unmatched,False,
sindelen,X,CRM,2024,10,,,6214916.0,unmatched,False,
sindelen,Xv1xdN64Y,CRM,2024,6,,,4415775.0,unmatched,False,
sipa,6189516-008821,CRM,2023,4,,,18175044.0,unmatched,False,
sipa,6189516-008957,CRM,2023,4,,,15015000.0,unmatched,False,
sipa,6189516-008989,CRM,2023,4,,,6040094.0,unmatched,False,
sipa,6189516-008996,CRM,2023,4,,,4955057.0,unmatched,False,
sipa,6189516-009143,CRM,2023,4,,,6059361.0,unmatched,False,
sipa,Kj05wnquB,CRM,2024,2,,,36049109.0,unmatched,False,
skechers,co_brand,Retail Display,2024,12,,,0.0,unmatched,False,
skechers work,0B3nG0mGQ,CRM,2025,1,,,1340230.0,unmatched,False,
skechers work,6189516-011592,CRM,2023,10,,,220004.0,unmatched,False,
skechers work,6189516-011593,CRM,2023,10,,,411730.0,unmatched,False,
skechers work,6189516-012230,CRM,2023,12,,,60480.0,unmatched,False,
skechers work,7hGOi2PIs,CRM,2025,2,,,1272315.0,unmatched,False,
SKECHERS WORK,aon_skechers,Sponsored Products,2026,4,,,890062.0,unmatched,False,
SKECHERS WORK,aon_skechers_marzo,Sponsored Products,2026,3,,,4850550.0,unmatched,False,
skechers work,Black Marzo 2026,CRM,2026,4,,,3690589.0,unmatched,False,
skechers work,HKtWJ1BcA,CRM,2024,3,,,4681860.0,unmatched,False,
skechers work,ioPigVpaU,CRM,2024,12,,,1841150.0,unmatched,False,
skechers work,MiE3PBidT,CRM,2024,6,,,739845.0,unmatched,False,
skechers work,nW77Gq0kt,CRM,2024,5,,,800853.0,unmatched,False,
skechers work,pfizpDU08,CRM,2025,1,,,691551.0,unmatched,False,
skechers work,ScQ9CbKRj,CRM,2024,5,,,432440.0,unmatched,False,
skechers work,Z6Mp1qV-W,CRM,2024,12,,,1546488.0,unmatched,False,
socoda,black_week,Retail Display,2025,3,BANOS Y COCINAS,500000.0,0.0,probable,True,0.0
socoda,black_week,Retail Display,2025,4,,,0.0,unmatched,False,
soft,,CRM,2025,7,,,0.0,unmatched,False,
soft,,CRM,2025,8,,,0.0,unmatched,False,
soft,,CRM,2025,9,,,9990.0,unmatched,False,
soft,Black Marzo 2026,CRM,2026,3,,,197469.0,unmatched,False,
SOFT,black_week,Sponsored Products,2026,3,,,48760.0,unmatched,False,
soft,hu0AJEarN,CRM,2026,4,,,344209.0,unmatched,False,
soft,jF1j1tA7d,CRM,2025,10,,,143802.0,unmatched,False,
soft,Nd0wdi6id,CRM,2025,10,,,184290.0,unmatched,False,
softys-elite,cyber_day,Retail Display,2024,6,,,0.0,unmatched,False,
sonax,0LiW1rKjW,CRM,2025,1,,,1373614.0,unmatched,False,
sonax,6189516-007910,CRM,2023,1,,,1562387.0,unmatched,False,
sonax,JIKcdv03v,CRM,2025,2,,,1082625.0,unmatched,False,
splendid,,CRM,2023,12,,,115799948.0,unmatched,False,
splendid,,CRM,2025,8,,,19364974.0,unmatched,False,
splendid,,CRM,2025,9,BANOS Y COCINAS,3650000.0,22778236.0,probable,True,6.240612602739726
splendid,,CRM,2025,10,,,35456887.0,unmatched,False,
splendid,,CRM,2025,11,BANOS Y COCINAS,3920000.0,22444790.0,probable,True,5.725711734693878
splendid,,CRM,2025,12,BANOS Y COCINAS,3920000.0,16200924.0,probable,True,4.132888775510204
splendid,,CRM,2026,1,,,21973165.0,unmatched,False,
splendid,,CRM,2026,2,,,12759434.0,unmatched,False,
splendid,,CRM,2026,3,,,24603684.0,unmatched,False,
splendid,,CRM,2026,4,,,25804611.0,unmatched,False,
splendid,,CRM,2026,5,BANOS Y COCINAS,2070000.0,26001002.0,probable,True,12.560870531400965
splendid,0cPZTyHcO,CRM,2024,8,,,16699565.0,unmatched,False,
splendid,149FWfH5s,CRM,2025,1,,,13197609.0,unmatched,False,
splendid,1cBtEF70h,CRM,2025,9,BANOS Y COCINAS,3650000.0,9928339.0,probable,True,2.7200928767123287
splendid,1eNWtM1Pu,CRM,2025,1,,,18113663.0,unmatched,False,
splendid,2GvVkaFui,CRM,2024,6,,,48893567.0,unmatched,False,
splendid,4Svz05MKt,CRM,2024,3,,,27566932.0,unmatched,False,
splendid,53NNaQx8m,CRM,2025,6,,,57687044.0,unmatched,False,
splendid,6189516-007861,CRM,2023,1,,,14242840.0,unmatched,False,
splendid,6189516-008010,CRM,2023,2,,,22101968.0,unmatched,False,
splendid,6189516-008663,CRM,2023,3,,,14124646.0,unmatched,False,
splendid,6189516-008780,CRM,2023,4,,,10969096.0,unmatched,False,
splendid,6189516-008851,CRM,2023,4,,,18166280.0,unmatched,False,
splendid,6189516-009408,CRM,2023,5,,,8633831.0,unmatched,False,
splendid,6189516-009518,CRM,2023,5,,,8946266.0,unmatched,False,
splendid,6189516-010799,CRM,2023,8,,,22039699.0,unmatched,False,
splendid,6189516-011104,CRM,2023,9,,,20389889.0,unmatched,False,
splendid,6189516-011148,CRM,2023,10,,,5855690.0,unmatched,False,
splendid,6189516-011170,CRM,2023,9,,,18760881.0,unmatched,False,
splendid,6189516-011244,CRM,2023,10,,,12751767.0,unmatched,False,
splendid,6189516-011572,CRM,2023,10,,,12122128.0,unmatched,False,
splendid,6189516-012010,CRM,2023,11,,,15722978.0,unmatched,False,
splendid,6189516-012261,CRM,2023,12,,,5812478.0,unmatched,False,
splendid,6189516-012293,CRM,2023,12,,,10379335.0,unmatched,False,
splendid,6189516-012322,CRM,2023,12,,,10247791.0,unmatched,False,
splendid,7f5LoZDsS,CRM,2023,12,,,14357461.0,unmatched,False,
splendid,8gJI64BGt,CRM,2024,12,,,23793806.0,unmatched,False,
splendid,A7FG5cajF,CRM,2024,10,,,17228361.0,unmatched,False,
splendid,ac,Retail Display,2025,1,,,0.0,unmatched,False,
splendid,aire_acondicionado,Retail Display,2024,10,,,0.0,unmatched,False,
splendid,aire_acondicionado,Retail Display,2024,11,,,0.0,unmatched,False,
splendid,aire_acondicionado,Retail Display,2024,12,,,0.0,unmatched,False,
splendid,AlyeGw3Pv,CRM,2025,8,,,19270588.0,unmatched,False,
splendid,ao,Retail Display,2025,9,BANOS Y COCINAS,1000000.0,0.0,probable,True,0.0
splendid,B61y30fTj,CRM,2025,7,,,36462931.0,unmatched,False,
splendid,black_friday,Retail Display,2024,11,,,0.0,unmatched,False,
splendid,black_friday,Retail Display,2024,12,,,0.0,unmatched,False,
splendid,black_week,Retail Display,2025,3,,,0.0,unmatched,False,
splendid,black_week,Retail Display,2025,4,ELECTROHOGAR,2000000.0,0.0,probable,True,0.0
SPLENDID,black_week,Sponsored Products,2026,3,BANOS Y COCINAS,1000000.0,20803567.0,probable,True,20.803567
splendid,bombas,Retail Display,2025,1,,,0.0,unmatched,False,
splendid,bombas,Retail Display,2025,2,,,0.0,unmatched,False,
splendid,BqUMOVCeS,CRM,2024,8,,,24280009.0,unmatched,False,
splendid,calefont,Retail Display,2025,4,ELECTROHOGAR,2000000.0,0.0,probable,True,0.0
splendid,ctqHp3jaq,CRM,2024,11,,,20502387.0,unmatched,False,
splendid,ddEMkhpm2,CRM,2024,6,,,30870624.0,unmatched,False,
splendid,dGSU4z6mN,CRM,2024,6,,,11135137.0,unmatched,False,
splendid,drdU1E73B,CRM,2024,6,,,9353677.0,unmatched,False,
splendid,E2G7cJqOp,CRM,2025,6,,,27512324.0,unmatched,False,
splendid,FCg8pyBxs,CRM,2025,11,BANOS Y COCINAS,3920000.0,11747923.0,probable,True,2.996919132653061
splendid,fhloIoqKR,CRM,2025,3,,,22755403.0,unmatched,False,
splendid,filtros,Retail Display,2025,5,,,0.0,unmatched,False,
splendid,filtros,Retail Display,2025,6,,,0.0,unmatched,False,
splendid,filtros,Retail Display,2025,7,,,0.0,unmatched,False,
splendid,-gLfAKXqD,CRM,2025,10,,,5802601.0,unmatched,False,
splendid,GMbyLl5uW,CRM,2025,12,BANOS Y COCINAS,3920000.0,11664675.0,probable,True,2.9756823979591838
splendid,hLagGtzE5,CRM,2025,9,BANOS Y COCINAS,3650000.0,18452760.0,probable,True,5.055550684931507
splendid,ihgok0nyj,CRM,2025,10,,,15928810.0,unmatched,False,
splendid,IipLqVnGY,CRM,2025,10,,,8678716.0,unmatched,False,
splendid,JAcLLsjbL,CRM,2025,2,,,22247916.0,unmatched,False,
splendid,kAuf4tSYK,CRM,2024,11,,,18415927.0,unmatched,False,
splendid,lavamanos,Retail Display,2025,5,,,0.0,unmatched,False,
splendid,lavamanos,Retail Display,2025,6,,,0.0,unmatched,False,
splendid,ou4hRzvE2,CRM,2024,10,,,24169596.0,unmatched,False,
splendid,ppi,Retail Display,2025,6,,,0.0,unmatched,False,
splendid,ppi,Retail Display,2025,7,,,0.0,unmatched,False,
splendid,ps0MfSPJV,CRM,2024,11,,,23754202.0,unmatched,False,
splendid,Qlmgpguyw,CRM,2024,1,,,17794905.0,unmatched,False,
splendid,renovaciones,Retail Display,2025,1,,,0.0,unmatched,False,
splendid,renovaciones,Retail Display,2025,2,,,0.0,unmatched,False,
splendid,rOtSULunK,CRM,2024,7,,,39641523.0,unmatched,False,
splendid,SSrfRJCGk,CRM,2025,10,,,14405871.0,unmatched,False,
splendid,tmU6XZ8wb,CRM,2025,2,,,18221173.0,unmatched,False,
splendid,TWT6cIDL7,CRM,2025,6,,,11581274.0,unmatched,False,
splendid,UsWo7qQ8x,CRM,2025,4,ELECTROHOGAR,2000000.0,34060588.0,probable,True,17.030294
splendid,vl7GBpdfz,CRM,2025,1,,,24178388.0,unmatched,False,
splendid,VsSdreJDx,CRM,2025,11,BANOS Y COCINAS,3920000.0,14307533.0,probable,True,3.6498808673469387
splendid,vY0RNrDQA,CRM,2025,1,,,11761223.0,unmatched,False,
splendid,wxxwsJzKb,CRM,2024,12,,,21112517.0,unmatched,False,
splendid,X,CRM,2024,9,,,65877753.0,unmatched,False,
splendid,X,CRM,2024,10,,,73338493.0,unmatched,False,
splendid,X7pzYP8Ke,CRM,2025,8,,,8943753.0,unmatched,False,
splendid,xklY6Ch4u,CRM,2025,1,,,25503136.0,unmatched,False,
splendid,xT4Ymwmjy,CRM,2024,2,,,17097238.0,unmatched,False,
splendid,xtsxueINN,CRM,2024,6,,,26978581.0,unmatched,False,
splendid,Y8ZsI9uoV,CRM,2025,7,,,18295366.0,unmatched,False,
splendid,YZBioI4vS,CRM,2025,4,ELECTROHOGAR,2000000.0,26188125.0,probable,True,13.0940625
splendid,ZAsQFoDME,CRM,2024,1,,,17117233.0,unmatched,False,
splendid,zirMhQpSz,CRM,2024,7,,,53926878.0,unmatched,False,
splendid-rheem,ao,Retail Display,2025,11,,,0.0,unmatched,False,
splendid-rheem,ao,Retail Display,2025,12,,,0.0,unmatched,False,
splendid-rheem,aon_marzo_rheem_2026,Retail Display,2026,3,,,0.0,unmatched,False,
splendid-rheem,aon_rheem_2026,Retail Display,2026,1,,,0.0,unmatched,False,
splendid-rheem,aon_rheem_febrero_2026,Retail Display,2026,2,,,0.0,unmatched,False,
splendid-rheem,calefont,Retail Display,2025,6,,,0.0,unmatched,False,
splendid-rheem,calefont,Retail Display,2025,7,,,0.0,unmatched,False,
splendid-rheem,calefont_ppi,Retail Display,2025,6,,,0.0,unmatched,False,
STANFORD,aon_enero_muebles,Sponsored Products,2026,1,,,107980.0,unmatched,False,
STANFORD,aon_febrero_2026,Sponsored Products,2026,2,,,114980.0,unmatched,False,
STANFORD,aon_febrero_muebles_2026,Sponsored Products,2026,2,,,489960.0,unmatched,False,
STANFORD,black_week,Sponsored Products,2026,3,,,284960.0,unmatched,False,
stanley,,CRM,2025,7,,,227977.0,unmatched,False,
stanley,,CRM,2025,8,,,3117470.0,unmatched,False,
stanley,,CRM,2025,9,,,3888907.0,unmatched,False,
stanley,,CRM,2025,10,,,4672462.0,unmatched,False,
stanley,,CRM,2025,11,,,5702381.0,unmatched,False,
stanley,,CRM,2025,12,,,3450265.0,unmatched,False,
stanley,,CRM,2026,1,,,1914184.0,unmatched,False,
stanley,,CRM,2026,2,,,1676987.0,unmatched,False,
stanley,,CRM,2026,3,,,4363911.0,unmatched,False,
stanley,,CRM,2026,4,,,3145490.0,unmatched,False,
stanley,,CRM,2026,5,,,2005409.0,unmatched,False,
stanley,2IwM2LoUF,CRM,2024,8,,,3821562.0,unmatched,False,
stanley,3HDTBjpUn,CRM,2024,4,,,2704789.0,unmatched,False,
stanley,3jW60WEQ3,CRM,2024,6,,,7014500.0,unmatched,False,
stanley,5wE3Vqee1,CRM,2024,10,,,6578224.0,unmatched,False,
stanley,6189516-008024,CRM,2023,2,,,2918942.0,unmatched,False,
stanley,6189516-008411,CRM,2023,3,,,6957265.0,unmatched,False,
stanley,6189516-008544,CRM,2023,3,,,2830770.0,unmatched,False,
stanley,6189516-008673,CRM,2023,3,,,2450159.0,unmatched,False,
stanley,6189516-008913,CRM,2023,4,,,4825717.0,unmatched,False,
stanley,6189516-009031,CRM,2023,4,,,4675967.0,unmatched,False,
stanley,6189516-009178,CRM,2023,5,,,2850584.0,unmatched,False,
stanley,6189516-009378,CRM,2023,5,,,6245840.0,unmatched,False,
stanley,6189516-009844,CRM,2023,6,,,2875917.0,unmatched,False,
stanley,6189516-010159,CRM,2023,7,,,1284053.0,unmatched,False,
stanley,6189516-010529,CRM,2023,8,,,4635357.0,unmatched,False,
stanley,6189516-011231,CRM,2023,10,,,3442835.0,unmatched,False,
stanley,6189516-011980,CRM,2023,11,,,1608315.0,unmatched,False,
stanley,84Gcu-iWN,CRM,2024,6,,,30731617.0,unmatched,False,
stanley,8GmCiKf2V,CRM,2024,7,,,9372280.0,unmatched,False,
stanley,94mL3Y6q2,CRM,2024,8,,,17132258.0,unmatched,False,
stanley,aon_trigger,CRM,2025,7,,,732281.0,unmatched,False,
stanley,aon_trigger,CRM,2025,8,,,1757712.0,unmatched,False,
stanley,aon_trigger,CRM,2025,9,,,1511835.0,unmatched,False,
stanley,aon_trigger,CRM,2025,10,,,3840680.0,unmatched,False,
stanley,aon_trigger,CRM,2025,11,,,4399814.0,unmatched,False,
stanley,aon_trigger,CRM,2025,12,,,4972357.0,unmatched,False,
stanley,aon_trigger,CRM,2026,1,,,4918487.0,unmatched,False,
stanley,aon_trigger,CRM,2026,2,,,3074664.0,unmatched,False,
stanley,aon_trigger,CRM,2026,3,,,1679361.0,unmatched,False,
stanley,aon_trigger,CRM,2026,4,,,4247006.0,unmatched,False,
stanley,aon_trigger,CRM,2026,5,,,2126644.0,unmatched,False,
stanley,bGg0QOxUh,CRM,2024,5,,,16670536.0,unmatched,False,
stanley,bkgoghi8N,CRM,2024,12,,,4935512.0,unmatched,False,
stanley,DelHdb08F,CRM,2024,8,,,9381196.0,unmatched,False,
stanley,eu42oO3Gw,CRM,2025,6,,,7975802.0,unmatched,False,
stanley,FDxP4lIEu,CRM,2024,12,,,5268978.0,unmatched,False,
stanley,IGzNWQqlM,CRM,2025,10,,,4896855.0,unmatched,False,
stanley,IYTtkq5xe,CRM,2024,7,,,4803456.0,unmatched,False,
stanley,-jAr66174,CRM,2024,6,,,14587515.0,unmatched,False,
stanley,kn0Q22aNG,CRM,2024,2,,,4526111.0,unmatched,False,
stanley,MqwwjmTXe,CRM,2025,6,,,3209977.0,unmatched,False,
stanley,PuV70AwA1,CRM,2024,7,,,11170561.0,unmatched,False,
stanley,rv0LDwfSl,CRM,2025,4,,,5282588.0,unmatched,False,
stanley,s4mBMyQE-,CRM,2024,6,,,8081235.0,unmatched,False,
stanley,TuXImOitq,CRM,2024,4,,,4412459.0,unmatched,False,
stanley,uIz-d--xC,CRM,2025,4,,,2482602.0,unmatched,False,
stanley,uyfSZoICV,CRM,2024,7,,,8323719.0,unmatched,False,
stanley,X,CRM,2024,9,,,9849913.0,unmatched,False,
stanley,X,CRM,2024,10,,,15238965.0,unmatched,False,
stanley,XvJ9rdTwd,CRM,2024,9,,,3031979.0,unmatched,False,
stanley,XXXXXX,CRM,2024,9,,,3673412.0,unmatched,False,
stanley,zC702ltrn,CRM,2025,4,,,4604760.0,unmatched,False,
stanley,ZIeWzT5gv,CRM,2025,5,,,8037223.0,unmatched,False,
star_capital,piscinas,Retail Display,2024,12,,,0.0,unmatched,False,
star_capital,piscinas,Retail Display,2025,1,,,0.0,unmatched,False,
starlink,0eijXXMcp,CRM,2024,5,,,1956930.0,unmatched,False,
starlink,7t9qIMDXo,CRM,2024,7,,,1010970.0,unmatched,False,
starlink,campana_starlink,CRM,2026,2,CASA INTELIGENTE,1100000.0,0.0,probable,True,0.0
starlink,campana_starlink,CRM,2026,3,CASA INTELIGENTE,1100000.0,0.0,probable,True,0.0
starlink,campana_starlink,CRM,2026,4,CASA INTELIGENTE,1100000.0,0.0,probable,True,0.0
starlink,campana_starlink,CRM,2026,5,,,0.0,unmatched,False,
starlink,cyber_monday,Retail Display,2025,10,CASA INTELIGENTE,400000.0,0.0,probable,True,0.0
starlink,jgbBQEUDg,CRM,2025,3,CASA INTELIGENTE,300000.0,2484859.0,probable,True,8.282863333333333
starlink,lcfjZb-WB,CRM,2024,6,,,269990.0,unmatched,False,
stihl,8DfomOhwG,CRM,2024,11,,,10251776.0,unmatched,False,
stihl,aCqfery53,CRM,2024,9,,,0.0,unmatched,False,
stihl,AON Enero,CRM,2026,1,JARDIN,1200000.0,3258680.0,probable,True,2.7155666666666667
stihl,aon_stihl,Google,2026,4,JARDIN,900000.0,11752285.0,probable,True,13.058094444444444
stihl,aon_stihl,Google,2026,5,JARDIN,900000.0,1814070.0,probable,True,2.015633333333333
STIHL,aon_stihl,Sponsored Products,2026,4,JARDIN,500000.0,6433172.0,probable,True,12.866344
stihl,apOGU9hxL,CRM,2025,4,JARDIN,450000.0,6781756.0,probable,True,15.07056888888889
stihl,Black Week Marzo 2026,CRM,2026,3,JARDIN,900000.0,3448905.0,probable,True,3.832116666666667
stihl,eSqH3cJRd,CRM,2024,3,,,16578529.0,unmatched,False,
stihl,jardin_fest,Google,2025,4,JARDIN,500000.0,0.0,probable,True,0.0
stihl,jardin_fest,Google,2025,5,,,0.0,unmatched,False,
stihl,jardin_fest,Meta,2025,4,,,0.0,unmatched,False,
stihl,jardin_fest,Meta,2025,5,,,0.0,unmatched,False,
stihl,jardin_fest,Retail Display,2025,4,JARDIN,1100000.0,0.0,probable,True,0.0
stihl,jardin_fest,Retail Display,2025,5,,,0.0,unmatched,False,
stihl,OJEpYkjXV,CRM,2025,4,JARDIN,450000.0,3273307.0,probable,True,7.274015555555556
stihl,Pagy6Es-k,CRM,2025,6,,,4027561.0,unmatched,False,
stihl,TuBlo24Xk,CRM,2025,5,JARDIN,1048539.0,28307011.0,probable,True,26.996621966374164
stihl-trex,jardin,Retail Display,2024,11,,,0.0,unmatched,False,
stretto,5iAQJuAlg,CRM,2025,6,,,6323706.0,unmatched,False,
stretto,6189516-007986,CRM,2023,2,,,13032509.0,unmatched,False,
stretto,7VBOygjet,CRM,2025,3,BANOS Y COCINAS,0.0,23221255.0,probable,False,
stretto,8qTIJaQaq,CRM,2025,1,BANOS Y COCINAS,0.0,23606476.0,probable,False,
STRETTO,aon_stretto,Sponsored Products,2026,4,,,3804271.0,unmatched,False,
STRETTO,black_week,Sponsored Products,2026,3,BANOS Y COCINAS,200000.0,14555206.0,probable,True,72.77603
stretto,cyber_monday,Retail Display,2024,9,,,0.0,unmatched,False,
stretto,cyber_monday,Retail Display,2024,10,,,0.0,unmatched,False,
stretto,fhAilO8T1,CRM,2025,6,,,20902024.0,unmatched,False,
stretto,h2VmlU2xO,CRM,2025,10,,,11198114.0,unmatched,False,
stretto,rlg7lzZCb,CRM,2024,5,,,12477970.0,unmatched,False,
stretto,RsWes2wiU,CRM,2025,10,,,6251324.0,unmatched,False,
stretto,uFBByxs1z,CRM,2025,11,BANOS Y COCINAS,1200000.0,16690528.0,probable,True,13.908773333333333
stretto,uMADB1-Bw,CRM,2024,6,,,2071606.0,unmatched,False,
stretto,-VhtFBhkd,CRM,2024,6,,,27215509.0,unmatched,False,
stretto,X,CRM,2024,9,,,24007136.0,unmatched,False,
stretto,X,CRM,2024,10,,,13092461.0,unmatched,False,
stretto,yxOGxL4HJ,CRM,2025,8,PISOS Y MUROS,200000.0,3224543.0,probable,True,16.122715
sumup,6189516-008336,CRM,2023,3,,,23990.0,unmatched,False,
sumup,6189516-008337,CRM,2023,3,,,0.0,unmatched,False,
sumup,6189516-008588,CRM,2023,3,,,0.0,unmatched,False,
sumup,6189516-008812,CRM,2023,4,,,29990.0,unmatched,False,
sumup,6189516-009449,CRM,2023,5,,,21990.0,unmatched,False,
sumup,6189516-009520,CRM,2023,5,,,0.0,unmatched,False,
sumup,6189516-010114,CRM,2023,7,,,0.0,unmatched,False,
sumup,6189516-010201,CRM,2023,7,,,0.0,unmatched,False,
sumup,6189516-010412,CRM,2023,8,,,59980.0,unmatched,False,
sumup,6189516-010871,CRM,2023,9,,,0.0,unmatched,False,
sumup,6189516-010966,CRM,2023,9,,,19990.0,unmatched,False,
sumup,6189516-011415,CRM,2023,10,,,39980.0,unmatched,False,
SUPER CERAMICA,aon_marzo_2026,Sponsored Products,2026,3,,,626743.0,unmatched,False,
SUPER CERAMICA,tactico_febrero_2026,Sponsored Products,2026,2,,,1114250.0,unmatched,False,
tajamar,tc,Retail Display,2025,12,,,0.0,unmatched,False,
tcl,ao,Google,2025,12,ELECTROHOGAR,357348.0,1768628.0,probable,True,4.9493155131692355
teka,,CRM,2026,1,ELECTROHOGAR,2100000.0,2219830.0,probable,True,1.0570619047619048
teka,,CRM,2026,2,ELECTROHOGAR,2100000.0,13067785.0,probable,True,6.222754761904762
teka,,CRM,2026,3,ELECTROHOGAR,900000.0,12602942.0,probable,True,14.003268888888888
teka,,CRM,2026,4,ELECTROHOGAR,1700000.0,2190513.0,probable,True,1.2885370588235294
teka,,Retail Display,2024,12,,,0.0,unmatched,False,
teka,2CnfSwPJH,CRM,2025,6,,,4968746.0,unmatched,False,
teka,6189516-009406,CRM,2023,5,,,7904576.0,unmatched,False,
teka,6189516-009517,CRM,2023,5,,,4188665.0,unmatched,False,
teka,6189516-009528,CRM,2023,5,,,2961120.0,unmatched,False,
teka,7eQFxsjdr,CRM,2024,12,,,6426803.0,unmatched,False,
teka,alDIuhA4X,CRM,2025,9,ELECTROHOGAR,500000.0,1208961.0,probable,True,2.417922
teka,aon_teka_2026,CRM,2026,2,ELECTROHOGAR,2100000.0,2254024.0,probable,True,1.0733447619047618
teka,aon_teka_2026,CRM,2026,3,ELECTROHOGAR,900000.0,17083724.0,probable,True,18.981915555555556
teka,aon_teka_2026,CRM,2026,4,ELECTROHOGAR,1700000.0,3357860.0,probable,True,1.9752117647058824
teka,Bd8Sg2q2f,CRM,2024,7,,,16511072.0,unmatched,False,
teka,Black Marzo TEKA EMPOTRADOS 2026,CRM,2026,3,ELECTROHOGAR,900000.0,32671900.0,probable,True,36.30211111111111
TEKA,black_week,Sponsored Products,2026,3,,,22371012.0,unmatched,False,
teka,bUPEY4sC7,CRM,2024,8,,,4801029.0,unmatched,False,
teka,byc,Retail Display,2025,12,,,0.0,unmatched,False,
teka,byc_black_friday,Retail Display,2025,11,,,0.0,unmatched,False,
teka,byc_black_friday,Retail Display,2025,12,,,0.0,unmatched,False,
teka,byc_semana_marca,Retail Display,2025,11,,,0.0,unmatched,False,
teka,cLfm7hwvq,CRM,2024,8,,,17051774.0,unmatched,False,
teka,cyber_monday,Retail Display,2024,9,,,0.0,unmatched,False,
teka,cyber_monday,Retail Display,2024,10,,,0.0,unmatched,False,
teka,dO6PQa0gE,CRM,2025,10,ELECTROHOGAR,500000.0,2917110.0,probable,True,5.83422
teka,electro_black_week,Retail Display,2025,3,ELECTROHOGAR,300000.0,0.0,probable,True,0.0
teka,electro_black_week,Retail Display,2025,4,,,0.0,unmatched,False,
teka,electroweek,Retail Display,2025,8,ELECTROHOGAR,1100000.0,0.0,probable,True,0.0
teka,electroweek,Retail Display,2025,9,ELECTROHOGAR,1300000.0,0.0,probable,True,0.0
teka,empotrados,Retail Display,2025,12,,,0.0,unmatched,False,
teka,empotrados_black_friday,Retail Display,2025,11,,,0.0,unmatched,False,
teka,empotrados_black_friday,Retail Display,2025,12,,,0.0,unmatched,False,
teka,esNBiJesH,CRM,2025,11,,,2058831.0,unmatched,False,
teka,I-VkNzTA5,CRM,2025,11,,,5806905.0,unmatched,False,
teka,K3VMiDP93,CRM,2025,9,ELECTROHOGAR,500000.0,1614920.0,probable,True,3.22984
teka,l0DnQfIul,CRM,2025,11,,,4506355.0,unmatched,False,
teka,LKxPbM2lV,CRM,2025,11,,,26657096.0,unmatched,False,
teka,PJA0xZN9s,CRM,2024,8,,,4349160.0,unmatched,False,
teka,semana_marca,Retail Display,2025,11,,,0.0,unmatched,False,
teka,semanateka,Retail Display,2025,9,ELECTROHOGAR,1300000.0,0.0,probable,True,0.0
teka,UmqghRi5x,CRM,2025,1,BANOS Y COCINAS,2000000.0,8950362.0,probable,True,4.475181
teka,wt8GvYQiC,CRM,2025,3,ELECTROHOGAR,1800000.0,4156870.0,probable,True,2.309372222222222
teka,X,CRM,2024,9,,,8529576.0,unmatched,False,
teka,X,CRM,2024,10,,,3319279.0,unmatched,False,
teka,YwsBjGMJH,CRM,2025,4,,,2306170.0,unmatched,False,
teka-baño,black_friday,Retail Display,2024,11,,,0.0,unmatched,False,
teka-baño,black_friday,Retail Display,2024,12,,,0.0,unmatched,False,
teka_byc,cyber_day,Retail Display,2025,6,,,0.0,unmatched,False,
teka_byc,cyber_monday,Retail Display,2025,10,,,0.0,unmatched,False,
teka_electro,cyber_monday,Retail Display,2025,10,,,0.0,unmatched,False,
tenki,6189516-009417,CRM,2023,5,,,6716785.0,unmatched,False,
tenki,6189516-010290,CRM,2023,7,,,0.0,unmatched,False,
tenki,b7kmDBirx,CRM,2025,6,,,1199910.0,unmatched,False,
termohome,ao,Retail Display,2025,9,,,0.0,unmatched,False,
termohome,ao,Retail Display,2025,10,PUERTAS/VENTANAS/MOLDURAS,200000.0,0.0,probable,True,0.0
termohome,ao,Retail Display,2025,11,,,0.0,unmatched,False,
termohome,ao,Retail Display,2025,12,PUERTAS/VENTANAS/MOLDURAS,200000.0,0.0,probable,True,0.0
termohome,black_friday,Retail Display,2025,11,,,0.0,unmatched,False,
termohome,black_friday,Retail Display,2025,12,PUERTAS/VENTANAS/MOLDURAS,200000.0,0.0,probable,True,0.0
termohome,black_week,Retail Display,2026,3,,,0.0,unmatched,False,
termohome,black_week,Retail Display,2026,4,PUERTAS/VENTANAS/MOLDURAS,200000.0,0.0,probable,True,0.0
termohome,cyber_day,Retail Display,2025,6,,,0.0,unmatched,False,
termohome,cyber_monday,Retail Display,2024,9,,,0.0,unmatched,False,
termohome,cyber_monday,Retail Display,2024,10,,,0.0,unmatched,False,
termohome,pgOUf4tcy,CRM,2024,6,,,9114473.0,unmatched,False,
TERMOHOME,tactico_sp,Sponsored Products,2026,2,PUERTAS/VENTANAS/MOLDURAS,200000.0,405990.0,probable,True,2.02995
termohome,X,CRM,2024,10,,,2960600.0,unmatched,False,
tesa,6189516-007773,CRM,2023,1,,,2483288.0,unmatched,False,
tesa,6189516-011150,CRM,2023,10,,,1590486.0,unmatched,False,
tesa,6189516-011254,CRM,2023,10,,,1229958.0,unmatched,False,
tesa,6189516-011676,CRM,2023,11,,,2060982.0,unmatched,False,
tesa,6189516-011884,CRM,2023,11,,,1184822.0,unmatched,False,
tesa,6189516-012047,CRM,2023,11,,,2884081.0,unmatched,False,
tesa,6189516-012351,CRM,2023,12,,,3114711.0,unmatched,False,
tesa,b372XRojD,CRM,2024,4,,,113910.0,unmatched,False,
tesa,djIRp9Re0,CRM,2024,7,,,3514066.0,unmatched,False,
tesa,GK5h6HPtp,CRM,2024,7,,,5241942.0,unmatched,False,
tesa,HWTX5xaLK,CRM,2024,4,,,3968071.0,unmatched,False,
tesa,noNOYUaiT,CRM,2024,7,,,2688300.0,unmatched,False,
tesa,OO4V4VUaO,CRM,2024,4,,,3702055.0,unmatched,False,
tesa,qmDgiz8ex,CRM,2024,3,,,3818472.0,unmatched,False,
the pink stuff,BAwuMcj7k,CRM,2024,7,,,1836054.0,unmatched,False,
thermohome,black_week,Retail Display,2025,3,,,0.0,unmatched,False,
thermohome,black_week,Retail Display,2025,4,,,0.0,unmatched,False,
thermos,6189516-008394,CRM,2023,3,,,3122552.0,unmatched,False,
thomas,,CRM,2025,8,ELECTROHOGAR,750000.0,21573494.0,probable,True,28.764658666666666
thomas,,CRM,2025,9,ELECTROHOGAR,1750000.0,20759311.0,probable,True,11.862463428571429
thomas,,CRM,2025,10,,,32261355.0,unmatched,False,
thomas,,CRM,2025,11,ELECTROHOGAR,2000000.0,23546480.0,probable,True,11.77324
thomas,,CRM,2025,12,ELECTROHOGAR,750000.0,18918260.0,probable,True,25.224346666666666
thomas,,CRM,2026,1,ELECTROHOGAR,750000.0,17865926.0,probable,True,23.821234666666665
thomas,,CRM,2026,2,,,13320415.0,unmatched,False,
thomas,,CRM,2026,3,,,12758739.0,unmatched,False,
thomas,,CRM,2026,4,,,11642916.0,unmatched,False,
thomas,,CRM,2026,5,ELECTROHOGAR,750000.0,7718339.0,probable,True,10.291118666666666
thomas,4Etw8nfN9,CRM,2025,10,,,5695051.0,unmatched,False,
THOMAS,aon_thomas_lb,Sponsored Products,2026,4,,,3479920.0,unmatched,False,
thomas,black_friday,Retail Display,2025,11,,,0.0,unmatched,False,
thomas,black_friday,Retail Display,2025,12,ELECTROHOGAR,500000.0,0.0,probable,True,0.0
THOMAS,black_week,Sponsored Products,2026,3,,,16569350.0,unmatched,False,
thomas,electrodomesticos,Retail Display,2025,2,,,0.0,unmatched,False,
thomas,electrodomesticos,Retail Display,2025,3,,,0.0,unmatched,False,
thomas,icxIs6g-y,CRM,2025,10,,,6337118.0,unmatched,False,
thomas,kIKU5ufdf,CRM,2025,9,ELECTROHOGAR,1750000.0,13462249.0,probable,True,7.6927137142857145
thomas,la5XgkDAl,CRM,2025,11,ELECTROHOGAR,2000000.0,8842799.0,probable,True,4.4213995
thomas,linea_blanca,Google,2025,2,ELECTROHOGAR,1000000.0,17042322.0,probable,True,17.042322
thomas,linea_blanca,Google,2025,3,ELECTROHOGAR,1000000.0,4701354.0,probable,True,4.701354
thomas,linea_blanca,Google,2025,4,ELECTROHOGAR,1000000.0,1915890.0,probable,True,1.91589
thomas,linea_blanca,Google,2025,5,ELECTROHOGAR,1000000.0,4714460.0,probable,True,4.71446
thomas,linea_blanca,Google,2025,6,ELECTROHOGAR,1000000.0,1568690.0,probable,True,1.56869
thomas,linea_blanca,Google,2025,7,ELECTROHOGAR,1500000.0,1856335.0,probable,True,1.2375566666666666
thomas,linea_blanca,Meta,2025,7,,,12990.0,unmatched,False,
thomas,linea_blanca,Retail Display,2025,2,,,0.0,unmatched,False,
thomas,linea_blanca,Retail Display,2025,3,,,0.0,unmatched,False,
thomas,linea_blanca,Retail Display,2025,4,ELECTROHOGAR,1000000.0,0.0,probable,True,0.0
thomas,linea_blanca,Retail Display,2025,5,ELECTROHOGAR,500000.0,0.0,probable,True,0.0
thomas,linea_blanca,Retail Display,2025,6,,,0.0,unmatched,False,
thomas,linea_blanca,Retail Display,2025,7,ELECTROHOGAR,500000.0,0.0,probable,True,0.0
thomas,linea_blanca,Retail Display,2025,8,,,0.0,unmatched,False,
thomas,linea_blanca,Retail Display,2025,11,,,0.0,unmatched,False,
thomas,linea_blanca,Retail Display,2025,12,ELECTROHOGAR,500000.0,0.0,probable,True,0.0
thomas,m3nFgM2yr,CRM,2025,10,,,6139816.0,unmatched,False,
thomas,UpsD5ku7u,CRM,2025,6,ELECTROHOGAR,1000000.0,12980046.0,probable,True,12.980046
thomas,vwBzBZ0rn,CRM,2025,10,,,5330687.0,unmatched,False,
THOR,black_week,Sponsored Products,2026,3,,,99990.0,unmatched,False,
tidy cat,4FGhJKjAd,CRM,2024,6,,,180208.0,unmatched,False,
tidy cat,jBV1xJm4R,CRM,2024,7,,,14990.0,unmatched,False,
TOMAHAWK POWER,black_week,Sponsored Products,2026,3,,,0.0,unmatched,False,
top_shoe-skechers_work,ao,Google,2025,5,,,0.0,unmatched,False,
TOPEX,,Sponsored Products,2026,4,,,53000.0,unmatched,False,
TOPEX,black_week,Sponsored Products,2026,3,,,344240.0,unmatched,False,
topex,IZJJXRUFE,CRM,2025,8,,,303887.0,unmatched,False,
TOPEX,tactico_febrero,Sponsored Products,2026,2,,,100210.0,unmatched,False,
TOPSAFE,aon_skechers,Sponsored Products,2026,4,,,59990.0,unmatched,False,
topshoes-skechers,cyber_day,Google,2025,6,,,511790.0,unmatched,False,
topshoes-skechers,cyber_day,Retail Display,2025,6,,,0.0,unmatched,False,
torre,5NH7UBmqr,CRM,2024,3,,,211240.0,unmatched,False,
torre,fATxrf1Yk,CRM,2024,3,,,326240.0,unmatched,False,
torre,oficina,Retail Display,2024,7,,,0.0,unmatched,False,
torre,oficina,Retail Display,2024,8,,,0.0,unmatched,False,
torre,vMAP3pe95,CRM,2024,7,,,0.0,unmatched,False,
total_tools,tc,Retail Display,2025,9,HERRAMIENTAS Y MAQUINARIAS,700000.0,0.0,probable,True,0.0
toyama,iVJ23Ze91,CRM,2025,6,,,681970.0,unmatched,False,
toyama,jardin_fest,Google,2025,4,JARDIN,500000.0,0.0,probable,True,0.0
toyama,jardin_fest,Google,2025,5,JARDIN,800000.0,1630980.0,probable,True,2.038725
toyama,jardin_fest,Google,2025,6,,,11525770.0,unmatched,False,
toyama,jardin_fest,Meta,2025,4,,,0.0,unmatched,False,
toyama,jardin_fest,Meta,2025,5,,,0.0,unmatched,False,
toyama,jardin_fest,Retail Display,2025,4,JARDIN,140000.0,0.0,probable,True,0.0
toyama,jardin_fest,Retail Display,2025,5,,,0.0,unmatched,False,
toyama,n5R3zLbiN,CRM,2025,6,,,122518.0,unmatched,False,
toyotomi,,Otros,2026,5,,,0.0,unmatched,False,
toyotomi,6189516-009158,CRM,2023,5,,,23496024.0,unmatched,False,
toyotomi,6189516-009298,CRM,2023,5,,,47669277.0,unmatched,False,
toyotomi,6189516-009400,CRM,2023,5,,,24779120.0,unmatched,False,
toyotomi,6189516-009510,CRM,2023,5,,,22577615.0,unmatched,False,
toyotomi,6189516-009613,CRM,2023,5,,,35605322.0,unmatched,False,
toyotomi,6189516-009717,CRM,2023,6,,,50194109.0,unmatched,False,
toyotomi,6189516-010290,CRM,2023,7,,,3453545.0,unmatched,False,
toyotomi,6LxoZZDMp,CRM,2025,6,BANOS Y COCINAS,0.0,15272462.0,probable,False,
TOYOTOMI,aon_toyotomi,Sponsored Products,2026,4,,,359990.0,unmatched,False,
TOYOTOMI,black_week,Sponsored Products,2026,3,ELECTROHOGAR,300000.0,2199880.0,probable,True,7.332933333333333
toyotomi,calefont,Retail Display,2025,7,,,0.0,unmatched,False,
toyotomi,co_brand,Google,2024,12,,,2861750.0,unmatched,False,
toyotomi,co_brand,Google,2025,1,ELECTROHOGAR,1000000.0,9659317.0,probable,True,9.659317
toyotomi,co_brand,Google,2025,2,ELECTROHOGAR,1000000.0,3663162.0,probable,True,3.663162
toyotomi,co_brand,Google,2025,3,,,1355490.0,unmatched,False,
toyotomi,co_brand,Google,2025,6,BANOS Y COCINAS,500000.0,6518580.0,probable,True,13.03716
toyotomi,co_brand,Google,2025,7,,,339980.0,unmatched,False,
toyotomi,cyber_day,Google,2025,6,BANOS Y COCINAS,500000.0,0.0,probable,True,0.0
toyotomi,cyber_day,Retail Display,2024,6,,,0.0,unmatched,False,
toyotomi,cyber_day,Retail Display,2025,6,BANOS Y COCINAS,150000.0,0.0,probable,True,0.0
toyotomi,e2784qZll,CRM,2025,7,BANOS Y COCINAS,400000.0,3241260.0,probable,True,8.10315
toyotomi,ha55povRy,CRM,2025,6,BANOS Y COCINAS,0.0,53316900.0,probable,False,
toyotomi,KYx9eiNOM,CRM,2025,8,BANOS Y COCINAS,400000.0,28417347.0,probable,True,71.0433675
toyotomi,lKAJ0DXdo,CRM,2025,2,ELECTROHOGAR,0.0,376980.0,probable,False,
toyotomi,MjsWSzcep,CRM,2025,1,ELECTROHOGAR,0.0,3483820.0,probable,False,
toyotomi,ppi,Retail Display,2025,8,,,0.0,unmatched,False,
toyotomi,QITntObQ8,CRM,2024,6,,,35435603.0,unmatched,False,
toyotomi,relanzamiento_toyotomi,Meta,2026,5,,,14350626.0,unmatched,False,
toyotomi,zPUA0yZ0m,CRM,2024,1,,,2464505.0,unmatched,False,
toyotomi,zs0JMNMeC,CRM,2024,5,,,41397954.0,unmatched,False,
toyotomi_calefont,,Retail Display,2025,6,,,0.0,unmatched,False,
toyotomi_calefont,,Retail Display,2025,7,,,0.0,unmatched,False,
traper,4WqQd8IAP,CRM,2024,7,,,1444656.0,unmatched,False,
traper,6189516-009484,CRM,2023,5,,,1294559.0,unmatched,False,
traper,6189516-009877,CRM,2023,6,,,1385574.0,unmatched,False,
traper,AMWJ6uJkg,CRM,2024,6,,,1474137.0,unmatched,False,
traper,d7IsFyFPV,CRM,2025,5,,,1238054.0,unmatched,False,
traper,kxwMus55G,CRM,2024,5,,,1677230.0,unmatched,False,
traper,mbCcwpZp9,CRM,2025,7,,,11698.0,unmatched,False,
traper,PAJyP7YV6,CRM,2024,7,,,1094248.0,unmatched,False,
traper,QlGlgYFJm,CRM,2025,7,,,1358778.0,unmatched,False,
traper,regalones,Retail Display,2024,5,,,0.0,unmatched,False,
traper,regalones,Retail Display,2024,6,,,0.0,unmatched,False,
traper,regalones,Retail Display,2024,7,,,0.0,unmatched,False,
traper,tg5YHxJKY,CRM,2025,7,,,242150.0,unmatched,False,
traper,xBDvS4tpp,CRM,2025,8,,,774971.0,unmatched,False,
traper,xnh1DiFgh,CRM,2025,6,,,196529.0,unmatched,False,
trex,6189516-009513,CRM,2023,5,,,0.0,unmatched,False,
trex,6189516-009539,CRM,2023,5,,,249990.0,unmatched,False,
TREX,aon_marzo_2026,Sponsored Products,2026,3,,,784980.0,unmatched,False,
TREX,aon_stihl,Sponsored Products,2026,4,,,1350972.0,unmatched,False,
TREX,tactico_febrero_2026,Sponsored Products,2026,2,,,4364960.0,unmatched,False,
trex,tactico_tractores,Google,2026,1,,,11461260.0,unmatched,False,
trex,tractores,Google,2025,11,JARDIN,300000.0,6971980.0,probable,True,23.239933333333333
trex,tractores,Google,2026,2,,,3941910.0,unmatched,False,
trex,tractores,Google,2026,3,,,4934920.0,unmatched,False,
tuhome,,CRM,2025,9,,,3090223.0,unmatched,False,
tuhome,,CRM,2025,10,,,8067594.0,unmatched,False,
tuhome,,CRM,2025,11,,,7724154.0,unmatched,False,
tuhome,,CRM,2025,12,,,2794021.0,unmatched,False,
tuhome,,CRM,2026,1,,,6812385.0,unmatched,False,
tuhome,,CRM,2026,2,,,6741042.0,unmatched,False,
tuhome,,CRM,2026,3,MUEBLES,900000.0,7991508.0,probable,True,8.879453333333334
tuhome,,CRM,2026,4,,,5602118.0,unmatched,False,
tuhome,,CRM,2026,5,,,3003503.0,unmatched,False,
tuhome,0RvmUENmI,CRM,2025,10,,,4334031.0,unmatched,False,
tuhome,0UznZDO09,CRM,2025,8,,,1647103.0,unmatched,False,
tuhome,2a-zc5Sx6,CRM,2024,12,,,2722579.0,unmatched,False,
tuhome,3ckIspkWO,CRM,2025,1,MUEBLES,1900000.0,2092828.0,probable,True,1.1014884210526317
tuhome,40IjrYR8X,CRM,2024,1,,,2129383.0,unmatched,False,
tuhome,6189516-007762,CRM,2023,1,,,6040483.0,unmatched,False,
tuhome,6189516-008000,CRM,2023,2,,,4657570.0,unmatched,False,
tuhome,6189516-008118,CRM,2023,2,,,1262660.0,unmatched,False,
tuhome,6189516-008238,CRM,2023,2,,,1467354.0,unmatched,False,
tuhome,6189516-008382,CRM,2023,3,,,4817875.0,unmatched,False,
tuhome,6189516-008412,CRM,2023,3,,,1206400.0,unmatched,False,
tuhome,6189516-008413,CRM,2023,3,,,895548.0,unmatched,False,
tuhome,6189516-008439,CRM,2023,3,,,2887720.0,unmatched,False,
tuhome,6189516-008530,CRM,2023,3,,,5035285.0,unmatched,False,
tuhome,6189516-008838,CRM,2023,4,,,2486130.0,unmatched,False,
tuhome,6189516-008940,CRM,2023,4,,,2813957.0,unmatched,False,
tuhome,6189516-009048,CRM,2023,4,,,714960.0,unmatched,False,
tuhome,6189516-009052,CRM,2023,4,,,929930.0,unmatched,False,
tuhome,6189516-009248,CRM,2023,5,,,1817430.0,unmatched,False,
tuhome,6189516-009395,CRM,2023,5,,,3661921.0,unmatched,False,
tuhome,6189516-009503,CRM,2023,5,,,891900.0,unmatched,False,
tuhome,6189516-009505,CRM,2023,5,,,1942955.0,unmatched,False,
tuhome,6189516-009521,CRM,2023,5,,,2834984.0,unmatched,False,
tuhome,6189516-009745,CRM,2023,6,,,3236959.0,unmatched,False,
tuhome,6189516-009757,CRM,2023,6,,,2694603.0,unmatched,False,
tuhome,6189516-009926,CRM,2023,6,,,2132830.0,unmatched,False,
tuhome,6189516-010004,CRM,2023,7,,,6270476.0,unmatched,False,
tuhome,6189516-010019,CRM,2023,7,,,3657236.0,unmatched,False,
tuhome,6189516-010020,CRM,2023,7,,,944910.0,unmatched,False,
tuhome,6189516-010188,CRM,2023,7,,,3536690.0,unmatched,False,
tuhome,6189516-010200,CRM,2023,7,,,8210146.0,unmatched,False,
tuhome,6189516-010457,CRM,2023,8,,,4064331.0,unmatched,False,
tuhome,6189516-010748,CRM,2023,8,,,2870759.0,unmatched,False,
tuhome,6189516-010794,CRM,2023,8,,,4019996.0,unmatched,False,
tuhome,6189516-011163,CRM,2023,10,,,5150701.0,unmatched,False,
tuhome,6189516-011169,CRM,2023,9,,,10884811.0,unmatched,False,
tuhome,6189516-011193,CRM,2023,10,,,2813244.0,unmatched,False,
tuhome,6189516-011242,CRM,2023,10,,,1229621.0,unmatched,False,
tuhome,6189516-011260,CRM,2023,9,,,5321131.0,unmatched,False,
tuhome,6189516-011366,CRM,2023,10,,,1060707.0,unmatched,False,
tuhome,6189516-011476,CRM,2023,10,,,2987845.0,unmatched,False,
tuhome,6189516-011650,CRM,2023,10,,,1301920.0,unmatched,False,
tuhome,6189516-011923,CRM,2023,11,,,1789647.0,unmatched,False,
tuhome,6189516-012289,CRM,2023,12,,,2930267.0,unmatched,False,
tuhome,6189516-012354,CRM,2023,12,,,823231.0,unmatched,False,
tuhome,6ZdAMybLx,CRM,2024,5,,,6828565.0,unmatched,False,
tuhome,AdW7f99TQ,CRM,2025,4,MUEBLES,1900000.0,2205274.0,probable,True,1.1606705263157895
TUHOME,aon_byc,Sponsored Products,2026,4,,,226970.0,unmatched,False,
tuhome,AON Enero Muebles,CRM,2026,2,,,641420.0,unmatched,False,
tuhome,aon_enero_muebles,Meta,2026,1,,,0.0,unmatched,False,
tuhome,aon_febrero_2026,Meta,2026,2,,,0.0,unmatched,False,
TUHOME,aon_febrero_2026,Sponsored Products,2026,2,,,2041620.0,unmatched,False,
TUHOME,aon_febrero_2026_byc,Sponsored Products,2026,2,,,1528840.0,unmatched,False,
TUHOME,aon_muebles,Sponsored Products,2026,4,,,489950.0,unmatched,False,
tuhome,bares,Retail Display,2024,6,,,0.0,unmatched,False,
tuhome,bdhKzBD7T,CRM,2025,1,MUEBLES,1900000.0,2763517.0,probable,True,1.4544826315789474
tuhome,BJkVpqlM6,CRM,2024,3,,,1022390.0,unmatched,False,
tuhome,black,Retail Display,2024,7,,,0.0,unmatched,False,
tuhome,black,Retail Display,2024,8,,,0.0,unmatched,False,
TUHOME,black_week,Sponsored Products,2026,3,,,3900050.0,unmatched,False,
tuhome,bNeOA53yY,CRM,2024,10,,,1328014.0,unmatched,False,
tuhome,Bt7DBpVKR,CRM,2025,11,,,434970.0,unmatched,False,
tuhome,copa_america,Retail Display,2024,6,,,0.0,unmatched,False,
tuhome,copa_america,Retail Display,2024,7,,,0.0,unmatched,False,
tuhome,D25o9eKLi,CRM,2024,8,,,11961927.0,unmatched,False,
tuhome,dnJ2eAwxH,CRM,2024,8,,,2676105.0,unmatched,False,
tuhome,DTUte-VbY,CRM,2025,4,MUEBLES,1900000.0,1284810.0,probable,True,0.6762157894736842
tuhome,e0qzknTcU,CRM,2024,12,,,2388440.0,unmatched,False,
tuhome,enpDqkoMD,CRM,2025,11,,,4502015.0,unmatched,False,
tuhome,eVW3qGwMy,CRM,2025,2,,,26261538.0,unmatched,False,
tuhome,fdgVecYE6,CRM,2024,7,,,13256925.0,unmatched,False,
tuhome,fmfMzAjJI,CRM,2024,6,,,1578850.0,unmatched,False,
tuhome,fqTymmfPk,CRM,2025,11,,,1158266.0,unmatched,False,
tuhome,-Gxkkkoxy,CRM,2025,10,,,1532900.0,unmatched,False,
tuhome,GZ-k7nI2u,CRM,2024,7,,,69990.0,unmatched,False,
tuhome,HAgoGkcqq,CRM,2025,2,,,5565908.0,unmatched,False,
tuhome,HRiwbAnNK,CRM,2024,9,,,8491503.0,unmatched,False,
tuhome,iJHPNplY9,CRM,2024,12,,,1205443.0,unmatched,False,
tuhome,iQDHlTXSB,CRM,2024,8,,,16229087.0,unmatched,False,
tuhome,IZpj1dgFO,CRM,2025,3,,,8877780.0,unmatched,False,
tuhome,J0hcfCiQ9,CRM,2024,7,,,847512.0,unmatched,False,
tuhome,JjNyN9Sn4,CRM,2024,10,,,7966840.0,unmatched,False,
tuhome,jvoABF6Zn,CRM,2025,10,,,1346380.0,unmatched,False,
tuhome,KEPNuQPeB,CRM,2024,6,,,650924.0,unmatched,False,
tuhome,KSIlg0ZoN,CRM,2025,6,MUEBLES,2700000.0,2344427.0,probable,True,0.8683062962962963
tuhome,KvtkNZzP6,CRM,2025,7,BANOS Y COCINAS,1900000.0,1998894.0,probable,True,1.0520494736842105
tuhome,lnZ6gFbts,CRM,2024,4,,,1292959.0,unmatched,False,
tuhome,lThQaz0QH,CRM,2025,6,MUEBLES,2700000.0,4813449.0,probable,True,1.7827588888888888
tuhome,m7Vz0MFCp,CRM,2024,6,,,765880.0,unmatched,False,
tuhome,muebles,Retail Display,2024,5,,,0.0,unmatched,False,
tuhome,n76KPzXfn	,CRM,2024,11,,,3666493.0,unmatched,False,
tuhome,nAVslS4c6,CRM,2024,9,,,11869828.0,unmatched,False,
tuhome,nYCFVUS2O,CRM,2024,12,,,552940.0,unmatched,False,
tuhome,OcHk5HxaS,CRM,2025,10,,,1761850.0,unmatched,False,
tuhome,oFDbX03uI,CRM,2025,11,,,732931.0,unmatched,False,
tuhome,PcCSiUM1X,CRM,2025,2,,,3202020.0,unmatched,False,
tuhome,pfzwzPBlq,CRM,2025,6,MUEBLES,2700000.0,2175790.0,probable,True,0.8058481481481482
tuhome,PJ12yIHpB,CRM,2025,10,,,2444489.0,unmatched,False,
tuhome,pl8j7z6Fh,CRM,2024,1,,,2362232.0,unmatched,False,
tuhome,QOGl5BSR3,CRM,2025,3,,,7125866.0,unmatched,False,
tuhome,QSrq4cxUd,CRM,2025,7,BANOS Y COCINAS,1900000.0,6185140.0,probable,True,3.255336842105263
tuhome,qvyPCjdta,CRM,2024,7,,,1530604.0,unmatched,False,
tuhome,R01Jgu6Sd,CRM,2025,5,,,6215596.0,unmatched,False,
tuhome,r4n3nx6KS,CRM,2024,7,,,6535627.0,unmatched,False,
tuhome,tGECMbXLF,CRM,2024,5,,,30067376.0,unmatched,False,
tuhome,Tuy1OtwWr,CRM,2025,6,MUEBLES,2700000.0,2087253.0,probable,True,0.7730566666666666
tuhome,URttd-LDY,CRM,2025,3,,,5636684.0,unmatched,False,
tuhome,vk1jctztb,CRM,2025,5,,,19577366.0,unmatched,False,
tuhome,wfp-lwcqY,CRM,2024,3,,,1610405.0,unmatched,False,
tuhome,X8F-Pajbi,CRM,2024,3,,,2985430.0,unmatched,False,
tuhome,XqLBymsYx,CRM,2025,7,BANOS Y COCINAS,1900000.0,2460800.0,probable,True,1.295157894736842
tuhome,xtx2esD32,CRM,2025,3,,,7537379.0,unmatched,False,
tuhome,Y-4HQsyfQ,CRM,2024,12,,,12107861.0,unmatched,False,
tuhome,YKlDLxftY,CRM,2024,2,,,2126755.0,unmatched,False,
tuhome,yrGlnDExO,CRM,2024,4,,,1970149.0,unmatched,False,
tuhome,ze78xVjK7,CRM,2024,11,,,19746576.0,unmatched,False,
tuhome,zUWHpuMRy,CRM,2024,10,,,1490122.0,unmatched,False,
tvilum,6189516-008701,CRM,2023,3,,,1314460.0,unmatched,False,
tvilum,6189516-008749,CRM,2023,4,,,4478033.0,unmatched,False,
TX,,Sponsored Products,2026,4,,,487960.0,unmatched,False,
tx,black_friday,Retail Display,2025,11,OBRA GRUESA,20106.0,0.0,probable,True,0.0
tx,black_friday,Retail Display,2025,12,,,0.0,unmatched,False,
tx,Black Marzo 2026,CRM,2026,3,OBRA GRUESA,0.0,813990.0,probable,False,
tx,black_week,Retail Display,2026,3,,,0.0,unmatched,False,
tx,black_week,Retail Display,2026,4,OBRA GRUESA,400000.0,0.0,probable,True,0.0
TX,black_week,Sponsored Products,2026,3,,,1696080.0,unmatched,False,
ugreen,cyber_monday,Retail Display,2025,10,ELECTRICIDAD,200000.0,0.0,probable,True,0.0
ultu,6189516-009759,CRM,2023,6,,,0.0,unmatched,False,
unilever,co_brand,Google,2024,10,,,0.0,unmatched,False,
unilever,co_brand,Google,2025,4,,,0.0,unmatched,False,
unilever,co_brand,Google,2025,5,,,59940.0,unmatched,False,
unilever,co_brand,Google,2025,12,,,386214.0,unmatched,False,
unilever,cyber_monday,Retail Display,2024,9,,,0.0,unmatched,False,
unilever,cyber_monday,Retail Display,2024,10,,,0.0,unmatched,False,
unilever-omo,black_friday,Retail Display,2024,11,,,0.0,unmatched,False,
unilever-omo,black_friday,Retail Display,2024,12,,,0.0,unmatched,False,
unilever-omo,black_week,Meta,2026,3,,,0.0,unmatched,False,
unilever-omo,black_week,Retail Display,2025,3,,,0.0,unmatched,False,
unilever-omo,black_week,Retail Display,2025,4,,,0.0,unmatched,False,
unilever-omo-drive-quix,cyber_day,Retail Display,2025,6,,,0.0,unmatched,False,
unilever-omo-drive-quix,cyber_monday,Retail Display,2025,10,,,0.0,unmatched,False,
ursus_trotter,aon_febrero_electrodomesticos_2026,Retail Display,2026,4,ELECTROHOGAR,450000.0,0.0,probable,True,0.0
URSUS TROTTER,aon_ursus_trotter,Sponsored Products,2026,4,,,4050240.0,unmatched,False,
ursus trotter,AvUIiZMj0,CRM,2024,6,,,10973235.0,unmatched,False,
ursus_trotter,black_friday,Retail Display,2025,11,ELECTROHOGAR,600000.0,0.0,probable,True,0.0
ursus_trotter,black_friday,Retail Display,2025,12,,,0.0,unmatched,False,
ursus_trotter,black_out,Retail Display,2025,7,,,0.0,unmatched,False,
ursus_trotter,black_out,Retail Display,2025,8,,,0.0,unmatched,False,
URSUS TROTTER,black_week,Sponsored Products,2026,3,ELECTROHOGAR,300000.0,19997690.0,probable,True,66.65896666666667
ursus trotter,cKhHdvkcU,CRM,2025,6,,,5956293.0,unmatched,False,
ursus_trotter,cyber_monday,Retail Display,2025,10,ELECTROHOGAR,700000.0,0.0,probable,True,0.0
ursus_trotter,electro_lb,Google,2025,3,ELECTROHOGAR,1000000.0,0.0,probable,True,0.0
ursus_trotter,electro_lb,Google,2025,4,,,0.0,unmatched,False,
ursus_trotter,electrodomesticos,Retail Display,2025,6,ELECTROHOGAR,1000000.0,0.0,probable,True,0.0
ursus trotter,Kmlo1nnSd,CRM,2025,6,,,11848025.0,unmatched,False,
ursus trotter,OkCdTPudx,CRM,2025,6,,,21216726.0,unmatched,False,
ursus trotter,pDu6KJ9DH,CRM,2025,7,,,5247068.0,unmatched,False,
ursus trotter,PKzkXCD99,CRM,2025,6,,,12641015.0,unmatched,False,
ursus_trotter,ursus_always_on,Retail Display,2025,6,ELECTROHOGAR,1000000.0,0.0,probable,True,0.0
van_beek,black,Retail Display,2024,8,,,0.0,unmatched,False,
VAN BEEK,black_week,Sponsored Products,2026,3,,,0.0,unmatched,False,
van_beek,cyber_day,Retail Display,2024,6,,,0.0,unmatched,False,
van_beek,cyber_day,Retail Display,2025,6,,,0.0,unmatched,False,
van_beek,cyber_monday,Retail Display,2025,10,HERRAMIENTAS Y MAQUINARIAS,300000.0,0.0,probable,True,0.0
van_beek,jardin_black_week,Retail Display,2025,3,HERRAMIENTAS Y MAQUINARIAS,300000.0,0.0,probable,True,0.0
van_beek,jardin_black_week,Retail Display,2025,4,,,0.0,unmatched,False,
van beek,NPO4d24S2,CRM,2024,6,,,0.0,unmatched,False,
van beek power tools,6189516-007891,CRM,2023,1,,,166990.0,unmatched,False,
van beek power tools,6189516-007896,CRM,2023,1,,,0.0,unmatched,False,
van beek power tools,6189516-008550,CRM,2023,3,,,189990.0,unmatched,False,
van beek power tools,8DqwdTCbL,CRM,2024,4,,,0.0,unmatched,False,
van beek power tools,SZ6oIrHl1,CRM,2024,6,,,319980.0,unmatched,False,
van beek power tools,TPJWKFdJq,CRM,2024,7,,,336990.0,unmatched,False,
van beek power tools,VM9xSKISi,CRM,2024,4,,,0.0,unmatched,False,
van beek power tools,X,CRM,2024,9,,,0.0,unmatched,False,
van beek power tools,X,CRM,2024,10,,,281504.0,unmatched,False,
van beek power tools,YFuHgC8R2,CRM,2025,2,,,0.0,unmatched,False,
vanish,5dwGcygCL,CRM,2025,6,,,160960.0,unmatched,False,
vanish,aseo,Retail Display,2025,3,ASEO,250000.0,0.0,probable,True,0.0
vanish,aseo,Sponsored Products,2025,4,ASEO,300000.0,0.0,probable,True,0.0
vanish,tactico_aseo,Retail Display,2025,2,ASEO,250000.0,0.0,probable,True,0.0
vanish_pink_stuff,3x2,Retail Display,2025,4,,,0.0,unmatched,False,
vanish_pink_stuff,3x2,Retail Display,2025,5,,,0.0,unmatched,False,
vekkahome,,CRM,2026,4,,,9112581.0,unmatched,False,
vekkahome,,CRM,2026,5,,,5745808.0,unmatched,False,
vekkahome,62Gu0WYfc,CRM,2024,3,,,5597788.0,unmatched,False,
vekkahome,aon_abril_vekka_chile_2026,CRM,2026,5,,,6727749.0,unmatched,False,
VEKKAHOME,aon_vekka_home,Sponsored Products,2026,4,,,7647510.0,unmatched,False,
vekkahome,Black Marzo 2026 Muebles,CRM,2026,3,MUEBLES,1200000.0,8383636.0,probable,True,6.986363333333333
VEKKAHOME,black_week,Sponsored Products,2026,3,,,20828640.0,unmatched,False,
vekkahome,cWMBcku6D,CRM,2024,4,,,6571891.0,unmatched,False,
vekkahome,faDh5G6rf,CRM,2025,10,MUEBLES,1200000.0,2990660.0,probable,True,2.4922166666666667
vekkahome,JkaTylG0t,CRM,2024,1,,,4652404.0,unmatched,False,
vekkahome,kV6V4iFp3,CRM,2025,5,,,3619094.0,unmatched,False,
vekkahome,kViQSi9Bi,CRM,2024,2,,,12574142.0,unmatched,False,
vekkahome,LBrV4Apvb,CRM,2025,8,,,4278575.0,unmatched,False,
vekkahome,MoEsqpG5s,CRM,2025,6,,,4141497.0,unmatched,False,
vekkahome,NNgQnhWPL,CRM,2025,6,,,8908888.0,unmatched,False,
vekkahome,pSk8MpyCJ,CRM,2024,6,,,3777125.0,unmatched,False,
vekkahome,Sjx165ldr,CRM,2025,3,MUEBLES,1200000.0,9433351.0,probable,True,7.861125833333333
vekkahome,srQ4v19Nw,CRM,2024,11,,,1778610.0,unmatched,False,
vekkahome,udwO3R0dg,CRM,2025,2,MUEBLES,900000.0,7200915.0,probable,True,8.001016666666667
vekkahome,vR8KfCIH6,CRM,2024,6,,,1280850.0,unmatched,False,
vekkahome,vuB9kO3ea,CRM,2025,9,MUEBLES,1000000.0,5570313.0,probable,True,5.570313
vekkahome,x6ltab7BX,CRM,2024,5,,,5245747.0,unmatched,False,
vekkahome,xBapsSmY7,CRM,2024,3,,,8903003.0,unmatched,False,
vekkahome,XBk93E2Og,CRM,2025,12,,,6825485.0,unmatched,False,
vekkahome,Zqhumvqiw,CRM,2025,10,MUEBLES,1200000.0,5441322.0,probable,True,4.534435
vekkahome_muebles,cyber_day,Retail Display,2025,6,,,0.0,unmatched,False,
veloti,4j0PYJGH3,CRM,2024,9,,,43001703.0,unmatched,False,
veloti,6189516-007826,CRM,2023,1,,,4995413.0,unmatched,False,
veloti,6189516-007930,CRM,2023,1,,,1843565.0,unmatched,False,
veloti,6189516-007972,CRM,2023,2,,,715550.0,unmatched,False,
veloti,6189516-007987,CRM,2023,2,,,1255790.0,unmatched,False,
veloti,6189516-008064,CRM,2023,2,,,3816780.0,unmatched,False,
veloti,casasegura,Retail Display,2026,1,FERRETERIA,250000.0,0.0,probable,True,0.0
veloti,es2sMyOcu,CRM,2024,10,,,12675009.0,unmatched,False,
veloti,KUyBTk7fV,CRM,2024,8,,,10692963.0,unmatched,False,
veloti,Qa26QxMHW,CRM,2024,12,,,9763465.0,unmatched,False,
veloti,Vrv42knGy,CRM,2024,11,,,12114014.0,unmatched,False,
ventis-ninja,cyber_monday,Google,2025,10,,,0.0,unmatched,False,
ventis-ninja,cyber_monday,Meta,2025,10,,,0.0,unmatched,False,
ventus,,CRM,2026,1,,,1103470.0,unmatched,False,
ventus,,CRM,2026,2,,,2959930.0,unmatched,False,
ventus,,CRM,2026,3,,,49990.0,unmatched,False,
ventus,,CRM,2026,4,,,2379920.0,unmatched,False,
ventus,,CRM,2026,5,ELECTROHOGAR,800000.0,129980.0,probable,True,0.162475
ventus,5jLgdhnHc,CRM,2025,6,,,1947011.0,unmatched,False,
ventus,6189516-008581,CRM,2023,3,,,59990.0,unmatched,False,
ventus,6189516-011146,CRM,2023,10,,,639990.0,unmatched,False,
ventus,6189516-011256,CRM,2023,10,,,479990.0,unmatched,False,
ventus,6189516-012018,CRM,2023,11,,,811518.0,unmatched,False,
ventus,78gm0wAfi,CRM,2024,5,,,5445949.0,unmatched,False,
ventus,8tAZoAUMh,CRM,2025,8,,,1219940.0,unmatched,False,
ventus,9a9j0tMFV,CRM,2024,11,,,5815937.0,unmatched,False,
ventus,aon_libero/ventus_2026,CRM,2026,1,,,1839970.0,unmatched,False,
ventus,aon_libero/ventus_2026,CRM,2026,2,,,3339930.0,unmatched,False,
ventus,aon_libero/ventus_2026,CRM,2026,3,,,751960.0,unmatched,False,
ventus,aon_libero/ventus_2026,CRM,2026,4,,,1174950.0,unmatched,False,
ventus,aon_libero/ventus_2026,CRM,2026,5,ELECTROHOGAR,800000.0,1019920.0,probable,True,1.2749
ventus,aon_ventus,Retail Display,2026,5,ELECTROHOGAR,300000.0,0.0,probable,True,0.0
ventus,BFPE4pUr2,CRM,2025,2,,,149990.0,unmatched,False,
ventus,CEO9BwX3w,CRM,2025,6,,,2629900.0,unmatched,False,
ventus,co_brand,Retail Display,2024,5,,,0.0,unmatched,False,
ventus,cyber_monday,Retail Display,2024,9,,,0.0,unmatched,False,
ventus,cyber_monday,Retail Display,2024,10,,,0.0,unmatched,False,
ventus,hLfvv6KZk,CRM,2025,3,,,274970.0,unmatched,False,
ventus,HswCmVaaz,CRM,2025,5,ELECTROHOGAR,400000.0,1349950.0,probable,True,3.374875
ventus,hu0AJEarN,CRM,2025,7,,,1769940.0,unmatched,False,
ventus,lxvTxJgTK,CRM,2025,4,,,1606930.0,unmatched,False,
ventus,mbCcwpZp9,CRM,2025,6,,,59990.0,unmatched,False,
ventus,mbERh739L,CRM,2025,10,,,869970.0,unmatched,False,
ventus,MEIYoQGWe,CRM,2025,1,,,579990.0,unmatched,False,
ventus,NBJ54xXuZ,CRM,2024,12,,,1246491.0,unmatched,False,
ventus,pO1rE4ohP,CRM,2024,6,,,899950.0,unmatched,False,
ventus,QmhBnMqf0,CRM,2024,5,,,2387548.0,unmatched,False,
ventus,semana_marca,Retail Display,2024,9,,,0.0,unmatched,False,
ventus,X,CRM,2024,9,,,124980.0,unmatched,False,
ventus,X,CRM,2024,10,,,595950.0,unmatched,False,
ventus-bbq_grill,,Otros,2026,5,,,0.0,unmatched,False,
ventus-bbq_grill,aon_ventus,Retail Display,2026,4,,,0.0,unmatched,False,
ventus-bbq_grill,cyber_monday,Retail Display,2025,10,,,0.0,unmatched,False,
ventus-bbq_grill,parrillas,Retail Display,2025,9,,,0.0,unmatched,False,
ventus-blanik,cyber_monday,Retail Display,2025,10,,,0.0,unmatched,False,
ventus-libero,aon_libero,Sponsored Products,2026,5,,,0.0,unmatched,False,
ventus-libero,semana_marca,Retail Display,2024,9,,,0.0,unmatched,False,
vigahome,lanzamiento_filtro,Retail Display,2025,5,PLOMERIA / GASFITERIA,200000.0,0.0,probable,True,0.0
vigahome,lanzamiento_filtro,Retail Display,2025,6,,,0.0,unmatched,False,
vigahome,LukSt2Sid,CRM,2025,5,,,1983081.0,unmatched,False,
vigahome,viadecohome,Retail Display,2025,3,,,0.0,unmatched,False,
vigahome,vnlcvlfi3,CRM,2025,9,PLOMERIA / GASFITERIA,0.0,2299695.0,probable,False,
vileda,2LDdcJJx0,CRM,2025,6,,,759627.0,unmatched,False,
vileda,6189516-011245,CRM,2023,10,,,22960.0,unmatched,False,
vileda,aseo,Retail Display,2024,7,,,0.0,unmatched,False,
vileda,aseo,Retail Display,2024,8,,,0.0,unmatched,False,
vileda,black_friday,Retail Display,2024,11,,,0.0,unmatched,False,
vileda,black_friday,Retail Display,2024,12,,,0.0,unmatched,False,
VILEDA,black_week,Sponsored Products,2026,3,ASEO,145181.0,800670.0,probable,True,5.51497785522899
vileda,I0T9yZ0QQ,CRM,2025,10,ASEO,600000.0,365311.0,probable,True,0.6088516666666667
vileda,qnCYsYLWN,CRM,2024,7,,,428142.0,unmatched,False,
vileda,sbsqnUeKk,CRM,2025,10,ASEO,600000.0,699511.0,probable,True,1.1658516666666667
vileda,T1UpfhRFD,CRM,2025,4,ASEO,750000.0,1278082.0,probable,True,1.7041093333333333
vileda,x5eYJdGn8,CRM,2025,12,,,804267.0,unmatched,False,
vinilit,6189516-007614,CRM,2023,1,,,6132102.0,unmatched,False,
vinilit,6189516-007648,CRM,2023,1,,,9328396.0,unmatched,False,
virutex,6189516-009768,CRM,2023,6,,,1755923.0,unmatched,False,
virutex,6189516-010090,CRM,2023,7,,,2287317.0,unmatched,False,
virutex,6189516-010219,CRM,2023,7,,,2169774.0,unmatched,False,
virutex,6189516-010255,CRM,2023,7,,,1466299.0,unmatched,False,
virutex,6189516-010311,CRM,2023,7,,,640956.0,unmatched,False,
virutex,6189516-010443,CRM,2023,8,,,2562486.0,unmatched,False,
virutex,6189516-010597,CRM,2023,8,,,3157925.0,unmatched,False,
virutex,6189516-010669,CRM,2023,8,,,934765.0,unmatched,False,
volca,Campaña Hazlo Todo con Volcan,CRM,2026,4,,,0.0,unmatched,False,
volcan,6189516-009080,CRM,2023,4,,,0.0,unmatched,False,
volcan,6189516-009197,CRM,2023,5,,,2655711.0,unmatched,False,
volcan,6189516-009206,CRM,2023,5,,,1549281.0,unmatched,False,
volcan,6189516-010181,CRM,2023,7,,,1419331.0,unmatched,False,
volcan,6189516-010367,CRM,2023,7,,,2669621.0,unmatched,False,
volcan,6189516-010641,CRM,2023,8,,,1713714.0,unmatched,False,
volcan,6189516-011439,CRM,2023,10,,,5968029.0,unmatched,False,
volcan,6189516-011634,CRM,2023,10,,,7020692.0,unmatched,False,
volcan,6189516-011741,CRM,2023,11,,,2145210.0,unmatched,False,
volcan,6189516-012105,CRM,2023,12,,,5349009.0,unmatched,False,
volcan,Black Marzo 2026,CRM,2026,3,TABIQUERIA/TECHUMBRE/AISLACION,4700000.0,12064992.0,probable,True,2.5670195744680853
volcan,black_week,Retail Display,2026,3,TABIQUERIA/TECHUMBRE/AISLACION,400000.0,0.0,probable,True,0.0
volcan,black_week,Retail Display,2026,4,,,0.0,unmatched,False,
VOLCAN,black_week,Sponsored Products,2026,3,TABIQUERIA/TECHUMBRE/AISLACION,350000.0,2166639.0,probable,True,6.190397142857143
volcan,bRIiLfbGr,CRM,2025,7,TABIQUERIA/TECHUMBRE/AISLACION,1000000.0,1347662.0,probable,True,1.347662
volcan,CIC76vb0N,CRM,2024,7,,,5370955.0,unmatched,False,
volcan,co_brand,Retail Display,2024,7,,,0.0,unmatched,False,
volcan,cyber_day,Retail Display,2024,6,,,0.0,unmatched,False,
volcan,cyber_day,Retail Display,2025,6,,,0.0,unmatched,False,
volcan,cyber_monday,Retail Display,2025,10,TABIQUERIA/TECHUMBRE/AISLACION,300000.0,0.0,probable,True,0.0
volcan,FCg8pyBxs,CRM,2025,8,TABIQUERIA/TECHUMBRE/AISLACION,1000000.0,2074756.0,probable,True,2.074756
volcan,h4jNvN3qH,CRM,2024,7,,,5256929.0,unmatched,False,
volcan,hazlo_todo_con_volcan,Retail Display,2026,3,TABIQUERIA/TECHUMBRE/AISLACION,400000.0,0.0,probable,True,0.0
volcan,hazlo_todo_con_volcan,Retail Display,2026,4,,,0.0,unmatched,False,
VOLCAN,hazlo_todo_con_volcan,Sponsored Products,2026,3,TABIQUERIA/TECHUMBRE/AISLACION,350000.0,2071852.0,probable,True,5.919577142857142
VOLCAN,hazlo_todo_con_volcan,Sponsored Products,2026,4,,,1244851.0,unmatched,False,
volcan,IRP4Ia0iL,CRM,2025,6,,,3216368.0,unmatched,False,
volcan,jthSxNccB,CRM,2025,2,TABIQUERIA/TECHUMBRE/AISLACION,900000.0,5549221.0,probable,True,6.1658011111111115
volcan,lanzamiento,CRM,2025,12,,,5241951.0,unmatched,False,
volcan,lanzamiento,Retail Display,2025,12,TABIQUERIA/TECHUMBRE/AISLACION,400000.0,0.0,probable,True,0.0
volcan,lQwkA052t,CRM,2025,2,TABIQUERIA/TECHUMBRE/AISLACION,900000.0,3636712.0,probable,True,4.040791111111111
volcan,multivendor,Retail Display,2025,3,TABIQUERIA/TECHUMBRE/AISLACION,700000.0,0.0,probable,True,0.0
volcan,sin campaña,CRM,2025,12,,,6143089.0,unmatched,False,
volcan,tbA1W7pVi,CRM,2024,3,,,7112438.0,unmatched,False,
volcan,tc,Retail Display,2025,7,TABIQUERIA/TECHUMBRE/AISLACION,600000.0,0.0,probable,True,0.0
volcan,tc,Retail Display,2025,8,TABIQUERIA/TECHUMBRE/AISLACION,600000.0,0.0,probable,True,0.0
volcan,Tr3wSSgLH,CRM,2024,4,,,4792954.0,unmatched,False,
volcan,vdT4l12yL,CRM,2024,4,,,5196740.0,unmatched,False,
volcan,volcan_multivendor,Retail Display,2025,2,TABIQUERIA/TECHUMBRE/AISLACION,700000.0,0.0,probable,True,0.0
volcan,zhczu90z6,CRM,2025,10,TABIQUERIA/TECHUMBRE/AISLACION,1000000.0,6064453.0,probable,True,6.064453
volcan,ZPy2XIMBO,CRM,2025,3,TABIQUERIA/TECHUMBRE/AISLACION,900000.0,7469755.0,probable,True,8.299727777777777
volcanboard,6189516-011328,CRM,2023,10,,,7985810.0,unmatched,False,
volcanboard,6189516-011841,CRM,2023,11,,,16685617.0,unmatched,False,
volcanboard,6189516-011857,CRM,2023,11,,,3012627.0,unmatched,False,
volcanboard,6189516-011906,CRM,2023,11,,,1681021.0,unmatched,False,
volcanboard,6189516-012071,CRM,2023,11,,,2798162.0,unmatched,False,
volcanboard,6189516-012128,CRM,2023,12,,,3682544.0,unmatched,False,
volcanboard,6189516-012245,CRM,2023,12,,,2506009.0,unmatched,False,
volcanboard,Campaña Hazlo Todo con Volcan,CRM,2026,4,,,47338629.0,unmatched,False,
VOLCANBOARD,hazlo_todo_con_volcan,Sponsored Products,2026,3,,,155215.0,unmatched,False,
VOLCANBOARD,hazlo_todo_con_volcan,Sponsored Products,2026,4,,,2233849.0,unmatched,False,
volcanboard,jthSxNccB,CRM,2025,2,,,7847450.0,unmatched,False,
volcanboard,lQwkA052t,CRM,2025,2,,,9015058.0,unmatched,False,
volcanboard,ZPy2XIMBO,CRM,2025,3,,,16308078.0,unmatched,False,
VOLCANITA,black_week,Sponsored Products,2026,3,,,1385320.0,unmatched,False,
volcanita,Campaña Hazlo Todo con Volcan,CRM,2026,4,,,59423562.0,unmatched,False,
VOLCANITA,hazlo_todo_con_volcan,Sponsored Products,2026,3,,,15648316.0,unmatched,False,
VOLCANITA,hazlo_todo_con_volcan,Sponsored Products,2026,4,,,8536914.0,unmatched,False,
volcanita,jthSxNccB,CRM,2025,2,,,12691429.0,unmatched,False,
volcanita,lQwkA052t,CRM,2025,2,,,8758907.0,unmatched,False,
volcanita,ZPy2XIMBO,CRM,2025,3,,,14557148.0,unmatched,False,
wagner,6189516-010782,CRM,2023,8,,,999550.0,unmatched,False,
wd-40,UKZP4D2Zd,CRM,2025,1,ACCESORIOS AUTOMOVILES,500000.0,3939124.0,probable,True,7.878248
wd40,co_brand,Retail Display,2024,12,,,0.0,unmatched,False,
wd40,sobre_ruedas,Retail Display,2025,1,,,0.0,unmatched,False,
wd40,sobre_ruedas,Retail Display,2025,2,,,0.0,unmatched,False,
weber,6189516-007642,CRM,2023,1,,,7231905.0,unmatched,False,
weber,6189516-008116,CRM,2023,2,,,3020918.0,unmatched,False,
weber,6189516-008136,CRM,2023,2,,,4854513.0,unmatched,False,
weber,6189516-008280,CRM,2023,2,,,11750570.0,unmatched,False,
weber,6189516-009616,CRM,2023,5,,,1431852.0,unmatched,False,
weber,6189516-009645,CRM,2023,5,,,2793205.0,unmatched,False,
weber,6189516-010951,CRM,2023,9,,,4716211.0,unmatched,False,
weber,6189516-012032,CRM,2023,11,,,7050085.0,unmatched,False,
weber,eIpOK5f3N,CRM,2024,2,,,63432999.0,unmatched,False,
weber,pPo739Ws5,CRM,2025,10,,,316663.0,unmatched,False,
weber,qWl-CUDGm,CRM,2024,1,,,80041346.0,unmatched,False,
wenco,6189516-007716,CRM,2023,1,,,7089078.0,unmatched,False,
wenco,6189516-007829,CRM,2023,1,,,6643483.0,unmatched,False,
wenco,6189516-007837,CRM,2023,1,,,8524741.0,unmatched,False,
wintec,6189516-009615,CRM,2023,5,,,7471633.0,unmatched,False,
wintec,6189516-010458,CRM,2023,8,,,9501221.0,unmatched,False,
yale,6189516-008216,CRM,2023,2,,,648093.0,unmatched,False,
yale,Casa Segura,CRM,2025,12,,,926901.0,unmatched,False,
yale,Casa Segura,CRM,2026,1,,,940090.0,unmatched,False,
zecto,repelentes,Google,2025,12,,,62813.0,unmatched,False,
zee dreams,6189516-009448,CRM,2023,5,,,1003240.0,unmatched,False,
