brand_key,campaign_key,group_key,year,month,original_brand,original_campaign,impressions,reach,clicks,sales,performance_rows,family,original_registry_brand,original_registry_campaign,budget,cost,contribution,registry_rows,match_quality,probable_registry_campaign_key,candidate_count,ctr,reach_rate,roas,cpm,cpc,margin_rate,sample_is_valid
3m,aon febrero,Retail Display,2026,2,3m,aon_febrero,76935.0,0.0,32.0,0.0,17,FERRETERIA,3M,AON Febrero,200000.0,160000.0,40000.0,1.0,exact,,,0.04159355299928511,0.0,0.0,2599.5970624553192,6250.0,0.2,True
3m,aon febrero,Sponsored Products,2026,2,3M,aon_febrero,2787.0,0.0,44.0,29430.0,1,FERRETERIA,3M,AON Febrero,250000.0,206000.0,44000.0,1.0,exact,,,1.5787585217079296,0.0,0.11772,89702.1887334051,5681.818181818182,0.176,True
3m,aon marzo,Retail Display,2026,3,3m,aon_marzo,76942.0,0.0,30.0,0.0,20,FERRETERIA,3M,AON Marzo,200000.0,160000.0,40000.0,1.0,exact,,,0.03899040835954355,0.0,0.0,2599.360557302903,6666.666666666667,0.2,True
3m,aon marzo,Sponsored Products,2026,3,3M,aon_marzo,0.0,0.0,0.0,9990.0,1,FERRETERIA,3M,AON Marzo,154659.0,127439.0,27220.0,1.0,exact,,,,,0.06459371908521327,,,0.17600010345340394,True
agorex,aon abril henkel 2026,CRM,2026,4,agorex,AON ABRIL HENKEL 2026,0.0,329654.0,0.0,25291289.0,1,PINTURA Y ACCESORIOS,AGOREX,AON ABRIL HENKEL 2026,1305000.0,27586.0,1277414.0,1.0,exact,,,,,19.380298084291187,,,0.9788613026819923,True
agorex,aon febrero,CRM,2026,2,agorex,AON FEBRERO,0.0,1199220.0,0.0,115180104.0,1,PINTURA Y ACCESORIOS,AGOREX,AON FEBRERO,1305000.0,76190.0,1228810.0,1.0,exact,,,,,88.26061609195402,,,0.9416168582375479,True
agorex,aon marzo henkel 2026,Sponsored Products,2026,3,AGOREX,aon_marzo_henkel_2026,165545.0,0.0,3277.0,3256114.0,1,PINTURA Y ACCESORIOS,AGOREX,AON MARZO HENKEL 2026,500000.0,412000.0,88000.0,1.0,exact,,,1.9795221843003412,0.0,6.512228,3020.3267993596905,152.57857796765333,0.176,True
albin trotter,aon marzo 2026 albin trotter,Sponsored Products,2026,3,ALBIN TROTTER,aon_marzo_2026_albin_trotter,82149.0,0.0,1410.0,12591060.0,1,BANOS Y COCINAS,ALBIN TROTTER,AON MARZO 2026 ALBIN TROTTER,400000.0,329600.0,70400.0,1.0,exact,,,1.7163933827557245,0.0,31.47765,4869.201085831843,283.68794326241135,0.176,True
alcazar,black marzo alcazar 2026,CRM,2026,4,alcazar,Black Marzo ALCAZAR 2026,0.0,329550.0,0.0,14821645.0,1,ELECTROHOGAR,ALCAZAR,Black Marzo ALCAZAR 2026,1000000.0,27586.0,972414.0,1.0,exact,,,,,14.821645,,,0.972414,True
bbq grill,aon febrero 2026,Sponsored Products,2026,2,BBQ GRILL,aon_febrero_2026,86772.0,0.0,1890.0,9229600.0,1,AIRE LIBRE,BBQ GRILL,AON Febrero 2026,800000.0,659200.0,140800.0,1.0,exact,,,2.1781219748305904,0.0,11.537,9219.563914626837,423.2804232804233,0.176,True
bbq grill,aon marzo 2026,Sponsored Products,2026,3,BBQ GRILL,aon_marzo_2026,84815.0,0.0,2236.0,11059440.0,1,AIRE LIBRE,BBQ GRILL,AON Marzo 2026,500000.0,412000.0,88000.0,1.0,exact,,,2.6363261215586866,0.0,22.11888,5895.18363497023,223.61359570661895,0.176,True
black decker,aon trigger,CRM,2026,2,black+decker,aon_trigger,0.0,15643.0,0.0,3358338.0,28,HERRAMIENTAS Y MAQUINARIAS,BLACK & DECKER,AON TRIGGER,750000.0,0.0,750000.0,1.0,exact,,,,,4.477784,,,1.0,True
black decker,aon trigger,CRM,2026,3,black+decker,aon_trigger,0.0,21086.0,0.0,3859080.0,31,HERRAMIENTAS Y MAQUINARIAS,BLACK & DECKER,AON TRIGGER,750000.0,0.0,750000.0,1.0,exact,,,,,5.14544,,,1.0,True
black decker,aon trigger,CRM,2026,4,black+decker,aon_trigger,0.0,25507.0,0.0,3060872.0,23,HERRAMIENTAS Y MAQUINARIAS,BLACK & DECKER,AON TRIGGER,750000.0,0.0,750000.0,1.0,exact,,,,,4.081162666666667,,,1.0,True
black decker,aon trigger,CRM,2026,5,black+decker,aon_trigger,0.0,17663.0,0.0,1437338.0,20,HERRAMIENTAS Y MAQUINARIAS,BLACK & DECKER,AON TRIGGER,750000.0,0.0,750000.0,1.0,exact,,,,,1.9164506666666667,,,1.0,True
bosca,aon abril bosca 2026,CRM,2026,4,bosca,AON ABRIL BOSCA 2026,0.0,462593.0,341.0,79099690.0,2,ELECTROHOGAR,BOSCA,AON ABRIL BOSCA 2026,1550000.0,55172.0,1494828.0,2.0,exact,,,,,51.03205806451613,,4545.454545454545,0.9644051612903226,True
bosca,aon febrero 2026,CRM,2026,2,bosca,AON Febrero 2026,0.0,101154.0,136.0,15947793.0,1,ELECTROHOGAR,BOSCA,AON Febrero 2026,950000.0,76190.0,873810.0,1.0,exact,,,,,16.787150526315788,,6985.294117647059,0.9198,True
bosca,aon marzo bosca 2026,CRM,2026,3,bosca,AON MARZO BOSCA 2026,0.0,303483.0,501.0,89497788.0,1,ELECTROHOGAR,BOSCA,AON MARZO BOSCA 2026,950000.0,53333.0,896667.0,1.0,exact,,,,,94.20819789473684,,1896.2075848303393,0.94386,True
bosca,aon marzo bosca 2026,Retail Display,2026,3,bosca,aon_marzo_bosca_2026,107467.0,0.0,121.0,0.0,7,ELECTROHOGAR,BOSCA,AON MARZO BOSCA 2026,200000.0,160000.0,40000.0,1.0,exact,,,0.11259270287623177,0.0,0.0,1861.0364111773847,1652.892561983471,0.2,True
bosca,aon marzo bosca 2026,Sponsored Products,2026,3,BOSCA,aon_marzo_bosca_2026,88052.0,0.0,1805.0,24209560.0,1,ELECTROHOGAR,BOSCA,AON MARZO BOSCA 2026,500000.0,412000.0,88000.0,1.0,exact,,,2.049925044292009,0.0,48.41912,5678.462726570663,277.0083102493075,0.176,True
bosca,aon mayo bosca 2026,CRM,2026,5,bosca,AON MAYO BOSCA 2026,0.0,465636.0,531.0,67569698.0,2,ELECTROHOGAR,BOSCA,AON MAYO BOSCA 2026,2340000.0,123076.0,2216924.0,2.0,exact,,,,,28.875939316239315,,4406.779661016949,0.9474034188034188,True
bosch,abril herramientas mil,CRM,2026,4,bosch,Abril Herramientas Mil,0.0,208000.0,0.0,58908472.0,1,HERRAMIENTAS Y MAQUINARIAS,BOSCH,Abril Herramientas Mil,0.0,27586.0,-27586.0,1.0,exact,,,,,,,,,False
bosch,aon pro q1,Sponsored Products,2026,2,BOSCH,aon_pro_q1,14627.0,0.0,343.0,1254730.0,1,HERRAMIENTAS Y MAQUINARIAS,BOSCH,Aon Pro Q1,150000.0,123600.0,26400.0,1.0,exact,,,2.3449784644834897,0.0,8.364866666666666,10255.007862172695,437.3177842565598,0.176,True
bosch,mes del maestro,CRM,2026,3,bosch,Mes del Maestro,0.0,240496.0,1160.0,299790112.0,1,HERRAMIENTAS Y MAQUINARIAS,BOSCH,Mes del Maestro,0.0,53333.0,-53333.0,1.0,exact,,,,,,,0.0,,False
bosch,tactico bonificado,CRM,2026,4,bosch,Táctico bonificado,0.0,15675.0,0.0,13249141.0,1,HERRAMIENTAS Y MAQUINARIAS,BOSCH,Táctico bonificado,0.0,27586.0,-27586.0,1.0,exact,,,,,,,,,False
brother,campana bts,CRM,2026,3,brother,Campaña BTS,0.0,340089.0,960.0,2942700.0,1,CASA INTELIGENTE,BROTHER,Campaña BTS,1200000.0,53333.0,1146667.0,1.0,exact,,,,,2.45225,,1250.0,0.9555558333333334,True
celta,aon diciembre,CRM,2025,12,celta,AON Diciembre,0.0,53940.0,0.0,0.0,1,MUEBLES,CELTA,AON Diciembre,500000.0,57143.0,442857.0,1.0,exact,,,,,0.0,,,0.885714,True
celta,aon febrero muebles 2026,Sponsored Products,2026,2,CELTA,aon_febrero_muebles_2026,36725.0,0.0,789.0,1109960.0,1,MUEBLES,CELTA,AON Febrero Muebles 2026,600000.0,494400.0,105600.0,1.0,exact,,,2.1484002722940776,0.0,1.8499333333333334,16337.644656228726,760.4562737642585,0.176,True
celta,aon marzo 2026,Sponsored Products,2026,3,CELTA,aon_marzo_2026,69247.0,0.0,1740.0,4274750.0,1,MUEBLES,CELTA,AON Marzo 2026,500000.0,412000.0,88000.0,1.0,exact,,,2.5127442344072666,0.0,8.5495,7220.529409216284,287.35632183908046,0.176,True
celta,aon trigger,CRM,2026,2,celta,aon_trigger,0.0,1591.0,0.0,0.0,3,MUEBLES,CELTA,AON Trigger,900000.0,0.0,900000.0,1.0,exact,,,,,0.0,,,1.0,True
celta,aon trigger,CRM,2026,3,celta,aon_trigger,0.0,23153.0,0.0,6151712.0,31,MUEBLES,CELTA,AON Trigger,900000.0,0.0,900000.0,1.0,exact,,,,,6.835235555555555,,,1.0,True
celta,black marzo 2026,CRM,2026,4,celta,Black Marzo 2026,0.0,135090.0,436.0,2153384.0,1,MUEBLES,CELTA,Black Marzo 2026,1500000.0,27586.0,1472414.0,1.0,exact,,,,,1.4355893333333334,,3440.3669724770643,0.9816093333333333,True
celta,colchonazo,CRM,2026,1,celta,Colchonazo,0.0,101305.0,252.0,8306997.0,1,MUEBLES,CELTA,Colchonazo,1500000.0,55172.0,1444828.0,1.0,exact,,,,,5.537998,,5952.380952380952,0.9632186666666667,True
ceys,campana cinta montack,CRM,2026,4,ceys,Campaña Cinta Montack,0.0,134934.0,695.0,175697.0,1,FERRETERIA,CEYS,Campaña Cinta Montack,1200000.0,27586.0,1172414.0,1.0,exact,,,,,0.14641416666666668,,1726.6187050359713,0.9770116666666666,True
ceys,campana tv cinta montack,CRM,2025,12,ceys,Campaña TV Cinta Montack,0.0,22.0,0.0,328059.0,1,FERRETERIA,CEYS,Campaña TV Cinta Montack,600000.0,57143.0,542857.0,1.0,exact,,,,,0.546765,,,0.9047616666666667,True
chilcorrofin,tactico chilcorrofin pinturas,CRM,2025,12,chilcorrofin,Tactico Chilcorrofin Pinturas,0.0,104280.0,390.0,3919567.0,2,PINTURA Y ACCESORIOS,CHILCORROFIN,Tactico Chilcorrofin Pinturas,2700000.0,57143.0,2642857.0,2.0,exact,,,,,1.4516914814814814,,6923.076923076923,0.9788359259259259,True
cic,aon abril cic muebles 2026,CRM,2026,4,cic,AON ABRIL CIC MUEBLES 2026,0.0,135314.0,855.0,17699201.0,1,MUEBLES,CIC,AON ABRIL CIC MUEBLES 2026,800000.0,27586.0,772414.0,1.0,exact,,,,,22.12400125,,935.672514619883,0.9655175,True
cic,aon febrero 2026,Sponsored Products,2026,2,CIC,aon_febrero_2026,144691.0,0.0,5466.0,30590880.0,1,MUEBLES,CIC,AON Febrero 2026,1000000.0,824000.0,176000.0,1.0,exact,,,3.777705593298823,0.0,30.59088,6911.279899924667,182.94914013904133,0.176,True
cic,aon febrero muebles 2026,Sponsored Products,2026,2,CIC,aon_febrero_muebles_2026,112544.0,0.0,2712.0,5998840.0,1,MUEBLES,CIC,AON Febrero Muebles 2026,1000000.0,824000.0,176000.0,1.0,exact,,,2.409724196758601,0.0,5.99884,8885.4137048621,368.7315634218289,0.176,True
cic,aon marzo 2026,Sponsored Products,2026,3,CIC,aon_marzo_2026,92643.0,0.0,3014.0,22464520.0,1,MUEBLES,CIC,AON Marzo 2026,800000.0,659200.0,140800.0,1.0,exact,,,3.2533488768714314,0.0,28.08065,8635.298943255291,265.42800265428,0.176,True
cic,bts febrero 2026,CRM,2026,2,cic,BTS Febrero 2026,0.0,919281.0,0.0,133864161.0,1,MUEBLES,CIC,BTS Febrero 2026,600000.0,76190.0,523810.0,1.0,exact,,,,,223.106935,,,0.8730166666666667,True
contatto,aon marzo 2026,Sponsored Products,2026,3,CONTATTO,aon_marzo_2026,16872.0,0.0,196.0,209990.0,1,MUEBLES,CONTATTO,AON Marzo 2026,500000.0,412000.0,88000.0,1.0,exact,,,1.1616880037932669,0.0,0.41998,29634.89805595069,2551.0204081632655,0.176,True
disney,bts febrero 2026,CRM,2026,2,disney,BTS Febrero 2026,0.0,202424.0,1030.0,6890596.0,1,MENAJE,DISNEY,BTS Febrero 2026,800000.0,76190.0,723810.0,1.0,exact,,,,,8.613245,,776.6990291262136,0.9047625,True
drimkip,aon febrero 2026,CRM,2026,2,drimkip,AON Febrero 2026,0.0,613928.0,0.0,3136200.0,1,MUEBLES,DRIMKIP,AON Febrero 2026,500000.0,76190.0,423810.0,1.0,exact,,,,,6.2724,,,0.84762,True
drimkip,aon febrero 2026,Sponsored Products,2026,2,DRIMKIP,aon_febrero_2026,76963.0,0.0,1574.0,3084760.0,1,MUEBLES,DRIMKIP,AON Febrero 2026,750000.0,618000.0,132000.0,1.0,exact,,,2.0451385730805716,0.0,4.113013333333333,9744.942374907423,476.4930114358323,0.176,True
drimkip,aon marzo 2026,Sponsored Products,2026,3,DRIMKIP,aon_marzo_2026,131984.0,0.0,2305.0,5648310.0,1,MUEBLES,DRIMKIP,AON Marzo 2026,750000.0,618000.0,132000.0,1.0,exact,,,1.746423808946539,0.0,7.53108,5682.506970541885,325.37960954446856,0.176,True
electrolux,aon electrolux 2025,CRM,2025,12,electrolux,AON Electrolux 2025,0.0,256504.0,897.0,6570462.0,3,ELECTROHOGAR,ELECTROLUX,AON Electrolux 2025,1780000.0,114286.0,1665714.0,2.0,exact,,,,,3.691270786516854,,1984.392419175028,0.9357943820224719,True
electrolux,aon febrero electrolux 2026,Google,2026,2,electrolux,aon_febrero_electrolux_2026,157372.0,0.0,3054.0,6644080.0,4,ELECTROHOGAR,ELECTROLUX,AON FEBRERO ELECTROLUX 2026,1099998.0,0.0,1099998.0,3.0,exact,,,1.9406247617111048,0.0,6.040083709243108,6989.794880919096,360.1827111984283,1.0,True
electrolux,aon febrero electrolux 2026,Otros,2026,2,electrolux,aon_febrero_electrolux_2026,14735.0,0.0,1552.0,867899.0,9,ELECTROHOGAR,ELECTROLUX,AON FEBRERO ELECTROLUX 2026,0.0,0.0,0.0,1.0,exact,,,10.532745164574143,0.0,,0.0,0.0,,False
electrolux,aon febrero electrolux byc 2026,Sponsored Products,2026,2,ELECTROLUX,aon_febrero_electrolux_byc_2026,14522.0,0.0,356.0,259990.0,1,BANOS Y COCINAS,ELECTROLUX,AON FEBRERO ELECTROLUX BYC 2026,500000.0,412000.0,88000.0,1.0,exact,,,2.451452967910756,0.0,0.51998,34430.519212229716,1404.4943820224719,0.176,True
electrolux,aon febrero electrolux lb 2026,Sponsored Products,2026,2,ELECTROLUX,aon_febrero_electrolux_lb_2026,54470.0,0.0,1087.0,2608890.0,1,ELECTROHOGAR,ELECTROLUX,AON FEBRERO ELECTROLUX LB 2026,700000.0,576800.0,123200.0,1.0,exact,,,1.995593904901781,0.0,3.726985714285714,12851.110703139342,643.9742410303588,0.176,True
electrolux,aon marzo electrolux lb 2026,Sponsored Products,2026,3,ELECTROLUX,aon_marzo_electrolux_lb_2026,46190.0,0.0,823.0,3655920.0,1,ELECTROHOGAR,ELECTROLUX,AON MARZO ELECTROLUX LB 2026,700000.0,576800.0,123200.0,1.0,exact,,,1.7817709460922277,0.0,5.222742857142857,15154.79541026196,850.546780072904,0.176,True
electrolux,black marzo electrolux 2026,CRM,2026,4,electrolux,Black Marzo Electrolux 2026,0.0,325788.0,676.0,6259890.0,1,ELECTROHOGAR,ELECTROLUX,Black Marzo Electrolux 2026,2200000.0,55172.0,2144828.0,2.0,exact,,,,,2.8454045454545454,,3254.437869822485,0.9749218181818182,True
epson,tactico epson febrero,Sponsored Products,2026,2,EPSON,tactico_epson_febrero,4258.0,0.0,142.0,675970.0,1,CASA INTELIGENTE,EPSON,Tactico Epson Febrero,45714.0,37668.0,8046.0,1.0,exact,,,3.3348990136214187,0.0,14.786936168351053,10736.02630342884,321.92957746478874,0.1760073500459378,True
epson,tactico epson marzo,CRM,2026,3,epson,Tactico Epson Marzo,0.0,629012.0,0.0,1379940.0,1,CASA INTELIGENTE,EPSON,Tactico Epson Marzo,700000.0,53333.0,646667.0,1.0,exact,,,,,1.971342857142857,,,0.92381,True
epson,tactico epson marzo,Sponsored Products,2026,3,EPSON,tactico_epson_marzo,47356.0,0.0,1977.0,6288700.0,1,CASA INTELIGENTE,EPSON,Tactico Epson Marzo,354285.0,291931.0,62354.0,1.0,exact,,,4.174761381873469,0.0,17.75039869031994,7481.31176619647,179.20333839150229,0.17599954838618626,True
exit,aon abril exit 2026,CRM,2026,4,exit,AON ABRIL EXIT  2026,0.0,256113.0,0.0,1357900.0,1,MUEBLES,EXIT,AON ABRIL EXIT 2026,1000000.0,27586.0,972414.0,1.0,exact,,,,,1.3579,,,0.972414,True
exit,aon mayo 2026,CRM,2026,5,exit,AON MAYO 2026,0.0,258971.0,0.0,280683.0,1,MUEBLES,EXIT,AON MAYO 2026,0.0,61538.0,-61538.0,1.0,exact,,,,,,,,,False
fdv,aon febrero 2026,Sponsored Products,2026,2,FDV,aon_febrero_2026,52630.0,0.0,974.0,4119890.0,1,ELECTROHOGAR,FDV,AON FEBRERO 2026,402133.0,331358.0,70775.0,1.0,exact,,,1.85065551966559,0.0,10.245093041356965,7640.75622268668,412.8675564681725,0.17599898541029957,True
fdv,aon marzo kitchen center 2026,Sponsored Products,2026,3,FDV,aon_marzo_kitchen_center_2026,58894.0,0.0,999.0,619980.0,1,ELECTROHOGAR,FDV,AON MARZO KITCHEN CENTER 2026,502133.0,413758.0,88375.0,1.0,exact,,,1.6962678710904338,0.0,1.2346928005130116,8526.046795938466,502.63563563563565,0.17599918746626889,True
fellini,tactico felliny goofy febrero 2026,Sponsored Products,2026,2,FELLINI,tactico_felliny_goofy_febrero_2026,20381.0,0.0,369.0,53400.0,1,JARDIN,FELLINI,Tactico Felliny Goofy Febrero 2026,200000.0,164800.0,35200.0,1.0,exact,,,1.8105097885285315,0.0,0.267,9813.061184436485,542.0054200542005,0.176,True
fixser,bts febrero 2026,Retail Display,2026,2,fixser,bts_febrero_2026,153871.0,0.0,211.0,0.0,19,ORGANIZACION,FIXSER,BTS Febrero 2026,400000.0,320000.0,80000.0,1.0,exact,,,0.13712785385160295,0.0,0.0,2599.5801678029,1895.7345971563982,0.2,True
fixser,bts febrero 2026,Sponsored Products,2026,2,FIXSER,bts_febrero_2026,120361.0,0.0,899.0,1467820.0,1,ORGANIZACION,FIXSER,BTS Febrero 2026,307809.0,253635.0,54174.0,1.0,exact,,,0.7469196832861142,0.0,4.768606505982606,2557.381543855568,342.3904338153504,0.17599875247312458,True
fixser,bts marzo 2026,Retail Display,2026,3,fixser,bts_marzo_2026,153858.0,0.0,184.0,0.0,21,ORGANIZACION,FIXSER,BTS Marzo 2026,400000.0,320000.0,80000.0,1.0,exact,,,0.1195907915090538,0.0,0.0,2599.799815414213,2173.913043478261,0.2,True
fixser,bts marzo 2026,Sponsored Products,2026,3,FIXSER,bts_marzo_2026,127262.0,0.0,1216.0,4742360.0,1,ORGANIZACION,FIXSER,BTS Marzo 2026,492810.0,406075.0,86735.0,1.0,exact,,,0.955509107196178,0.0,9.623100180596985,3872.4049598466154,405.27138157894734,0.17600089283902517,True
flex,aon febrero 2026,CRM,2026,2,flex,AON Febrero 2026,0.0,608534.0,0.0,13617942.0,1,MUEBLES,FLEX,AON Febrero 2026,550000.0,76190.0,473810.0,1.0,exact,,,,,24.759894545454546,,,0.8614727272727273,True
flex,aon febrero 2026,Sponsored Products,2026,2,FLEX,aon_febrero_2026,109692.0,0.0,2367.0,10438600.0,1,MUEBLES,FLEX,AON Febrero 2026,450000.0,370800.0,79200.0,1.0,exact,,,2.157860190351165,0.0,23.19688888888889,4102.395799146701,190.11406844106463,0.176,True
flex,aon marzo 2026,Sponsored Products,2026,3,FLEX,aon_marzo_2026,157964.0,0.0,2912.0,6359790.0,1,MUEBLES,FLEX,AON Marzo 2026,1000000.0,824000.0,176000.0,1.0,exact,,,1.8434580030893113,0.0,6.35979,6330.556329290218,343.4065934065934,0.176,True
hisense,aon febrero,CRM,2026,2,hisense,AON FEBRERO,0.0,405148.0,1248.0,18933712.0,1,ELECTROHOGAR,HISENSE,AON FEBRERO,1296000.0,76190.0,1219810.0,1.0,exact,,,,,14.609345679012346,,1038.4615384615386,0.9412114197530864,True
hisense,aon febrero,Retail Display,2026,2,hisense,aon_febrero,230778.0,0.0,254.0,0.0,24,ELECTROHOGAR,HISENSE,AON FEBRERO,600000.0,480000.0,120000.0,2.0,exact,,,0.11006248429226356,0.0,0.0,2599.9012037542575,2362.2047244094488,0.2,True
hisense,aon febrero,Sponsored Products,2026,2,HISENSE,aon_febrero,137812.0,0.0,3208.0,14729440.0,1,ELECTROHOGAR,HISENSE,AON FEBRERO,1300000.0,1071200.0,228800.0,1.0,exact,,,2.327808899079906,0.0,11.330338461538462,9433.140800510842,405.2369077306733,0.176,True
hisense,aon hisense 2026,CRM,2026,1,hisense,AON HISENSE 2026,0.0,304212.0,1203.0,21093120.0,1,ELECTROHOGAR,HISENSE,AON HISENSE 2026,980000.0,55172.0,924828.0,1.0,exact,,,,,21.523591836734695,,814.6300914380715,0.9437020408163266,True
hisense,aon hisense 2026,Retail Display,2026,1,hisense,aon_hisense_2026,233852.0,0.0,237.0,0.0,19,ELECTROHOGAR,HISENSE,AON HISENSE 2026,800000.0,640000.0,160000.0,1.0,exact,,,0.1013461505567624,0.0,0.0,3420.967107401262,3375.5274261603377,0.2,True
hisense,aon marzo hisense 2026,Retail Display,2026,3,hisense,aon_marzo_hisense_2026,115388.0,0.0,73.0,0.0,6,ELECTROHOGAR,HISENSE,AON MARZO HISENSE 2026,900000.0,0.0,900000.0,1.0,exact,,,0.0632648108988803,0.0,0.0,7799.77120671127,12328.767123287671,1.0,True
hisense,aon marzo hisense 2026,Sponsored Products,2026,3,HISENSE,aon_marzo_hisense_2026,90019.0,0.0,1718.0,5529780.0,1,ELECTROHOGAR,HISENSE,AON MARZO HISENSE 2026,700000.0,576800.0,123200.0,1.0,exact,,,1.9084859862917831,0.0,7.899685714285714,7776.136149035204,407.4505238649593,0.176,True
hisense,tactico lavadoras abril hisense 2026,CRM,2026,4,hisense,TACTICO LAVADORAS ABRIL HISENSE 2026,0.0,465137.0,573.0,5549028.0,2,ELECTROHOGAR,HISENSE,TACTICO LAVADORAS ABRIL HISENSE 2026,2700000.0,55172.0,2644828.0,2.0,exact,,,,,2.0551955555555557,,4712.041884816754,0.979565925925926,True
hisense,tactico lavadoras febrero,CRM,2026,2,hisense,TACTICO LAVADORAS FEBRERO,0.0,916437.0,0.0,37601298.0,1,ELECTROHOGAR,HISENSE,TACTICO LAVADORAS FEBRERO,1100000.0,76190.0,1023810.0,1.0,exact,,,,,34.182998181818185,,,0.9307363636363636,True
hisense,tactico lavadoras febrero,Retail Display,2026,2,hisense,tactico_lavadoras_febrero,153850.0,0.0,204.0,0.0,26,ELECTROHOGAR,HISENSE,TACTICO LAVADORAS FEBRERO,400000.0,320000.0,80000.0,1.0,exact,,,0.13259668508287292,0.0,0.0,2599.935001624959,1960.7843137254902,0.2,True
hisense,tactico lavadoras febrero,Sponsored Products,2026,2,HISENSE,tactico_lavadoras_febrero,59243.0,0.0,1181.0,5909770.0,1,ELECTROHOGAR,HISENSE,TACTICO LAVADORAS FEBRERO,600000.0,494400.0,105600.0,1.0,exact,,,1.9934844622993435,0.0,9.849616666666666,10127.778809310805,508.0440304826418,0.176,True
hisense,tactico lavadoras hisense 2026,CRM,2026,1,hisense,TACTICO LAVADORAS HISENSE 2026,0.0,162192.0,0.0,3839820.0,1,ELECTROHOGAR,HISENSE,TACTICO LAVADORAS HISENSE 2026,760000.0,55172.0,704828.0,1.0,exact,,,,,5.052394736842105,,,0.9274052631578947,True
hisense,tactico lavadoras hisense 2026,Retail Display,2026,1,hisense,tactico_lavadoras_hisense_2026,189180.0,0.0,147.0,0.0,19,ELECTROHOGAR,HISENSE,TACTICO LAVADORAS HISENSE 2026,600000.0,480000.0,120000.0,1.0,exact,,,0.07770377418331748,0.0,0.0,3171.582619727244,4081.6326530612246,0.2,True
hisense,tactico lavadoras marzo hisense 2026,Sponsored Products,2026,3,HISENSE,tactico_lavadoras_marzo_hisense_2026,59274.0,0.0,1546.0,11899620.0,1,ELECTROHOGAR,HISENSE,TACTICO LAVADORAS MARZO HISENSE 2026,600000.0,494400.0,105600.0,1.0,exact,,,2.608226203731822,0.0,19.8327,10122.482032594393,388.098318240621,0.176,True
husqvarna,tactico febrero 2026,Sponsored Products,2026,2,HUSQVARNA,tactico_febrero_2026,84419.0,0.0,1740.0,5054320.0,1,JARDIN,HUSQVARNA,Tactico Febrero 2026,800000.0,659200.0,140800.0,1.0,exact,,,2.0611473720371007,0.0,6.3179,9476.539641549887,459.7701149425287,0.176,True
indura,abril herramientas mil,CRM,2026,4,indura,Abril Herramientas Mil,0.0,180552.0,1104.0,51244908.0,1,HERRAMIENTAS Y MAQUINARIAS,INDURA,Abril Herramientas Mil,0.0,27586.0,-27586.0,1.0,exact,,,,,,,0.0,,False
indura,campana ppi,CRM,2026,5,indura,Campaña PPI,0.0,30056.0,397.0,8608041.0,1,HERRAMIENTAS Y MAQUINARIAS,INDURA,Campaña PPI,1200000.0,61538.0,1138462.0,1.0,exact,,,,,7.1733675,,3022.670025188917,0.9487183333333333,True
indura,mes del maestro,CRM,2026,3,indura,Mes del Maestro,0.0,180264.0,582.0,49773324.0,1,HERRAMIENTAS Y MAQUINARIAS,INDURA,Mes del Maestro,0.0,53333.0,-53333.0,1.0,exact,,,,,,,0.0,,False
jbl,always on mayo 2026,Google,2026,5,jbl,always_on_mayo_2026,387981.0,0.0,115516.0,412750377.0,18,CASA INTELIGENTE,JBL,Always On Mayo 2026,500000.0,0.0,500000.0,1.0,exact,,,29.773622935143727,0.0,825.500754,1288.7229013791912,4.328404723155234,1.0,True
junkers,aon marzo junkers 2026,CRM,2026,3,junkers,AON MARZO JUNKERS 2026,0.0,314554.0,0.0,15922652.0,1,BANOS Y COCINAS,JUNKERS,AON MARZO JUNKERS 2026,700000.0,53333.0,646667.0,1.0,exact,,,,,22.746645714285716,,,0.92381,True
junkers,aon marzo junkers 2026,Sponsored Products,2026,3,JUNKERS,aon_marzo_junkers_2026,13453.0,0.0,491.0,8645580.0,1,BANOS Y COCINAS,JUNKERS,AON MARZO JUNKERS 2026,300000.0,247200.0,52800.0,1.0,exact,,,3.649743551624173,0.0,28.8186,22299.85876756114,610.9979633401222,0.176,True
karcher,mes del maestro,Sponsored Products,2026,3,KARCHER,mes_del_maestro,125889.0,0.0,2665.0,14814180.0,1,HERRAMIENTAS Y MAQUINARIAS,KARCHER,Mes del Maestro,250000.0,206000.0,44000.0,1.0,exact,,,2.1169442921939168,0.0,59.25672,1985.8764467109916,93.80863039399625,0.176,True
karcher,tactico febrero,CRM,2026,2,karcher,Tactico Febrero,0.0,107908.0,0.0,2031192.0,1,HERRAMIENTAS Y MAQUINARIAS,KARCHER,Tactico Febrero,400000.0,76190.0,323810.0,1.0,exact,,,,,5.07798,,,0.809525,True
karcher,tactico mayo,CRM,2026,5,karcher,Tactico Mayo,0.0,330641.0,0.0,5288939.0,1,HERRAMIENTAS Y MAQUINARIAS,KARCHER,Tactico Mayo,400000.0,61538.0,338462.0,1.0,exact,,,,,13.2223475,,,0.846155,True
keep,temporada de camping,CRM,2026,1,keep,Temporada de camping,0.0,161763.0,0.0,3414804.0,1,MENAJE,KEEP,Temporada de Camping,0.0,55172.0,-55172.0,1.0,exact,,,,,,,,,False
lanco,aon lanco 2026,Retail Display,2026,1,lanco,aon_lanco_2026,115437.0,0.0,96.0,0.0,18,PINTURA Y ACCESORIOS,LANCO,AON LANCO 2026,1800000.0,240000.0,1560000.0,2.0,exact,,,0.08316224434106916,0.0,0.0,15592.920813950468,18750.0,0.8666666666666667,True
lanco,aon marzo lanco 2026,CRM,2026,3,lanco,AON MARZO LANCO 2026,0.0,45153.0,0.0,5224131.0,1,PINTURA Y ACCESORIOS,LANCO,AON MARZO LANCO 2026,1500000.0,0.0,1500000.0,1.0,exact,,,,,3.482754,,,1.0,True
lanco,aon marzo lanco 2026,Retail Display,2026,3,lanco,aon_marzo_lanco_2026,115404.0,0.0,70.0,0.0,22,PINTURA Y ACCESORIOS,LANCO,AON MARZO LANCO 2026,1800000.0,240000.0,1560000.0,2.0,exact,,,0.060656476378635055,0.0,0.0,15597.379640220443,25714.285714285714,0.8666666666666667,True
lg,aon febrero lg 2026,Sponsored Products,2026,2,LG,aon_febrero_lg_2026,131790.0,0.0,3098.0,20849420.0,1,ELECTROHOGAR,LG,AON Febrero LG 2026,700000.0,576800.0,123200.0,1.0,exact,,,2.350709462022915,0.0,29.784885714285714,5311.480385461719,225.95222724338282,0.176,True
lg,tactico lg 2026,CRM,2026,1,lg,TACTICO LG 2026,0.0,202646.0,1238.0,31449246.0,1,ELECTROHOGAR,LG,TACTICO LG 2026,1500000.0,55172.0,1444828.0,1.0,exact,,,,,20.966164,,1211.631663974152,0.9632186666666667,True
libero,aon libero febrero,Sponsored Products,2026,2,LIBERO,aon_libero_febrero,93885.0,0.0,3299.0,13944130.0,1,ELECTROHOGAR,LIBERO,AON LIBERO FEBRERO,400000.0,329600.0,70400.0,1.0,exact,,,3.5138733557011235,0.0,34.860325,4260.531501304788,121.24886329190664,0.176,True
libero,aon libero ventus 2026,CRM,2026,1,libero,aon_libero/ventus_2026,0.0,4389.0,0.0,4279700.0,10,ELECTROHOGAR,LIBERO,AON Libero/Ventus 2026,2100000.0,0.0,2100000.0,1.0,exact,,,,,2.037952380952381,,,1.0,True
libero,aon libero ventus 2026,CRM,2026,2,libero,aon_libero/ventus_2026,0.0,12891.0,0.0,10094330.0,28,ELECTROHOGAR,LIBERO,AON Libero/Ventus 2026,2100000.0,0.0,2100000.0,1.0,exact,,,,,4.806823809523809,,,1.0,True
libero,aon libero ventus 2026,CRM,2026,3,libero,aon_libero/ventus_2026,0.0,11348.0,0.0,9824413.0,31,ELECTROHOGAR,LIBERO,AON Libero/Ventus 2026,2100000.0,0.0,2100000.0,1.0,exact,,,,,4.678291904761905,,,1.0,True
libero,aon marzo libero 2026,Sponsored Products,2026,3,LIBERO,aon_marzo_libero_2026,62720.0,0.0,1738.0,8064510.0,1,ELECTROHOGAR,LIBERO,AON MARZO LIBERO 2026,300000.0,247200.0,52800.0,1.0,exact,,,2.771045918367347,0.0,26.8817,4783.163265306122,172.61219792865361,0.176,True
mademsa,aon marzo mademsa lb 2026,Sponsored Products,2026,3,MADEMSA,aon_marzo_mademsa_lb_2026,145953.0,0.0,4126.0,31343490.0,1,ELECTROHOGAR,MADEMSA,AON MARZO MADEMSA LB 2026,700000.0,576800.0,123200.0,1.0,exact,,,2.826937438764534,0.0,44.77641428571429,4796.0644865127815,169.65584100824043,0.176,True
mademsa,tactico mademsa calefaccion 2026,CRM,2026,5,mademsa,TACTICO MADEMSA CALEFACCION 2026,0.0,134919.0,417.0,26061974.0,1,ELECTROHOGAR,MADEMSA,TACTICO MADEMSA CALEFACCION 2026,1200000.0,61538.0,1138462.0,1.0,exact,,,,,21.718311666666665,,2877.6978417266187,0.9487183333333333,True
maigas,aon mayo maigas 2026,CRM,2026,5,maigas,AON MAYO MAIGAS 2026,0.0,134973.0,733.0,72990.0,1,ELECTROHOGAR,MAIGAS,AON MAYO MAIGAS 2026,1000000.0,61538.0,938462.0,1.0,exact,,,,,0.07299,,1364.256480218281,0.938462,True
makita,mes del maestro,CRM,2026,3,makita,Mes del Maestro,0.0,209490.0,0.0,41110476.0,1,HERRAMIENTAS Y MAQUINARIAS,MAKITA,Mes del Maestro,700000.0,53333.0,646667.0,1.0,exact,,,,,58.72925142857143,,,0.92381,True
makita,mes del maestro,Sponsored Products,2026,3,MAKITA,mes_del_maestro,208547.0,0.0,3485.0,10272520.0,1,HERRAMIENTAS Y MAQUINARIAS,MAKITA,Mes del Maestro,700000.0,576800.0,123200.0,1.0,exact,,,1.6710861340609073,0.0,14.675028571428571,3356.557514613013,200.86083213773315,0.176,True
mamut,catalogo mes del maestro,CRM,2026,3,mamut,Catalogo Mes del Maestro,0.0,90174.0,231.0,49762869.0,1,FERRETERIA,MAMUT,Catalogo Mes del Maestro,0.0,53333.0,-53333.0,1.0,exact,,,,,,,0.0,,False
mantahue,colchonazo,CRM,2026,1,mantahue,Colchonazo ,0.0,101380.0,0.0,1071880.0,1,MUEBLES,MANTAHUE,Colchonazo,1500000.0,55172.0,1444828.0,1.0,exact,,,,,0.7145866666666667,,,0.9632186666666667,True
masisa,mail tactico febrero 2026,CRM,2026,3,masisa,MAIL Tactico Febrero 2026,0.0,134897.0,715.0,8169600.0,1,PISOS Y MUROS,MASISA,MAIL Tactico Febrero 2026,0.0,53333.0,-53333.0,1.0,exact,,,,,,,0.0,,False
meguiars,campana play dirty get clean,CRM,2026,3,meguiars,"Campaña Play Dirty, Get Clean",0.0,405420.0,1668.0,13625217.0,1,ACCESORIOS AUTOMOVILES,MEGUIARS,"Campaña Play Dirty, Get Clean",1200000.0,53333.0,1146667.0,1.0,exact,,,,,11.3543475,,719.4244604316547,0.9555558333333334,True
midea,aon diciembre 2025,CRM,2025,12,midea,AON Diciembre 2025,0.0,101401.0,347.0,46591958.0,1,ELECTROHOGAR,MIDEA,AON Diciembre 2025,1120000.0,0.0,1120000.0,1.0,exact,,,,,41.5999625,,3227.6657060518733,1.0,True
midea,aon febrero ac midea 2026,CRM,2026,2,midea,AON FEBRERO AC MIDEA 2026,0.0,606034.0,0.0,108472272.0,1,ELECTROHOGAR,MIDEA,AON FEBRERO AC MIDEA 2026,1200000.0,76190.0,1123810.0,1.0,exact,,,,,90.39356,,,0.9365083333333334,True
midea,aon febrero midea ac 2026,Sponsored Products,2026,2,MIDEA,aon_febrero_midea_ac_2026,122777.0,0.0,3710.0,21109320.0,1,ELECTROHOGAR,MIDEA,AON Febrero Midea AC 2026,1050000.0,865200.0,184800.0,1.0,exact,,,3.021738599249045,0.0,20.104114285714285,8552.090375233145,283.0188679245283,0.176,True
midea,aon febrero midea byc 2026,Sponsored Products,2026,2,MIDEA,aon_febrero_midea_byc_2026,52462.0,0.0,847.0,4354740.0,1,BANOS Y COCINAS,MIDEA,AON Febrero Midea BYC 2026,450000.0,370800.0,79200.0,1.0,exact,,,1.614501925203004,0.0,9.6772,8577.637146887271,531.2868949232586,0.176,True
midea,aon febrero midea electro 2026,Retail Display,2026,2,midea,aon_febrero_midea_electro_2026,115392.0,0.0,76.0,0.0,26,ELECTROHOGAR,MIDEA,AON Febrero Midea Electro 2026,300000.0,240000.0,60000.0,1.0,exact,,,0.0658624514697726,0.0,0.0,2599.8336106489182,3947.3684210526317,0.2,True
midea,aon febrero midea electro 2026,Sponsored Products,2026,2,MIDEA,aon_febrero_midea_electro_2026,100298.0,0.0,3007.0,9102480.0,1,ELECTROHOGAR,MIDEA,AON Febrero Midea Electro 2026,700000.0,576800.0,123200.0,1.0,exact,,,2.998065764023211,0.0,13.003542857142858,6979.201978105247,232.7901563019621,0.176,True
midea,aon febrero midea lb 2026,Sponsored Products,2026,2,MIDEA,aon_febrero_midea_lb_2026,242509.0,0.0,5020.0,36391650.0,1,ELECTROHOGAR,MIDEA,AON Febrero Midea LB 2026,1000000.0,824000.0,176000.0,1.0,exact,,,2.070026267066377,0.0,36.39165,4123.558300929038,199.20318725099602,0.176,True
midea,aon marzo midea ac 2026,CRM,2026,3,midea,AON MARZO MIDEA AC 2026,0.0,621010.0,0.0,118506100.0,1,ELECTROHOGAR,MIDEA,AON MARZO MIDEA AC 2026,800000.0,53333.0,746667.0,1.0,exact,,,,,148.132625,,,0.93333375,True
midea,aon marzo midea ac 2026,Sponsored Products,2026,3,MIDEA,aon_marzo_midea_ac_2026,77683.0,0.0,1736.0,8889750.0,1,ELECTROHOGAR,MIDEA,AON MARZO MIDEA AC 2026,700000.0,576800.0,123200.0,1.0,exact,,,2.2347231698054912,0.0,12.699642857142857,9010.98052340924,403.2258064516129,0.176,True
midea,aon marzo midea byc 2026,Sponsored Products,2026,3,MIDEA,aon_marzo_midea_byc_2026,45860.0,0.0,790.0,3889780.0,1,BANOS Y COCINAS,MIDEA,AON MARZO MIDEA BYC 2026,600000.0,494400.0,105600.0,1.0,exact,,,1.7226341037941562,0.0,6.482966666666667,13083.296990841693,759.493670886076,0.176,True
midea,aon marzo midea electro 2026,Retail Display,2026,3,midea,aon_marzo_midea_electro_2026,115401.0,0.0,49.0,0.0,24,ELECTROHOGAR,MIDEA,AON MARZO MIDEA ELECTRO 2026,300000.0,240000.0,60000.0,1.0,exact,,,0.04246063725617629,0.0,0.0,2599.6308524189567,6122.448979591837,0.2,True
midea,aon marzo midea electro 2026,Sponsored Products,2026,3,MIDEA,aon_marzo_midea_electro_2026,154618.0,0.0,3766.0,10136510.0,1,ELECTROHOGAR,MIDEA,AON MARZO MIDEA ELECTRO 2026,700000.0,576800.0,123200.0,1.0,exact,,,2.435680192474356,0.0,14.480728571428571,4527.286603112186,185.87360594795538,0.176,True
midea,aon marzo midea lb 2026,Sponsored Products,2026,3,MIDEA,aon_marzo_midea_lb_2026,137106.0,0.0,3188.0,20075430.0,1,ELECTROHOGAR,MIDEA,AON MARZO MIDEA LB 2026,1000000.0,824000.0,176000.0,1.0,exact,,,2.3252082330459647,0.0,20.07543,7293.626828876928,313.6762860727729,0.176,True
midea,aon mayo midea lb 2026,CRM,2026,5,midea,AON MAYO MIDEA LB 2026,0.0,333574.0,0.0,29878382.0,1,ELECTROHOGAR,MIDEA,AON MAYO MIDEA LB 2026,1820000.0,61538.0,1758462.0,2.0,exact,,,,,16.416693406593406,,,0.9661879120879121,True
midea,aon midea electro enero,Retail Display,2026,1,midea,aon_midea_electro_enero,115387.0,0.0,55.0,0.0,11,ELECTROHOGAR,MIDEA,AON MIDEA ELECTRO ENERO,300000.0,240000.0,60000.0,1.0,exact,,,0.047665681575914096,0.0,0.0,2599.9462677771326,5454.545454545455,0.2,True
midea,aon midea lb enero,CRM,2026,1,midea,AON MIDEA LB ENERO,0.0,432708.0,0.0,63201668.0,2,ELECTROHOGAR,MIDEA,AON MIDEA LB ENERO,1380000.0,110344.0,1269656.0,2.0,exact,,,,,45.798310144927534,,,0.920040579710145,True
midea,aon midea lb enero,Google,2026,1,midea,aon_midea_lb_enero,364086.0,0.0,7011.0,9954764.0,10,ELECTROHOGAR,MIDEA,AON MIDEA LB ENERO,1000000.0,0.0,1000000.0,1.0,exact,,,1.9256439412666237,0.0,9.954764,2746.603824371165,142.6330052774212,1.0,True
midea,tactico midea refri enero,Retail Display,2026,1,midea,tactico_midea_refri_enero,115388.0,0.0,186.0,0.0,11,ELECTROHOGAR,MIDEA,TACTICO MIDEA REFRI ENERO,1500000.0,240000.0,1260000.0,2.0,exact,,,0.16119527160536623,0.0,0.0,12999.618677852115,8064.5161290322585,0.84,True
neox ceramica,aon marzo 2026,Sponsored Products,2026,3,NEOX CERAMICA,aon_marzo_2026,24754.0,0.0,834.0,1156380.0,1,PISOS Y MUROS,NEOX CERAMICA,AON MARZO 2026,250000.0,206000.0,44000.0,1.0,exact,,,3.3691524602084515,0.0,4.62552,10099.377878322695,299.7601918465228,0.176,True
neox ceramica,tactico febrero 2026,Sponsored Products,2026,2,NEOX CERAMICA,tactico_febrero_2026,19901.0,0.0,634.0,253286.0,1,PISOS Y MUROS,NEOX CERAMICA,TACTICO FEBRERO 2026,250000.0,206000.0,44000.0,1.0,exact,,,3.185769559318627,0.0,1.013144,12562.182804884176,394.3217665615142,0.176,True
ninja,aon marzo ninja 2026,Sponsored Products,2026,3,NINJA,aon_marzo_ninja_2026,64939.0,0.0,2480.0,9432320.0,1,ELECTROHOGAR,NINJA,AON MARZO NINJA 2026,300000.0,247200.0,52800.0,1.0,exact,,,3.8189685705046275,0.0,31.441066666666668,4619.7200449652755,120.96774193548387,0.176,True
ninja,aon ninja 2026,Sponsored Products,2026,2,NINJA,aon_ninja_2026,42965.0,0.0,1726.0,5649550.0,1,ELECTROHOGAR,NINJA,AON NINJA 2026,300000.0,247200.0,52800.0,1.0,exact,,,4.017223321308042,0.0,18.831833333333332,6982.427557314093,173.81228273464657,0.176,True
ninja,electroweek marzo 2026,Sponsored Products,2026,2,NINJA,electroweek_marzo_2026,37705.0,0.0,1055.0,3176146.0,1,ELECTROHOGAR,NINJA,ELECTROWEEK MARZO 2026,430000.0,354320.0,75680.0,1.0,exact,,,2.798037395570879,0.0,7.386386046511628,11404.323034080362,407.58293838862556,0.176,True
odis,casa segura,CRM,2026,1,odis,Casa Segura,0.0,1013955.0,4655.0,50405045.0,2,FERRETERIA,ODIS,Casa Segura,450000.0,55172.0,394828.0,1.0,exact,,,,,112.01121111111111,,96.6702470461869,0.8773955555555556,True
oster,aon abril oster 2026,CRM,2026,4,oster,AON ABRIL OSTER 2026,0.0,329366.0,0.0,6053330.0,1,ELECTROHOGAR,OSTER,AON ABRIL OSTER 2026,750000.0,27586.0,722414.0,2.0,exact,,,,,8.071106666666667,,,0.9632186666666667,True
oster,aon marzo oster 2026,Sponsored Products,2026,3,OSTER,aon_marzo_oster_2026,156183.0,0.0,3389.0,3608810.0,1,ELECTROHOGAR,OSTER,AON MARZO OSTER 2026,250000.0,206000.0,44000.0,1.0,exact,,,2.1698904490245416,0.0,14.43524,1600.6863743173071,73.7680731779286,0.176,True
oster,aon mayo oster 2026,CRM,2026,5,oster,AON MAYO OSTER 2026,0.0,333574.0,0.0,1961536.0,1,ELECTROHOGAR,OSTER,AON MAYO OSTER 2026,800000.0,61538.0,738462.0,1.0,exact,,,,,2.45192,,,0.9230775,True
oster,aon oster 2026,CRM,2026,1,oster,aon_oster_2026,0.0,2824.0,0.0,0.0,4,ELECTROHOGAR,OSTER,AON OSTER 2026,750000.0,0.0,750000.0,1.0,exact,,,,,0.0,,,1.0,True
oster,aon oster 2026,CRM,2026,2,oster,aon_oster_2026,0.0,28424.0,0.0,2291788.0,28,ELECTROHOGAR,OSTER,AON OSTER 2026,750000.0,0.0,750000.0,1.0,exact,,,,,3.0557173333333334,,,1.0,True
oster,aon oster 2026,Sponsored Products,2026,2,OSTER,aon_oster_2026,91356.0,0.0,1980.0,1940860.0,1,ELECTROHOGAR,OSTER,AON OSTER 2026,250000.0,206000.0,44000.0,1.0,exact,,,2.16734533035597,0.0,7.76344,2736.5471342878413,126.26262626262626,0.176,True
oster,black marzo oster 2026,CRM,2026,4,oster,Black Marzo OSTER 2026,0.0,325788.0,0.0,8606903.0,1,ELECTROHOGAR,OSTER,Black Marzo OSTER 2026,1000000.0,27586.0,972414.0,1.0,exact,,,,,8.606903,,,0.972414,True
oster,electroweek marzo 2026,Sponsored Products,2026,2,OSTER,electroweek_marzo_2026,50263.0,0.0,1894.0,2882550.0,1,ELECTROHOGAR,OSTER,ELECTROWEEK MARZO 2026,500000.0,412000.0,88000.0,1.0,exact,,,3.7681793764797167,0.0,5.7651,9947.675228299147,263.99155227032736,0.176,True
poli,casa segura,CRM,2025,12,poli,Casa Segura,0.0,101204.0,464.0,2255407.0,1,FERRETERIA,POLI,Casa Segura,425000.0,57143.0,367857.0,1.0,exact,,,,,5.30684,,915.948275862069,0.8655458823529412,True
poli,casa segura,CRM,2026,1,poli,Casa Segura,0.0,710598.0,2604.0,17453730.0,1,FERRETERIA,POLI,Casa Segura,425000.0,55172.0,369828.0,1.0,exact,,,,,41.0676,,163.21044546851,0.8701835294117647,True
rheem,aon marzo rheem 2026,CRM,2026,3,rheem,AON MARZO RHEEM 2026,0.0,311303.0,0.0,9842564.0,1,BANOS Y COCINAS,RHEEM,AON MARZO RHEEM 2026,1000000.0,53333.0,946667.0,1.0,exact,,,,,9.842564,,,0.946667,True
rosen,aon febrero 2026,Sponsored Products,2026,2,ROSEN,aon_febrero_2026,116513.0,0.0,2702.0,14357460.0,1,MUEBLES,ROSEN,AON Febrero 2026,900000.0,741600.0,158400.0,2.0,exact,,,2.319054526104383,0.0,15.952733333333333,7724.4599315097885,333.08660251665435,0.176,True
rosen,aon marzo 2026,Sponsored Products,2026,3,ROSEN,aon_marzo_2026,100302.0,0.0,2411.0,12592550.0,1,MUEBLES,ROSEN,AON Marzo 2026,600000.0,494400.0,105600.0,1.0,exact,,,2.4037407030767084,0.0,20.987583333333333,5981.934557635939,248.8593944421402,0.176,True
rosen,aon mayo rosen 2026,CRM,2026,5,rosen,Aon Mayo Rosen 2026,0.0,465447.0,0.0,32794274.0,2,MUEBLES,ROSEN,AON MAYO ROSEN 2026,2400000.0,123076.0,2276924.0,3.0,exact,,,,,13.664280833333333,,,0.9487183333333333,True
rosen,aon y colchonazo,CRM,2026,1,rosen,AON Y COLCHONAZO,0.0,837204.0,3200.0,131066588.0,3,MUEBLES,ROSEN,AON Y COLCHONAZO,3000000.0,165516.0,2834484.0,3.0,exact,,,,,43.688862666666665,,937.5,0.944828,True
samsung,aon abril samsung 2026,CRM,2026,4,samsung,AON ABRIL SAMSUNG 2026,0.0,327538.0,0.0,25031500.0,1,ELECTROHOGAR,SAMSUNG,AON ABRIL SAMSUNG 2026,1000000.0,27586.0,972414.0,1.0,exact,,,,,25.0315,,,0.972414,True
samsung,aon marzo samsung 2026,CRM,2026,3,samsung,AON MARZO SAMSUNG 2026,0.0,624442.0,0.0,44088740.0,1,ELECTROHOGAR,SAMSUNG,AON MARZO SAMSUNG 2026,1500000.0,53333.0,1446667.0,1.0,exact,,,,,29.392493333333334,,,0.9644446666666666,True
samsung,aon marzo samsung 2026,Sponsored Products,2026,3,SAMSUNG,aon_marzo_samsung_2026,47458.0,0.0,1043.0,6479850.0,1,ELECTROHOGAR,SAMSUNG,AON MARZO SAMSUNG 2026,500000.0,412000.0,88000.0,1.0,exact,,,2.1977327320999622,0.0,12.9597,10535.631505752455,479.3863854266539,0.176,True
samsung,aon mayo samsung 2026,CRM,2026,5,samsung,AON MAYO SAMSUNG 2026,0.0,259626.0,0.0,459990.0,1,ELECTROHOGAR,SAMSUNG,AON MAYO SAMSUNG 2026,1000000.0,61538.0,938462.0,1.0,exact,,,,,0.45999,,,0.938462,True
samsung,aon samsung 2026,CRM,2026,1,samsung,AON Samsung 2026,0.0,107820.0,0.0,7340626.0,1,ELECTROHOGAR,SAMSUNG,AON Samsung 2026,1500000.0,55172.0,1444828.0,1.0,exact,,,,,4.893750666666667,,,0.9632186666666667,True
samsung,aon samsung febrero 2026,CRM,2026,2,samsung,AON SAMSUNG FEBRERO 2026,0.0,202598.0,998.0,21209500.0,1,ELECTROHOGAR,SAMSUNG,AON SAMSUNG FEBRERO 2026,1500000.0,76190.0,1423810.0,1.0,exact,,,,,14.139666666666667,,1503.006012024048,0.9492066666666666,True
samsung,aon samsung febrero 2026,Sponsored Products,2026,2,SAMSUNG,aon_samsung_febrero_2026,66430.0,0.0,1541.0,6209810.0,1,ELECTROHOGAR,SAMSUNG,AON SAMSUNG FEBRERO 2026,500000.0,412000.0,88000.0,1.0,exact,,,2.319735059461087,0.0,12.41962,7526.719855486979,324.4646333549643,0.176,True
samsung,black marzo samsung 2026,CRM,2026,4,samsung,Black Marzo SAMSUNG 2026,0.0,325789.0,0.0,35066888.0,1,ELECTROHOGAR,SAMSUNG,Black Marzo SAMSUNG 2026,2000000.0,55172.0,1944828.0,2.0,exact,,,,,17.533444,,,0.972414,True
splendid,always on diciembre 2025,CRM,2025,12,splendid,Always On Diciembre 2025,0.0,155349.0,191.0,17914488.0,2,BANOS Y COCINAS,SPLENDID,Always On Diciembre 2025,3920000.0,114286.0,3805714.0,3.0,exact,,,,,4.570022448979592,,20523.560209424082,0.9708454081632653,True
splendid,aon abril rheem chile 2026,CRM,2026,4,splendid,AON ABRIL RHEEM CHILE 2026,0.0,462870.0,446.0,103722833.0,2,BANOS Y COCINAS,SPLENDID,AON ABRIL RHEEM CHILE 2026,1900000.0,55172.0,1844828.0,2.0,exact,,,,,54.5909647368421,,4260.089686098655,0.9709621052631578,True
splendid,aon abril rheem chile 2026,Sponsored Products,2026,4,SPLENDID,aon_abril_rheem_chile_2026,141343.0,0.0,3486.0,33426534.0,1,BANOS Y COCINAS,SPLENDID,AON ABRIL RHEEM CHILE 2026,1000000.0,824000.0,176000.0,1.0,exact,,,2.466340745562214,0.0,33.426534,7074.987795646052,286.8617326448652,0.176,True
splendid,aon marzo rheem 2026,CRM,2026,3,splendid,AON MARZO RHEEM 2026,0.0,1796052.0,1964.0,399994324.0,2,BANOS Y COCINAS,SPLENDID,AON MARZO RHEEM 2026,1900000.0,106666.0,1793334.0,2.0,exact,,,,,210.52332842105264,,967.4134419551934,0.94386,True
splendid,aon marzo rheem 2026,Sponsored Products,2026,3,SPLENDID,aon_marzo_rheem_2026,124383.0,0.0,2675.0,18738587.0,1,BANOS Y COCINAS,SPLENDID,AON MARZO RHEEM 2026,1000000.0,824000.0,176000.0,1.0,exact,,,2.1506154378009854,0.0,18.738587,8039.683879629853,373.8317757009346,0.176,True
splendid,aon mayo rhhem byc2026,CRM,2026,5,splendid,AON MAYO RHHEM  BYC2026,0.0,135324.0,414.0,35838650.0,1,BANOS Y COCINAS,SPLENDID,AON MAYO RHHEM BYC2026,2070000.0,61538.0,2008462.0,2.0,exact,,,,,17.313357487922705,,5000.0,0.970271497584541,True
splendid,aon rheem 2026,CRM,2026,1,splendid,AON RHEEM 2026,0.0,202810.0,1270.0,39663054.0,1,ELECTROHOGAR,SPLENDID,AON RHEEM 2026,1500000.0,55172.0,1444828.0,1.0,exact,,,,,26.442036,,1181.1023622047244,0.9632186666666667,True
splendid,aon rheem febrero 2026,CRM,2026,2,splendid,AON RHEEM FEBRERO 2026,0.0,405164.0,908.0,61471056.0,1,BANOS Y COCINAS,SPLENDID,AON RHEEM FEBRERO 2026,1500000.0,76190.0,1423810.0,1.0,exact,,,,,40.980704,,1651.9823788546255,0.9492066666666666,True
splendid,aon rheem febrero 2026,Sponsored Products,2026,2,SPLENDID,aon_rheem_febrero_2026,97494.0,0.0,2085.0,18130330.0,1,BANOS Y COCINAS,SPLENDID,AON RHEEM FEBRERO 2026,500000.0,412000.0,88000.0,1.0,exact,,,2.138593144193489,0.0,36.26066,5128.520729480789,239.8081534772182,0.176,True
starlink,campana starlink enero,CRM,2026,1,starlink,Campaña Starlink Enero,0.0,216116.0,0.0,1347960.0,1,CASA INTELIGENTE,STARLINK,Campaña Starlink Enero,600000.0,55172.0,544828.0,1.0,exact,,,,,2.2466,,,0.9080466666666667,True
stihl,aon marzo 2026,Sponsored Products,2026,3,STIHL,aon_marzo_2026,93263.0,0.0,2397.0,18917902.0,1,JARDIN,STIHL,AON Marzo 2026,500000.0,412000.0,88000.0,1.0,exact,,,2.5701510781338794,0.0,37.835804,5361.182891393157,208.59407592824363,0.176,True
stihl,tactico febrero 2026,Sponsored Products,2026,2,STIHL,tactico_febrero_2026,82809.0,0.0,2118.0,16771610.0,1,JARDIN,STIHL,Tactico Febrero 2026,800000.0,659200.0,140800.0,1.0,exact,,,2.5576930043835815,0.0,20.9645125,9660.785663394076,377.7148253068933,0.176,True
stretto,aon febrero 2026,Sponsored Products,2026,2,STRETTO,aon_febrero_2026,138904.0,0.0,2394.0,3097771.0,1,BANOS Y COCINAS,STRETTO,AON FEBRERO 2026,200000.0,164800.0,35200.0,1.0,exact,,,1.7234924840177388,0.0,15.488855,1439.8433450440593,83.5421888053467,0.176,True
stretto,aon marzo stretto 2026,Sponsored Products,2026,3,STRETTO,aon_marzo_stretto_2026,87806.0,0.0,1787.0,7053228.0,1,BANOS Y COCINAS,STRETTO,AON MARZO STRETTO 2026,200000.0,164800.0,35200.0,1.0,exact,,,2.035168439514384,0.0,35.26614,2277.748673211398,111.9194180190263,0.176,True
tajamar,aon tajamar 2026,Retail Display,2026,1,tajamar,aon_tajamar_2026,145948.0,0.0,64.0,0.0,30,PINTURA Y ACCESORIOS,TAJAMAR,AON TAJAMAR 2026,400000.0,320000.0,80000.0,1.0,exact,,,0.04385123468632664,0.0,0.0,2740.7021678954147,6250.0,0.2,True
tcl,aon tcl 2025,CRM,2025,12,tcl,AON TCL 2025,0.0,53939.0,0.0,0.0,1,ELECTROHOGAR,TCL,AON TCL 2025,1500000.0,57143.0,1442857.0,1.0,exact,,,,,0.0,,,0.9619046666666666,True
tcl,aon tcl enero,Google,2026,1,tcl,aon_tcl_enero,5230.0,0.0,133.0,469980.0,6,ELECTROHOGAR,TCL,AON TCL- ENERO,22351.0,0.0,22351.0,1.0,exact,,,2.54302103250478,0.0,21.027247103037894,4273.613766730402,168.05263157894737,1.0,True
teka,aon marzo teka byc 2026,Sponsored Products,2026,3,TEKA,aon_marzo_teka_byc_2026,138000.0,0.0,1999.0,10836801.0,1,BANOS Y COCINAS,TEKA,AON MARZO TEKA BYC 2026,500000.0,412000.0,88000.0,1.0,exact,,,1.4485507246376812,0.0,21.673602,3623.1884057971015,250.12506253126563,0.176,True
teka,aon marzo teka empotrados 2026,Sponsored Products,2026,3,TEKA,aon_marzo_teka_empotrados_2026,184794.0,0.0,3499.0,20918200.0,1,ELECTROHOGAR,TEKA,AON MARZO TEKA EMPOTRADOS 2026,1000000.0,824000.0,176000.0,1.0,exact,,,1.8934597443639944,0.0,20.9182,5411.431107070576,285.7959416976279,0.176,True
teka,aon teka 2026,CRM,2026,1,teka,AON TEKA 2026,0.0,220020.0,0.0,11655904.0,3,ELECTROHOGAR,TEKA,AON Teka 2026,2100000.0,55172.0,2044828.0,2.0,exact,,,,,5.550430476190476,,,0.9737276190476191,True
teka,aon teka byc febrero 2026,Sponsored Products,2026,2,TEKA,aon_teka_byc_febrero_2026,140957.0,0.0,1957.0,7288310.0,1,BANOS Y COCINAS,TEKA,AON TEKA BYC FEBRERO 2026,400000.0,329600.0,70400.0,1.0,exact,,,1.3883666650113156,0.0,18.220775,2837.7448441723363,204.39448134900357,0.176,True
teka,aon teka empotrados febrero 2026,Sponsored Products,2026,2,TEKA,aon_teka_empotrados_febrero_2026,120735.0,0.0,2383.0,13621370.0,1,ELECTROHOGAR,TEKA,AON TEKA EMPOTRADOS FEBRERO 2026,500000.0,412000.0,88000.0,1.0,exact,,,1.9737441504120594,0.0,27.24274,4141.301196836045,209.819555182543,0.176,True
teka,aon teka febrero 2026,CRM,2026,2,teka,AON TEKA FEBRERO 2026,0.0,738836.0,0.0,32772466.0,1,ELECTROHOGAR,TEKA,AON TEKA FEBRERO 2026,2100000.0,76190.0,2023810.0,2.0,exact,,,,,15.605936190476191,,,0.9637190476190476,True
teka,electroweek marzo 2026,Sponsored Products,2026,2,TEKA,electroweek_marzo_2026,74515.0,0.0,1140.0,3702790.0,1,ELECTROHOGAR,TEKA,ELECTROWEEK MARZO 2026,500000.0,412000.0,88000.0,1.0,exact,,,1.5298933100717975,0.0,7.40558,6710.058377507885,438.5964912280702,0.176,True
thomas,aon abril thomas electrodomesticos 2026,CRM,2026,4,thomas,AON ABRIL THOMAS ELECTRODOMESTICOS 2026,0.0,327563.0,0.0,19456188.0,1,ELECTROHOGAR,THOMAS,AON ABRIL THOMAS ELECTRODOMESTICOS 2026,1200000.0,27586.0,1172414.0,1.0,exact,,,,,16.21349,,,0.9770116666666666,True
thomas,aon abril thomas electrodomesticos 2026,Sponsored Products,2026,4,THOMAS,aon_abril_thomas_electrodomesticos_2026,240429.0,0.0,3376.0,8581830.0,1,ELECTROHOGAR,THOMAS,AON ABRIL THOMAS ELECTRODOMESTICOS 2026,1500000.0,1236000.0,264000.0,1.0,exact,,,1.4041567365001726,0.0,5.72122,6238.848059094368,444.3127962085308,0.176,True
thomas,aon febrero thomas electro 2026,Sponsored Products,2026,2,THOMAS,aon_febrero_thomas_electro_2026,278521.0,0.0,6639.0,23364485.0,1,ELECTROHOGAR,THOMAS,AON Febrero Thomas Electro 2026,1500000.0,1236000.0,264000.0,1.0,exact,,,2.3836622732217676,0.0,15.576323333333333,5385.590314554379,225.93764121102575,0.176,True
thomas,aon febrero thomas lb 2026,Sponsored Products,2026,2,THOMAS,aon_febrero_thomas_lb_2026,121982.0,0.0,1829.0,2522910.0,1,ELECTROHOGAR,THOMAS,AON Febrero Thomas LB 2026,1000000.0,824000.0,176000.0,1.0,exact,,,1.4994015510485155,0.0,2.52291,8197.930842255415,546.7468562055768,0.176,True
thomas,aon marzo thomas electrodomesticos 2026,CRM,2026,3,thomas,AON MARZO THOMAS ELECTRODOMESTICOS 2026,0.0,627766.0,0.0,58882960.0,1,ELECTROHOGAR,THOMAS,AON MARZO THOMAS ELECTRODOMESTICOS 2026,1500000.0,53333.0,1446667.0,1.0,exact,,,,,39.25530666666667,,,0.9644446666666666,True
thomas,aon marzo thomas electrodomesticos 2026,Sponsored Products,2026,3,THOMAS,aon_marzo_thomas_electrodomesticos_2026,255986.0,0.0,5210.0,17321540.0,1,ELECTROHOGAR,THOMAS,AON MARZO THOMAS ELECTRODOMESTICOS 2026,1500000.0,1236000.0,264000.0,1.0,exact,,,2.035267553694343,0.0,11.547693333333333,5859.695452095037,287.90786948176583,0.176,True
thomas,aon marzo thomas lb 2026,CRM,2026,3,thomas,AON MARZO THOMAS LB 2026,0.0,405258.0,1314.0,57033120.0,1,ELECTROHOGAR,THOMAS,AON MARZO THOMAS LB 2026,1200000.0,53333.0,1146667.0,1.0,exact,,,,,47.5276,,913.2420091324201,0.9555558333333334,True
thomas,aon marzo thomas lb 2026,Sponsored Products,2026,3,THOMAS,aon_marzo_thomas_lb_2026,87623.0,0.0,1854.0,7569820.0,1,ELECTROHOGAR,THOMAS,AON MARZO THOMAS LB 2026,700000.0,576800.0,123200.0,1.0,exact,,,2.1158828161555756,0.0,10.81402857142857,7988.770071784806,377.56202804746493,0.176,True
thomas,electroweek thomas electrodomesticos 2026,CRM,2026,2,thomas,ELECTROWEEK THOMAS ELECTRODOMESTICOS 2026,0.0,306964.0,0.0,26786228.0,1,ELECTROHOGAR,THOMAS,ELECTROWEEK THOMAS ELECTRODOMESTICOS 2026,1500000.0,76190.0,1423810.0,1.0,exact,,,,,17.857485333333333,,,0.9492066666666666,True
toyotomi,aon abril toyotomi,CRM,2026,4,toyotomi,AON ABRIL TOYOTOMI,0.0,204189.0,0.0,54512894.0,1,ELECTROHOGAR,TOYOTOMI,AON ABRIL TOYOTOMI,1200000.0,27586.0,1172414.0,1.0,exact,,,,,45.427411666666664,,,0.9770116666666666,True
toyotomi,aon febrero 2026 ac,Sponsored Products,2026,2,TOYOTOMI,aon_febrero_2026_ac,17986.0,0.0,376.0,659980.0,1,ELECTROHOGAR,TOYOTOMI,AON Febrero 2026 AC,200000.0,164800.0,35200.0,1.0,exact,,,2.0905148448793507,0.0,3.2999,11119.759813188035,531.9148936170212,0.176,True
toyotomi,aon marzo toyotomi 2026,Sponsored Products,2026,3,TOYOTOMI,aon_marzo_toyotomi_2026,40277.0,0.0,673.0,1119930.0,1,ELECTROHOGAR,TOYOTOMI,AON MARZO TOYOTOMI 2026,300000.0,247200.0,52800.0,1.0,exact,,,1.6709288179357948,0.0,3.7331,7448.4196936216695,445.76523031203567,0.176,True
toyotomi,aon mayo toyotomi 2026,CRM,2026,5,toyotomi,AON MAYO TOYOTOMI 2026,0.0,331362.0,0.0,37760733.0,1,ELECTROHOGAR,TOYOTOMI,AON MAYO TOYOTOMI 2026,1200000.0,61538.0,1138462.0,1.0,exact,,,,,31.4672775,,,0.9487183333333333,True
toyotomi,electroweek toyotomi electrodomesticos 2026,Sponsored Products,2026,2,TOYOTOMI,electroweek_toyotomi_electrodomesticos_2026,14995.0,0.0,251.0,149990.0,1,ELECTROHOGAR,TOYOTOMI,ELECTROWEEK TOYOTOMI ELECTRODOMESTICOS 2026,100000.0,82400.0,17600.0,1.0,exact,,,1.6738912970990332,0.0,1.4999,6668.889629876626,398.40637450199205,0.176,True
toyotomi,relanzamiento toyotomi,CRM,2026,5,toyotomi,RELANZAMIENTO TOYOTOMI,0.0,334019.0,0.0,27120107.0,1,ELECTROHOGAR,TOYOTOMI,RELANZAMIENTO TOYOTOMI,0.0,123076.0,-123076.0,2.0,exact,,,,,,,,,False
toyotomi,relanzamiento toyotomi,Google,2026,5,toyotomi,relanzamiento_toyotomi,695300.0,0.0,14813.0,37831745.0,11,ELECTROHOGAR,TOYOTOMI,RELANZAMIENTO TOYOTOMI,5351973.0,0.0,5351973.0,1.0,exact,,,2.130447288940026,0.0,7.068747357283006,7697.3579749748305,361.3024370485384,1.0,True
toyotomi,relanzamiento toyotomi,Retail Display,2026,5,toyotomi,relanzamiento_toyotomi,282931.0,0.0,224.0,0.0,7,ELECTROHOGAR,TOYOTOMI,RELANZAMIENTO TOYOTOMI,900000.0,720000.0,180000.0,6.0,exact,,,0.07917124669972538,0.0,0.0,3180.987590613966,4017.8571428571427,0.2,True
tuhome,aon abril tuhome muebles 2026,CRM,2026,4,tuhome,AON ABRIL TUHOME MUEBLES 2026,0.0,329593.0,0.0,2783495.0,1,BANOS Y COCINAS,TUHOME,AON ABRIL TUHOME MUEBLES 2026,1000000.0,27586.0,972414.0,1.0,exact,,,,,2.783495,,,0.972414,True
tuhome,aon diciembre,CRM,2025,12,tuhome,AON Diciembre,0.0,155262.0,426.0,1087071.0,2,MUEBLES,TUHOME,AON Diciembre,2050000.0,114286.0,1935714.0,2.0,exact,,,,,0.5302785365853658,,4812.206572769953,0.9442507317073171,True
tuhome,aon enero muebles,CRM,2026,1,tuhome,AON Enero Muebles,0.0,324045.0,0.0,2270640.0,2,MUEBLES,TUHOME,AON Enero Muebles,1200000.0,55172.0,1144828.0,1.0,exact,,,,,1.8922,,,0.9540233333333333,True
tuhome,aon febrero muebles 2026,CRM,2026,2,tuhome,AON Febrero Muebles 2026,0.0,406736.0,416.0,10251593.0,2,MUEBLES,TUHOME,AON Febrero Muebles 2026,1200000.0,152380.0,1047620.0,2.0,exact,,,,,8.542994166666666,,2884.6153846153848,0.8730166666666667,True
tuhome,aon marzo 2026 bano y cocina,Sponsored Products,2026,3,TUHOME,aon_marzo_2026_bano_y_cocina,166058.0,0.0,2901.0,1669810.0,1,BANOS Y COCINAS,TUHOME,AON Marzo 2026 Baño y Cocina,300000.0,247200.0,52800.0,1.0,exact,,,1.7469799708535572,0.0,5.566033333333333,1806.5976947813413,103.41261633919338,0.176,True
tuhome,aon marzo 2026 muebles,Sponsored Products,2026,3,TUHOME,aon_marzo_2026_muebles,108681.0,0.0,1545.0,2330790.0,1,MUEBLES,TUHOME,AON Marzo 2026 Muebles,400000.0,329600.0,70400.0,1.0,exact,,,1.4215916305517984,0.0,5.826975,3680.4961308784427,258.8996763754045,0.176,True
tx,email catalogo mes del maestro,CRM,2026,3,tx,Email - Catalogo Mes del Maestro,0.0,38977.0,91.0,85905.0,1,OBRA GRUESA,TX,Email - Catalogo Mes del Maestro,0.0,53333.0,-53333.0,1.0,exact,,,,,,,0.0,,False
tx,tactico febrero,Retail Display,2026,2,tx,tactico_febrero,50011.0,0.0,53.0,0.0,23,OBRA GRUESA,TX,Tactico Febrero,130000.0,104000.0,26000.0,1.0,exact,,,0.10597668512927155,0.0,0.0,2599.428125812321,2452.830188679245,0.2,True
tx,tactico febrero,Sponsored Products,2026,2,TX,tactico_febrero,87342.0,0.0,1543.0,1204530.0,1,OBRA GRUESA,TX,Tactico Febrero,250000.0,206000.0,44000.0,1.0,exact,,,1.766618579835589,0.0,4.81812,2862.3113736804744,162.02203499675957,0.176,True
ursus trotter,aon febrero electrodomesticos 2026,Retail Display,2026,2,ursus_trotter,aon_febrero_electrodomesticos_2026,230778.0,0.0,292.0,0.0,17,ELECTROHOGAR,URSUS TROTTER,AON Febrero Electrodomesticos 2026,600000.0,480000.0,120000.0,1.0,exact,,,0.12652852524937386,0.0,0.0,2599.9012037542575,2054.794520547945,0.2,True
ursus trotter,aon febrero electrodomesticos 2026,Sponsored Products,2026,2,URSUS TROTTER,aon_febrero_electrodomesticos_2026,188964.0,0.0,4946.0,12701800.0,1,ELECTROHOGAR,URSUS TROTTER,AON Febrero Electrodomesticos 2026,900000.0,741600.0,158400.0,1.0,exact,,,2.6174297749835946,0.0,14.113111111111111,4762.811964183654,181.9652244237768,0.176,True
ursus trotter,aon marzo ursus trotter 2026,CRM,2026,3,ursus trotter,AON MARZO URSUS TROTTER 2026,0.0,312223.0,0.0,31661085.0,1,ELECTROHOGAR,URSUS TROTTER,AON MARZO URSUS TROTTER 2026,700000.0,53333.0,646667.0,1.0,exact,,,,,45.23012142857143,,,0.92381,True
ursus trotter,aon marzo ursus trotter 2026,Sponsored Products,2026,3,URSUS TROTTER,aon_marzo_ursus_trotter_2026,143898.0,0.0,3522.0,9791070.0,1,ELECTROHOGAR,URSUS TROTTER,AON MARZO URSUS TROTTER 2026,300000.0,247200.0,52800.0,1.0,exact,,,2.4475670266438727,0.0,32.6369,2084.8100738022767,85.17887563884156,0.176,True
van beek,venta final enero 2026,CRM,2026,1,van beek,Venta Final Enero 2026,0.0,53984.0,0.0,0.0,1,JARDIN,VAN BEEK,Venta Final Enero 2026,550000.0,55172.0,494828.0,1.0,exact,,,,,0.0,,,0.8996872727272728,True
vekkahome,aon abril vekka chile 2026,CRM,2026,4,vekkahome,aon_abril_vekka_chile_2026,0.0,58804.0,0.0,11123206.0,10,BANOS Y COCINAS,VEKKAHOME,AON ABRIL VEKKA CHILE 2026,800000.0,0.0,800000.0,1.0,exact,,,,,13.9040075,,,1.0,True
vekkahome,aon abril vekka home 2026,CRM,2026,4,vekkahome,AON ABRIL VEKKA HOME 2026,0.0,134919.0,543.0,5339240.0,1,MUEBLES,VEKKAHOME,AON ABRIL VEKKA HOME 2026,1200000.0,27586.0,1172414.0,1.0,exact,,,,,4.449366666666666,,2209.9447513812156,0.9770116666666666,True
vekkahome,aon enero,CRM,2026,1,vekkahome,AON Enero,0.0,101255.0,275.0,10776813.0,1,MUEBLES,VEKKAHOME,AON Enero,1200000.0,55172.0,1144828.0,1.0,exact,,,,,8.9806775,,4363.636363636364,0.9540233333333333,True
vekkahome,aon febrero bano y cocina 2026,Sponsored Products,2026,2,VEKKAHOME,aon_febrero_bano_y_cocina_2026,171386.0,0.0,3703.0,4852830.0,1,BANOS Y COCINAS,VEKKAHOME,AON Febrero Baño y Cocina 2026,500000.0,412000.0,88000.0,1.0,exact,,,2.160619887272006,0.0,9.70566,2917.3911521361138,135.02565487442615,0.176,True
vekkahome,aon febrero muebles 2026,CRM,2026,2,vekkahome,AON Febrero Muebles 2026,0.0,202834.0,710.0,17084434.0,1,MUEBLES,VEKKAHOME,AON Febrero Muebles 2026,1200000.0,76190.0,1123810.0,1.0,exact,,,,,14.237028333333333,,1690.1408450704225,0.9365083333333334,True
vekkahome,aon febrero muebles 2026,Sponsored Products,2026,2,VEKKAHOME,aon_febrero_muebles_2026,149063.0,0.0,4610.0,11481530.0,1,MUEBLES,VEKKAHOME,AON Febrero Muebles 2026,500000.0,412000.0,88000.0,1.0,exact,,,3.0926521001187415,0.0,22.96306,3354.2864426450565,108.45986984815619,0.176,True
vekkahome,aon marzo 2026 bano y cocina,Sponsored Products,2026,3,VEKKAHOME,aon_marzo_2026_bano_y_cocina,94130.0,0.0,2515.0,6248130.0,1,BANOS Y COCINAS,VEKKAHOME,AON Marzo 2026 Baño y Cocina,300000.0,247200.0,52800.0,1.0,exact,,,2.6718368214171893,0.0,20.8271,3187.0816955274618,119.28429423459245,0.176,True
vekkahome,aon marzo 2026 muebles,CRM,2026,3,vekkahome,AON Marzo 2026 Muebles,0.0,135081.0,720.0,9273932.0,1,MUEBLES,VEKKAHOME,AON Marzo 2026 Muebles,1200000.0,53333.0,1146667.0,1.0,exact,,,,,7.728276666666667,,1666.6666666666667,0.9555558333333334,True
vekkahome,aon marzo 2026 muebles,Sponsored Products,2026,3,VEKKAHOME,aon_marzo_2026_muebles,155765.0,0.0,5141.0,11599270.0,1,MUEBLES,VEKKAHOME,AON Marzo 2026 Muebles,500000.0,412000.0,88000.0,1.0,exact,,,3.3004847045228387,0.0,23.19854,3209.9637274098804,97.25734292939117,0.176,True
vekkahome,aon mayo vekkahome muebles 2026,CRM,2026,5,vekkahome,AON MAYO VEKKAHOME MUEBLES 2026,0.0,135007.0,843.0,5374538.0,1,MUEBLES,VEKKAHOME,AON MAYO VEKKAHOME MUEBLES 2026,1200000.0,61538.0,1138462.0,1.0,exact,,,,,4.478781666666666,,1423.4875444839859,0.9487183333333333,True
ventus,aon marzo ventus 2026,Sponsored Products,2026,3,VENTUS,aon_marzo_ventus_2026,63270.0,0.0,846.0,2074930.0,1,ELECTROHOGAR,VENTUS,AON MARZO VENTUS 2026,400000.0,329600.0,70400.0,1.0,exact,,,1.337126600284495,0.0,5.187325,6322.111585269479,472.8132387706856,0.176,True
ventus,aon ventus febrero,Sponsored Products,2026,2,VENTUS,aon_ventus_febrero,130038.0,0.0,1280.0,13548740.0,1,ELECTROHOGAR,VENTUS,AON VENTUS FEBRERO,500000.0,412000.0,88000.0,1.0,exact,,,0.9843276580691798,0.0,27.09748,3845.0299143327334,390.625,0.176,True
vileda,aon febrero 2026,Sponsored Products,2026,2,VILEDA,aon_febrero_2026,19952.0,0.0,338.0,233940.0,1,ASEO,VILEDA,AON Febrero 2026,300000.0,247200.0,52800.0,1.0,exact,,,1.6940657578187652,0.0,0.7798,15036.08660785886,887.5739644970414,0.176,True
vileda,aon marzo 2026,Sponsored Products,2026,3,VILEDA,aon_marzo_2026,50341.0,0.0,700.0,535450.0,1,ASEO,VILEDA,AON Marzo 2026,145181.0,119629.0,25552.0,1.0,exact,,,1.3905166762678534,0.0,3.688154786094599,2883.9514511034745,207.40142857142857,0.17600099186532672,True
vileda,black marzo 2026,CRM,2026,4,vileda,Black Marzo 2026,0.0,135185.0,769.0,1955290.0,1,ASEO,VILEDA,Black Marzo 2026,1200000.0,27586.0,1172414.0,1.0,exact,,,,,1.6294083333333333,,1560.4681404421326,0.9770116666666666,True
volcan,black marzo 2026,CRM,2026,4,volcan,Black Marzo 2026,0.0,325840.0,0.0,17569900.0,1,TABIQUERIA/TECHUMBRE/AISLACION,VOLCAN,Black Marzo 2026,2100000.0,55172.0,2044828.0,2.0,exact,,,,,8.366619047619048,,,0.9737276190476191,True
volcan,campana hazlo todo con volcan,CRM,2026,3,volcan,Campaña Hazlo Todo con Volcan,0.0,476616.0,511.0,74346314.0,3,TABIQUERIA/TECHUMBRE/AISLACION,VOLCAN,Campaña Hazlo Todo con Volcan,4700000.0,159999.0,4540001.0,5.0,exact,,,,,15.818364680851063,,9197.651663405088,0.9659576595744681,True
volcan,campana hazlo todo con volcan,CRM,2026,4,volcan,Campaña Hazlo Todo con Volcan,0.0,1499930.0,4075.0,101894645.0,3,TABIQUERIA/TECHUMBRE/AISLACION,VOLCAN,Campaña Hazlo Todo con Volcan,3000000.0,55172.0,2944828.0,3.0,exact,,,,,33.96488166666666,,736.1963190184049,0.9816093333333333,True
yunque,aon marzo yunque 2026,CRM,2026,3,yunque,AON MARZO YUNQUE 2026,0.0,314506.0,0.0,7104092.0,1,ELECTROHOGAR,YUNQUE,AON MARZO YUNQUE 2026,700000.0,53333.0,646667.0,1.0,exact,,,,,10.148702857142856,,,0.92381,True
yunque,aon marzo yunque 2026,Sponsored Products,2026,3,YUNQUE,aon_marzo_yunque_2026,36627.0,0.0,802.0,6104840.0,1,ELECTROHOGAR,YUNQUE,AON MARZO YUNQUE 2026,300000.0,247200.0,52800.0,1.0,exact,,,2.1896415212821143,0.0,20.349466666666668,8190.679007289704,374.0648379052369,0.176,True
,aon tajamar 2026,CRM,2026,1,,AON TAJAMAR 2026,0.0,9954.0,0.0,0.0,1,MADERA Y TABLEROS,,Plan La Buena Madera,2900000.0,110344.0,2789656.0,3.0,probable,plan la buena madera,1.0,,,0.0,,,0.9619503448275862,True
,black marzo 2026,CRM,2026,4,,Black Marzo 2026,0.0,653646.0,0.0,0.0,1,MADERA Y TABLEROS,,Plan La Buena Madera,1800000.0,55172.0,1744828.0,2.0,probable,plan la buena madera,1.0,,,0.0,,,0.9693488888888889,True
,push flobal,CRM,2026,3,,Push Flobal,0.0,308738.0,0.0,0.0,1,MADERA Y TABLEROS,,Plan La Buena Madera,2900000.0,106666.0,2793334.0,3.0,probable,plan la buena madera,1.0,,,0.0,,,0.9632186206896551,True
,sin campana,CRM,2025,12,,sin campaña,0.0,50232.0,0.0,0.0,1,,,,,,,,unmatched,,,,,,,,,False
,tactcio marzo tajamar 2026,CRM,2026,3,,TACTCIO MARZO TAJAMAR 2026,0.0,117176.0,226.0,0.0,1,MADERA Y TABLEROS,,Plan La Buena Madera,2900000.0,106666.0,2793334.0,3.0,probable,plan la buena madera,1.0,,,0.0,,12831.858407079646,0.9632186206896551,True
,venta final enero 2026,CRM,2026,2,,Venta Final Enero 2026,0.0,53902.0,0.0,0.0,1,MADERA Y TABLEROS,,Plan La Buena Madera,1700000.0,76190.0,1623810.0,2.0,probable,plan la buena madera,1.0,,,0.0,,,0.9551823529411765,True
3m,,Otros,2026,5,3m,,40352.0,0.0,9.0,0.0,4,FERRETERIA,3M,Contenido RRSS,2000000.0,1700000.0,300000.0,1.0,probable,contenido rrss,1.0,0.022303727200634418,0.0,0.0,49563.83822363204,222222.22222222222,0.15,False
3m,6189516 009379,CRM,2023,5,3m,6189516-009379,0.0,98983.0,135.0,11374842.0,1,,,,,,,,unmatched,,,,,,,,,False
3m,6189516 010187,CRM,2023,7,3m,6189516-010187,0.0,54157.0,8225.0,5184602.0,1,,,,,,,,unmatched,,,,,,,,,False
3m,6189516 010315,CRM,2023,7,3m,6189516-010315,0.0,101966.0,133.0,3527228.0,1,,,,,,,,unmatched,,,,,,,,,False
3m,6189516 010432,CRM,2023,8,3m,6189516-010432,0.0,27506.0,4931.0,2602167.0,1,,,,,,,,unmatched,,,,,,,,,False
3m,6189516 010517,CRM,2023,8,3m,6189516-010517,0.0,101302.0,97.0,4087349.0,1,,,,,,,,unmatched,,,,,,,,,False
3m,6189516 010670,CRM,2023,8,3m,6189516-010670,0.0,54044.0,6198.0,3388824.0,1,,,,,,,,unmatched,,,,,,,,,False
3m,6189516 011796,CRM,2023,11,3m,6189516-011796,0.0,50139.0,4364.0,1981412.0,1,,,,,,,,unmatched,,,,,,,,,False
3m,aon marzo,Retail Display,2026,4,3m,aon_marzo,76933.0,0.0,32.0,0.0,14,,,,,,,,unmatched,,,0.04159463429217631,0.0,,,,,False
3m,awt7iqbdx,CRM,2024,1,3m,awt7IQbdx,0.0,101711.0,1138.0,5250484.0,1,,,,,,,,unmatched,,,,,,,,,False
3m,black week,Retail Display,2026,3,3m,black_week,45890.0,0.0,17.0,0.0,6,FERRETERIA,3M,AON Marzo,200000.0,160000.0,40000.0,1.0,probable,aon marzo,1.0,0.03704510786663762,0.0,0.0,4358.247984310307,11764.70588235294,0.2,True
3m,black week,Retail Display,2026,4,3m,black_week,31041.0,0.0,14.0,0.0,5,,,,,,,,unmatched,,,0.04510163976676009,0.0,,,,,False
3m,black week,Sponsored Products,2026,3,3M,black_week,0.0,0.0,0.0,4580.0,1,FERRETERIA,3M,AON Marzo,154659.0,127439.0,27220.0,1.0,probable,aon marzo,1.0,,,0.029613536877905584,,,0.17600010345340394,True
3m,plqjlg3ar,CRM,2024,2,3m,plqJLg3aR,0.0,101635.0,344.0,4699622.0,1,,,,,,,,unmatched,,,,,,,,,False
3m,tlwatiikm,CRM,2024,3,3m,tlwatiikm,0.0,102042.0,209.0,7705564.0,1,,,,,,,,unmatched,,,,,,,,,False
3m,zbvfyq0od,CRM,2024,1,3m,zbvfyq0od,0.0,103578.0,1142.0,5753196.0,1,,,,,,,,unmatched,,,,,,,,,False
3m command,,Retail Display,2025,11,3m-command,,159650.0,0.0,96.0,0.0,5,,,,,,,,unmatched,,,0.060131537738803635,0.0,,,,,False
3m scotch,montaje,Retail Display,2025,8,3m-scotch,montaje,86275.0,0.0,77.0,0.0,21,,,,,,,,unmatched,,,0.08924949290060852,0.0,,,,,False
3m scotch,montaje,Retail Display,2025,9,3m-scotch,montaje,82196.0,0.0,78.0,0.0,29,,,,,,,,unmatched,,,0.09489512871672588,0.0,,,,,False
3m scotch,montaje,Retail Display,2025,10,3m-scotch,montaje,81143.0,0.0,75.0,0.0,23,,,,,,,,unmatched,,,0.09242941473694588,0.0,,,,,False
3m scotch,tc,Retail Display,2025,8,3m-scotch,tc,165097.0,0.0,128.0,0.0,13,,,,,,,,unmatched,,,0.07753017922796901,0.0,,,,,False
3m scotchgard,lanzamiento scotchgard,Meta,2025,8,3m-scotchgard,lanzamiento_scotchgard,255656.0,0.0,4804.0,0.0,12,,,,,,,,unmatched,,,1.8790875238601874,0.0,,,,,False
3m scotchgard,lanzamiento scotchgard,Retail Display,2025,8,3m-scotchgard,lanzamiento_scotchgard,126481.0,0.0,131.0,0.0,26,,,,,,,,unmatched,,,0.10357286865220862,0.0,,,,,False
3m scotchgard,lanzamiento scotchgard,Retail Display,2025,9,3m-scotchgard,lanzamiento_scotchgard,122992.0,0.0,69.0,0.0,3,,,,,,,,unmatched,,,0.05610120983478601,0.0,,,,,False
ad clean,limpieza parrillas,Retail Display,2025,8,ad_clean,limpieza_parrillas,38240.0,0.0,39.0,0.0,5,,,,,,,,unmatched,,,0.10198744769874477,0.0,,,,,False
ad clean,limpieza parrillas,Retail Display,2025,9,ad_clean,limpieza_parrillas,166323.0,0.0,168.0,0.0,27,,,,,,,,unmatched,,,0.10100827907144531,0.0,,,,,False
adclean,2r6oojht4,CRM,2025,8,adclean,2R6OOJht4,0.0,101368.0,538.0,251670.0,1,ASEO,ADCLEAN,Campaña Destructor de Olores,300000.0,53333.0,246667.0,1.0,probable,campana destructor de olores,1.0,,,0.8389,,557.6208178438661,0.8222233333333333,True
adepac,59epv5hf1,CRM,2024,4,adepac,59ePv5hF1,0.0,100756.0,285.0,426481.0,1,,,,,,,,unmatched,,,,,,,,,False
agorex,1crbn9h7z,CRM,2024,11,agorex,1cRbN9H7Z,0.0,101226.0,260.0,2581517.0,1,,,,,,,,unmatched,,,,,,,,,False
agorex,2wstwsg a,CRM,2025,7,agorex,2wStWSg-A,0.0,294819.0,824.0,8394010.0,1,,,,,,,,unmatched,,,,,,,,,False
agorex,370kdwpsz,CRM,2024,4,agorex,370KDwpSz,0.0,1120533.0,32187.0,11573523.0,1,,,,,,,,unmatched,,,,,,,,,False
agorex,44fcnwlrw,CRM,2024,8,agorex,44fCnwLRW,0.0,101276.0,128.0,4508596.0,1,,,,,,,,unmatched,,,,,,,,,False
agorex,6189516 008623,CRM,2023,3,agorex,6189516-008623,0.0,17221.0,52.0,1134474.0,1,,,,,,,,unmatched,,,,,,,,,False
agorex,6189516 008648,CRM,2023,3,agorex,6189516-008648,0.0,53998.0,8091.0,478378.0,1,,,,,,,,unmatched,,,,,,,,,False
agorex,6189516 008753,CRM,2023,4,agorex,6189516-008753,0.0,100939.0,141.0,451552.0,1,,,,,,,,unmatched,,,,,,,,,False
agorex,6189516 008785,CRM,2023,4,agorex,6189516-008785,0.0,101169.0,99.0,489310.0,1,,,,,,,,unmatched,,,,,,,,,False
agorex,6189516 008827,CRM,2023,4,agorex,6189516-008827,0.0,54070.0,6162.0,384622.0,1,,,,,,,,unmatched,,,,,,,,,False
agorex,6189516 009286,CRM,2023,5,agorex,6189516-009286,0.0,101318.0,67.0,1130953.0,1,,,,,,,,unmatched,,,,,,,,,False
agorex,6189516 010226,CRM,2023,7,agorex,6189516-010226,0.0,53893.0,7705.0,986642.0,1,,,,,,,,unmatched,,,,,,,,,False
agorex,6189516 010350,CRM,2023,7,agorex,6189516-010350,0.0,103856.0,672.0,1412855.0,1,,,,,,,,unmatched,,,,,,,,,False
agorex,6189516 010444,CRM,2023,8,agorex,6189516-010444,0.0,101821.0,461.0,952424.0,1,,,,,,,,unmatched,,,,,,,,,False
agorex,6189516 010711,CRM,2023,8,agorex,6189516-010711,0.0,27724.0,5411.0,1450233.0,1,,,,,,,,unmatched,,,,,,,,,False
agorex,6189516 010721,CRM,2023,8,agorex,6189516-010721,0.0,79702.0,1002.0,1275680.0,1,,,,,,,,unmatched,,,,,,,,,False
agorex,6189516 011507,CRM,2023,10,agorex,6189516-011507,0.0,52406.0,205.0,903627.0,1,,,,,,,,unmatched,,,,,,,,,False
agorex,6189516 011510,CRM,2023,10,agorex,6189516-011510,0.0,52229.0,227.0,269801.0,1,,,,,,,,unmatched,,,,,,,,,False
agorex,6189516 011573,CRM,2023,10,agorex,6189516-011573,0.0,101792.0,352.0,598717.0,1,,,,,,,,unmatched,,,,,,,,,False
agorex,6189516 011664,CRM,2023,11,agorex,6189516-011664,0.0,50815.0,4314.0,437192.0,1,,,,,,,,unmatched,,,,,,,,,False
agorex,6189516 011954,CRM,2023,11,agorex,6189516-011954,0.0,100202.0,346.0,385779.0,1,,,,,,,,unmatched,,,,,,,,,False
agorex,6189516 011973,CRM,2023,11,agorex,6189516-011973,0.0,27809.0,4678.0,615073.0,1,,,,,,,,unmatched,,,,,,,,,False
agorex,6189516 012070,CRM,2023,11,agorex,6189516-012070,0.0,101307.0,394.0,1231442.0,1,,,,,,,,unmatched,,,,,,,,,False
agorex,6189516 012089,CRM,2023,12,agorex,6189516-012089,0.0,53978.0,4849.0,667173.0,1,,,,,,,,unmatched,,,,,,,,,False
agorex,6189516 012106,CRM,2023,12,agorex,6189516-012106,0.0,85480.0,137.0,3060294.0,1,,,,,,,,unmatched,,,,,,,,,False
agorex,6h49g04th,CRM,2024,10,agorex,6H49G04TH,0.0,84075.0,222.0,2707631.0,1,,,,,,,,unmatched,,,,,,,,,False
agorex,6jzirgtkb,CRM,2024,1,agorex,6JZIRgtKB,0.0,65506.0,298.0,3024892.0,1,,,,,,,,unmatched,,,,,,,,,False
agorex,7yklawwib,CRM,2024,9,agorex,7yklAWWib,0.0,288.0,6.0,3328051.0,1,,,,,,,,unmatched,,,,,,,,,False
agorex,81lwhzncz,CRM,2024,6,agorex,81lWHZNCz,0.0,59287.0,2758.0,1698393.0,1,,,,,,,,unmatched,,,,,,,,,False
agorex,a9pftjpy9,CRM,2024,4,agorex,a9pftjpY9,0.0,54111.0,2396.0,1054916.0,1,,,,,,,,unmatched,,,,,,,,,False
agorex,alkjqtdev,CRM,2024,3,agorex,AlkjqtDEv,0.0,101350.0,314.0,1531292.0,1,,,,,,,,unmatched,,,,,,,,,False
agorex,bnqp1n74t,CRM,2025,6,agorex,bNqP1N74t,0.0,54124.0,266.0,3638344.0,1,PINTURA Y ACCESORIOS,AGOREX,AON JUNIO 2025,200000.0,110344.0,89656.0,3.0,probable,aon junio 2025,1.0,,,18.19172,,751.8796992481203,0.44828,True
agorex,bpgssdkja,CRM,2024,7,agorex,BPGssDKJa,0.0,102398.0,284.0,4742760.0,1,,,,,,,,unmatched,,,,,,,,,False
agorex,c5eeqtqls,CRM,2025,4,agorex,c5EeqtQLS,0.0,53903.0,365.0,796527.0,1,PINTURA Y ACCESORIOS,AGOREX,AON ABRIL 2025,1900000.0,50000.0,1850000.0,1.0,probable,aon abril 2025,1.0,,,0.41922473684210526,,5205.479452054795,0.9736842105263158,True
agorex,cm7i2xrxn,CRM,2024,8,agorex,CM7i2XRXN,0.0,101119.0,550.0,4627001.0,1,,,,,,,,unmatched,,,,,,,,,False
agorex,cyber day,Retail Display,2024,6,agorex,cyber_day,296320.0,0.0,666.0,0.0,3,,,,,,,,unmatched,,,0.22475701943844495,0.0,,,,,False
agorex,fdnix oqj,CRM,2024,8,agorex,fDnIx-OqJ,0.0,100010.0,157.0,5015957.0,1,,,,,,,,unmatched,,,,,,,,,False
agorex,fqclldcow,CRM,2024,4,agorex,FqclLDcOW,0.0,100827.0,219.0,886447.0,1,,,,,,,,unmatched,,,,,,,,,False
agorex,fwhvrxzx8,CRM,2024,12,agorex,FwhVrxZX8,0.0,54018.0,1861.0,967827.0,1,,,,,,,,unmatched,,,,,,,,,False
agorex,fys0nvo4h,CRM,2024,10,agorex,FYS0NVO4H,0.0,91742.0,210.0,2434702.0,1,,,,,,,,unmatched,,,,,,,,,False
agorex,ghq2rr6lv,CRM,2024,4,agorex,gHq2Rr6LV,0.0,51801.0,1427.0,918272.0,1,,,,,,,,unmatched,,,,,,,,,False
agorex,gkbdg5spt,CRM,2025,3,agorex,gkBdg5sPT,0.0,324172.0,1762.0,5310817.0,1,,,,,,,,unmatched,,,,,,,,,False
agorex,hakeqeui9,CRM,2024,11,agorex,HaKeqeUi9,0.0,65769.0,258.0,3305015.0,1,,,,,,,,unmatched,,,,,,,,,False
agorex,hv8cv es7,CRM,2025,4,agorex,hv8CV-ES7,0.0,53994.0,342.0,359340.0,1,PINTURA Y ACCESORIOS,AGOREX,AON ABRIL 2025,1900000.0,50000.0,1850000.0,1.0,probable,aon abril 2025,1.0,,,0.1891263157894737,,5555.555555555556,0.9736842105263158,True
agorex,iaqfavmfa,CRM,2024,8,agorex,IAQFAVMfa,0.0,57.0,2.0,649075.0,1,,,,,,,,unmatched,,,,,,,,,False
agorex,ionm0xejr,CRM,2024,10,agorex,iOnM0XejR,0.0,79535.0,276.0,2092738.0,1,,,,,,,,unmatched,,,,,,,,,False
agorex,iw1mc71df,CRM,2025,2,agorex,iw1Mc71DF,0.0,101909.0,348.0,1305746.0,1,,,,,,,,unmatched,,,,,,,,,False
agorex,jjvdscybr,CRM,2024,9,agorex,jjvdScybr,0.0,83342.0,215.0,4138629.0,1,,,,,,,,unmatched,,,,,,,,,False
agorex,jkentefpq,CRM,2025,7,agorex,JkenTEfPQ,0.0,101287.0,387.0,3932097.0,1,,,,,,,,unmatched,,,,,,,,,False
agorex,jzl5pdxty,CRM,2024,9,agorex,JzL5PDxtY,0.0,101912.0,155.0,3141932.0,1,,,,,,,,unmatched,,,,,,,,,False
agorex,msqv5oz q,CRM,2024,8,agorex,mSqV5oZ-Q,0.0,101106.0,259.0,2592037.0,1,,,,,,,,unmatched,,,,,,,,,False
agorex,nj1nas54o,CRM,2025,7,agorex,nj1NAS54O,0.0,54070.0,254.0,1441666.0,1,,,,,,,,unmatched,,,,,,,,,False
agorex,ouzjk9vke,CRM,2024,4,agorex,ouzJk9vKE,0.0,51591.0,51.0,629911.0,1,,,,,,,,unmatched,,,,,,,,,False
agorex,oypofwfxx,CRM,2024,4,agorex,OypOFWfxX,0.0,53885.0,2911.0,1654542.0,1,,,,,,,,unmatched,,,,,,,,,False
agorex,qbthrtben,CRM,2025,3,agorex,QBThRtben,0.0,101906.0,277.0,1733048.0,1,,,,,,,,unmatched,,,,,,,,,False
agorex,qvfkscuwj,CRM,2024,2,agorex,qvfkscuWj,0.0,55717.0,242.0,3388890.0,1,,,,,,,,unmatched,,,,,,,,,False
agorex,roq dqowd,CRM,2024,6,agorex,rOQ-dqoWd,0.0,27711.0,1817.0,1033579.0,1,,,,,,,,unmatched,,,,,,,,,False
agorex,sag7tdr c,CRM,2025,8,agorex,SaG7TdR-c,0.0,53957.0,214.0,1177970.0,1,,,,,,,,unmatched,,,,,,,,,False
agorex,tuxtummcs,CRM,2025,6,agorex,TuxTUMmcs,0.0,25430.0,363.0,1946492.0,1,PINTURA Y ACCESORIOS,AGOREX,AON JUNIO 2025,200000.0,110344.0,89656.0,3.0,probable,aon junio 2025,1.0,,,9.73246,,550.9641873278237,0.44828,True
agorex,vms2uiqc1,CRM,2024,8,agorex,Vms2UiQc1,0.0,54140.0,2113.0,1554227.0,1,,,,,,,,unmatched,,,,,,,,,False
agorex,wdl2dfcyh,CRM,2024,11,agorex,WdL2dFcYH,0.0,74795.0,216.0,1352582.0,1,,,,,,,,unmatched,,,,,,,,,False
agorex,x,CRM,2024,9,agorex,X,0.0,28066.0,2033.0,765180.0,1,,,,,,,,unmatched,,,,,,,,,False
agorex,xxy2d7mqy,CRM,2025,7,agorex,xxY2D7mqy,0.0,53959.0,242.0,1625481.0,1,,,,,,,,unmatched,,,,,,,,,False
agorex,y3xsf8avc,CRM,2024,7,agorex,Y3xSF8avC,0.0,1121376.0,29313.0,16224134.0,1,,,,,,,,unmatched,,,,,,,,,False
agorex,yyqjvqykg,CRM,2025,5,agorex,YyQjVQyKG,0.0,54038.0,325.0,841407.0,1,,,,,,,,unmatched,,,,,,,,,False
agrocommerce,aon febrero 2026,Meta,2026,2,agrocommerce,aon_febrero_2026,393943.0,0.0,29274.0,486270.0,12,,,,,,,,unmatched,,,7.431024285239235,0.0,,,,,False
agrocommerce,aon febrero 2026,Meta,2026,3,agrocommerce,aon_febrero_2026,317415.0,0.0,25243.0,536384.0,21,,,,,,,,unmatched,,,7.952680245104989,0.0,,,,,False
agrocommerce,aseo,Google,2025,5,agrocommerce,aseo,56668.0,0.0,1467.0,0.0,5,,,,,,,,unmatched,,,2.58876261735018,0.0,,,,,False
agrocommerce,aseo,Google,2025,6,agrocommerce,aseo,15606.0,0.0,483.0,0.0,2,,,,,,,,unmatched,,,3.094963475586313,0.0,,,,,False
agrocommerce dr beckmann,aseo,Retail Display,2025,4,agrocommerce_dr_beckmann,aseo,190071.0,0.0,519.0,0.0,21,,,,,,,,unmatched,,,0.2730558580740881,0.0,,,,,False
agrocommerce dr beckmann,black friday,Retail Display,2025,11,agrocommerce-dr.beckmann,black_friday,32227.0,0.0,57.0,0.0,3,,,,,,,,unmatched,,,0.17687032612405748,0.0,,,,,False
agrocommerce dr beckmann,black friday,Retail Display,2025,12,agrocommerce-dr.beckmann,black_friday,5187.0,0.0,9.0,0.0,1,,,,,,,,unmatched,,,0.1735106998264893,0.0,,,,,False
agrocommerce dr beckmann,black week,Retail Display,2026,3,agrocommerce-dr.beckmann,black_week,7792.0,0.0,16.0,0.0,1,,,,,,,,unmatched,,,0.20533880903490762,0.0,,,,,False
agrocommerce dr beckmann,black week,Retail Display,2026,4,agrocommerce-dr.beckmann,black_week,69138.0,0.0,88.0,0.0,5,,,,,,,,unmatched,,,0.12728166854696404,0.0,,,,,False
agrocommerce dr beckmann,cyber day,Retail Display,2025,6,agrocommerce-dr.beckmann,cyber_day,74612.0,0.0,178.0,0.0,3,,,,,,,,unmatched,,,0.23856752265051195,0.0,,,,,False
agrocommerce drbeckmann,cyber monday,Retail Display,2025,10,agrocommerce-drbeckmann,cyber_monday,54626.0,0.0,139.0,0.0,3,,,,,,,,unmatched,,,0.25445758430051624,0.0,,,,,False
agrocommerce vileda,,Retail Display,2025,4,agrocommerce-vileda,,200674.0,0.0,712.0,0.0,16,,,,,,,,unmatched,,,0.3548043094770623,0.0,,,,,False
agrocommerce vileda,aseo,Retail Display,2024,10,agrocommerce-vileda,aseo,31349.0,0.0,141.0,0.0,8,,,,,,,,unmatched,,,0.4497751124437781,0.0,,,,,False
agrocommerce vileda,aseo,Retail Display,2024,11,agrocommerce-vileda,aseo,130182.0,0.0,571.0,0.0,18,,,,,,,,unmatched,,,0.4386167058425896,0.0,,,,,False
agrocommerce vileda,black friday,Retail Display,2025,11,agrocommerce-vileda,black_friday,65082.0,0.0,180.0,0.0,3,,,,,,,,unmatched,,,0.27657416797271134,0.0,,,,,False
agrocommerce vileda,black friday,Retail Display,2025,12,agrocommerce-vileda,black_friday,28540.0,0.0,114.0,0.0,1,,,,,,,,unmatched,,,0.3994393833216538,0.0,,,,,False
agrocommerce vileda,black week,Retail Display,2026,4,agrocommerce-vileda,black_week,38469.0,0.0,108.0,0.0,5,,,,,,,,unmatched,,,0.28074553536613894,0.0,,,,,False
agrocommerce vileda,cyber day,Retail Display,2025,6,agrocommerce-vileda,cyber_day,113224.0,0.0,486.0,0.0,3,,,,,,,,unmatched,,,0.42923761746626155,0.0,,,,,False
agrocommerce vileda,cyber monday,Meta,2025,10,agrocommerce-vileda,cyber_monday,114756.0,0.0,6046.0,0.0,3,,,,,,,,unmatched,,,5.268569835128447,0.0,,,,,False
agrocommerce vileda,cyber monday,Meta,2025,11,agrocommerce-vileda,cyber_monday,78039.0,0.0,4393.0,0.0,2,,,,,,,,unmatched,,,5.629236663719422,0.0,,,,,False
agrocommerce vileda,cyber monday,Meta,2025,12,agrocommerce-vileda,cyber_monday,50578.0,0.0,2273.0,0.0,1,,,,,,,,unmatched,,,4.494048795919174,0.0,,,,,False
agrocommerce vileda,cyber monday,Retail Display,2024,9,agrocommerce-vileda,cyber_monday,14645.0,0.0,84.0,0.0,1,,,,,,,,unmatched,,,0.5735745988391943,0.0,,,,,False
agrocommerce vileda,cyber monday,Retail Display,2024,10,agrocommerce-vileda,cyber_monday,136082.0,0.0,236.0,0.0,2,,,,,,,,unmatched,,,0.17342484678355696,0.0,,,,,False
agrocommerce vileda,cyber monday,Retail Display,2025,10,agrocommerce-vileda,cyber_monday,109530.0,0.0,493.0,0.0,3,,,,,,,,unmatched,,,0.4501049940655528,0.0,,,,,False
airolite,5ebjvcv6k,CRM,2024,12,airolite,5eBjVcV6K,0.0,102091.0,456.0,4895752.0,1,,,,,,,,unmatched,,,,,,,,,False
airolite,6189516 009614,CRM,2023,5,airolite,6189516-009614,0.0,27497.0,4598.0,334192.0,1,,,,,,,,unmatched,,,,,,,,,False
airolite,black friday,Retail Display,2025,11,airolite,black_friday,57786.0,0.0,110.0,0.0,4,,,,,,,,unmatched,,,0.19035752604437062,0.0,,,,,False
airolite,black friday,Retail Display,2025,12,airolite,black_friday,38268.0,0.0,68.0,0.0,1,,,,,,,,unmatched,,,0.177694156998014,0.0,,,,,False
airolite,dxu2b7rty,CRM,2025,1,airolite,Dxu2b7rTY,0.0,101663.0,583.0,2730874.0,1,,,,,,,,unmatched,,,,,,,,,False
airolite,wx9vdbxfo,CRM,2024,8,airolite,wx9VDBXFo,0.0,101098.0,365.0,358940.0,1,,,,,,,,unmatched,,,,,,,,,False
airwick,5dwgcygcl,CRM,2025,6,airwick,5dwGcygCL,0.0,26.0,2.0,329111.0,1,,,,,,,,unmatched,,,,,,,,,False
airwick,aromatizadores navidad,Retail Display,2024,11,airwick,aromatizadores_navidad,101722.0,0.0,348.0,0.0,26,,,,,,,,unmatched,,,0.3421088850002949,0.0,,,,,False
airwick,aromatizadores navidad,Retail Display,2024,12,airwick,aromatizadores_navidad,356471.0,0.0,723.0,0.0,28,,,,,,,,unmatched,,,0.20282154789590176,0.0,,,,,False
airwick,navidad,Retail Display,2025,12,airwick,navidad,109112.0,0.0,161.0,0.0,25,ASEO,AIRWICK,Navidad Airwick 2025,300000.0,240000.0,60000.0,1.0,probable,navidad airwick 2025,1.0,0.1475548060708263,0.0,0.0,2749.4684361023537,1863.3540372670807,0.2,True
airwick,zjwoxqrfi,CRM,2025,4,airwick,ZJWoXqRfI,0.0,101196.0,331.0,1077336.0,1,,,,,,,,unmatched,,,,,,,,,False
aislan,briilfbgr,CRM,2025,7,aislan,bRIiLfbGr,0.0,2.0,2.0,101980.0,1,,,,,,,,unmatched,,,,,,,,,False
aislan,hazlo todo con volcan,Sponsored Products,2026,3,AISLAN,hazlo_todo_con_volcan,0.0,0.0,0.0,306012.0,1,,,,,,,,unmatched,,,,,,,,,False
aislan,jthsxnccb,CRM,2025,2,aislan,jthSxNccB,0.0,1.0,1.0,313440.0,1,,,,,,,,unmatched,,,,,,,,,False
aislan,lqwka052t,CRM,2025,2,aislan,lQwkA052t,0.0,8.0,0.0,912497.0,1,,,,,,,,unmatched,,,,,,,,,False
aislan,zpy2ximbo,CRM,2025,3,aislan,ZPy2XIMBO,0.0,9.0,0.0,925454.0,1,,,,,,,,unmatched,,,,,,,,,False
aislanglass,6189516 009037,CRM,2023,4,aislanglass,6189516-009037,0.0,11001.0,1644.0,0.0,1,,,,,,,,unmatched,,,,,,,,,False
aislanglass,6189516 009043,CRM,2023,4,aislanglass,6189516-009043,0.0,50000.0,6690.0,1853798.0,1,,,,,,,,unmatched,,,,,,,,,False
aislanglass,6189516 011717,CRM,2023,11,aislanglass,6189516-011717,0.0,101053.0,258.0,2676797.0,1,,,,,,,,unmatched,,,,,,,,,False
aislanglass,6189516 011818,CRM,2023,11,aislanglass,6189516-011818,0.0,101929.0,308.0,2509006.0,1,,,,,,,,unmatched,,,,,,,,,False
aislanglass,6189516 012048,CRM,2023,11,aislanglass,6189516-012048,0.0,100035.0,292.0,2413218.0,1,,,,,,,,unmatched,,,,,,,,,False
aislanglass,6189516 012211,CRM,2023,12,aislanglass,6189516-012211,0.0,99268.0,156.0,920500.0,1,,,,,,,,unmatched,,,,,,,,,False
aislanglass,6189516 012336,CRM,2023,12,aislanglass,6189516-012336,0.0,101132.0,300.0,3625651.0,1,,,,,,,,unmatched,,,,,,,,,False
aislanglass,black marzo 2026,CRM,2026,3,aislanglass,Black Marzo 2026,0.0,33.0,1.0,4355170.0,1,,,,,,,,unmatched,,,,,,,,,False
aislanglass,black week,Sponsored Products,2026,3,AISLANGLASS,black_week,23373.0,0.0,666.0,3116960.0,1,,,,,,,,unmatched,,,2.849441663457836,0.0,,,,,False
aislanglass,briilfbgr,CRM,2025,7,aislanglass,bRIiLfbGr,0.0,101155.0,643.0,1917305.0,1,,,,,,,,unmatched,,,,,,,,,False
aislanglass,campana hazlo todo con volcan,CRM,2026,4,aislanglass,Campaña Hazlo Todo con Volcan,0.0,10148.0,5.0,12681760.0,6,,,,,,,,unmatched,,,,,,,,,False
aislanglass,fcg8pybxs,CRM,2025,8,aislanglass,FCg8pyBxs,0.0,101177.0,15.0,512186.0,1,,,,,,,,unmatched,,,,,,,,,False
aislanglass,hazlo todo con volcan,Sponsored Products,2026,3,AISLANGLASS,hazlo_todo_con_volcan,13537.0,0.0,266.0,205960.0,1,,,,,,,,unmatched,,,1.9649848563197163,0.0,,,,,False
aislanglass,hazlo todo con volcan,Sponsored Products,2026,4,AISLANGLASS,hazlo_todo_con_volcan,23057.0,0.0,600.0,296324.0,1,,,,,,,,unmatched,,,2.6022466062367178,0.0,,,,,False
aislanglass,lanzamiento,CRM,2025,12,aislanglass,lanzamiento,0.0,18.0,0.0,1147243.0,1,,,,,,,,unmatched,,,,,,,,,False
aislanglass,njkzr0uq5,CRM,2025,7,aislanglass,njKzr0uq5,0.0,54057.0,234.0,86580.0,1,,,,,,,,unmatched,,,,,,,,,False
aislanglass,omyrauxr5,CRM,2024,1,aislanglass,OmyRaUXr5,0.0,53807.0,5758.0,2445490.0,1,,,,,,,,unmatched,,,,,,,,,False
aislanglass,p2ymelhze,CRM,2025,7,aislanglass,p2ymELHZE,0.0,54029.0,237.0,204238.0,1,,,,,,,,unmatched,,,,,,,,,False
aislanglass,sin campana,CRM,2025,12,aislanglass,sin campaña,0.0,32.0,1.0,2017732.0,1,,,,,,,,unmatched,,,,,,,,,False
aiwa,6189516 007594,CRM,2023,1,aiwa,6189516-007594,0.0,101653.0,172.0,500473.0,1,,,,,,,,unmatched,,,,,,,,,False
aiwa,6189516 007705,CRM,2023,1,aiwa,6189516-007705,0.0,101596.0,207.0,169670.0,1,,,,,,,,unmatched,,,,,,,,,False
albin trotter,black week,Sponsored Products,2026,3,ALBIN TROTTER,black_week,138558.0,0.0,2266.0,17840680.0,1,,,,,,,,unmatched,,,1.6354162155920264,0.0,,,,,False
alcazar,,Otros,2026,5,alcazar,,247214.0,0.0,317.0,0.0,20,,,,,,,,unmatched,,,0.1282289837954161,0.0,,,,,False
alcazar,,Retail Display,2025,5,alcazar,,216864.0,0.0,720.0,0.0,26,ELECTROHOGAR,ALCAZAR,Tactico Mayo,1600000.0,480000.0,1120000.0,2.0,probable,tactico mayo,1.0,0.33200531208499334,0.0,0.0,7377.895824110963,2222.222222222222,0.7,True
alcazar,,Retail Display,2025,6,alcazar,,207856.0,0.0,722.0,0.0,25,ELECTROHOGAR,ALCAZAR,Tactico Junio,1650000.0,480000.0,1170000.0,2.0,probable,tactico junio,1.0,0.34735586175044264,0.0,0.0,7938.187976291279,2285.3185595567866,0.7090909090909091,True
alcazar,,Retail Display,2025,7,alcazar,,225887.0,0.0,1079.0,0.0,18,ELECTROHOGAR,ALCAZAR,Tactico Julio,1600000.0,480000.0,1120000.0,2.0,probable,tactico julio,1.0,0.4776724645508595,0.0,0.0,7083.187611504868,1482.8544949026877,0.7,True
alcazar,2soxjbvo2,CRM,2024,5,alcazar,2sOXjbVo2,0.0,53992.0,3080.0,16364712.0,1,,,,,,,,unmatched,,,,,,,,,False
alcazar,5kato2dya,CRM,2024,5,alcazar,5kAto2DyA,0.0,102135.0,658.0,8183677.0,1,,,,,,,,unmatched,,,,,,,,,False
alcazar,6pzgen8dh,CRM,2024,6,alcazar,6PzgeN8dh,0.0,101215.0,347.0,8300369.0,1,,,,,,,,unmatched,,,,,,,,,False
alcazar,8tamdwta4,CRM,2025,7,alcazar,8tamdWTa4,0.0,101326.0,624.0,5304850.0,1,ELECTROHOGAR,ALCAZAR,Tactico Julio,150000.0,44444.0,105556.0,1.0,probable,tactico julio,1.0,,,35.36566666666667,,240.3846153846154,0.7037066666666667,True
alcazar,ao,Google,2025,5,alcazar,ao,179329.0,0.0,3209.0,0.0,12,,,,,,,,unmatched,,,1.7894484439215073,0.0,,,,,False
alcazar,ao,Google,2025,6,alcazar,ao,5271.0,0.0,130.0,0.0,1,,,,,,,,unmatched,,,2.4663251754885223,0.0,,,,,False
alcazar,aon alcazar,Retail Display,2026,4,alcazar,aon_alcazar,302836.0,0.0,230.0,0.0,8,,,,,,,,unmatched,,,0.07594869830535339,0.0,,,,,False
alcazar,aon alcazar,Retail Display,2026,5,alcazar,aon_alcazar,81781.0,0.0,90.0,0.0,4,ELECTROHOGAR,ALCAZAR,AON MAYO ALCAZAR 2026,800000.0,640000.0,160000.0,1.0,probable,aon mayo alcazar 2026,1.0,0.11005001161639011,0.0,0.0,9782.223254790231,8888.888888888889,0.2,True
alcazar,black week,Sponsored Products,2026,3,ALCAZAR,black_week,186212.0,0.0,3326.0,17879740.0,1,,,,,,,,unmatched,,,1.7861362318217944,0.0,,,,,False
alcazar,calefaccion,Retail Display,2024,6,alcazar,calefaccion,309959.0,0.0,1502.0,0.0,17,,,,,,,,unmatched,,,0.48458021867408274,0.0,,,,,False
alcazar,co brand,Retail Display,2024,5,alcazar,co_brand,164641.0,0.0,948.0,0.0,6,,,,,,,,unmatched,,,0.575798251954252,0.0,,,,,False
alcazar,electrohogar,Retail Display,2025,4,alcazar,electrohogar,230780.0,0.0,656.0,0.0,22,ELECTROHOGAR,ALCAZAR,Tactico Abril,1850000.0,480000.0,1370000.0,2.0,probable,tactico abril,1.0,0.2842534015079296,0.0,0.0,8016.29257301326,2820.121951219512,0.7405405405405405,True
alcazar,hch7fu2zz,CRM,2024,6,alcazar,Hch7FU2ZZ,0.0,102062.0,612.0,5144277.0,1,,,,,,,,unmatched,,,,,,,,,False
alcazar,idqo2mqq9,CRM,2024,5,alcazar,iDQO2mQq9,0.0,100207.0,368.0,5098118.0,1,,,,,,,,unmatched,,,,,,,,,False
alcazar,llxm tnxf,CRM,2025,7,alcazar,lLxM-tnxf,0.0,101185.0,689.0,1534950.0,1,ELECTROHOGAR,ALCAZAR,Tactico Julio,150000.0,44444.0,105556.0,1.0,probable,tactico julio,1.0,,,10.233,,217.70682148040638,0.7037066666666667,True
alcazar,oyhj1bavn,CRM,2024,6,alcazar,oYhJ1bavn,0.0,106274.0,321.0,9377835.0,1,,,,,,,,unmatched,,,,,,,,,False
alcazar,tqlunytsv,CRM,2024,4,alcazar,tQLUNYTSv,0.0,66912.0,266.0,10016750.0,1,,,,,,,,unmatched,,,,,,,,,False
alcazar,tw5e2elwz,CRM,2024,6,alcazar,tW5e2eLwZ,0.0,102764.0,301.0,7392910.0,1,,,,,,,,unmatched,,,,,,,,,False
alcazar,u3mvu mko,CRM,2024,5,alcazar,u3mVu-mko,0.0,101037.0,645.0,13458900.0,1,,,,,,,,unmatched,,,,,,,,,False
alcazar,wmajmwx3v,CRM,2025,4,alcazar,WmAJmWX3V,0.0,101066.0,648.0,6714760.0,1,ELECTROHOGAR,ALCAZAR,Tactico Abril,0.0,50000.0,-50000.0,1.0,probable,tactico abril,1.0,,,,,0.0,,False
alex,fax2pycmu,CRM,2025,7,alex,fAX2pYCmu,0.0,31.0,0.0,241812.0,1,,,,,,,,unmatched,,,,,,,,,False
amerplast,,Retail Display,2026,1,amerplast,,59814.0,0.0,116.0,0.0,5,PLOMERIA / GASFITERIA,AMERPLAST,Campaña Verano - Enero,400000.0,320000.0,80000.0,1.0,probable,campana verano enero,1.0,0.1939345303775036,0.0,0.0,6687.397599224262,3448.2758620689656,0.2,True
amerplast,,Retail Display,2026,2,amerplast,,94028.0,0.0,194.0,0.0,10,,,,,,,,unmatched,,,0.20632152124898964,0.0,,,,,False
amerplast,cyber monday,Sponsored Products,2025,10,amerplast,cyber_monday,128672.0,0.0,375.0,0.0,3,,,,,,,,unmatched,,,0.2914386968415817,0.0,,,,,False
amerplast,ijnxjn0 k,CRM,2024,1,amerplast,IJnxjn0-k,0.0,49599.0,236.0,1319523.0,1,,,,,,,,unmatched,,,,,,,,,False
amerplast,rt8zrytlh,CRM,2024,1,amerplast,RT8zRYTLh,0.0,49322.0,221.0,1905621.0,1,,,,,,,,unmatched,,,,,,,,,False
amesti,aon amesti,Otros,2026,5,amesti,aon_amesti,18555.0,0.0,27.0,0.0,5,,,,,,,,unmatched,,,0.14551333872271624,0.0,,,,,False
amesti,black week,Retail Display,2025,3,amesti,black_week,48542.0,0.0,230.0,0.0,5,ELECTROHOGAR,AMESTI,Black Marzo 2025,300000.0,240000.0,60000.0,1.0,probable,black marzo 2025,1.0,0.47381648881381067,0.0,0.0,6180.215071484487,1304.3478260869565,0.2,True
amesti,black week,Retail Display,2025,4,amesti,black_week,142348.0,0.0,226.0,0.0,8,,,,,,,,unmatched,,,0.15876584145895972,0.0,,,,,False
amesti,black week,Sponsored Products,2026,3,AMESTI,black_week,98821.0,0.0,2532.0,53759230.0,1,,,,,,,,unmatched,,,2.5622084374778638,0.0,,,,,False
amesti,cyber day,Retail Display,2025,6,amesti,cyber_day,115615.0,0.0,462.0,0.0,3,,,,,,,,unmatched,,,0.39960212775158926,0.0,,,,,False
amesti,zylspsqzh,CRM,2024,5,amesti,zyLsPsQZH,0.0,101686.0,233.0,26552723.0,1,,,,,,,,unmatched,,,,,,,,,False
anasac,6189516 008871,CRM,2023,4,anasac,6189516-008871,0.0,61214.0,125.0,5579252.0,1,,,,,,,,unmatched,,,,,,,,,False
anasac,6189516 011705,CRM,2023,11,anasac,6189516-011705,0.0,101226.0,308.0,10753047.0,1,,,,,,,,unmatched,,,,,,,,,False
anasac,cyperkill,Retail Display,2025,11,anasac,cyperkill,114730.0,0.0,149.0,0.0,18,,,,,,,,unmatched,,,0.12987012987012986,0.0,,,,,False
anasac,cyperkill,Retail Display,2025,12,anasac,cyperkill,124270.0,0.0,138.0,0.0,30,,,,,,,,unmatched,,,0.11104852337651887,0.0,,,,,False
anasac,nuevos zectos,Retail Display,2024,10,anasac,nuevos_zectos,478519.0,0.0,391.0,0.0,13,,,,,,,,unmatched,,,0.08171044409939836,0.0,,,,,False
anasac,q5skwlorg,CRM,2025,11,anasac,q5SKwLOrG,0.0,53942.0,0.0,3206931.0,1,,,,,,,,unmatched,,,,,,,,,False
anasac,repelentes,Google,2025,12,anasac,repelentes,28771.0,0.0,1086.0,55550.0,4,JARDIN,ANASAC,Tactico Fillrate,200000.0,0.0,200000.0,1.0,probable,tactico fillrate,1.0,3.7746341802509473,0.0,0.27775,6951.444162524765,184.1620626151013,1.0,True
anasac fellini goofy,felliny goofy,Retail Display,2026,5,anasac-fellini-goofy,felliny_goofy,307785.0,0.0,85.0,0.0,21,,,,,,,,unmatched,,,0.027616680475006903,0.0,,,,,False
anasac fellini goofy,tactico felliny goofy febrero 2026,Retail Display,2026,2,anasac-fellini-goofy,tactico_felliny_goofy_febrero_2026,27436.0,0.0,23.0,0.0,5,,,,,,,,unmatched,,,0.08383146231229043,0.0,,,,,False
anasac fellini goofy,tactico felliny goofy febrero 2026,Retail Display,2026,3,anasac-fellini-goofy,tactico_felliny_goofy_febrero_2026,280256.0,0.0,93.0,0.0,23,,,,,,,,unmatched,,,0.03318394610641699,0.0,,,,,False
anasac rastop,rastop,Retail Display,2026,5,anasac-rastop,rastop,322157.0,0.0,99.0,0.0,22,,,,,,,,unmatched,,,0.030730358179397003,0.0,,,,,False
anasac traper,regalones de la casa,Retail Display,2025,6,anasac-traper,regalones_de_la_casa,85958.0,0.0,78.0,0.0,19,,,,,,,,unmatched,,,0.09074199027432002,0.0,,,,,False
anasac traper,regalones de la casa,Retail Display,2025,7,anasac-traper,regalones_de_la_casa,43140.0,0.0,69.0,0.0,20,,,,,,,,unmatched,,,0.1599443671766342,0.0,,,,,False
anasac traper,regalones de la casa,Retail Display,2025,8,anasac-traper,regalones_de_la_casa,56459.0,0.0,84.0,0.0,20,,,,,,,,unmatched,,,0.14878053100479993,0.0,,,,,False
anasac traper,regalones de la casa,Retail Display,2025,9,anasac-traper,regalones_de_la_casa,5423.0,0.0,4.0,0.0,2,,,,,,,,unmatched,,,0.07375991148810622,0.0,,,,,False
anasac trapper,cyber day,Retail Display,2025,6,anasac-trapper,cyber_day,206597.0,0.0,502.0,0.0,3,,,,,,,,unmatched,,,0.24298513531174218,0.0,,,,,False
anasac zecto,repelente insectos,Retail Display,2025,2,anasac-zecto,repelente_insectos,222018.0,0.0,123.0,0.0,22,,,,,,,,unmatched,,,0.05540091343945086,0.0,,,,,False
anasac zecto,repelente insectos,Retail Display,2025,3,anasac-zecto,repelente_insectos,14178.0,0.0,15.0,0.0,7,,,,,,,,unmatched,,,0.10579771476936098,0.0,,,,,False
anasac zecto,repelentes,Google,2025,12,anasac-zecto,repelentes,30333.0,0.0,1070.0,88970.0,8,,,,,,,,unmatched,,,3.5275112913328717,0.0,,,,,False
angelgres,aon marzo 2026,Sponsored Products,2026,3,ANGELGRES,aon_marzo_2026,17082.0,0.0,395.0,335267.0,1,,,,,,,,unmatched,,,2.312375600046833,0.0,,,,,False
angelgres,tactico febrero 2026,Sponsored Products,2026,2,ANGELGRES,tactico_febrero_2026,27999.0,0.0,510.0,418514.0,1,,,,,,,,unmatched,,,1.8214936247723135,0.0,,,,,False
aquaplast,fysdombdr,CRM,2024,12,aquaplast,fysDomBdr,0.0,102128.0,295.0,38980.0,1,,,,,,,,unmatched,,,,,,,,,False
aquaplast,mjd1j61en,CRM,2025,1,aquaplast,MJD1j61En,0.0,102106.0,488.0,207900.0,1,,,,,,,,unmatched,,,,,,,,,False
ar shelving,bts febrero 2026,Sponsored Products,2026,2,AR SHELVING,bts_febrero_2026,3440.0,0.0,16.0,0.0,1,,,,,,,,unmatched,,,0.46511627906976744,0.0,,,,,False
ar shelving,bts marzo 2026,Sponsored Products,2026,3,AR SHELVING,bts_marzo_2026,3958.0,0.0,45.0,59990.0,1,,,,,,,,unmatched,,,1.1369378473976757,0.0,,,,,False
arielle pisoforte,kj bzyql8,CRM,2025,3,arielle pisoforte,Kj-BzyqL8,0.0,1.0,0.0,139662.0,1,,,,,,,,unmatched,,,,,,,,,False
armor all,4omb9tcwd,CRM,2024,8,armor all,4Omb9tcWD,0.0,5246.0,0.0,16970.0,1,,,,,,,,unmatched,,,,,,,,,False
armor all,b9td76ydp,CRM,2025,2,armor all,b9td76ydp,0.0,22.0,2.0,108360.0,1,,,,,,,,unmatched,,,,,,,,,False
armor all,jikcdv03v,CRM,2025,2,armor all,JIKcdv03v,0.0,101994.0,619.0,67450.0,1,,,,,,,,unmatched,,,,,,,,,False
armor all,n4r0tjrky,CRM,2024,8,armor all,n4R0tjRKy,0.0,46656.0,192.0,51248.0,1,,,,,,,,unmatched,,,,,,,,,False
atlantic,6189516 009925,CRM,2023,6,atlantic,6189516-009925,0.0,101085.0,114.0,349980.0,1,,,,,,,,unmatched,,,,,,,,,False
atom,qnlqbnhgx,CRM,2024,2,atom,qnlqbNhGX,0.0,101711.0,440.0,184840.0,1,,,,,,,,unmatched,,,,,,,,,False
aura,aon marzo ninja 2026,Sponsored Products,2026,3,AURA,aon_marzo_ninja_2026,11922.0,0.0,248.0,24990.0,1,,,,,,,,unmatched,,,2.080187887938265,0.0,,,,,False
aura,aon ninja,Sponsored Products,2026,4,AURA,aon_ninja,6302.0,0.0,86.0,0.0,1,,,,,,,,unmatched,,,1.364646144081244,0.0,,,,,False
aura,black week,Sponsored Products,2026,3,AURA,black_week,2245.0,0.0,23.0,0.0,1,,,,,,,,unmatched,,,1.024498886414254,0.0,,,,,False
aura,electroweek marzo 2026,Sponsored Products,2026,2,AURA,electroweek_marzo_2026,3128.0,0.0,31.0,0.0,1,,,,,,,,unmatched,,,0.9910485933503836,0.0,,,,,False
austone,black friday,Retail Display,2025,11,austone,black_friday,69189.0,0.0,271.0,0.0,3,,,,,,,,unmatched,,,0.39168075850207407,0.0,,,,,False
austone,black friday,Retail Display,2025,12,austone,black_friday,52686.0,0.0,99.0,0.0,1,,,,,,,,unmatched,,,0.18790570550051247,0.0,,,,,False
austone,hfdvt5ysu,CRM,2024,9,austone,hFDvT5ysu,0.0,51550.0,2297.0,4989357.0,1,,,,,,,,unmatched,,,,,,,,,False
austone,kotyhrpfo,CRM,2025,9,austone,KOTyhrPfO,0.0,17.0,0.0,1422090.0,1,,,,,,,,unmatched,,,,,,,,,False
austone,m41p1yhxn,CRM,2025,9,austone,M41P1YhxN,0.0,33.0,2.0,2834434.0,1,,,,,,,,unmatched,,,,,,,,,False
austone,rbieiruh,CRM,2024,12,austone,-rBiEIruh,0.0,53962.0,1729.0,2106087.0,1,,,,,,,,unmatched,,,,,,,,,False
austone,xa jpvlmh,CRM,2025,1,austone,Xa-jpvlMh,0.0,35.0,1.0,3861704.0,1,,,,,,,,unmatched,,,,,,,,,False
austone,zdk5mo bj,CRM,2024,1,austone,ZDK5MO-bj,0.0,40753.0,3908.0,3237240.0,1,,,,,,,,unmatched,,,,,,,,,False
autoplanet austone,cyber monday,Retail Display,2025,10,autoplanet-austone,cyber_monday,127866.0,0.0,523.0,0.0,3,,,,,,,,unmatched,,,0.4090219448485133,0.0,,,,,False
autoplanet austone kumho hankook autostyle,sobre ruedas 2026,Retail Display,2026,1,autoplanet-austone_kumho_hankook_autostyle,sobre_ruedas_2026,299070.0,0.0,517.0,0.0,23,,,,,,,,unmatched,,,0.17286922793994716,0.0,,,,,False
autostyle,0liw1rkjw,CRM,2025,1,autostyle,0LiW1rKjW,0.0,2484.0,10.0,33752598.0,1,,,,,,,,unmatched,,,,,,,,,False
autostyle,6189516 007925,CRM,2023,1,autostyle,6189516-007925,0.0,101377.0,463.0,18435299.0,1,,,,,,,,unmatched,,,,,,,,,False
autostyle,jikcdv03v,CRM,2025,2,autostyle,JIKcdv03v,0.0,1679.0,11.0,20912345.0,1,,,,,,,,unmatched,,,,,,,,,False
b d multimarca,cyber day,Retail Display,2025,6,b&d-multimarca,cyber_day,308859.0,0.0,1746.0,0.0,3,,,,,,,,unmatched,,,0.5653064990821054,0.0,,,,,False
bata industrials,lwlurfown,CRM,2024,3,bata industrials,lwluRfoWn,0.0,53974.0,3200.0,977274.0,1,,,,,,,,unmatched,,,,,,,,,False
bata industrials,qushbwla9,CRM,2024,3,bata industrials,quShbWlA9,0.0,99597.0,605.0,2139823.0,1,,,,,,,,unmatched,,,,,,,,,False
bauker,ojepykjxv,CRM,2025,4,bauker,OJEpYkjXV,0.0,1181.0,9.0,31642442.0,1,,,,,,,,unmatched,,,,,,,,,False
bbq grill,6189516 008554,CRM,2023,3,bbq grill,6189516-008554,0.0,47612.0,5802.0,219990.0,1,,,,,,,,unmatched,,,,,,,,,False
bbq grill,6189516 009316,CRM,2023,5,bbq grill,6189516-009316,0.0,1125858.0,101142.0,2923800.0,1,,,,,,,,unmatched,,,,,,,,,False
bbq grill,6189516 010739,CRM,2023,8,bbq grill,6189516-010739,0.0,101487.0,96.0,0.0,1,,,,,,,,unmatched,,,,,,,,,False
bbq grill,black week,Sponsored Products,2026,3,BBQ GRILL,black_week,53568.0,0.0,1430.0,10959520.0,1,AIRE LIBRE,BBQ GRILL,AON Marzo 2026,500000.0,412000.0,88000.0,1.0,probable,aon marzo 2026,1.0,2.669504181600956,0.0,21.91904,9333.930704898448,349.65034965034965,0.176,True
behnke,x,CRM,2024,10,behnke,X,0.0,211367.0,124.0,0.0,1,,,,,,,,unmatched,,,,,,,,,False
behnkehome,cyber monday,Retail Display,2024,9,behnkehome,cyber_monday,45619.0,0.0,256.0,0.0,1,,,,,,,,unmatched,,,0.5611696880685679,0.0,,,,,False
behnkehome,cyber monday,Retail Display,2024,10,behnkehome,cyber_monday,228227.0,0.0,543.0,0.0,2,,,,,,,,unmatched,,,0.23792101723284273,0.0,,,,,False
belsogno,6189516 012295,CRM,2023,12,belsogno,6189516-012295,0.0,53929.0,3728.0,390930.0,1,,,,,,,,unmatched,,,,,,,,,False
belsogno,aon febrero 2026,Sponsored Products,2026,2,BELSOGNO,aon_febrero_2026,0.0,0.0,0.0,199990.0,1,,,,,,,,unmatched,,,,,,,,,False
belsogno,aon febrero muebles 2026,Sponsored Products,2026,2,BELSOGNO,aon_febrero_muebles_2026,0.0,0.0,0.0,399980.0,1,,,,,,,,unmatched,,,,,,,,,False
belsogno,aon marzo 2026,Sponsored Products,2026,3,BELSOGNO,aon_marzo_2026,0.0,0.0,0.0,58690.0,1,,,,,,,,unmatched,,,,,,,,,False
belsogno,black week,Sponsored Products,2026,3,BELSOGNO,black_week,0.0,0.0,0.0,129980.0,1,,,,,,,,unmatched,,,,,,,,,False
beox,cyber monday,Meta,2025,10,beox,cyber_monday,69892.0,0.0,1181.0,0.0,2,,,,,,,,unmatched,,,1.689749899845476,0.0,,,,,False
beox,cyber monday,Retail Display,2025,10,beox,cyber_monday,108717.0,0.0,198.0,0.0,3,ASEO,BEOX,Cyber Octubre 2025,300000.0,240000.0,60000.0,1.0,probable,cyber octubre 2025,1.0,0.18212423080107065,0.0,0.0,2759.458042440465,1515.1515151515152,0.2,True
beox,hnytxsxjp,CRM,2025,10,beox,HNYTxSXjp,0.0,106293.0,231.0,5990.0,1,ASEO,BEOX,Cyber Octubre 2025,800000.0,27119.0,772881.0,1.0,probable,cyber octubre 2025,1.0,,,0.0074875,,3463.2034632034633,0.96610125,True
beox,qgqueumod,CRM,2025,10,beox,QGQuEuMOD,0.0,106142.0,65.0,0.0,1,ASEO,BEOX,Cyber Octubre 2025,800000.0,27119.0,772881.0,1.0,probable,cyber octubre 2025,1.0,,,0.0,,12307.692307692309,0.96610125,True
bertex,cyber day,Retail Display,2024,6,bertex,cyber_day,294669.0,0.0,1225.0,0.0,2,,,,,,,,unmatched,,,0.4157206899945362,0.0,,,,,False
bil jac,black week,Sponsored Products,2026,3,BIL JAC,black_week,10108.0,0.0,27.0,9381.0,1,,,,,,,,unmatched,,,0.2671151563118322,0.0,,,,,False
bil jac,ofnyhn00c,CRM,2024,7,bil jac,OfNyHN00c,0.0,6.0,0.0,38250.0,1,,,,,,,,unmatched,,,,,,,,,False
bio bio,6189516 008920,CRM,2023,4,bio-bio,6189516-008920,0.0,53857.0,8848.0,1196763.0,1,,,,,,,,unmatched,,,,,,,,,False
bio bio,6189516 009070,CRM,2023,4,bio-bio,6189516-009070,0.0,60000.0,6818.0,1448661.0,1,,,,,,,,unmatched,,,,,,,,,False
bio bio,dhf9i6nfd,CRM,2024,12,bio-bio,dhF9i6NFd,0.0,18231.0,71.0,1848199.0,1,,,,,,,,unmatched,,,,,,,,,False
bio piscinas,6189516 012274,CRM,2023,12,bio piscinas,6189516-012274,0.0,101320.0,141.0,1273040.0,1,,,,,,,,unmatched,,,,,,,,,False
bio piscinas,6189516 012352,CRM,2023,12,bio piscinas,6189516-012352,0.0,101250.0,201.0,816952.0,1,,,,,,,,unmatched,,,,,,,,,False
black decker,,CRM,2025,7,black+decker,,0.0,65.0,0.0,124150.0,4,,,,,,,,unmatched,,,,,,,,,False
black decker,,CRM,2025,8,black+decker,,0.0,280.0,0.0,1310555.0,31,,,,,,,,unmatched,,,,,,,,,False
black decker,,CRM,2025,9,black+decker,,0.0,400.0,0.0,2269791.0,28,,,,,,,,unmatched,,,,,,,,,False
black decker,,CRM,2025,10,black+decker,,0.0,761.0,0.0,2349783.0,29,,,,,,,,unmatched,,,,,,,,,False
black decker,,CRM,2025,11,black+decker,,0.0,472.0,0.0,3513766.0,30,,,,,,,,unmatched,,,,,,,,,False
black decker,,CRM,2025,12,black+decker,,0.0,463.0,0.0,1375835.0,31,,,,,,,,unmatched,,,,,,,,,False
black decker,,CRM,2026,1,black+decker,,0.0,426.0,0.0,868680.0,31,,,,,,,,unmatched,,,,,,,,,False
black decker,,CRM,2026,2,black+decker,,0.0,361.0,0.0,1982001.0,27,HERRAMIENTAS Y MAQUINARIAS,BLACK & DECKER,AON TRIGGER,750000.0,0.0,750000.0,1.0,probable,aon trigger,1.0,,,2.642668,,,1.0,True
black decker,,CRM,2026,3,black+decker,,0.0,477.0,0.0,1519956.0,31,HERRAMIENTAS Y MAQUINARIAS,BLACK & DECKER,AON TRIGGER,750000.0,0.0,750000.0,1.0,probable,aon trigger,1.0,,,2.026608,,,1.0,True
black decker,,CRM,2026,4,black+decker,,0.0,802.0,0.0,4440950.0,30,HERRAMIENTAS Y MAQUINARIAS,BLACK & DECKER,AON TRIGGER,750000.0,0.0,750000.0,1.0,probable,aon trigger,1.0,,,5.921266666666667,,,1.0,True
black decker,,CRM,2026,5,black+decker,,0.0,484.0,0.0,982148.0,24,HERRAMIENTAS Y MAQUINARIAS,BLACK & DECKER,AON TRIGGER,750000.0,0.0,750000.0,1.0,probable,aon trigger,1.0,,,1.3095306666666666,,,1.0,True
black decker,2iwm2louf,CRM,2024,8,black+decker,2IwM2LoUF,0.0,96.0,3.0,4434084.0,1,,,,,,,,unmatched,,,,,,,,,False
black decker,3hdtbjpun,CRM,2024,4,black+decker,3HDTBjpUn,0.0,75.0,7.0,2932886.0,1,,,,,,,,unmatched,,,,,,,,,False
black decker,3jw60weq3,CRM,2024,6,black+decker,3jW60WEQ3,0.0,113.0,8.0,4671788.0,1,,,,,,,,unmatched,,,,,,,,,False
black decker,5we3vqee1,CRM,2024,10,black+decker,5wE3Vqee1,0.0,290.0,3.0,10149915.0,1,,,,,,,,unmatched,,,,,,,,,False
black decker,6189516 008011,CRM,2023,2,black + decker,6189516-008011,0.0,101264.0,158.0,896549.0,1,,,,,,,,unmatched,,,,,,,,,False
black decker,6189516 008482,CRM,2023,3,black + decker,6189516-008482,0.0,100560.0,122.0,1945680.0,1,,,,,,,,unmatched,,,,,,,,,False
black decker,6189516 008571,CRM,2023,3,black + decker,6189516-008571,0.0,51526.0,28.0,86160.0,1,,,,,,,,unmatched,,,,,,,,,False
black decker,6189516 008572,CRM,2023,3,black + decker,6189516-008572,0.0,51535.0,36.0,242140.0,1,,,,,,,,unmatched,,,,,,,,,False
black decker,6189516 008689,CRM,2023,4,black + decker,6189516-008689,0.0,100936.0,111.0,587607.0,1,,,,,,,,unmatched,,,,,,,,,False
black decker,6189516 008767,CRM,2023,4,black + decker,6189516-008767,0.0,100677.0,141.0,571420.0,1,,,,,,,,unmatched,,,,,,,,,False
black decker,6189516 008890,CRM,2023,4,black+decker,6189516-008890,0.0,101122.0,132.0,5452685.0,1,,,,,,,,unmatched,,,,,,,,,False
black decker,6189516 009157,CRM,2023,5,black+decker,6189516-009157,0.0,102096.0,261.0,3707049.0,1,,,,,,,,unmatched,,,,,,,,,False
black decker,6189516 009239,CRM,2023,5,black+decker,6189516-009239,0.0,101793.0,172.0,2984552.0,1,,,,,,,,unmatched,,,,,,,,,False
black decker,6189516 009410,CRM,2023,5,black+decker,6189516-009410,0.0,102148.0,155.0,1350843.0,1,,,,,,,,unmatched,,,,,,,,,False
black decker,6189516 009516,CRM,2023,5,black+decker,6189516-009516,0.0,105223.0,226.0,4050701.0,1,,,,,,,,unmatched,,,,,,,,,False
black decker,6189516 009722,CRM,2023,6,black+decker,6189516-009722,0.0,101198.0,122.0,1987518.0,1,,,,,,,,unmatched,,,,,,,,,False
black decker,6189516 010040,CRM,2023,7,black+decker,6189516-010040,0.0,101245.0,143.0,5121016.0,1,,,,,,,,unmatched,,,,,,,,,False
black decker,6189516 010136,CRM,2023,7,black+decker,6189516-010136,0.0,101138.0,107.0,1903310.0,1,,,,,,,,unmatched,,,,,,,,,False
black decker,6189516 010247,CRM,2023,7,black+decker,6189516-010247,0.0,11988.0,0.0,2116100.0,1,,,,,,,,unmatched,,,,,,,,,False
black decker,6189516 010569,CRM,2023,8,black+decker,6189516-010569,0.0,101233.0,140.0,3913573.0,1,,,,,,,,unmatched,,,,,,,,,False
black decker,6189516 010700,CRM,2023,8,black+decker,6189516-010700,0.0,101197.0,307.0,6207724.0,1,,,,,,,,unmatched,,,,,,,,,False
black decker,6189516 011161,CRM,2023,10,black+decker,6189516-011161,0.0,86890.0,209.0,1491612.0,1,,,,,,,,unmatched,,,,,,,,,False
black decker,6189516 011469,CRM,2023,10,black+decker,6189516-011469,0.0,101210.0,361.0,6546358.0,1,,,,,,,,unmatched,,,,,,,,,False
black decker,84gcu iwn,CRM,2024,6,black+decker,84Gcu-iWN,0.0,657.0,39.0,28630739.0,1,,,,,,,,unmatched,,,,,,,,,False
black decker,8gmcikf2v,CRM,2024,7,black+decker,8GmCiKf2V,0.0,41.0,8.0,3637260.0,1,,,,,,,,unmatched,,,,,,,,,False
black decker,94ml3y6q2,CRM,2024,8,black+decker,94mL3Y6q2,0.0,111.0,2.0,8925292.0,1,,,,,,,,unmatched,,,,,,,,,False
black decker,aon trigger,CRM,2025,7,black+decker,aon_trigger,0.0,6059.0,0.0,690558.0,7,,,,,,,,unmatched,,,,,,,,,False
black decker,aon trigger,CRM,2025,8,black+decker,aon_trigger,0.0,19419.0,0.0,2468452.0,29,,,,,,,,unmatched,,,,,,,,,False
black decker,aon trigger,CRM,2025,9,black+decker,aon_trigger,0.0,22711.0,0.0,4440187.0,29,,,,,,,,unmatched,,,,,,,,,False
black decker,aon trigger,CRM,2025,10,black+decker,aon_trigger,0.0,36832.0,0.0,6871396.0,27,,,,,,,,unmatched,,,,,,,,,False
black decker,aon trigger,CRM,2025,11,black+decker,aon_trigger,0.0,23640.0,0.0,6341032.0,30,,,,,,,,unmatched,,,,,,,,,False
black decker,aon trigger,CRM,2025,12,black+decker,aon_trigger,0.0,21612.0,0.0,5483166.0,30,,,,,,,,unmatched,,,,,,,,,False
black decker,aon trigger,CRM,2026,1,black+decker,aon_trigger,0.0,16844.0,0.0,2932655.0,31,,,,,,,,unmatched,,,,,,,,,False
black decker,b8oxmltzx,CRM,2024,9,black+decker,B8oxmLtZx,0.0,101219.0,717.0,8995616.0,1,,,,,,,,unmatched,,,,,,,,,False
black decker,bgg0qoxuh,CRM,2024,5,black+decker,bGg0QOxUh,0.0,246.0,8.0,10839650.0,1,,,,,,,,unmatched,,,,,,,,,False
black decker,bkgoghi8n,CRM,2024,12,black+decker,bkgoghi8N,0.0,102419.0,595.0,7808554.0,1,,,,,,,,unmatched,,,,,,,,,False
black decker,cyber day,Retail Display,2024,6,black_&_decker,cyber_day,251524.0,0.0,1419.0,0.0,3,,,,,,,,unmatched,,,0.5641608753041459,0.0,,,,,False
black decker,delhdb08f,CRM,2024,8,black+decker,DelHdb08F,0.0,100.0,4.0,8179494.0,1,,,,,,,,unmatched,,,,,,,,,False
black decker,fdxp4lieu,CRM,2024,12,black+decker,FDxP4lIEu,0.0,223.0,7.0,9006323.0,1,,,,,,,,unmatched,,,,,,,,,False
black decker,hkwir8tva,CRM,2024,4,black+decker,hKWIr8tVa,0.0,101272.0,1216.0,8378959.0,1,,,,,,,,unmatched,,,,,,,,,False
black decker,igznwqqlm,CRM,2025,10,black+decker,IGzNWQqlM,0.0,87.0,2.0,2931939.0,1,,,,,,,,unmatched,,,,,,,,,False
black decker,iyttkq5xe,CRM,2024,7,black+decker,IYTtkq5xe,0.0,40.0,1.0,3171578.0,1,,,,,,,,unmatched,,,,,,,,,False
black decker,jar66174,CRM,2024,6,black+decker,-jAr66174,0.0,196.0,196.0,8220153.0,1,,,,,,,,unmatched,,,,,,,,,False
black decker,k6cswmzdn,CRM,2025,10,black+decker,K6cSwmZDN,0.0,106254.0,169.0,1429499.0,1,,,,,,,,unmatched,,,,,,,,,False
black decker,mqwwjmtxe,CRM,2025,6,black+decker,MqwwjmTXe,0.0,39.0,0.0,1972338.0,1,,,,,,,,unmatched,,,,,,,,,False
black decker,puv70awa1,CRM,2024,7,black+decker,PuV70AwA1,0.0,168.0,3.0,7082510.0,1,,,,,,,,unmatched,,,,,,,,,False
black decker,rv0ldwfsl,CRM,2025,4,black+decker,rv0LDwfSl,0.0,58.0,1.0,3178281.0,1,HERRAMIENTAS Y MAQUINARIAS,BLACK & DECKER,Tactico Abril B & D,1000000.0,50000.0,950000.0,1.0,probable,tactico abril b d,1.0,,,3.178281,,1000000.0,0.95,True
black decker,s4mbmyqe,CRM,2024,6,black+decker,s4mBMyQE-,0.0,85.0,1.0,3947236.0,1,,,,,,,,unmatched,,,,,,,,,False
black decker,slj5ggg2m,CRM,2025,6,black+decker,SLj5gGG2M,0.0,106186.0,296.0,3750069.0,1,,,,,,,,unmatched,,,,,,,,,False
black decker,tuximoitq,CRM,2024,4,black+decker,TuXImOitq,0.0,101114.0,740.0,5408381.0,1,,,,,,,,unmatched,,,,,,,,,False
black decker,uyfszoicv,CRM,2024,7,black+decker,uyfSZoICV,0.0,81609.0,479.0,6497436.0,1,,,,,,,,unmatched,,,,,,,,,False
black decker,x,CRM,2024,9,black+decker,X,0.0,315.0,15.0,11879168.0,2,,,,,,,,unmatched,,,,,,,,,False
black decker,x,CRM,2024,10,black+decker,X,0.0,450.0,15.0,16246856.0,2,,,,,,,,unmatched,,,,,,,,,False
black decker,xvj9rdtwd,CRM,2024,9,black+decker,XvJ9rdTwd,0.0,90.0,7.0,3572683.0,1,,,,,,,,unmatched,,,,,,,,,False
black decker,xxxxxx,CRM,2024,9,black+decker,XXXXXX,0.0,124.0,3.0,5146534.0,1,,,,,,,,unmatched,,,,,,,,,False
black decker,ziewzt5gv,CRM,2025,5,black+decker,ZIeWzT5gv,0.0,82.0,12.0,3523818.0,1,,,,,,,,unmatched,,,,,,,,,False
black decker stanley,cyber day,Retail Display,2024,6,black_&_decker-stanley,cyber_day,201975.0,0.0,906.0,0.0,3,,,,,,,,unmatched,,,0.4485703676197549,0.0,,,,,False
black deckers dewalt,tactica,Retail Display,2025,5,black_&_deckers-dewalt,tactica,105248.0,0.0,336.0,0.0,15,,,,,,,,unmatched,,,0.3192459714198845,0.0,,,,,False
black deckers dewalt,tactica,Retail Display,2025,6,black_&_deckers-dewalt,tactica,90206.0,0.0,339.0,0.0,3,,,,,,,,unmatched,,,0.3758064873733455,0.0,,,,,False
black deckers dewalt stanley,black week,Retail Display,2025,3,black_&_deckers-dewalt_stanley,black_week,69628.0,0.0,356.0,0.0,6,,,,,,,,unmatched,,,0.5112885620727293,0.0,,,,,False
black deckers dewalt stanley,black week,Retail Display,2025,4,black_&_deckers-dewalt_stanley,black_week,64717.0,0.0,342.0,0.0,8,,,,,,,,unmatched,,,0.5284546564272139,0.0,,,,,False
black deckers dewalt stanley,black week,Retail Display,2026,3,black_&_deckers-dewalt_stanley,black_week,115333.0,0.0,185.0,0.0,6,,,,,,,,unmatched,,,0.16040508787597652,0.0,,,,,False
black deckers dewalt stanley,black week,Retail Display,2026,4,black_&_deckers-dewalt_stanley,black_week,76990.0,0.0,128.0,0.0,5,,,,,,,,unmatched,,,0.16625535783868034,0.0,,,,,False
blanik,aon marzo ventus 2026,Sponsored Products,2026,3,BLANIK,aon_marzo_ventus_2026,0.0,0.0,0.0,17990.0,1,,,,,,,,unmatched,,,,,,,,,False
bosca,,Otros,2026,5,bosca,,53856.0,0.0,62.0,0.0,11,,,,,,,,unmatched,,,0.11512180629827688,0.0,,,,,False
bosca,6189516 008188,CRM,2023,2,bosca,6189516-008188,0.0,101524.0,308.0,4779890.0,1,,,,,,,,unmatched,,,,,,,,,False
bosca,6189516 008338,CRM,2023,3,bosca,6189516-008338,0.0,101324.0,194.0,18100320.0,1,,,,,,,,unmatched,,,,,,,,,False
bosca,6189516 009829,CRM,2023,6,bosca,6189516-009829,0.0,1126030.0,79989.0,83035587.0,1,,,,,,,,unmatched,,,,,,,,,False
bosca,6189516 010249,CRM,2023,7,bosca,6189516-010249,0.0,45005.0,6052.0,5430060.0,1,,,,,,,,unmatched,,,,,,,,,False
bosca,6189516 010958,CRM,2023,9,bosca,6189516-010958,0.0,53926.0,5697.0,733690.0,1,,,,,,,,unmatched,,,,,,,,,False
bosca,ao,Google,2025,5,bosca,ao,206715.0,0.0,3174.0,2088723.0,11,ELECTROHOGAR,BOSCA,AON MAYO 2025,800000.0,0.0,800000.0,1.0,probable,aon mayo 2025,1.0,1.53544735505406,0.0,2.61090375,3870.0626466390922,252.0478890989288,1.0,True
bosca,ao,Google,2025,6,bosca,ao,274798.0,0.0,4908.0,6884800.0,14,ELECTROHOGAR,BOSCA,AON JUNIO 2025,800000.0,0.0,800000.0,1.0,probable,aon junio 2025,1.0,1.7860391997030545,0.0,8.606,2911.229339369282,162.99918500407497,1.0,True
bosca,ao,Google,2025,7,bosca,ao,143727.0,0.0,2485.0,747064.0,15,ELECTROHOGAR,BOSCA,AON JULIO 2025,800000.0,0.0,800000.0,1.0,probable,aon julio 2025,1.0,1.7289722877399514,0.0,0.93383,5566.10796857932,321.9315895372233,1.0,True
bosca,ao,Google,2025,8,bosca,ao,48251.0,0.0,772.0,169990.0,7,,,,,,,,unmatched,,,1.599966840065491,0.0,,,,,False
bosca,aon bosca,Sponsored Products,2026,4,BOSCA,aon_bosca,56911.0,0.0,952.0,7319870.0,1,ELECTROHOGAR,BOSCA,AON ABRIL BOSCA 2026,400000.0,329600.0,70400.0,1.0,probable,aon abril bosca 2026,1.0,1.6727873346101807,0.0,18.299675,7028.5182126478185,420.16806722689074,0.176,True
bosca,b3worb kb,CRM,2025,9,bosca,B3WOrb-kb,0.0,101386.0,489.0,5755976.0,1,AIRE LIBRE,BOSCA,Campaña de Parrillas 2025,600000.0,69565.0,530435.0,1.0,probable,campana de parrillas 2025,1.0,,,9.593293333333333,,1226.993865030675,0.8840583333333333,True
bosca,black marzo bosca 2026,CRM,2026,3,bosca,Black Marzo BOSCA 2026,0.0,321375.0,0.0,90445827.0,1,ELECTROHOGAR,BOSCA,AON MARZO BOSCA 2026,950000.0,53333.0,896667.0,1.0,probable,aon marzo bosca 2026,1.0,,,95.20613368421053,,,0.94386,True
bosca,black week,Retail Display,2025,3,bosca,black_week,85425.0,0.0,452.0,0.0,7,ELECTROHOGAR,BOSCA,Black Marzo 2025,300000.0,240000.0,60000.0,1.0,probable,black marzo 2025,1.0,0.5291191103306995,0.0,0.0,3511.8525021949076,663.7168141592921,0.2,True
bosca,black week,Retail Display,2025,4,bosca,black_week,142147.0,0.0,623.0,0.0,8,ELECTROHOGAR,BOSCA,AON ABRIL 2025,200000.0,160000.0,40000.0,1.0,probable,aon abril 2025,1.0,0.43827868333485753,0.0,0.0,1406.9941680091736,321.02728731942216,0.2,True
bosca,calefaccion,Retail Display,2025,4,bosca,calefaccion,89484.0,0.0,312.0,0.0,9,ELECTROHOGAR,BOSCA,AON ABRIL 2025,200000.0,160000.0,40000.0,1.0,probable,aon abril 2025,1.0,0.34866568325063696,0.0,0.0,2235.036431093827,641.025641025641,0.2,True
bosca,calefaccion,Retail Display,2025,6,bosca,calefaccion,65101.0,0.0,174.0,0.0,6,ELECTROHOGAR,BOSCA,AON JUNIO 2025,300000.0,240000.0,60000.0,1.0,probable,aon junio 2025,1.0,0.26727700035329716,0.0,0.0,4608.224144022365,1724.1379310344828,0.2,True
bosca,calefaccion,Retail Display,2025,7,bosca,calefaccion,123271.0,0.0,353.0,0.0,15,ELECTROHOGAR,BOSCA,AON JULIO 2025,300000.0,240000.0,60000.0,1.0,probable,aon julio 2025,1.0,0.2863609445855067,0.0,0.0,2433.662418573712,849.8583569405099,0.2,True
bosca,cb3ubzrl5,CRM,2024,5,bosca,cb3UBzrL5,0.0,101252.0,361.0,27610982.0,1,,,,,,,,unmatched,,,,,,,,,False
bosca,co brand,Retail Display,2024,5,bosca,co_brand,86145.0,0.0,430.0,0.0,4,,,,,,,,unmatched,,,0.4991583957281328,0.0,,,,,False
bosca,cyber day,Retail Display,2024,6,bosca,cyber_day,200327.0,0.0,1272.0,0.0,3,,,,,,,,unmatched,,,0.6349618373958578,0.0,,,,,False
bosca,cyber monday,Retail Display,2024,9,bosca,cyber_monday,71946.0,0.0,386.0,0.0,1,,,,,,,,unmatched,,,0.536513496233286,0.0,,,,,False
bosca,cyber monday,Retail Display,2024,10,bosca,cyber_monday,173008.0,0.0,299.0,0.0,2,,,,,,,,unmatched,,,0.17282437806344214,0.0,,,,,False
bosca,enxobdrt8,CRM,2024,5,bosca,enxobdRt8,0.0,101306.0,553.0,13705416.0,1,,,,,,,,unmatched,,,,,,,,,False
bosca,ko2lzizzx,CRM,2025,7,bosca,KO2LzIZZx,0.0,53944.0,255.0,2927349.0,1,ELECTROHOGAR,BOSCA,AON JULIO 2025,290000.0,44444.0,245556.0,1.0,probable,aon julio 2025,1.0,,,10.094306896551725,,1137.2549019607843,0.846744827586207,True
bosca,oabnlgw3z,CRM,2025,4,bosca,oabNLgw3z,0.0,101294.0,359.0,18670173.0,1,,,,,,,,unmatched,,,,,,,,,False
bosca,pr3gbvibp,CRM,2025,9,bosca,pr3gBVIBp,0.0,101402.0,360.0,2428007.0,1,AIRE LIBRE,BOSCA,Campaña de Parrillas 2025,600000.0,69565.0,530435.0,1.0,probable,campana de parrillas 2025,1.0,,,4.046678333333333,,1666.6666666666667,0.8840583333333333,True
bosca,semana parrilla,Retail Display,2025,9,bosca,semana_parrilla,204110.0,0.0,574.0,0.0,13,AIRE LIBRE,BOSCA,Campaña de Parrillas 2025,800000.0,0.0,800000.0,1.0,probable,campana de parrillas 2025,1.0,0.2812209102934692,0.0,0.0,3919.4551957277936,1393.7282229965156,1.0,True
bosca,u9rmlbgqo,CRM,2025,8,bosca,u9rmlbGqo,0.0,53938.0,222.0,3306838.0,1,,,,,,,,unmatched,,,,,,,,,False
bosca,uu4neoozc,CRM,2024,4,bosca,Uu4NEOOzc,0.0,101341.0,591.0,19481758.0,1,,,,,,,,unmatched,,,,,,,,,False
bosca,vkahspunb,CRM,2024,5,bosca,VkAhspUnB,0.0,15718.0,1733.0,17365605.0,1,,,,,,,,unmatched,,,,,,,,,False
bosca,wzw7ef0 q,CRM,2025,7,bosca,wZW7eF0-Q,0.0,30502.0,229.0,3538818.0,1,ELECTROHOGAR,BOSCA,AON JULIO 2025,290000.0,44444.0,245556.0,1.0,probable,aon julio 2025,1.0,,,12.202820689655173,,1266.3755458515284,0.846744827586207,True
bosca atlantic,calefaccion,Retail Display,2025,5,bosca-atlantic,calefaccion,101218.0,0.0,146.0,0.0,12,,,,,,,,unmatched,,,0.14424311881285937,0.0,,,,,False
bosca atlantic,calefaccion,Retail Display,2025,6,bosca-atlantic,calefaccion,15614.0,0.0,21.0,0.0,6,,,,,,,,unmatched,,,0.13449468425771743,0.0,,,,,False
bosch,0liw1rkjw,CRM,2025,1,bosch,0LiW1rKjW,0.0,101249.0,431.0,11422430.0,1,HERRAMIENTAS Y MAQUINARIAS,BOSCH,Tactico Abre y gana,700000.0,44444.0,655556.0,1.0,probable,tactico abre y gana,1.0,,,16.317757142857143,,1624.1299303944315,0.9365085714285715,True
bosch,14bzbbrr8,CRM,2025,2,bosch,14bzBbrR8,0.0,102058.0,715.0,18332626.0,1,HERRAMIENTAS Y MAQUINARIAS,BOSCH,Táctico Cupon,400000.0,48485.0,351515.0,1.0,probable,tactico cupon,1.0,,,45.831565,,559.4405594405595,0.8787875,True
bosch,5kawzo19g,CRM,2024,11,bosch,5KaWZo19G,0.0,83040.0,326.0,19461379.0,1,,,,,,,,unmatched,,,,,,,,,False
bosch,6189516 007862,CRM,2023,1,bosch,6189516-007862,0.0,101257.0,156.0,10539473.0,1,,,,,,,,unmatched,,,,,,,,,False
bosch,6189516 008327,CRM,2023,3,bosch,6189516-008327,0.0,101370.0,140.0,13512842.0,1,,,,,,,,unmatched,,,,,,,,,False
bosch,6189516 008478,CRM,2023,3,bosch,6189516-008478,0.0,101101.0,165.0,15520486.0,1,,,,,,,,unmatched,,,,,,,,,False
bosch,6189516 008732,CRM,2023,3,bosch,6189516-008732,0.0,27755.0,10077.0,12249802.0,1,,,,,,,,unmatched,,,,,,,,,False
bosch,6189516 008760,CRM,2023,4,bosch,6189516-008760,0.0,30580.0,0.0,5378958.0,1,,,,,,,,unmatched,,,,,,,,,False
bosch,6189516 008768,CRM,2023,4,bosch,6189516-008768,0.0,101180.0,199.0,8004870.0,1,,,,,,,,unmatched,,,,,,,,,False
bosch,6189516 008792,CRM,2023,4,bosch,6189516-008792,0.0,53656.0,7806.0,9099047.0,1,,,,,,,,unmatched,,,,,,,,,False
bosch,6189516 008793,CRM,2023,4,bosch,6189516-008793,0.0,54019.0,4028.0,3058862.0,1,,,,,,,,unmatched,,,,,,,,,False
bosch,6189516 009024,CRM,2023,4,bosch,6189516-009024,0.0,52473.0,162.0,6767922.0,1,,,,,,,,unmatched,,,,,,,,,False
bosch,6189516 009025,CRM,2023,4,bosch,6189516-009025,0.0,52356.0,138.0,7091122.0,1,,,,,,,,unmatched,,,,,,,,,False
bosch,6189516 009075,CRM,2023,4,bosch,6189516-009075,0.0,45997.0,49.0,0.0,1,,,,,,,,unmatched,,,,,,,,,False
bosch,6189516 009092,CRM,2023,4,bosch,6189516-009092,0.0,50428.0,76.0,0.0,1,,,,,,,,unmatched,,,,,,,,,False
bosch,6189516 009191,CRM,2023,5,bosch,6189516-009191,0.0,101947.0,189.0,9095513.0,1,,,,,,,,unmatched,,,,,,,,,False
bosch,6189516 009283,CRM,2023,5,bosch,6189516-009283,0.0,101447.0,123.0,9600547.0,1,,,,,,,,unmatched,,,,,,,,,False
bosch,6189516 009393,CRM,2023,5,bosch,6189516-009393,0.0,105351.0,330.0,7778111.0,1,,,,,,,,unmatched,,,,,,,,,False
bosch,6189516 009409,CRM,2023,5,bosch,6189516-009409,0.0,105320.0,145.0,7366382.0,1,,,,,,,,unmatched,,,,,,,,,False
bosch,6189516 009509,CRM,2023,5,bosch,6189516-009509,0.0,105433.0,158.0,4373348.0,1,,,,,,,,unmatched,,,,,,,,,False
bosch,6189516 009527,CRM,2023,5,bosch,6189516-009527,0.0,105343.0,235.0,20981274.0,1,,,,,,,,unmatched,,,,,,,,,False
bosch,6189516 009530,CRM,2023,5,bosch,6189516-009530,0.0,105151.0,149.0,6054091.0,1,,,,,,,,unmatched,,,,,,,,,False
bosch,6189516 009620,CRM,2023,5,bosch,6189516-009620,0.0,979585.0,90037.0,135547807.0,1,,,,,,,,unmatched,,,,,,,,,False
bosch,6189516 010180,CRM,2023,7,bosch,6189516-010180,0.0,101299.0,173.0,17591349.0,1,,,,,,,,unmatched,,,,,,,,,False
bosch,6189516 010288,CRM,2023,7,bosch,6189516-010288,0.0,102011.0,205.0,13852447.0,1,,,,,,,,unmatched,,,,,,,,,False
bosch,6189516 010353,CRM,2023,7,bosch,6189516-010353,0.0,13463.0,0.0,9137515.0,1,,,,,,,,unmatched,,,,,,,,,False
bosch,6189516 010753,CRM,2023,8,bosch,6189516-010753,0.0,101897.0,455.0,12365093.0,1,,,,,,,,unmatched,,,,,,,,,False
bosch,6189516 010996,CRM,2023,9,bosch,6189516-010996,0.0,102020.0,119.0,9420591.0,1,,,,,,,,unmatched,,,,,,,,,False
bosch,6189516 011117,CRM,2023,9,bosch,6189516-011117,0.0,20592.0,78.0,21969020.0,1,,,,,,,,unmatched,,,,,,,,,False
bosch,6189516 011118,CRM,2023,9,bosch,6189516-011118,0.0,81015.0,327.0,16731835.0,1,,,,,,,,unmatched,,,,,,,,,False
bosch,6189516 011141,CRM,2023,10,bosch,6189516-011141,0.0,105272.0,219.0,6826046.0,1,,,,,,,,unmatched,,,,,,,,,False
bosch,6189516 011158,CRM,2023,10,bosch,6189516-011158,0.0,105437.0,320.0,4918958.0,1,,,,,,,,unmatched,,,,,,,,,False
bosch,6189516 011293,CRM,2023,9,bosch,6189516-011293,0.0,101068.0,137.0,4820596.0,1,,,,,,,,unmatched,,,,,,,,,False
bosch,6189516 011312,CRM,2023,10,bosch,6189516-011312,0.0,36861.0,3920.0,7717098.0,1,,,,,,,,unmatched,,,,,,,,,False
bosch,6189516 011331,CRM,2023,10,bosch,6189516-011331,0.0,12712.0,0.0,3782533.0,1,,,,,,,,unmatched,,,,,,,,,False
bosch,6189516 011534,CRM,2023,10,bosch,6189516-011534,0.0,98386.0,390.0,24930658.0,1,,,,,,,,unmatched,,,,,,,,,False
bosch,6189516 011750,CRM,2023,11,bosch,6189516-011750,0.0,101297.0,464.0,20554806.0,1,,,,,,,,unmatched,,,,,,,,,False
bosch,6189516 011853,CRM,2023,11,bosch,6189516-011853,0.0,101294.0,516.0,26298078.0,1,,,,,,,,unmatched,,,,,,,,,False
bosch,6189516 012023,CRM,2023,11,bosch,6189516-012023,0.0,53844.0,5700.0,14086722.0,1,,,,,,,,unmatched,,,,,,,,,False
bosch,9jywcgj5l,CRM,2025,6,bosch,9JYWcGJ5l,0.0,106197.0,337.0,12195198.0,1,,,,,,,,unmatched,,,,,,,,,False
bosch,a05qciajx,CRM,2024,1,bosch,a05QCIAJx,0.0,99225.0,622.0,16964986.0,1,,,,,,,,unmatched,,,,,,,,,False
bosch,always on,Google,2025,3,bosch,always_on,118139.0,0.0,2027.0,0.0,8,,,,,,,,unmatched,,,1.7157754848102658,0.0,,,,,False
bosch,amvu42pfo,CRM,2025,3,bosch,AMVU42pfo,0.0,5045.0,0.0,1346867.0,1,,,,,,,,unmatched,,,,,,,,,False
bosch,aon junkers,Sponsored Products,2026,4,BOSCH,aon_junkers,71787.0,0.0,768.0,6901331.0,1,HERRAMIENTAS Y MAQUINARIAS,BOSCH,Alargue SP mes del maestro,500000.0,412000.0,88000.0,1.0,probable,alargue sp mes del maestro,1.0,1.0698315851059383,0.0,13.802662,6965.04938220012,651.0416666666666,0.176,True
bosch,aon marzo junkers 2026,Sponsored Products,2026,3,BOSCH,aon_marzo_junkers_2026,74801.0,0.0,1353.0,15764950.0,1,,,,,,,,unmatched,,,1.8087993476023048,0.0,,,,,False
bosch,avurdscbn,CRM,2024,11,bosch,aVurdscbn,0.0,101343.0,1072.0,15482703.0,1,,,,,,,,unmatched,,,,,,,,,False
bosch,b6lm8ssev,CRM,2025,1,bosch,b6LM8sSEv,0.0,101325.0,1074.0,19695589.0,1,HERRAMIENTAS Y MAQUINARIAS,BOSCH,Tactico Abre y gana,700000.0,44444.0,655556.0,1.0,probable,tactico abre y gana,1.0,,,28.136555714285713,,651.7690875232774,0.9365085714285715,True
bosch,black week,Retail Display,2025,3,bosch,black_week,12280.0,0.0,21.0,0.0,1,HERRAMIENTAS Y MAQUINARIAS,BOSCH,Black Marzo 2025,300000.0,240000.0,60000.0,1.0,probable,black marzo 2025,1.0,0.17100977198697068,0.0,0.0,24429.967426710096,14285.714285714286,0.2,True
bosch,black week,Retail Display,2025,4,bosch,black_week,108678.0,0.0,328.0,0.0,8,,,,,,,,unmatched,,,0.3018090137838385,0.0,,,,,False
bosch,bosch days,Retail Display,2024,7,bosch,bosch_days,735691.0,0.0,4926.0,0.0,26,,,,,,,,unmatched,,,0.6695745904190754,0.0,,,,,False
bosch,cicxhoowd,CRM,2025,6,bosch,cIcxhOowd,0.0,29960.0,314.0,10642542.0,1,,,,,,,,unmatched,,,,,,,,,False
bosch,co brand,Google,2024,9,bosch,co_brand,39438.0,0.0,850.0,0.0,6,,,,,,,,unmatched,,,2.155281707997363,0.0,,,,,False
bosch,co brand,Google,2024,10,bosch,co_brand,75929.0,0.0,2288.0,0.0,4,,,,,,,,unmatched,,,3.0133414110550647,0.0,,,,,False
bosch,co brand,Meta,2024,3,bosch,co_brand,709839.0,0.0,22853.0,0.0,19,,,,,,,,unmatched,,,3.2194624414832096,0.0,,,,,False
bosch,co brand,Meta,2024,4,bosch,co_brand,2088660.0,0.0,68680.0,0.0,13,,,,,,,,unmatched,,,3.288232646768742,0.0,,,,,False
bosch,co brand,Meta,2024,5,bosch,co_brand,1508048.0,0.0,44660.0,0.0,20,,,,,,,,unmatched,,,2.961444198062661,0.0,,,,,False
bosch,co brand,Meta,2024,6,bosch,co_brand,706977.0,0.0,18139.0,0.0,19,,,,,,,,unmatched,,,2.565712887406521,0.0,,,,,False
bosch,co brand,Meta,2024,7,bosch,co_brand,1354545.0,0.0,27822.0,0.0,30,,,,,,,,unmatched,,,2.053973843615384,0.0,,,,,False
bosch,co brand,Meta,2024,8,bosch,co_brand,698078.0,0.0,11285.0,0.0,23,,,,,,,,unmatched,,,1.6165815281386893,0.0,,,,,False
bosch,co brand,Meta,2024,9,bosch,co_brand,315466.0,0.0,9960.0,0.0,9,,,,,,,,unmatched,,,3.1572340600888844,0.0,,,,,False
bosch,co brand,Meta,2024,10,bosch,co_brand,1095708.0,0.0,50868.0,0.0,23,,,,,,,,unmatched,,,4.642477740419893,0.0,,,,,False
bosch,co brand,Meta,2024,11,bosch,co_brand,370443.0,0.0,14834.0,0.0,30,,,,,,,,unmatched,,,4.0043947381918406,0.0,,,,,False
bosch,concurso abre gana,Retail Display,2024,10,bosch,concurso_abre_gana,3892.0,0.0,6.0,0.0,2,,,,,,,,unmatched,,,0.1541623843782117,0.0,,,,,False
bosch,concurso cupon,Retail Display,2024,12,bosch,concurso_cupon,165659.0,0.0,860.0,0.0,6,,,,,,,,unmatched,,,0.5191387126567225,0.0,,,,,False
bosch,cudsrvik,CRM,2024,7,bosch,cUdsRvIK-,0.0,101237.0,910.0,17804846.0,1,,,,,,,,unmatched,,,,,,,,,False
bosch,cupon,Retail Display,2025,2,bosch,cupon,151460.0,0.0,725.0,0.0,7,HERRAMIENTAS Y MAQUINARIAS,BOSCH,Táctico Cupon,400000.0,320000.0,80000.0,1.0,probable,tactico cupon,1.0,0.47867423742242177,0.0,0.0,2640.96130991681,551.7241379310345,0.2,True
bosch,cupon,Retail Display,2025,3,bosch,cupon,2336.0,0.0,9.0,0.0,3,HERRAMIENTAS Y MAQUINARIAS,BOSCH,Black Marzo 2025,300000.0,240000.0,60000.0,1.0,probable,black marzo 2025,1.0,0.3852739726027397,0.0,0.0,128424.65753424657,33333.333333333336,0.2,True
bosch,cxzpj slc,CRM,2025,2,bosch,cxZpJ-SLc,0.0,101402.0,814.0,14858430.0,1,HERRAMIENTAS Y MAQUINARIAS,BOSCH,Táctico Cupon,400000.0,48485.0,351515.0,1.0,probable,tactico cupon,1.0,,,37.146075,,491.4004914004914,0.8787875,True
bosch,cyber day,Meta,2024,6,bosch,cyber_day,429269.0,0.0,1670.0,0.0,3,,,,,,,,unmatched,,,0.38903344988806554,0.0,,,,,False
bosch,cyber day,Retail Display,2024,6,bosch,cyber_day,502200.0,0.0,4087.0,0.0,3,,,,,,,,unmatched,,,0.8138191955396257,0.0,,,,,False
bosch,cyber day,Retail Display,2025,6,bosch,cyber_day,234229.0,0.0,1265.0,0.0,3,,,,,,,,unmatched,,,0.5400697607896546,0.0,,,,,False
bosch,cyber monday,Retail Display,2024,9,bosch,cyber_monday,304038.0,0.0,2175.0,0.0,1,,,,,,,,unmatched,,,0.7153711049276735,0.0,,,,,False
bosch,cyber monday,Retail Display,2024,10,bosch,cyber_monday,493140.0,0.0,2157.0,0.0,2,,,,,,,,unmatched,,,0.4374011436914466,0.0,,,,,False
bosch,czv7hypm2,CRM,2025,10,bosch,CZv7hyPm2,0.0,106378.0,292.0,10107368.0,1,HERRAMIENTAS Y MAQUINARIAS,BOSCH,Cyber Octubre 2025,1000000.0,27119.0,972881.0,1.0,probable,cyber octubre 2025,1.0,,,10.107368,,3424.6575342465753,0.972881,True
bosch,d roctf7f,CRM,2024,10,bosch,D-rOCtF7F,0.0,101949.0,585.0,13251939.0,1,,,,,,,,unmatched,,,,,,,,,False
bosch,d6shz21ky,CRM,2025,3,bosch,D6Shz21Ky,0.0,27366.0,202.0,18077477.0,1,,,,,,,,unmatched,,,,,,,,,False
bosch,dgshi1gzq,CRM,2024,11,bosch,dgshi1gZQ,0.0,95047.0,391.0,11535286.0,1,,,,,,,,unmatched,,,,,,,,,False
bosch,dmjbpc3vx,CRM,2024,7,bosch,dmJBPC3vX,0.0,52600.0,522.0,18734714.0,1,,,,,,,,unmatched,,,,,,,,,False
bosch,e7f3je07b,CRM,2024,1,bosch,e7F3JE07B,0.0,101179.0,618.0,14448869.0,1,,,,,,,,unmatched,,,,,,,,,False
bosch,ebeb4xmjc,CRM,2024,4,bosch,Ebeb4xmjc,0.0,89782.0,715.0,19566051.0,1,,,,,,,,unmatched,,,,,,,,,False
bosch,emnncsesd,CRM,2024,3,bosch,eMnnCsESD,0.0,101200.0,550.0,40786935.0,1,,,,,,,,unmatched,,,,,,,,,False
bosch,er1mhdwvr,CRM,2024,7,bosch,er1MHdwVr,0.0,62096.0,236.0,24280558.0,1,,,,,,,,unmatched,,,,,,,,,False
bosch,fq8le4ncl,CRM,2024,4,bosch,fq8le4NcL,0.0,100968.0,422.0,12142128.0,1,,,,,,,,unmatched,,,,,,,,,False
bosch,fwogda9mn,CRM,2025,10,bosch,FwOGdA9MN,0.0,106115.0,216.0,6834082.0,1,HERRAMIENTAS Y MAQUINARIAS,BOSCH,Cyber Octubre 2025,1000000.0,27119.0,972881.0,1.0,probable,cyber octubre 2025,1.0,,,6.834082,,4629.62962962963,0.972881,True
bosch,g0fpcfp4b,CRM,2024,4,bosch,G0FPCfp4B,0.0,54004.0,3139.0,13858982.0,1,,,,,,,,unmatched,,,,,,,,,False
bosch,gf81nugx7,CRM,2025,4,bosch,Gf81NUGX7,0.0,101268.0,755.0,19589379.0,1,,,,,,,,unmatched,,,,,,,,,False
bosch,herramientas,Retail Display,2024,9,bosch,herramientas,213749.0,0.0,916.0,0.0,23,,,,,,,,unmatched,,,0.428540016561481,0.0,,,,,False
bosch,hidrolavadoras,Meta,2024,10,bosch,hidrolavadoras,2946680.0,0.0,30674.0,0.0,21,,,,,,,,unmatched,,,1.040968140415654,0.0,,,,,False
bosch,hidrolavadoras,Retail Display,2024,7,bosch,hidrolavadoras,133711.0,0.0,343.0,0.0,9,,,,,,,,unmatched,,,0.2565233974766474,0.0,,,,,False
bosch,hidrolavadoras,Retail Display,2024,8,bosch,hidrolavadoras,85914.0,0.0,172.0,0.0,1,,,,,,,,unmatched,,,0.20020020020020018,0.0,,,,,False
bosch,hidrolavadoras,Retail Display,2024,10,bosch,hidrolavadoras,117723.0,0.0,226.0,0.0,21,,,,,,,,unmatched,,,0.191976079440721,0.0,,,,,False
bosch,hz5fbbnh5,CRM,2024,11,bosch,HZ5fBBnh5,0.0,47213.0,1956.0,14175160.0,1,,,,,,,,unmatched,,,,,,,,,False
bosch,ib1gnzpua,CRM,2024,10,bosch,Ib1GNZpua,0.0,101390.0,529.0,13569411.0,1,,,,,,,,unmatched,,,,,,,,,False
bosch,igbqkxnuz,CRM,2024,6,bosch,iGbqkxNuz,0.0,106161.0,220.0,2879184.0,1,,,,,,,,unmatched,,,,,,,,,False
bosch,j zjsa9l0,CRM,2025,3,bosch,j-zjsA9l0,0.0,26942.0,215.0,11207390.0,1,,,,,,,,unmatched,,,,,,,,,False
bosch,jlubalayd,CRM,2024,7,bosch,jlUbALayD,0.0,99038.0,1049.0,25926142.0,1,,,,,,,,unmatched,,,,,,,,,False
bosch,knygbvn4u,CRM,2025,6,bosch,knygBVn4U,0.0,106095.0,195.0,11894061.0,1,,,,,,,,unmatched,,,,,,,,,False
bosch,kpousfg4a,CRM,2025,3,bosch,kpOUSfg4a,0.0,26883.0,412.0,7895705.0,1,,,,,,,,unmatched,,,,,,,,,False
bosch,kv rvsvdw,CRM,2024,10,bosch,KV-RVSVdw,0.0,85616.0,1225.0,29468614.0,1,,,,,,,,unmatched,,,,,,,,,False
bosch,kw3f5dmiw,CRM,2025,3,bosch,kW3f5dmIW,0.0,27129.0,433.0,12283253.0,1,,,,,,,,unmatched,,,,,,,,,False
bosch,lgysartrs,CRM,2024,4,bosch,LGysARtRs,0.0,97286.0,842.0,20190520.0,1,,,,,,,,unmatched,,,,,,,,,False
bosch,maletines,Retail Display,2025,1,bosch,maletines,182733.0,0.0,854.0,0.0,11,,,,,,,,unmatched,,,0.46734853584191144,0.0,,,,,False
bosch,maletines,Retail Display,2025,2,bosch,maletines,16210.0,0.0,119.0,0.0,20,HERRAMIENTAS Y MAQUINARIAS,BOSCH,Táctico Cupon,400000.0,320000.0,80000.0,1.0,probable,tactico cupon,1.0,0.7341147439851943,0.0,0.0,24676.125848241827,3361.344537815126,0.2,True
bosch,mas verde,Retail Display,2024,8,bosch,mas_verde,147530.0,0.0,397.0,0.0,4,,,,,,,,unmatched,,,0.2690978106147902,0.0,,,,,False
bosch,mas verde,Retail Display,2025,8,bosch,mas_verde,127533.0,0.0,363.0,0.0,31,HERRAMIENTAS Y MAQUINARIAS,BOSCH,Táctico Mes Verde,300000.0,240000.0,60000.0,1.0,probable,tactico mes verde,1.0,0.2846322128390299,0.0,0.0,2352.332337512644,826.4462809917355,0.2,True
bosch,mewsnwfhj,CRM,2025,8,bosch,MEWsnWfhJ,0.0,27065.0,275.0,13978529.0,1,HERRAMIENTAS Y MAQUINARIAS,BOSCH,Táctico Mes Verde,300000.0,53333.0,246667.0,1.0,probable,tactico mes verde,1.0,,,46.59509666666667,,1090.909090909091,0.8222233333333333,True
bosch,nivelacion,Retail Display,2025,5,bosch,nivelacion,81250.0,0.0,131.0,0.0,10,,,,,,,,unmatched,,,0.16123076923076923,0.0,,,,,False
bosch,nivelacion,Retail Display,2025,6,bosch,nivelacion,55512.0,0.0,106.0,0.0,1,,,,,,,,unmatched,,,0.19094970456838162,0.0,,,,,False
bosch,nnn5fiq8a,CRM,2024,6,bosch,nNN5FIq8a,0.0,4933.0,0.0,5163326.0,1,,,,,,,,unmatched,,,,,,,,,False
bosch,ocnykz5zy,CRM,2024,12,bosch,ocNykZ5ZY,0.0,101232.0,401.0,7973490.0,1,,,,,,,,unmatched,,,,,,,,,False
bosch,pktpv1csk,CRM,2024,11,bosch,PkTpV1cSK,0.0,101175.0,505.0,30558967.0,1,,,,,,,,unmatched,,,,,,,,,False
bosch,qxknnyb7q,CRM,2024,6,bosch,QXKNNYb7Q,0.0,36054.0,2432.0,13461538.0,1,,,,,,,,unmatched,,,,,,,,,False
bosch,rvseu3kxx,CRM,2024,10,bosch,RvseU3KXX,0.0,102195.0,513.0,23625395.0,1,,,,,,,,unmatched,,,,,,,,,False
bosch,srlav6wa6,CRM,2024,10,bosch,SRLaV6WA6,0.0,100605.0,562.0,15962451.0,1,,,,,,,,unmatched,,,,,,,,,False
bosch,vm0xyghoy,CRM,2024,7,bosch,Vm0XyGhOY,0.0,40235.0,2214.0,16980477.0,1,,,,,,,,unmatched,,,,,,,,,False
bosch,w45h3hewd,CRM,2024,6,bosch,W45H3HEWd,0.0,106345.0,1203.0,28293436.0,1,,,,,,,,unmatched,,,,,,,,,False
bosch,wpfli2dgn,CRM,2024,8,bosch,wPfli2dGN,0.0,102349.0,825.0,28658644.0,1,,,,,,,,unmatched,,,,,,,,,False
bosch,x,CRM,2024,9,bosch,X,0.0,110965.0,667.0,36325930.0,2,,,,,,,,unmatched,,,,,,,,,False
bosch,x,CRM,2024,10,bosch,X,0.0,242017.0,1835.0,20139407.0,3,,,,,,,,unmatched,,,,,,,,,False
bosch,xa jpvlmh,CRM,2025,1,bosch,Xa-jpvlMh,0.0,428.0,7.0,9518551.0,1,HERRAMIENTAS Y MAQUINARIAS,BOSCH,Tactico Abre y gana,700000.0,44444.0,655556.0,1.0,probable,tactico abre y gana,1.0,,,13.59793,,100000.0,0.9365085714285715,True
bosch,zmrqzir5d,CRM,2024,11,bosch,zmRQZiR5d,0.0,101130.0,435.0,26216003.0,1,,,,,,,,unmatched,,,,,,,,,False
bosch dremel,,Retail Display,2025,11,bosch-dremel,,89916.0,0.0,72.0,0.0,28,,,,,,,,unmatched,,,0.08007473642065928,0.0,,,,,False
bosch dremel,,Retail Display,2025,12,bosch-dremel,,30869.0,0.0,26.0,0.0,16,,,,,,,,unmatched,,,0.08422689429524766,0.0,,,,,False
bosch dremel,tc,Retail Display,2025,9,bosch-dremel,tc,170086.0,0.0,304.0,0.0,24,,,,,,,,unmatched,,,0.17873311148477827,0.0,,,,,False
bosch junkers,cyber day,Retail Display,2025,6,bosch-junkers,cyber_day,151546.0,0.0,337.0,0.0,3,,,,,,,,unmatched,,,0.22237472450609055,0.0,,,,,False
bosch junkers,ppi,Retail Display,2025,6,bosch-junkers,ppi,174632.0,0.0,277.0,0.0,18,,,,,,,,unmatched,,,0.15861926794630996,0.0,,,,,False
bosch junkers,ppi,Retail Display,2025,7,bosch-junkers,ppi,85528.0,0.0,110.0,0.0,22,,,,,,,,unmatched,,,0.12861285193153119,0.0,,,,,False
briggs,6189516 009134,CRM,2023,4,briggs,6189516-009134,0.0,38317.0,53.0,116970.0,1,,,,,,,,unmatched,,,,,,,,,False
briggs,6189516 009141,CRM,2023,4,briggs,6189516-009141,0.0,70323.0,100.0,14990.0,1,,,,,,,,unmatched,,,,,,,,,False
briggs stratton,6189516 009134,CRM,2023,4,briggs & stratton,6189516-009134,0.0,38317.0,53.0,0.0,1,,,,,,,,unmatched,,,,,,,,,False
briggs stratton,6189516 009141,CRM,2023,4,briggs & stratton,6189516-009141,0.0,70323.0,99.0,0.0,1,,,,,,,,unmatched,,,,,,,,,False
brother,,Retail Display,2026,3,brother,,115389.0,0.0,163.0,0.0,17,CASA INTELIGENTE,BROTHER,Campaña BTS,300000.0,240000.0,60000.0,1.0,probable,campana bts,1.0,0.14126129873731466,0.0,0.0,2599.9012037542575,1840.4907975460123,0.2,True
brother,0nuyxz2s6,CRM,2024,3,brother,0nUYXZ2S6,0.0,54013.0,3218.0,1453415.0,1,,,,,,,,unmatched,,,,,,,,,False
brother,6189516 008233,CRM,2023,2,brother,6189516-008233,0.0,101514.0,91.0,597542.0,1,,,,,,,,unmatched,,,,,,,,,False
brother,6189516 008635,CRM,2023,3,brother,6189516-008635,0.0,51776.0,78.0,164990.0,1,,,,,,,,unmatched,,,,,,,,,False
brother,6189516 008649,CRM,2023,3,brother,6189516-008649,0.0,53878.0,7081.0,596930.0,1,,,,,,,,unmatched,,,,,,,,,False
brother,6189516 009311,CRM,2023,5,brother,6189516-009311,0.0,101108.0,95.0,672190.0,1,,,,,,,,unmatched,,,,,,,,,False
brother,a4oghl7xk,CRM,2025,2,brother,A4OgHl7Xk,0.0,102051.0,236.0,2761720.0,1,CASA INTELIGENTE,BROTHER,Tactico BTS,200000.0,48485.0,151515.0,1.0,probable,tactico bts,1.0,,,13.8086,,847.457627118644,0.757575,True
brother,cyber day,Retail Display,2024,6,brother,cyber_day,193361.0,0.0,651.0,0.0,3,,,,,,,,unmatched,,,0.3366759584404301,0.0,,,,,False
brother,cyber day,Retail Display,2025,6,brother,cyber_day,70468.0,0.0,266.0,0.0,3,,,,,,,,unmatched,,,0.3774763012998808,0.0,,,,,False
brother,cyber monday,Retail Display,2024,9,brother,cyber_monday,35630.0,0.0,128.0,0.0,1,,,,,,,,unmatched,,,0.3592478248666854,0.0,,,,,False
brother,cyber monday,Retail Display,2024,10,brother,cyber_monday,131256.0,0.0,268.0,0.0,2,,,,,,,,unmatched,,,0.2041811421954044,0.0,,,,,False
brother,cyber monday,Retail Display,2025,10,brother,cyber_monday,73223.0,0.0,138.0,0.0,3,CASA INTELIGENTE,BROTHER,Cyber Octubre 2025,200000.0,160000.0,40000.0,1.0,probable,cyber octubre 2025,1.0,0.18846537290195703,0.0,0.0,2731.382215970392,1449.2753623188405,0.2,True
brother,maquinadecoser,Retail Display,2025,12,brother,maquinadecoser,115497.0,0.0,126.0,0.0,16,CASA INTELIGENTE,BROTHER,Táctico máquina de coser,300000.0,240000.0,60000.0,1.0,probable,tactico maquina de coser,1.0,0.10909374269461544,0.0,0.0,2597.470064157511,2380.9523809523807,0.2,True
brother,semana brother,Meta,2025,9,brother,semana_brother,554478.0,0.0,7016.0,0.0,23,,,,,,,,unmatched,,,1.265334242296358,0.0,,,,,False
brother,semana brother,Retail Display,2025,8,brother,semana_brother,8223.0,0.0,15.0,0.0,3,,,,,,,,unmatched,,,0.18241517694272164,0.0,,,,,False
brother,semana brother,Retail Display,2025,9,brother,semana_brother,94957.0,0.0,146.0,0.0,30,CASA INTELIGENTE,BROTHER,Táctico Septiembre,250000.0,200000.0,50000.0,1.0,probable,tactico septiembre,1.0,0.15375380435354952,0.0,0.0,2632.770622492286,1712.3287671232877,0.2,True
brother,semana marca,Retail Display,2024,8,brother,semana_marca,354073.0,0.0,608.0,0.0,12,,,,,,,,unmatched,,,0.17171600206737028,0.0,,,,,False
bticino,6189516 010550,CRM,2023,8,bticino,6189516-010550,0.0,101170.0,103.0,8876232.0,1,,,,,,,,unmatched,,,,,,,,,False
bticino,6189516 010618,CRM,2023,8,bticino,6189516-010618,0.0,101338.0,95.0,5989375.0,1,,,,,,,,unmatched,,,,,,,,,False
bticino,6189516 011132,CRM,2023,9,bticino,6189516-011132,0.0,101264.0,171.0,7540513.0,1,,,,,,,,unmatched,,,,,,,,,False
bticino,k6nk6zxb2,CRM,2024,11,bticino,k6Nk6ZXb2,0.0,86946.0,621.0,19875128.0,1,,,,,,,,unmatched,,,,,,,,,False
bticino,oinqeepry,CRM,2025,2,bticino,OinQEEPRY,0.0,102312.0,585.0,13264135.0,1,,,,,,,,unmatched,,,,,,,,,False
bticino,rbecn7vi4,CRM,2024,11,bticino,rBecn7vi4,0.0,91870.0,186.0,14946722.0,1,,,,,,,,unmatched,,,,,,,,,False
cachupin,9rwjtwjv9,CRM,2024,6,cachupin,9rwJTWJv9,0.0,32.0,1.0,1045770.0,1,,,,,,,,unmatched,,,,,,,,,False
cachupin,a90pbbait,CRM,2025,7,cachupin,A90PbbAiT,0.0,3.0,0.0,56970.0,1,,,,,,,,unmatched,,,,,,,,,False
cachupin,fcg8pybxs,CRM,2025,8,cachupin,FCg8pyBxs,0.0,12.0,1.0,354480.0,1,,,,,,,,unmatched,,,,,,,,,False
caixun,6189516 012206,CRM,2023,12,caixun,6189516-012206,0.0,101254.0,181.0,2335975.0,1,,,,,,,,unmatched,,,,,,,,,False
casasegura,6189516 008137,CRM,2023,2,casasegura,6189516-008137,0.0,34184.0,5805.0,0.0,1,,,,,,,,unmatched,,,,,,,,,False
casasegura,6189516 008210,CRM,2023,2,casasegura,6189516-008210,0.0,12706.0,2255.0,0.0,1,,,,,,,,unmatched,,,,,,,,,False
cat chow,4fghjkjad,CRM,2024,6,cat chow,4FGhJKjAd,0.0,100208.0,448.0,3491812.0,1,,,,,,,,unmatched,,,,,,,,,False
cat chow,6189516 009482,CRM,2023,5,cat chow,6189516-009482,0.0,52226.0,52.0,959050.0,1,,,,,,,,unmatched,,,,,,,,,False
cat chow,6189516 009978,CRM,2023,6,cat chow,6189516-009978,0.0,93382.0,159.0,691724.0,1,,,,,,,,unmatched,,,,,,,,,False
cedral,afecwy1 d,CRM,2025,10,cedral,AFEcwY1-D,0.0,1.0,1.0,8000.0,1,,,,,,,,unmatched,,,,,,,,,False
celta,,CRM,2026,2,celta,,0.0,146.0,0.0,520982.0,14,MUEBLES,CELTA,AON Trigger,900000.0,0.0,900000.0,1.0,probable,aon trigger,1.0,,,0.5788688888888889,,,1.0,True
celta,,CRM,2026,3,celta,,0.0,339.0,0.0,2664921.0,31,MUEBLES,CELTA,AON Trigger,900000.0,0.0,900000.0,1.0,probable,aon trigger,1.0,,,2.9610233333333333,,,1.0,True
celta,,CRM,2026,4,celta,,0.0,551.0,0.0,2774830.0,30,,,,,,,,unmatched,,,,,,,,,False
celta,,CRM,2026,5,celta,,0.0,230.0,0.0,1345554.0,24,,,,,,,,unmatched,,,,,,,,,False
celta,5nlbqjfu4,CRM,2025,11,celta,5NLbqjfU4,0.0,101219.0,919.0,3728908.0,1,MUEBLES,CELTA,Black Noviembre 2025,700000.0,34783.0,665217.0,1.0,probable,black noviembre 2025,1.0,,,5.327011428571429,,761.6974972796518,0.95031,True
celta,aon trigger,CRM,2026,4,celta,aon_trigger,0.0,33246.0,0.0,6731290.0,23,,,,,,,,unmatched,,,,,,,,,False
celta,aon trigger,CRM,2026,5,celta,aon_trigger,0.0,26401.0,0.0,2083890.0,19,,,,,,,,unmatched,,,,,,,,,False
celta,black week,Sponsored Products,2026,3,CELTA,black_week,73138.0,0.0,2052.0,11804200.0,1,MUEBLES,CELTA,AON Marzo 2026,500000.0,412000.0,88000.0,1.0,probable,aon marzo 2026,1.0,2.8056550630315296,0.0,23.6084,6836.39147912166,243.66471734892787,0.176,True
celta,blackout,Retail Display,2025,7,celta,blackout,12940.0,0.0,33.0,0.0,1,MUEBLES,CELTA,Lanzamiento de Linea,300000.0,240000.0,60000.0,1.0,probable,lanzamiento de linea,1.0,0.25502318392581147,0.0,0.0,23183.925811437406,9090.90909090909,0.2,True
celta,blackout,Retail Display,2025,8,celta,blackout,108411.0,0.0,339.0,0.0,5,,,,,,,,unmatched,,,0.31269889586850047,0.0,,,,,False
celta,cyber day,Retail Display,2025,6,celta,cyber_day,160668.0,0.0,526.0,0.0,3,,,,,,,,unmatched,,,0.32738317524335897,0.0,,,,,False
celta,dzgpwl0db,CRM,2025,10,celta,dzgpWL0DB,0.0,18446.0,171.0,4145679.0,1,MUEBLES,CELTA,Cyber Octubre 2025,600000.0,27119.0,572881.0,1.0,probable,cyber octubre 2025,1.0,,,6.909465,,3508.7719298245615,0.9548016666666667,True
celta,jcmofw7r,CRM,2025,7,celta,JcMOFW7r-,0.0,101393.0,309.0,1799900.0,1,MUEBLES,CELTA,Lanzamiento de Linea,600000.0,44444.0,555556.0,1.0,probable,lanzamiento de linea,1.0,,,2.999833333333333,,1941.7475728155339,0.9259266666666667,True
cem splendid,ac,Retail Display,2025,2,cem-splendid,ac,246279.0,0.0,889.0,0.0,24,,,,,,,,unmatched,,,0.36097271793372554,0.0,,,,,False
cem splendid,black week,Retail Display,2026,3,cem-splendid,black_week,100250.0,0.0,77.0,0.0,7,,,,,,,,unmatched,,,0.07680798004987531,0.0,,,,,False
cem splendid,black week,Retail Display,2026,4,cem-splendid,black_week,53597.0,0.0,41.0,0.0,5,,,,,,,,unmatched,,,0.07649681885180142,0.0,,,,,False
cem splendid,cyber day,Retail Display,2025,6,cem-splendid,cyber_day,122104.0,0.0,381.0,0.0,3,,,,,,,,unmatched,,,0.31202908995610296,0.0,,,,,False
cem splendid,cyber monday,Retail Display,2025,10,cem-splendid,cyber_monday,119864.0,0.0,324.0,0.0,3,,,,,,,,unmatched,,,0.27030634719348595,0.0,,,,,False
cem splendid,renovaciones,Retail Display,2025,3,cem-splendid,renovaciones,104195.0,0.0,148.0,0.0,24,,,,,,,,unmatched,,,0.14204136474878834,0.0,,,,,False
cem splendid rheem,,Otros,2026,5,cem-splendid-rheem,,135873.0,0.0,106.0,0.0,20,,,,,,,,unmatched,,,0.07801402780537708,0.0,,,,,False
ceresita,0s1xjs ah,CRM,2025,9,ceresita,0S1xJs-ah,0.0,101360.0,360.0,20328628.0,1,,,,,,,,unmatched,,,,,,,,,False
ceresita,0te5hrjxa,CRM,2025,8,ceresita,0Te5hrJXa,0.0,54061.0,244.0,7357587.0,1,,,,,,,,unmatched,,,,,,,,,False
ceresita,6189516 007965,CRM,2023,2,ceresita,6189516-007965,0.0,100817.0,201.0,24739519.0,1,,,,,,,,unmatched,,,,,,,,,False
ceresita,6189516 008983,CRM,2023,4,ceresita,6189516-008983,0.0,101495.0,112.0,11758513.0,1,,,,,,,,unmatched,,,,,,,,,False
ceresita,6189516 009297,CRM,2023,5,ceresita,6189516-009297,0.0,101199.0,109.0,13212245.0,1,,,,,,,,unmatched,,,,,,,,,False
ceresita,6189516 010720,CRM,2023,8,ceresita,6189516-010720,0.0,79564.0,97.0,19835451.0,1,,,,,,,,unmatched,,,,,,,,,False
ceresita,9j9xl2gbh,CRM,2025,9,ceresita,9j9xl2GBH,0.0,101185.0,360.0,12910217.0,1,,,,,,,,unmatched,,,,,,,,,False
ceresita,bjro0feiq,CRM,2025,8,ceresita,bJro0feiQ,0.0,101367.0,240.0,16600172.0,1,,,,,,,,unmatched,,,,,,,,,False
ceresita,codelpa,Retail Display,2024,11,ceresita,codelpa,210988.0,0.0,431.0,0.0,17,,,,,,,,unmatched,,,0.20427702049405652,0.0,,,,,False
ceresita,codelpa,Retail Display,2024,12,ceresita,codelpa,69517.0,0.0,135.0,0.0,10,,,,,,,,unmatched,,,0.19419710286692465,0.0,,,,,False
ceresita,ghqpzl3lq,CRM,2025,8,ceresita,gHqpzL3LQ,0.0,53995.0,218.0,6063881.0,1,,,,,,,,unmatched,,,,,,,,,False
ceresita,nn2xdn4mn,CRM,2024,11,ceresita,NN2xDn4mN,0.0,1085.0,0.0,3023630.0,1,,,,,,,,unmatched,,,,,,,,,False
ceresita,p8uapgzpd,CRM,2025,9,ceresita,p8UApGzPD,0.0,28400.0,225.0,5308186.0,1,,,,,,,,unmatched,,,,,,,,,False
ceresita,qyllfyzax,CRM,2025,8,ceresita,qYLLFYZax,0.0,101234.0,409.0,13406685.0,1,,,,,,,,unmatched,,,,,,,,,False
ceresita,tactico invictus 2025,CRM,2025,12,ceresita,Tactico Invictus 2025,0.0,101303.0,347.0,35208124.0,1,,,,,,,,unmatched,,,,,,,,,False
ceresita,tcdhtkpv,CRM,2025,8,ceresita,-TcDhtKpV,0.0,134759.0,818.0,25580004.0,1,,,,,,,,unmatched,,,,,,,,,False
ceresita,tp1babomr,CRM,2025,9,ceresita,tP1baBOmr,0.0,54037.0,208.0,5556748.0,1,,,,,,,,unmatched,,,,,,,,,False
ceresita,ulneg lkz,CRM,2024,3,ceresita,ulnEG-LKZ,0.0,102193.0,446.0,42431784.0,1,,,,,,,,unmatched,,,,,,,,,False
ceresita,xxxxxx,CRM,2024,11,ceresita,XXXXXX,0.0,1044.0,0.0,2370421.0,1,,,,,,,,unmatched,,,,,,,,,False
ceresita,ysfm vyhx,CRM,2024,11,ceresita,ySFm-VyHx,0.0,94149.0,387.0,89422322.0,1,,,,,,,,unmatched,,,,,,,,,False
ceresita,zd7noyimo,CRM,2025,12,ceresita,ZD7nOyimO,0.0,101472.0,364.0,31874991.0,1,,,,,,,,unmatched,,,,,,,,,False
ceresita,zptibzukb,CRM,2025,8,ceresita,zpTibzuKb,0.0,101234.0,315.0,10800472.0,1,,,,,,,,unmatched,,,,,,,,,False
ceys,0ja1usmzr,CRM,2024,3,ceys,0Ja1USMzr,0.0,102244.0,430.0,1447674.0,1,,,,,,,,unmatched,,,,,,,,,False
ceys,2enal9sci,CRM,2024,4,ceys,2ENal9SCI,0.0,101351.0,273.0,1217027.0,1,,,,,,,,unmatched,,,,,,,,,False
ceys,6189516 009289,CRM,2023,5,ceys,6189516-009289,0.0,43552.0,7888.0,1253167.0,1,,,,,,,,unmatched,,,,,,,,,False
ceys,6189516 009356,CRM,2023,5,ceys,6189516-009356,0.0,101030.0,97.0,740560.0,1,,,,,,,,unmatched,,,,,,,,,False
ceys,6189516 009366,CRM,2023,5,ceys,6189516-009366,0.0,54056.0,6362.0,394050.0,1,,,,,,,,unmatched,,,,,,,,,False
ceys,co brand,Retail Display,2024,12,ceys,co_brand,324293.0,0.0,357.0,0.0,20,,,,,,,,unmatched,,,0.11008563243733291,0.0,,,,,False
ceys,dyxygejor,CRM,2024,12,ceys,DYXYgEjOr,0.0,102239.0,391.0,247781.0,1,,,,,,,,unmatched,,,,,,,,,False
ceys,fax2pycmu,CRM,2025,7,ceys,fAX2pYCmu,0.0,101188.0,455.0,203875.0,1,FERRETERIA,CEYS,Campaña TV Cinta Montack,600000.0,44444.0,555556.0,1.0,probable,campana tv cinta montack,1.0,,,0.33979166666666666,,1318.6813186813188,0.9259266666666667,True
ceys alex montack,,Retail Display,2026,4,ceys-alex_montack,,192327.0,0.0,110.0,0.0,23,,,,,,,,unmatched,,,0.05719425769652727,0.0,,,,,False
ceys alex montack,tc,Retail Display,2025,12,ceys-alex_montack,tc,11057.0,0.0,6.0,0.0,2,,,,,,,,unmatched,,,0.05426426698019354,0.0,,,,,False
ceys alex montack,tc,Retail Display,2026,1,ceys-alex_montack,tc,181403.0,0.0,131.0,0.0,31,,,,,,,,unmatched,,,0.07221490273038483,0.0,,,,,False
ceys alex montack,tc julio,Retail Display,2025,7,ceys-alex_montack,tc_julio,174507.0,0.0,164.0,0.0,17,,,,,,,,unmatched,,,0.09397903809016257,0.0,,,,,False
chakrana,6189516 011518,CRM,2023,10,chakrana,6189516-011518,0.0,98705.0,335.0,41480.0,1,,,,,,,,unmatched,,,,,,,,,False
champion,regalones,Retail Display,2024,5,champion,regalones,29568.0,0.0,113.0,0.0,3,,,,,,,,unmatched,,,0.3821699134199134,0.0,,,,,False
champion,regalones,Retail Display,2024,6,champion,regalones,150886.0,0.0,493.0,0.0,30,,,,,,,,unmatched,,,0.32673674164601085,0.0,,,,,False
champion,regalones,Retail Display,2024,7,champion,regalones,352131.0,0.0,960.0,0.0,29,,,,,,,,unmatched,,,0.2726258125527148,0.0,,,,,False
champion cat,8pjn0i fc,CRM,2025,7,champion cat,8Pjn0i-Fc,0.0,25.0,0.0,166054.0,1,,,,,,,,unmatched,,,,,,,,,False
champion cat,amwj6ujkg,CRM,2024,6,champion cat,AMWJ6uJkg,0.0,83.0,0.0,674097.0,1,,,,,,,,unmatched,,,,,,,,,False
champion cat,jbv1xjm4r,CRM,2024,7,champion cat,jBV1xJm4R,0.0,52.0,1.0,489979.0,1,,,,,,,,unmatched,,,,,,,,,False
champion cat,kxwmus55g,CRM,2024,5,champion cat,kxwMus55G,0.0,91.0,0.0,755735.0,1,,,,,,,,unmatched,,,,,,,,,False
champion cat,pajyp7yv6,CRM,2024,7,champion cat,PAJyP7YV6,0.0,87.0,1.0,745361.0,1,,,,,,,,unmatched,,,,,,,,,False
champion cat,xun2u7jvp,CRM,2025,8,champion cat,xUN2u7jvP,0.0,31.0,1.0,282253.0,1,,,,,,,,unmatched,,,,,,,,,False
champion dog,6189516 009678,CRM,2023,6,champion dog,6189516-009678,0.0,101135.0,141.0,554330.0,1,,,,,,,,unmatched,,,,,,,,,False
champion dog,8pjn0i fc,CRM,2025,7,champion dog,8Pjn0i-Fc,0.0,101178.0,279.0,2044328.0,1,,,,,,,,unmatched,,,,,,,,,False
champion dog,amwj6ujkg,CRM,2024,6,champion dog,AMWJ6uJkg,0.0,101180.0,575.0,2062102.0,1,,,,,,,,unmatched,,,,,,,,,False
champion dog,black marzo champion 2026,CRM,2026,4,champion dog,Black Marzo Champion 2026,0.0,70223.0,0.0,2181850.0,1,,,,,,,,unmatched,,,,,,,,,False
champion dog,d7isfyfpv,CRM,2025,5,champion dog,d7IsFyFPV,0.0,116.0,1.0,1731656.0,1,,,,,,,,unmatched,,,,,,,,,False
champion dog,jbv1xjm4r,CRM,2024,7,champion dog,jBV1xJm4R,0.0,101983.0,415.0,1821921.0,1,,,,,,,,unmatched,,,,,,,,,False
champion dog,mbccwpzp9,CRM,2025,7,champion dog,mbCcwpZp9,0.0,3.0,0.0,49934.0,1,,,,,,,,unmatched,,,,,,,,,False
champion dog,pajyp7yv6,CRM,2024,7,champion dog,PAJyP7YV6,0.0,147.0,6.0,2975293.0,1,,,,,,,,unmatched,,,,,,,,,False
champion dog,qlglgyfjm,CRM,2025,7,champion dog,QlGlgYFJm,0.0,134.0,5.0,2464918.0,1,,,,,,,,unmatched,,,,,,,,,False
champion dog,regalones de la casa,Retail Display,2025,5,champion_dog,regalones_de_la_casa,163353.0,0.0,247.0,0.0,5,,,,,,,,unmatched,,,0.15120628332506902,0.0,,,,,False
champion dog,regalones de la casa,Retail Display,2025,6,champion_dog,regalones_de_la_casa,141750.0,0.0,156.0,0.0,19,,,,,,,,unmatched,,,0.11005291005291006,0.0,,,,,False
champion dog,regalones de la casa,Retail Display,2025,7,champion_dog,regalones_de_la_casa,134559.0,0.0,184.0,0.0,30,,,,,,,,unmatched,,,0.13674299006383817,0.0,,,,,False
champion dog,regalones de la casa,Retail Display,2025,8,champion_dog,regalones_de_la_casa,82712.0,0.0,117.0,0.0,24,,,,,,,,unmatched,,,0.1414546861398588,0.0,,,,,False
champion dog,tg5yhxjky,CRM,2025,7,champion dog,tg5YHxJKY,0.0,6.0,0.0,93970.0,1,,,,,,,,unmatched,,,,,,,,,False
champion dog,xbdvs4tpp,CRM,2025,8,champion dog,xBDvS4tpp,0.0,86.0,2.0,1432385.0,1,,,,,,,,unmatched,,,,,,,,,False
champion dog,xun2u7jvp,CRM,2025,8,champion dog,xUN2u7jvP,0.0,101384.0,407.0,3146550.0,1,,,,,,,,unmatched,,,,,,,,,False
char broil,jpxxe hty,CRM,2024,9,char broil,jpXxE-HTy,0.0,101485.0,436.0,511180.0,1,,,,,,,,unmatched,,,,,,,,,False
chilcorrofin,4sla4i30d,CRM,2025,10,chilcorrofin,4Sla4i30D,0.0,101311.0,578.0,2774864.0,1,PINTURA Y ACCESORIOS,CHILCORROFIN,Tactico Octubre,2700000.0,27119.0,2672881.0,2.0,probable,tactico octubre,1.0,,,1.0277274074074074,,4671.280276816609,0.989955925925926,True
chilcorrofin,ewe4viqrp,CRM,2025,11,chilcorrofin,EWE4VIqrP,0.0,2989.0,0.0,372307.0,1,PINTURA Y ACCESORIOS,CHILCORROFIN,Tactico Noviembre,2700000.0,34783.0,2665217.0,2.0,probable,tactico noviembre,1.0,,,0.13789148148148148,,,0.9871174074074074,True
chilcorrofin,lswhkqk5k,CRM,2025,11,chilcorrofin,lSWhkqK5k,0.0,101183.0,202.0,2087019.0,1,PINTURA Y ACCESORIOS,CHILCORROFIN,Tactico Noviembre,2700000.0,34783.0,2665217.0,2.0,probable,tactico noviembre,1.0,,,0.77297,,13366.336633663366,0.9871174074074074,True
chilcorrofin,w9yeqnxxd,CRM,2025,11,chilcorrofin,W9yeQnxxd,0.0,101191.0,374.0,4645785.0,1,PINTURA Y ACCESORIOS,CHILCORROFIN,Tactico Noviembre,2700000.0,34783.0,2665217.0,2.0,probable,tactico noviembre,1.0,,,1.7206611111111112,,7219.2513368983955,0.9871174074074074,True
churu,black marzo 2026,CRM,2026,3,churu,Black Marzo 2026,0.0,321380.0,18.0,573702.0,1,,,,,,,,unmatched,,,,,,,,,False
churu,black week,Sponsored Products,2026,3,CHURU,black_week,27961.0,0.0,141.0,35886.0,1,,,,,,,,unmatched,,,0.5042738099495726,0.0,,,,,False
churu,kxwmus55g,CRM,2024,5,churu,kxwMus55G,0.0,86.0,2.0,477702.0,1,,,,,,,,unmatched,,,,,,,,,False
churu,ofnyhn00c,CRM,2024,7,churu,OfNyHN00c,0.0,101826.0,277.0,377887.0,1,,,,,,,,unmatched,,,,,,,,,False
churu,qlglgyfjm,CRM,2025,7,churu,QlGlgYFJm,0.0,49.0,1.0,334597.0,1,,,,,,,,unmatched,,,,,,,,,False
churu,regalones,Retail Display,2024,6,churu,regalones,66562.0,0.0,198.0,0.0,21,,,,,,,,unmatched,,,0.29746702322646557,0.0,,,,,False
churu,regalones,Retail Display,2024,7,churu,regalones,477581.0,0.0,1211.0,0.0,29,,,,,,,,unmatched,,,0.2535695515525115,0.0,,,,,False
churu,tg5yhxjky,CRM,2025,7,churu,tg5YHxJKY,0.0,10.0,0.0,50928.0,1,,,,,,,,unmatched,,,,,,,,,False
churu,xbdvs4tpp,CRM,2025,8,churu,xBDvS4tpp,0.0,22.0,0.0,99672.0,1,,,,,,,,unmatched,,,,,,,,,False
cic,,CRM,2025,4,cic,,0.0,2036.0,0.0,55112777.0,27,MUEBLES,CIC,AON Abril 2025,1000000.0,50000.0,950000.0,1.0,probable,aon abril 2025,1.0,,,55.112777,,,0.95,True
cic,,CRM,2025,5,cic,,0.0,2135.0,0.0,49687154.0,31,,,,,,,,unmatched,,,,,,,,,False
cic,,CRM,2025,6,cic,,0.0,3578.0,0.0,76092286.0,30,MUEBLES,CIC,AON Junio 2025,1400000.0,110344.0,1289656.0,2.0,probable,aon junio 2025,1.0,,,54.35163285714286,,,0.9211828571428572,True
cic,,CRM,2025,7,cic,,0.0,1799.0,0.0,28407620.0,20,,,,,,,,unmatched,,,,,,,,,False
cic,,CRM,2025,9,cic,,0.0,69227.0,0.0,71274202.0,57,MUEBLES,CIC,Trigger Marca 3 meses,1200000.0,0.0,1200000.0,1.0,probable,trigger marca 3 meses,1.0,,,59.39516833333333,,,1.0,True
cic,,CRM,2025,10,cic,,0.0,130764.0,0.0,144954392.0,56,,,,,,,,unmatched,,,,,,,,,False
cic,,CRM,2025,11,cic,,0.0,100593.0,0.0,83548040.0,59,,,,,,,,unmatched,,,,,,,,,False
cic,,CRM,2025,12,cic,,0.0,117869.0,0.0,84431070.0,62,,,,,,,,unmatched,,,,,,,,,False
cic,,CRM,2026,1,cic,,0.0,127102.0,0.0,115669084.0,62,MUEBLES,CIC,AON Enero,900000.0,0.0,900000.0,1.0,probable,aon enero,1.0,,,128.52120444444444,,,1.0,True
cic,,CRM,2026,2,cic,,0.0,136105.0,0.0,121416475.0,56,,,,,,,,unmatched,,,,,,,,,False
cic,,CRM,2026,3,cic,,0.0,67012.0,0.0,63295935.0,61,MUEBLES,CIC,AON Trigger,900000.0,0.0,900000.0,1.0,probable,aon trigger,1.0,,,70.32881666666667,,,1.0,True
cic,,CRM,2026,4,cic,,0.0,61992.0,0.0,39483578.0,52,,,,,,,,unmatched,,,,,,,,,False
cic,,CRM,2026,5,cic,,0.0,49708.0,0.0,26081836.0,45,MUEBLES,CIC,AON Trigger,900000.0,0.0,900000.0,1.0,probable,aon trigger,1.0,,,28.97981777777778,,,1.0,True
cic,1cuzrva7b,CRM,2024,5,cic,1cuzrvA7b,0.0,102087.0,235.0,18045138.0,1,,,,,,,,unmatched,,,,,,,,,False
cic,1iypemsaa,CRM,2025,8,cic,1iyPEMsAa,0.0,101513.0,236.0,16777411.0,1,,,,,,,,unmatched,,,,,,,,,False
cic,1povqokxc,CRM,2025,11,cic,1pOvQOkxc,0.0,450579.0,0.0,87595927.0,1,,,,,,,,unmatched,,,,,,,,,False
cic,1x7xf33bd,CRM,2025,10,cic,1x7xf33Bd,0.0,106166.0,144.0,18107439.0,1,,,,,,,,unmatched,,,,,,,,,False
cic,3iabxglbo,CRM,2024,8,cic,3iabxglbO,0.0,33957.0,122.0,15679381.0,1,,,,,,,,unmatched,,,,,,,,,False
cic,3sqs9eyaj,CRM,2025,11,cic,3SqS9EyAj,0.0,54072.0,192.0,2686315.0,1,,,,,,,,unmatched,,,,,,,,,False
cic,3wfap0svs,CRM,2024,2,cic,3wfaP0sVS,0.0,23146.0,79.0,5542780.0,1,,,,,,,,unmatched,,,,,,,,,False
cic,5aienic5i,CRM,2024,6,cic,5AIENIc5I,0.0,103902.0,365.0,58323601.0,1,,,,,,,,unmatched,,,,,,,,,False
cic,5g1eesnkq,CRM,2024,6,cic,5G1EeSNKQ,0.0,54103.0,1896.0,10622444.0,1,,,,,,,,unmatched,,,,,,,,,False
cic,5nb3lednh,CRM,2025,11,cic,5nb3leDNh,0.0,101390.0,711.0,14389065.0,1,,,,,,,,unmatched,,,,,,,,,False
cic,6189516 007655,CRM,2023,1,cic,6189516-007655,0.0,100818.0,89.0,17106881.0,1,,,,,,,,unmatched,,,,,,,,,False
cic,6189516 007786,CRM,2023,1,cic,6189516-007786,0.0,101664.0,101.0,6661983.0,1,,,,,,,,unmatched,,,,,,,,,False
cic,6189516 008042,CRM,2023,2,cic,6189516-008042,0.0,101177.0,161.0,7327764.0,1,,,,,,,,unmatched,,,,,,,,,False
cic,6189516 008063,CRM,2023,2,cic,6189516-008063,0.0,101375.0,115.0,8512551.0,1,,,,,,,,unmatched,,,,,,,,,False
cic,6189516 008172,CRM,2023,2,cic,6189516-008172,0.0,101508.0,162.0,3875772.0,1,,,,,,,,unmatched,,,,,,,,,False
cic,6189516 008263,CRM,2023,2,cic,6189516-008263,0.0,23710.0,9061.0,11777008.0,1,,,,,,,,unmatched,,,,,,,,,False
cic,6189516 008325,CRM,2023,3,cic,6189516-008325,0.0,101109.0,112.0,10743613.0,1,,,,,,,,unmatched,,,,,,,,,False
cic,6189516 008396,CRM,2023,3,cic,6189516-008396,0.0,30614.0,0.0,5680293.0,1,,,,,,,,unmatched,,,,,,,,,False
cic,6189516 008424,CRM,2023,3,cic,6189516-008424,0.0,100991.0,163.0,10802985.0,1,,,,,,,,unmatched,,,,,,,,,False
cic,6189516 008516,CRM,2023,3,cic,6189516-008516,0.0,101245.0,80.0,7344591.0,1,,,,,,,,unmatched,,,,,,,,,False
cic,6189516 008535,CRM,2023,3,cic,6189516-008535,0.0,30658.0,0.0,3157320.0,1,,,,,,,,unmatched,,,,,,,,,False
cic,6189516 008563,CRM,2023,3,cic,6189516-008563,0.0,33859.0,17.0,12068555.0,1,,,,,,,,unmatched,,,,,,,,,False
cic,6189516 008564,CRM,2023,3,cic,6189516-008564,0.0,33969.0,39.0,4026474.0,1,,,,,,,,unmatched,,,,,,,,,False
cic,6189516 008605,CRM,2023,3,cic,6189516-008605,0.0,101092.0,134.0,12291216.0,1,,,,,,,,unmatched,,,,,,,,,False
cic,6189516 008620,CRM,2023,3,cic,6189516-008620,0.0,30558.0,0.0,3102140.0,1,,,,,,,,unmatched,,,,,,,,,False
cic,6189516 008670,CRM,2023,3,cic,6189516-008670,0.0,100683.0,94.0,5617666.0,1,,,,,,,,unmatched,,,,,,,,,False
cic,6189516 008690,CRM,2023,4,cic,6189516-008690,0.0,101253.0,188.0,5744530.0,1,,,,,,,,unmatched,,,,,,,,,False
cic,6189516 008713,CRM,2023,3,cic,6189516-008713,0.0,1068526.0,95223.0,109899514.0,1,,,,,,,,unmatched,,,,,,,,,False
cic,6189516 009005,CRM,2023,4,cic,6189516-009005,0.0,51786.0,6259.0,11134862.0,1,,,,,,,,unmatched,,,,,,,,,False
cic,6189516 009038,CRM,2023,4,cic,6189516-009038,0.0,38114.0,4172.0,6120903.0,1,,,,,,,,unmatched,,,,,,,,,False
cic,6189516 009180,CRM,2023,5,cic,6189516-009180,0.0,101803.0,117.0,10683402.0,1,,,,,,,,unmatched,,,,,,,,,False
cic,6189516 009263,CRM,2023,5,cic,6189516-009263,0.0,101190.0,120.0,6866043.0,1,,,,,,,,unmatched,,,,,,,,,False
cic,6189516 009346,CRM,2023,5,cic,6189516-009346,0.0,53972.0,5741.0,13355069.0,1,,,,,,,,unmatched,,,,,,,,,False
cic,6189516 009407,CRM,2023,5,cic,6189516-009407,0.0,105275.0,130.0,27422518.0,1,,,,,,,,unmatched,,,,,,,,,False
cic,6189516 009437,CRM,2023,5,cic,6189516-009437,0.0,30718.0,0.0,5568040.0,1,,,,,,,,unmatched,,,,,,,,,False
cic,6189516 009504,CRM,2023,5,cic,6189516-009504,0.0,53953.0,6696.0,24236465.0,1,,,,,,,,unmatched,,,,,,,,,False
cic,6189516 009529,CRM,2023,5,cic,6189516-009529,0.0,105222.0,105.0,10007673.0,1,,,,,,,,unmatched,,,,,,,,,False
cic,6189516 009574,CRM,2023,5,cic,6189516-009574,0.0,52327.0,60.0,16897333.0,1,,,,,,,,unmatched,,,,,,,,,False
cic,6189516 009602,CRM,2023,5,cic,6189516-009602,0.0,26793.0,3738.0,11885979.0,1,,,,,,,,unmatched,,,,,,,,,False
cic,6189516 009637,CRM,2023,5,cic,6189516-009637,0.0,1064293.0,85796.0,183898658.0,1,,,,,,,,unmatched,,,,,,,,,False
cic,6189516 009812,CRM,2023,6,cic,6189516-009812,0.0,54181.0,5275.0,7336180.0,1,,,,,,,,unmatched,,,,,,,,,False
cic,6189516 009902,CRM,2023,6,cic,6189516-009902,0.0,81150.0,54.0,8032752.0,1,,,,,,,,unmatched,,,,,,,,,False
cic,6189516 010095,CRM,2023,7,cic,6189516-010095,0.0,101216.0,203.0,22103396.0,1,,,,,,,,unmatched,,,,,,,,,False
cic,6189516 010417,CRM,2023,8,cic,6189516-010417,0.0,1004188.0,67085.0,92593076.0,1,,,,,,,,unmatched,,,,,,,,,False
cic,6189516 010453,CRM,2023,8,cic,6189516-010453,0.0,54005.0,5280.0,8138645.0,1,,,,,,,,unmatched,,,,,,,,,False
cic,6189516 010693,CRM,2023,8,cic,6189516-010693,0.0,53965.0,5025.0,19438279.0,1,,,,,,,,unmatched,,,,,,,,,False
cic,6189516 010830,CRM,2023,8,cic,6189516-010830,0.0,54065.0,4909.0,21397440.0,1,,,,,,,,unmatched,,,,,,,,,False
cic,6189516 011140,CRM,2023,10,cic,6189516-011140,0.0,105391.0,284.0,45565561.0,1,,,,,,,,unmatched,,,,,,,,,False
cic,6189516 011162,CRM,2023,10,cic,6189516-011162,0.0,105420.0,389.0,14897332.0,1,,,,,,,,unmatched,,,,,,,,,False
cic,6189516 011174,CRM,2023,9,cic,6189516-011174,0.0,18052.0,4758.0,23916859.0,1,,,,,,,,unmatched,,,,,,,,,False
cic,6189516 011332,CRM,2023,10,cic,6189516-011332,0.0,51205.0,4717.0,17558892.0,1,,,,,,,,unmatched,,,,,,,,,False
cic,6189516 011365,CRM,2023,10,cic,6189516-011365,0.0,101302.0,6752.0,20370717.0,1,,,,,,,,unmatched,,,,,,,,,False
cic,6189516 011636,CRM,2023,10,cic,6189516-011636,0.0,54036.0,4254.0,7613837.0,1,,,,,,,,unmatched,,,,,,,,,False
cic,6189516 011849,CRM,2023,11,cic,6189516-011849,0.0,54034.0,4151.0,13799517.0,1,,,,,,,,unmatched,,,,,,,,,False
cic,6189516 011904,CRM,2023,11,cic,6189516-011904,0.0,54138.0,4595.0,17773478.0,1,,,,,,,,unmatched,,,,,,,,,False
cic,6189516 011959,CRM,2023,11,cic,6189516-011959,0.0,101117.0,195.0,16067590.0,1,,,,,,,,unmatched,,,,,,,,,False
cic,6189516 011972,CRM,2023,11,cic,6189516-011972,0.0,27592.0,4078.0,7856105.0,1,,,,,,,,unmatched,,,,,,,,,False
cic,6fovc1 1p,CRM,2025,6,cic,6Fovc1-1p,0.0,106187.0,287.0,50612265.0,1,MUEBLES,CIC,AON Junio 2025,1400000.0,110344.0,1289656.0,2.0,probable,aon junio 2025,1.0,,,36.15161785714286,,4878.048780487805,0.9211828571428572,True
cic,6ugjkllx,CRM,2024,3,cic,6UgjKllX-,0.0,101891.0,411.0,21771207.0,1,,,,,,,,unmatched,,,,,,,,,False
cic,7 it83klq,CRM,2024,11,cic,7-IT83klq,0.0,101125.0,324.0,40755901.0,1,,,,,,,,unmatched,,,,,,,,,False
cic,7yfclq7fc,CRM,2024,7,cic,7yfCLQ7Fc,0.0,101849.0,883.0,23395554.0,1,,,,,,,,unmatched,,,,,,,,,False
cic,acund3dbk,CRM,2024,12,cic,aCuNd3DBK,0.0,102195.0,309.0,16317180.0,1,,,,,,,,unmatched,,,,,,,,,False
cic,aon enero dormitorio,Retail Display,2026,1,cic,aon_enero_dormitorio,192426.0,0.0,416.0,0.0,24,MUEBLES,CIC,AON Enero,1500000.0,400000.0,1100000.0,2.0,probable,aon enero,1.0,0.2161870017565194,0.0,0.0,7795.204390259112,3605.769230769231,0.7333333333333333,True
cic,aon enero muebles,Sponsored Products,2026,1,CIC,aon_enero_muebles,228669.0,0.0,4894.0,8175850.0,1,MUEBLES,CIC,AON Enero,1600000.0,1318400.0,281600.0,2.0,probable,aon enero,1.0,2.1402113972597947,0.0,5.10990625,6997.013150011589,326.93093583980385,0.176,True
cic,aon febrero 2026,CRM,2026,1,cic,AON febrero 2026,0.0,101502.0,603.0,14097181.0,1,MUEBLES,CIC,AON Enero,900000.0,0.0,900000.0,1.0,probable,aon enero,1.0,,,15.663534444444444,,1492.5373134328358,1.0,True
cic,aon febrero muebles 2026,Sponsored Products,2026,3,cic,aon_febrero_muebles_2026,192317.0,0.0,217.0,0.0,15,,,,,,,,unmatched,,,0.11283453880832169,0.0,,,,,False
cic,ayfjmivrf,CRM,2025,10,cic,aYfJmiVrF,0.0,106173.0,193.0,18247131.0,1,,,,,,,,unmatched,,,,,,,,,False
cic,b7h6re6a3,CRM,2025,10,cic,b7H6Re6a3,0.0,21451.0,131.0,8754135.0,1,,,,,,,,unmatched,,,,,,,,,False
cic,bbwrxnfww,CRM,2025,4,cic,BBwRXnfWw,0.0,101277.0,509.0,18601251.0,1,MUEBLES,CIC,AON Abril 2025,1000000.0,50000.0,950000.0,1.0,probable,aon abril 2025,1.0,,,18.601251,,1964.6365422396857,0.95,True
cic,bfkczhswh,CRM,2025,6,cic,bFKcZHSWH,0.0,101392.0,255.0,15310444.0,1,MUEBLES,CIC,AON Junio 2025,1400000.0,110344.0,1289656.0,2.0,probable,aon junio 2025,1.0,,,10.936031428571429,,5490.196078431372,0.9211828571428572,True
cic,bhr8mkxbx,CRM,2024,6,cic,BhR8mKxBX,0.0,103529.0,464.0,41515434.0,1,,,,,,,,unmatched,,,,,,,,,False
cic,black friday,Retail Display,2025,11,cic,black_friday,277996.0,0.0,1273.0,0.0,3,,,,,,,,unmatched,,,0.4579202578454366,0.0,,,,,False
cic,black friday,Retail Display,2025,12,cic,black_friday,22651.0,0.0,92.0,0.0,1,,,,,,,,unmatched,,,0.4061630833075802,0.0,,,,,False
cic,black marzo cic dormitorio 2026,CRM,2026,3,cic,Black Marzo Cic Dormitorio 2026,0.0,324760.0,0.0,57539903.0,1,MUEBLES,CIC,AON Trigger,900000.0,0.0,900000.0,1.0,probable,aon trigger,1.0,,,63.93322555555556,,,1.0,True
cic,black marzo cic muebles 2026,CRM,2026,3,cic,Black Marzo Cic Muebles 2026,0.0,135191.0,545.0,21032462.0,1,MUEBLES,CIC,AON Trigger,900000.0,0.0,900000.0,1.0,probable,aon trigger,1.0,,,23.369402222222224,,1651.3761467889908,1.0,True
cic,black week,Sponsored Products,2026,3,CIC,black_week,194517.0,0.0,5960.0,25934690.0,1,,,,,,,,unmatched,,,3.0639995475973825,0.0,,,,,False
cic,cfq5zfanz,CRM,2024,10,cic,CfQ5ZFanZ,0.0,100712.0,447.0,8425142.0,1,,,,,,,,unmatched,,,,,,,,,False
cic,cibrjiw1d,CRM,2024,6,cic,cIBrjIw1D,0.0,101150.0,790.0,9446245.0,1,,,,,,,,unmatched,,,,,,,,,False
cic,cqvnsdf0j,CRM,2024,8,cic,CqvNsdf0J,0.0,33898.0,73.0,10902522.0,1,,,,,,,,unmatched,,,,,,,,,False
cic,cyber day,Google,2025,6,cic,cyber_day,115325.0,0.0,2754.0,12075873.0,6,MUEBLES,CIC,AON Junio 2025,1200000.0,0.0,1200000.0,1.0,probable,aon junio 2025,1.0,2.388033817472361,0.0,10.0632275,10405.376110990679,435.7298474945534,1.0,True
cic,cyber monday,Google,2025,10,cic,cyber_monday,121286.0,0.0,2821.0,5113678.0,8,,,,,,,,unmatched,,,2.3259073594644066,0.0,,,,,False
cic,dhqcd v3d,CRM,2025,1,cic,DHqcd-v3D,0.0,102123.0,393.0,17536458.0,1,MUEBLES,CIC,AON Enero 2025,1600000.0,88888.0,1511112.0,2.0,probable,aon enero 2025,1.0,,,10.96028625,,4071.2468193384225,0.944445,True
cic,di1klzphb,CRM,2024,2,cic,Di1KLzpHB,0.0,23764.0,80.0,4630460.0,1,,,,,,,,unmatched,,,,,,,,,False
cic,dormitorio,Google,2024,9,cic,dormitorio,268124.0,0.0,4318.0,8741780.0,42,,,,,,,,unmatched,,,1.6104488967791022,0.0,,,,,False
cic,dormitorio,Google,2024,10,cic,dormitorio,383873.0,0.0,5745.0,11392743.0,48,,,,,,,,unmatched,,,1.496588715538733,0.0,,,,,False
cic,dormitorio,Google,2024,11,cic,dormitorio,357729.0,0.0,6104.0,10104500.0,60,,,,,,,,unmatched,,,1.7063195882916957,0.0,,,,,False
cic,dormitorio,Google,2024,12,cic,dormitorio,405279.0,0.0,9163.0,15888030.0,47,,,,,,,,unmatched,,,2.2609116189094425,0.0,,,,,False
cic,dormitorio,Google,2025,1,cic,dormitorio,302979.0,0.0,7543.0,14297459.0,56,MUEBLES,CIC,AON Enero 2025,1200000.0,0.0,1200000.0,1.0,probable,aon enero 2025,1.0,2.4896114912254643,0.0,11.914549166666667,3960.6705415226797,159.08789606257457,1.0,True
cic,dormitorio,Google,2025,2,cic,dormitorio,266112.0,0.0,7787.0,20345061.0,56,MUEBLES,CIC,AON Febrero 2025,1200000.0,0.0,1200000.0,1.0,probable,aon febrero 2025,1.0,2.92621151996152,0.0,16.9542175,4509.379509379509,154.10299216643122,1.0,True
cic,dormitorio,Google,2025,3,cic,dormitorio,294016.0,0.0,7621.0,14362837.0,57,MUEBLES,CIC,AON Marzo 2025,1200000.0,0.0,1200000.0,1.0,probable,aon marzo 2025,1.0,2.592035807575098,0.0,11.969030833333333,4081.410535481062,157.45965096444036,1.0,True
cic,dormitorio,Google,2025,4,cic,dormitorio,302581.0,0.0,9285.0,12963368.0,60,MUEBLES,CIC,AON Abril 2025,1200000.0,0.0,1200000.0,1.0,probable,aon abril 2025,1.0,3.06859981294265,0.0,10.802806666666667,3965.880210588239,129.24071082390952,1.0,True
cic,dormitorio,Google,2025,5,cic,dormitorio,330904.0,0.0,7679.0,15042931.0,38,,,,,,,,unmatched,,,2.3206126248096126,0.0,,,,,False
cic,dormitorio,Google,2025,6,cic,dormitorio,312695.0,0.0,7861.0,11486834.0,43,MUEBLES,CIC,AON Junio 2025,1200000.0,0.0,1200000.0,1.0,probable,aon junio 2025,1.0,2.513951294392299,0.0,9.572361666666668,3837.6053342714144,152.65233430861213,1.0,True
cic,dormitorio,Google,2025,7,cic,dormitorio,275531.0,0.0,8405.0,12409619.0,58,MUEBLES,CIC,AON Julio 2025,1200000.0,0.0,1200000.0,1.0,probable,aon julio 2025,1.0,3.0504734494485195,0.0,10.341349166666667,4355.226816583252,142.77215942891135,1.0,True
cic,dormitorio,Google,2025,8,cic,dormitorio,87925.0,0.0,1806.0,1694880.0,22,MUEBLES,CIC,AON Agosto 2025,1200000.0,0.0,1200000.0,1.0,probable,aon agosto 2025,1.0,2.0540233153255616,0.0,1.4124,13647.995450668184,664.4518272425249,1.0,True
cic,dormitorio,Google,2025,9,cic,dormitorio,236197.0,0.0,5181.0,9151580.0,55,MUEBLES,CIC,AON Septiembre 2025,1000000.0,0.0,1000000.0,1.0,probable,aon septiembre 2025,1.0,2.1935079615744484,0.0,9.15158,4233.754027358518,193.01293186643505,1.0,True
cic,dormitorio,Google,2025,10,cic,dormitorio,278631.0,0.0,4687.0,4634810.0,31,,,,,,,,unmatched,,,1.682153098542517,0.0,,,,,False
cic,dormitorio,Google,2025,11,cic,dormitorio,2557139.0,0.0,52974.0,165472530.0,11,MUEBLES,CIC,AON Noviembre 2025,800000.0,0.0,800000.0,1.0,probable,aon noviembre 2025,1.0,2.0716120633254587,0.0,206.8406625,312.849633907269,15.101748027334164,1.0,True
cic,dormitorio,Google,2025,12,cic,dormitorio,172774.0,0.0,2029.0,1685920.0,16,MUEBLES,CIC,AON Diciembre,800000.0,0.0,800000.0,1.0,probable,aon diciembre,1.0,1.1743665134800374,0.0,2.1074,4630.326322247561,394.2828979793002,1.0,True
cic,dormitorio,Google,2026,1,cic,dormitorio,477820.0,0.0,5228.0,7237617.0,24,MUEBLES,CIC,AON Enero,800000.0,0.0,800000.0,1.0,probable,aon enero,1.0,1.0941358670629109,0.0,9.04702125,1674.2706458499017,153.0221882172915,1.0,True
cic,dormitorio,Google,2026,2,cic,dormitorio,347017.0,0.0,4624.0,5623791.0,22,MUEBLES,CIC,AON Febrero 2026,800000.0,0.0,800000.0,1.0,probable,aon febrero 2026,1.0,1.3324995605402619,0.0,7.02973875,2305.362561488342,173.01038062283737,1.0,True
cic,dormitorio,Google,2026,3,cic,dormitorio,376922.0,0.0,4704.0,9557954.0,23,MUEBLES,CIC,AON Marzo 2026,600000.0,0.0,600000.0,1.0,probable,aon marzo 2026,1.0,1.2480035657244735,0.0,15.929923333333333,1591.8412828118285,127.55102040816327,1.0,True
cic,dormitorio,Google,2026,4,cic,dormitorio,216231.0,0.0,3744.0,5088522.0,22,MUEBLES,CIC,AON ABRIL CIC DORMITORIO 2026,600000.0,0.0,600000.0,1.0,probable,aon abril cic dormitorio 2026,1.0,1.73148160994492,0.0,8.48087,2774.8102723476286,160.25641025641025,1.0,True
cic,dormitorio,Retail Display,2025,1,cic,dormitorio,354009.0,0.0,2100.0,0.0,15,MUEBLES,CIC,AON Enero 2025,1200000.0,320000.0,880000.0,2.0,probable,aon enero 2025,1.0,0.5932052574934535,0.0,0.0,3389.7443285340205,571.4285714285714,0.7333333333333333,True
cic,dormitorio black week,Retail Display,2025,3,cic,dormitorio_black_week,110156.0,0.0,532.0,0.0,7,,,,,,,,unmatched,,,0.4829514506699589,0.0,,,,,False
cic,dormitorio black week,Retail Display,2025,4,cic,dormitorio_black_week,93292.0,0.0,450.0,0.0,8,,,,,,,,unmatched,,,0.482356472151953,0.0,,,,,False
cic,dormitorio blackout,Retail Display,2025,7,cic,dormitorio_blackout,45709.0,0.0,165.0,0.0,2,MUEBLES,CIC,Black Out Julio 2025,400000.0,320000.0,80000.0,1.0,probable,black out julio 2025,1.0,0.3609792382244197,0.0,0.0,8751.011835743508,2424.242424242424,0.2,True
cic,dormitorio blackout,Retail Display,2025,8,cic,dormitorio_blackout,114782.0,0.0,443.0,0.0,5,MUEBLES,CIC,AON Agosto 2025,800000.0,0.0,800000.0,1.0,probable,aon agosto 2025,1.0,0.3859490163962991,0.0,0.0,6969.733930407207,1805.8690744920993,1.0,True
cic,dormitorio cyber day,Meta,2024,6,cic,dormitorio_cyber_day,112287.0,0.0,437.0,0.0,4,,,,,,,,unmatched,,,0.3891812943617694,0.0,,,,,False
cic,dormitorio cyber day,Retail Display,2024,6,cic,dormitorio_cyber_day,649875.0,0.0,5255.0,0.0,3,,,,,,,,unmatched,,,0.8086170417387959,0.0,,,,,False
cic,dormitorios black,Retail Display,2024,7,cic,dormitorios_black,13006.0,0.0,177.0,0.0,2,,,,,,,,unmatched,,,1.3609103490696601,0.0,,,,,False
cic,dormitorios black,Retail Display,2024,8,cic,dormitorios_black,72752.0,0.0,396.0,0.0,4,,,,,,,,unmatched,,,0.5443149329228063,0.0,,,,,False
cic,ejhaworio,CRM,2024,2,cic,ejhaWORIO,0.0,62665.0,175.0,5273483.0,1,,,,,,,,unmatched,,,,,,,,,False
cic,endpfdxp1,CRM,2025,6,cic,endpFDxP1,0.0,30168.0,334.0,18811704.0,1,MUEBLES,CIC,AON Junio 2025,1400000.0,110344.0,1289656.0,2.0,probable,aon junio 2025,1.0,,,13.436931428571429,,4191.616766467066,0.9211828571428572,True
cic,gq4oc2uy0,CRM,2024,1,cic,Gq4oc2uY0,0.0,102402.0,747.0,34015118.0,1,,,,,,,,unmatched,,,,,,,,,False
cic,grphqabcj,CRM,2024,12,cic,GRphqaBCj,0.0,54013.0,1650.0,7893249.0,1,,,,,,,,unmatched,,,,,,,,,False
cic,h7sqajunn,CRM,2024,1,cic,H7sqAjUnn,0.0,54027.0,4735.0,12300125.0,1,,,,,,,,unmatched,,,,,,,,,False
cic,hsez5qbfv,CRM,2024,8,cic,hSEZ5QbfV,0.0,33966.0,165.0,1860635.0,1,,,,,,,,unmatched,,,,,,,,,False
cic,imlnkdi8q,CRM,2025,5,cic,ImLnKDi8Q,0.0,353613.0,1649.0,106793881.0,1,,,,,,,,unmatched,,,,,,,,,False
cic,j8sboicn5,CRM,2025,1,cic,J8sbOiCN5,0.0,101316.0,695.0,19322330.0,1,MUEBLES,CIC,AON Enero 2025,1600000.0,88888.0,1511112.0,2.0,probable,aon enero 2025,1.0,,,12.07645625,,2302.1582733812947,0.944445,True
cic,lhspi8nvh,CRM,2024,6,cic,LhSpI8NVH,0.0,102161.0,194.0,26180660.0,1,,,,,,,,unmatched,,,,,,,,,False
cic,lin16l97z,CRM,2024,4,cic,LiN16l97z,0.0,101893.0,252.0,37040017.0,1,,,,,,,,unmatched,,,,,,,,,False
cic,lqtjmdeio,CRM,2025,3,cic,lQTjMdEio,0.0,101255.0,409.0,17636399.0,1,,,,,,,,unmatched,,,,,,,,,False
cic,ltlku42r4,CRM,2024,6,cic,LTlkU42R4,0.0,104490.0,480.0,32773315.0,1,,,,,,,,unmatched,,,,,,,,,False
cic,lyoohhrlc,CRM,2024,8,cic,LyOohhrLC,0.0,101405.0,502.0,14110304.0,1,,,,,,,,unmatched,,,,,,,,,False
cic,lyq3h6dbh,CRM,2025,2,cic,LyQ3H6dBH,0.0,53787.0,452.0,8179456.0,1,MUEBLES,CIC,AON Febrero 2025,1300000.0,96970.0,1203030.0,2.0,probable,aon febrero 2025,1.0,,,6.291889230769231,,2876.1061946902655,0.9254076923076923,True
cic,lzitwln1t,CRM,2024,6,cic,lZitwLN1T,0.0,2795.0,0.0,4702982.0,1,,,,,,,,unmatched,,,,,,,,,False
cic,mknudnbk2,CRM,2024,9,cic,mKNUdnBK2,0.0,101225.0,316.0,7676514.0,1,,,,,,,,unmatched,,,,,,,,,False
cic,muebles,Retail Display,2024,8,cic,muebles,348110.0,0.0,732.0,0.0,3,,,,,,,,unmatched,,,0.21027836028841457,0.0,,,,,False
cic,muebles,Retail Display,2024,10,cic,muebles,290526.0,0.0,772.0,0.0,15,,,,,,,,unmatched,,,0.26572492651260127,0.0,,,,,False
cic,muebles,Retail Display,2025,2,cic,muebles,153875.0,0.0,588.0,0.0,15,MUEBLES,CIC,AON Febrero 2025,1200000.0,320000.0,880000.0,2.0,probable,aon febrero 2025,1.0,0.38212835093419983,0.0,0.0,7798.537774167344,2040.8163265306123,0.7333333333333333,True
cic,muebles black,Retail Display,2024,7,cic,muebles_black,1263.0,0.0,5.0,0.0,1,,,,,,,,unmatched,,,0.395882818685669,0.0,,,,,False
cic,muebles black,Retail Display,2024,8,cic,muebles_black,67240.0,0.0,298.0,0.0,4,,,,,,,,unmatched,,,0.44318857822724567,0.0,,,,,False
cic,muebles black week,Retail Display,2025,3,cic,muebles_black_week,142677.0,0.0,772.0,0.0,6,,,,,,,,unmatched,,,0.5410823047863356,0.0,,,,,False
cic,muebles black week,Retail Display,2025,4,cic,muebles_black_week,125686.0,0.0,636.0,0.0,8,,,,,,,,unmatched,,,0.5060229460719571,0.0,,,,,False
cic,muebles cyber day,Meta,2024,6,cic,muebles_cyber_day,90784.0,0.0,531.0,0.0,4,,,,,,,,unmatched,,,0.5849048290447656,0.0,,,,,False
cic,muebles cyber day,Retail Display,2024,6,cic,muebles_cyber_day,486537.0,0.0,3786.0,0.0,3,,,,,,,,unmatched,,,0.7781525351617657,0.0,,,,,False
cic,nt jiisik,CRM,2024,5,cic,NT-jiisIk,0.0,100963.0,534.0,82234638.0,1,,,,,,,,unmatched,,,,,,,,,False
cic,plwjkuwtc,CRM,2025,9,cic,PLwJKUWTC,0.0,53916.0,237.0,5439115.0,1,MUEBLES,CIC,Trigger Marca 3 meses,1200000.0,0.0,1200000.0,1.0,probable,trigger marca 3 meses,1.0,,,4.532595833333334,,5063.291139240507,1.0,True
cic,pr4z4tlor,CRM,2024,6,cic,Pr4z4tLoR,0.0,30648.0,2683.0,30795524.0,1,,,,,,,,unmatched,,,,,,,,,False
cic,push bonificado cic,CRM,2026,5,cic,Push Bonificado CIC,0.0,330501.0,0.0,34433017.0,1,MUEBLES,CIC,AON Trigger,900000.0,0.0,900000.0,1.0,probable,aon trigger,1.0,,,38.25890777777778,,,1.0,True
cic,pykl5vjhy,CRM,2025,6,cic,pYkL5VjHy,0.0,106248.0,146.0,22678587.0,1,MUEBLES,CIC,AON Junio 2025,1400000.0,110344.0,1289656.0,2.0,probable,aon junio 2025,1.0,,,16.198990714285713,,9589.04109589041,0.9211828571428572,True
cic,qvdjvyptg,CRM,2024,11,cic,QvDJVYPTG,0.0,53933.0,2090.0,12295831.0,1,,,,,,,,unmatched,,,,,,,,,False
cic,s1xepmdzk,CRM,2024,3,cic,s1xepmdZK,0.0,1123563.0,38181.0,172732665.0,1,,,,,,,,unmatched,,,,,,,,,False
cic,s4lah77f1,CRM,2025,2,cic,s4laH77f1,0.0,101077.0,349.0,29580160.0,1,MUEBLES,CIC,AON Febrero 2025,1300000.0,96970.0,1203030.0,2.0,probable,aon febrero 2025,1.0,,,22.75396923076923,,3724.9283667621776,0.9254076923076923,True
cic,srso6wefx,CRM,2025,7,cic,sRso6WefX,0.0,35138.0,242.0,6986487.0,1,,,,,,,,unmatched,,,,,,,,,False
cic,ssvlnivjl,CRM,2024,8,cic,SsvlnIVJl,0.0,5014.0,0.0,1860493.0,1,,,,,,,,unmatched,,,,,,,,,False
cic,svvxa0obr,CRM,2024,7,cic,sVvxa0obR,0.0,53993.0,2392.0,17009284.0,1,,,,,,,,unmatched,,,,,,,,,False
cic,t 4vdis70,CRM,2025,3,cic,T-4VDiS70,0.0,101230.0,390.0,27893795.0,1,,,,,,,,unmatched,,,,,,,,,False
cic,t8cyhnl73,CRM,2024,1,cic,t8CyHnL73,0.0,101624.0,111.0,15246941.0,1,,,,,,,,unmatched,,,,,,,,,False
cic,ts61bc3uh,CRM,2025,10,cic,Ts61bC3Uh,0.0,367027.0,930.0,95624647.0,1,,,,,,,,unmatched,,,,,,,,,False
cic,u9c6pztqf,CRM,2025,6,cic,U9c6pzTQF,0.0,106248.0,185.0,16290499.0,1,MUEBLES,CIC,AON Junio 2025,1400000.0,110344.0,1289656.0,2.0,probable,aon junio 2025,1.0,,,11.636070714285715,,7567.5675675675675,0.9211828571428572,True
cic,uzybmctmr,CRM,2024,11,cic,UzYbmctmr,0.0,101255.0,373.0,39657504.0,1,,,,,,,,unmatched,,,,,,,,,False
cic,v497ga0uv,CRM,2024,3,cic,V497ga0Uv,0.0,42289.0,2538.0,12335312.0,1,,,,,,,,unmatched,,,,,,,,,False
cic,ve1pkgzho,CRM,2024,5,cic,Ve1pkGzhO,0.0,101445.0,274.0,6631939.0,1,,,,,,,,unmatched,,,,,,,,,False
cic,w pild7ne,CRM,2025,6,cic,w-PiLD7ne,0.0,25841.0,304.0,15983081.0,1,MUEBLES,CIC,AON Junio 2025,1400000.0,110344.0,1289656.0,2.0,probable,aon junio 2025,1.0,,,11.416486428571428,,4605.263157894737,0.9211828571428572,True
cic,w8yhp4ox8,CRM,2024,12,cic,w8Yhp4Ox8,0.0,53818.0,1794.0,14599322.0,1,,,,,,,,unmatched,,,,,,,,,False
cic,wyjlm2vt,CRM,2024,12,cic,-WYJLM2vt,0.0,102106.0,741.0,25732053.0,1,,,,,,,,unmatched,,,,,,,,,False
cic,x,CRM,2024,9,cic,X,0.0,1163381.0,32352.0,349579239.0,2,,,,,,,,unmatched,,,,,,,,,False
cic,x,CRM,2024,10,cic,X,0.0,317004.0,835.0,49383542.0,2,,,,,,,,unmatched,,,,,,,,,False
cic,xvd3chweq,CRM,2025,1,cic,xvD3ChWeq,0.0,1013.0,0.0,339980.0,1,MUEBLES,CIC,AON Enero 2025,1600000.0,88888.0,1511112.0,2.0,probable,aon enero 2025,1.0,,,0.2124875,,,0.944445,True
cic,ybnm3nrzm,CRM,2025,10,cic,YbnM3nRZm,0.0,106324.0,209.0,32917100.0,1,,,,,,,,unmatched,,,,,,,,,False
cic,yd1jzqckq,CRM,2025,6,cic,yD1jzqCKq,0.0,101299.0,356.0,11681768.0,1,MUEBLES,CIC,AON Junio 2025,1400000.0,110344.0,1289656.0,2.0,probable,aon junio 2025,1.0,,,8.34412,,3932.5842696629215,0.9211828571428572,True
cic,yglwtkkhz,CRM,2024,2,cic,YglWTKKHZ,0.0,101637.0,591.0,6796352.0,1,,,,,,,,unmatched,,,,,,,,,False
cic,ykommvlaf,CRM,2024,6,cic,YKoMMVlAF,0.0,100985.0,464.0,18916657.0,1,,,,,,,,unmatched,,,,,,,,,False
cic,zdu1wlmwh,CRM,2024,7,cic,zDu1Wlmwh,0.0,101416.0,296.0,23494676.0,1,,,,,,,,unmatched,,,,,,,,,False
cic dormitorio,aniversario,Retail Display,2024,11,cic_dormitorio,aniversario,398517.0,0.0,1259.0,0.0,8,,,,,,,,unmatched,,,0.31592127813869925,0.0,,,,,False
cic dormitorio,black friday,Retail Display,2024,11,cic_dormitorio,black_friday,147606.0,0.0,1681.0,0.0,2,,,,,,,,unmatched,,,1.1388425944744793,0.0,,,,,False
cic dormitorio,black friday,Retail Display,2024,12,cic_dormitorio,black_friday,250161.0,0.0,1510.0,0.0,2,,,,,,,,unmatched,,,0.6036112743393255,0.0,,,,,False
cic dormitorio,black week,Retail Display,2026,3,cic-dormitorio,black_week,100120.0,0.0,175.0,0.0,7,,,,,,,,unmatched,,,0.17479025169796245,0.0,,,,,False
cic dormitorio,black week,Retail Display,2026,4,cic-dormitorio,black_week,53742.0,0.0,78.0,0.0,5,,,,,,,,unmatched,,,0.14513788098693758,0.0,,,,,False
cic dormitorio,cyber day,Retail Display,2025,6,cic_dormitorio,cyber_day,287116.0,0.0,1259.0,0.0,3,,,,,,,,unmatched,,,0.4384987252539043,0.0,,,,,False
cic dormitorio,cyber monday,Retail Display,2024,9,cic-dormitorio,cyber_monday,199941.0,0.0,951.0,0.0,1,,,,,,,,unmatched,,,0.4756403138925983,0.0,,,,,False
cic dormitorio,cyber monday,Retail Display,2024,10,cic-dormitorio,cyber_monday,321061.0,0.0,1150.0,0.0,2,,,,,,,,unmatched,,,0.35818738495176927,0.0,,,,,False
cic dormitorio,cyber monday,Retail Display,2025,10,cic_dormitorio,cyber_monday,238481.0,0.0,689.0,0.0,3,,,,,,,,unmatched,,,0.28891190493162977,0.0,,,,,False
cic muebles,aniversario,Retail Display,2024,11,cic_muebles,aniversario,268794.0,0.0,1209.0,0.0,8,,,,,,,,unmatched,,,0.4497868255987857,0.0,,,,,False
cic muebles,black friday,Retail Display,2024,11,cic_muebles,black_friday,233876.0,0.0,1408.0,0.0,2,,,,,,,,unmatched,,,0.6020284253194,0.0,,,,,False
cic muebles,cyber day,Retail Display,2025,6,cic_muebles,cyber_day,177536.0,0.0,1222.0,0.0,3,,,,,,,,unmatched,,,0.6883111031002163,0.0,,,,,False
cic muebles,cyber monday,Retail Display,2025,10,cic_muebles,cyber_monday,219550.0,0.0,1252.0,0.0,3,,,,,,,,unmatched,,,0.5702573445684355,0.0,,,,,False
cic muebles,cyber monday,Sponsored Products,2024,9,cic-muebles,cyber_monday,137842.0,0.0,836.0,0.0,1,,,,,,,,unmatched,,,0.6064914902569609,0.0,,,,,False
cic muebles,cyber monday,Sponsored Products,2024,10,cic-muebles,cyber_monday,242714.0,0.0,1272.0,0.0,2,,,,,,,,unmatched,,,0.5240736010283709,0.0,,,,,False
cif,,CRM,2025,7,cif,,0.0,161.0,0.0,0.0,3,,,,,,,,unmatched,,,,,,,,,False
cif,,CRM,2025,8,cif,,0.0,597.0,0.0,0.0,28,,,,,,,,unmatched,,,,,,,,,False
cif,,CRM,2025,9,cif,,0.0,945.0,0.0,0.0,27,,,,,,,,unmatched,,,,,,,,,False
cintac,7i qdlo85,CRM,2025,10,cintac,7i-QdlO85,0.0,30059.0,494.0,404511.0,1,TABIQUERIA/TECHUMBRE/AISLACION,CINTAC,Lanzaminto Zincpol,800000.0,27119.0,772881.0,1.0,probable,lanzaminto zincpol,1.0,,,0.50563875,,1619.4331983805669,0.96610125,True
cintac,zgpwu6grt,CRM,2025,12,cintac,ZGpWU6grT,0.0,29735.0,305.0,1879791.0,1,,,,,,,,unmatched,,,,,,,,,False
command,2kisavr1e,CRM,2025,11,command,2KIsAvR1e,0.0,101350.0,245.0,3519220.0,1,,,,,,,,unmatched,,,,,,,,,False
command,6189516 009345,CRM,2023,5,command,6189516-009345,0.0,53932.0,4167.0,200210.0,1,,,,,,,,unmatched,,,,,,,,,False
command,6189516 010257,CRM,2023,7,command,6189516-010257,0.0,50588.0,4651.0,526540.0,1,,,,,,,,unmatched,,,,,,,,,False
command,6189516 010324,CRM,2023,7,command,6189516-010324,0.0,13777.0,0.0,192758.0,1,,,,,,,,unmatched,,,,,,,,,False
command,6189516 010545,CRM,2023,8,command,6189516-010545,0.0,53872.0,5654.0,686234.0,1,,,,,,,,unmatched,,,,,,,,,False
command,6189516 011015,CRM,2023,9,command,6189516-011015,0.0,54036.0,4641.0,613114.0,1,,,,,,,,unmatched,,,,,,,,,False
command,6189516 011835,CRM,2023,11,command,6189516-011835,0.0,53994.0,4447.0,1323778.0,1,,,,,,,,unmatched,,,,,,,,,False
command,6189516 012127,CRM,2023,12,command,6189516-012127,0.0,101934.0,141.0,1577621.0,1,,,,,,,,unmatched,,,,,,,,,False
command,6189516 012182,CRM,2023,12,command,6189516-012182,0.0,7115.0,0.0,219810.0,1,,,,,,,,unmatched,,,,,,,,,False
command,6189516 012197,CRM,2023,12,command,6189516-012197,0.0,54246.0,4133.0,854613.0,1,,,,,,,,unmatched,,,,,,,,,False
command,aon 3m,Sponsored Products,2026,4,COMMAND,aon_3m,0.0,0.0,0.0,25131.0,1,,,,,,,,unmatched,,,,,,,,,False
command,aon marzo,Sponsored Products,2026,3,COMMAND,aon_marzo,0.0,0.0,0.0,55830.0,1,,,,,,,,unmatched,,,,,,,,,False
command,black week,Sponsored Products,2026,3,COMMAND,black_week,0.0,0.0,0.0,36740.0,1,,,,,,,,unmatched,,,,,,,,,False
concurso agorex,tsgt9clvw,CRM,2025,2,concurso_agorex,tSgt9ClVw,0.0,68606.0,325.0,0.0,1,,,,,,,,unmatched,,,,,,,,,False
concursomascotas,6189516 009960,CRM,2023,6,concursomascotas,6189516-009960,0.0,92603.0,498.0,0.0,1,,,,,,,,unmatched,,,,,,,,,False
contatto,bts,Sponsored Products,2026,2,CONTATTO,bts,49492.0,0.0,627.0,734970.0,1,,,,,,,,unmatched,,,1.2668714135617878,0.0,,,,,False
contatto one sit,bts,Meta,2026,2,contatto-one_sit,bts,223711.0,0.0,5137.0,109990.0,19,,,,,,,,unmatched,,,2.29626616482873,0.0,,,,,False
contatto one sit,bts,Meta,2026,3,contatto-one_sit,bts,4572.0,0.0,109.0,0.0,1,,,,,,,,unmatched,,,2.3840769903762027,0.0,,,,,False
cordilerra,6189516 009776,CRM,2023,6,cordilerra,6189516-009776,0.0,54068.0,1619.0,0.0,1,,,,,,,,unmatched,,,,,,,,,False
cordillera,3ksqbcmu7,CRM,2024,4,cordillera,3KSQbcmU7,0.0,1124048.0,32989.0,153947895.0,1,,,,,,,,unmatched,,,,,,,,,False
cordillera,6189516 007706,CRM,2023,1,cordillera,6189516-007706,0.0,101458.0,243.0,43772325.0,1,,,,,,,,unmatched,,,,,,,,,False
cordillera,6189516 007819,CRM,2023,1,cordillera,6189516-007819,0.0,100672.0,140.0,23474381.0,1,,,,,,,,unmatched,,,,,,,,,False
cordillera,6189516 007912,CRM,2023,1,cordillera,6189516-007912,0.0,54017.0,11530.0,48541696.0,1,,,,,,,,unmatched,,,,,,,,,False
cordillera,6189516 008072,CRM,2023,2,cordillera,6189516-008072,0.0,21548.0,0.0,3799426.0,1,,,,,,,,unmatched,,,,,,,,,False
cordillera,6189516 008138,CRM,2023,2,cordillera,6189516-008138,0.0,14282.0,0.0,5006651.0,1,,,,,,,,unmatched,,,,,,,,,False
cordillera,6189516 008207,CRM,2023,2,cordillera,6189516-008207,0.0,101217.0,239.0,33525445.0,1,,,,,,,,unmatched,,,,,,,,,False
cordillera,6189516 008366,CRM,2023,3,cordillera,6189516-008366,0.0,101306.0,166.0,32565276.0,1,,,,,,,,unmatched,,,,,,,,,False
cordillera,6189516 008493,CRM,2023,3,cordillera,6189516-008493,0.0,101271.0,180.0,25799380.0,1,,,,,,,,unmatched,,,,,,,,,False
cordillera,6189516 009247,CRM,2023,5,cordillera,6189516-009247,0.0,101219.0,135.0,32785553.0,1,,,,,,,,unmatched,,,,,,,,,False
cordillera,6189516 009288,CRM,2023,5,cordillera,6189516-009288,0.0,52257.0,9997.0,33908127.0,1,,,,,,,,unmatched,,,,,,,,,False
cordillera,6189516 009355,CRM,2023,5,cordillera,6189516-009355,0.0,101364.0,126.0,18294774.0,1,,,,,,,,unmatched,,,,,,,,,False
cordillera,6189516 009438,CRM,2023,5,cordillera,6189516-009438,0.0,53903.0,6770.0,9535785.0,1,,,,,,,,unmatched,,,,,,,,,False
cordillera,6189516 009776,CRM,2023,6,cordillera,6189516-009776,0.0,54068.0,8056.0,16834092.0,1,,,,,,,,unmatched,,,,,,,,,False
cordillera,6189516 010628,CRM,2023,8,cordillera,6189516-010628,0.0,54034.0,5373.0,11210692.0,1,,,,,,,,unmatched,,,,,,,,,False
cordillera,6189516 010640,CRM,2023,8,cordillera,6189516-010640,0.0,101179.0,257.0,23722989.0,1,,,,,,,,unmatched,,,,,,,,,False
cordillera,6189516 010714,CRM,2023,8,cordillera,6189516-010714,0.0,1046643.0,61643.0,209077180.0,1,,,,,,,,unmatched,,,,,,,,,False
cordillera,6189516 010737,CRM,2023,8,cordillera,6189516-010737,0.0,101510.0,524.0,19099878.0,1,,,,,,,,unmatched,,,,,,,,,False
cordillera,6189516 010826,CRM,2023,8,cordillera,6189516-010826,0.0,100930.0,289.0,47165706.0,1,,,,,,,,unmatched,,,,,,,,,False
cordillera,6189516 010906,CRM,2023,9,cordillera,6189516-010906,0.0,101910.0,339.0,26725934.0,1,,,,,,,,unmatched,,,,,,,,,False
cordillera,6189516 011046,CRM,2023,9,cordillera,6189516-011046,0.0,101177.0,351.0,17209875.0,1,,,,,,,,unmatched,,,,,,,,,False
cordillera,6189516 011119,CRM,2023,9,cordillera,6189516-011119,0.0,101177.0,255.0,31612707.0,1,,,,,,,,unmatched,,,,,,,,,False
cordillera,6189516 011255,CRM,2023,9,cordillera,6189516-011255,0.0,101128.0,433.0,38142516.0,1,,,,,,,,unmatched,,,,,,,,,False
cordillera,6189516 011292,CRM,2023,9,cordillera,6189516-011292,0.0,101159.0,468.0,21823289.0,1,,,,,,,,unmatched,,,,,,,,,False
cordillera,6189516 011535,CRM,2023,10,cordillera,6189516-011535,0.0,53924.0,5453.0,26468835.0,1,,,,,,,,unmatched,,,,,,,,,False
cordillera,6189516 011804,CRM,2023,11,cordillera,6189516-011804,0.0,8560.0,105.0,9406463.0,1,,,,,,,,unmatched,,,,,,,,,False
cordillera,6189516 011808,CRM,2023,11,cordillera,6189516-011808,0.0,93576.0,270.0,16697007.0,1,,,,,,,,unmatched,,,,,,,,,False
cordillera,6189516 011888,CRM,2023,11,cordillera,6189516-011888,0.0,101332.0,161.0,73020988.0,1,,,,,,,,unmatched,,,,,,,,,False
cordillera,6189516 011949,CRM,2023,11,cordillera,6189516-011949,0.0,100373.0,264.0,37224805.0,1,,,,,,,,unmatched,,,,,,,,,False
cordillera,6189516 012310,CRM,2023,12,cordillera,6189516-012310,0.0,54034.0,4519.0,9570152.0,1,,,,,,,,unmatched,,,,,,,,,False
cordillera,6rvotcsax,CRM,2025,2,cordillera,6RvotCSAX,0.0,174699.0,1602.0,47438501.0,1,PISOS Y MUROS,CORDILLERA,Tactico Febrero,1600000.0,48485.0,1551515.0,2.0,probable,tactico febrero,1.0,,,29.649063125,,998.7515605493134,0.969696875,True
cordillera,a6dv1r8rx,CRM,2024,11,cordillera,A6dv1R8RX,0.0,101260.0,650.0,23008597.0,1,,,,,,,,unmatched,,,,,,,,,False
cordillera,a8a kysza,CRM,2024,11,cordillera,a8A-KysZA,0.0,1075.0,0.0,1967943.0,1,,,,,,,,unmatched,,,,,,,,,False
cordillera,a97tj5gke,CRM,2024,2,cordillera,a97tJ5gke,0.0,54037.0,4109.0,25812983.0,1,,,,,,,,unmatched,,,,,,,,,False
cordillera,b3z4dj8dv,CRM,2024,11,cordillera,b3z4Dj8dv,0.0,1123842.0,25895.0,187898654.0,1,,,,,,,,unmatched,,,,,,,,,False
cordillera,black week,Sponsored Products,2026,3,CORDILLERA,black_week,116573.0,0.0,4153.0,12548174.0,1,,,,,,,,unmatched,,,3.562574524117935,0.0,,,,,False
cordillera,bp8qciriq,CRM,2025,2,cordillera,BP8QCIRIQ,0.0,101985.0,949.0,23059223.0,1,PISOS Y MUROS,CORDILLERA,Tactico Febrero,1600000.0,48485.0,1551515.0,2.0,probable,tactico febrero,1.0,,,14.412014375,,1685.9852476290832,0.969696875,True
cordillera,ccsnchx 4,CRM,2024,5,cordillera,CcSnCHX-4,0.0,86660.0,934.0,21019258.0,1,,,,,,,,unmatched,,,,,,,,,False
cordillera,cyber monday,Retail Display,2024,9,cordillera,cyber_monday,101469.0,0.0,375.0,0.0,1,,,,,,,,unmatched,,,0.36957100198090054,0.0,,,,,False
cordillera,cyber monday,Retail Display,2024,10,cordillera,cyber_monday,206223.0,0.0,431.0,0.0,2,,,,,,,,unmatched,,,0.20899705658437712,0.0,,,,,False
cordillera,d3tzchkrk,CRM,2024,6,cordillera,D3tzcHKRk,0.0,101376.0,779.0,20592837.0,1,,,,,,,,unmatched,,,,,,,,,False
cordillera,du2udbx5b,CRM,2024,9,cordillera,dU2UDbX5b,0.0,101442.0,556.0,15923767.0,1,,,,,,,,unmatched,,,,,,,,,False
cordillera,dwoqquyok,CRM,2024,10,cordillera,dwoQquYOk,0.0,49550.0,400.0,18855585.0,1,,,,,,,,unmatched,,,,,,,,,False
cordillera,gatho3lfb,CRM,2024,6,cordillera,GATHO3lfB,0.0,54025.0,2720.0,10595811.0,1,,,,,,,,unmatched,,,,,,,,,False
cordillera,hctwoun1b,CRM,2024,12,cordillera,hCtwouN1b,0.0,1127549.0,23549.0,93095646.0,1,,,,,,,,unmatched,,,,,,,,,False
cordillera,idfd3e vt,CRM,2024,8,cordillera,iDFD3E-vT,0.0,29900.0,2712.0,19750358.0,1,,,,,,,,unmatched,,,,,,,,,False
cordillera,lckntrt5u,CRM,2024,3,cordillera,lCKNTrT5U,0.0,101479.0,421.0,53906780.0,1,,,,,,,,unmatched,,,,,,,,,False
cordillera,mthlluq5y,CRM,2024,8,cordillera,MtHLLuQ5y,0.0,49534.0,239.0,21010587.0,1,,,,,,,,unmatched,,,,,,,,,False
cordillera,mwwg2u6cx,CRM,2024,12,cordillera,MWwg2u6cX,0.0,102019.0,607.0,12975139.0,1,,,,,,,,unmatched,,,,,,,,,False
cordillera,p6bprzniv,CRM,2024,5,cordillera,P6BprznIV,0.0,101297.0,165.0,12755333.0,1,,,,,,,,unmatched,,,,,,,,,False
cordillera,peglp4wbw,CRM,2024,12,cordillera,pEGLP4wbW,0.0,53903.0,1778.0,13497782.0,1,,,,,,,,unmatched,,,,,,,,,False
cordillera,piyd2ht3g,CRM,2025,2,cordillera,piyD2Ht3g,0.0,1012.0,0.0,642521.0,1,PISOS Y MUROS,CORDILLERA,Tactico Febrero,1600000.0,48485.0,1551515.0,2.0,probable,tactico febrero,1.0,,,0.401575625,,,0.969696875,True
cordillera,rdju9ev8j,CRM,2024,10,cordillera,RdjU9ev8J,0.0,53975.0,2067.0,12457594.0,1,,,,,,,,unmatched,,,,,,,,,False
cordillera,rkiox0pyp,CRM,2024,10,cordillera,rkiOX0Pyp,0.0,49600.0,415.0,14213925.0,1,,,,,,,,unmatched,,,,,,,,,False
cordillera,slufg7wbc,CRM,2024,8,cordillera,SLUfG7wbc,0.0,101881.0,421.0,19169196.0,1,,,,,,,,unmatched,,,,,,,,,False
cordillera,vd65nes1d,CRM,2025,1,cordillera,vD65nES1d,0.0,101238.0,697.0,27694553.0,1,PISOS Y MUROS,CORDILLERA,Tactico Enero,600000.0,44444.0,555556.0,1.0,probable,tactico enero,1.0,,,46.15758833333334,,860.8321377331421,0.9259266666666667,True
cordillera,vfag3yueg,CRM,2024,5,cordillera,vFag3YueG,0.0,88130.0,153.0,23105354.0,1,,,,,,,,unmatched,,,,,,,,,False
cordillera,x,CRM,2024,9,cordillera,X,0.0,105725.0,551.0,79598168.0,1,,,,,,,,unmatched,,,,,,,,,False
cordillera,x,CRM,2024,10,cordillera,X,0.0,135531.0,1708.0,13856585.0,2,,,,,,,,unmatched,,,,,,,,,False
cordillera,xzulf64rq,CRM,2024,3,cordillera,xZuLf64Rq,0.0,100540.0,474.0,42174819.0,1,,,,,,,,unmatched,,,,,,,,,False
cordillera,yj6wasb2t,CRM,2024,12,cordillera,YJ6wasb2T,0.0,1127869.0,23179.0,122378817.0,1,,,,,,,,unmatched,,,,,,,,,False
cordillera,zrrnkmbpp,CRM,2024,1,cordillera,ZrrnKMBpP,0.0,46103.0,5037.0,26278514.0,1,,,,,,,,unmatched,,,,,,,,,False
cordillera,zxewe1k3x,CRM,2024,8,cordillera,zXEwE1k3X,0.0,49604.0,242.0,22879251.0,1,,,,,,,,unmatched,,,,,,,,,False
corona,,Retail Display,2025,1,corona,,231615.0,0.0,1493.0,0.0,16,,,,,,,,unmatched,,,0.6446041923018803,0.0,,,,,False
corona,6189516 011368,CRM,2023,10,corona,6189516-011368,0.0,51320.0,4204.0,3758776.0,1,,,,,,,,unmatched,,,,,,,,,False
corona,6jbbgwjqt,CRM,2025,1,corona,6JbbgwJqt,0.0,101241.0,781.0,2969466.0,1,,,,,,,,unmatched,,,,,,,,,False
corona,baottymol,CRM,2025,1,corona,BaOTTYmol,0.0,53845.0,721.0,863460.0,1,,,,,,,,unmatched,,,,,,,,,False
corona,cyber day,Retail Display,2025,6,corona,cyber_day,237751.0,0.0,576.0,0.0,3,,,,,,,,unmatched,,,0.24227027436267354,0.0,,,,,False
corona,ebfcekbh9,CRM,2024,11,corona,ebFCekbh9,0.0,101283.0,533.0,2201420.0,1,,,,,,,,unmatched,,,,,,,,,False
countach meguiars,sobre ruedas,Retail Display,2025,1,countach-meguiars,sobre_ruedas,258350.0,0.0,476.0,0.0,25,,,,,,,,unmatched,,,0.18424617766595702,0.0,,,,,False
countach meguiars,sobre ruedas,Retail Display,2025,2,countach-meguiars,sobre_ruedas,260126.0,0.0,302.0,0.0,26,,,,,,,,unmatched,,,0.11609758347877568,0.0,,,,,False
crest,6189516 010237,CRM,2023,7,crest,6189516-010237,0.0,101270.0,158.0,4327646.0,1,,,,,,,,unmatched,,,,,,,,,False
cristofoletti,aon marzo 2026,Sponsored Products,2026,3,CRISTOFOLETTI,aon_marzo_2026,63043.0,0.0,1104.0,1472899.0,1,,,,,,,,unmatched,,,1.7511856986501275,0.0,,,,,False
cristofoletti,tactico febrero 2026,Sponsored Products,2026,2,CRISTOFOLETTI,tactico_febrero_2026,40549.0,0.0,1121.0,918839.0,1,,,,,,,,unmatched,,,2.764556462551481,0.0,,,,,False
decogreen,lloextddf,CRM,2024,5,decogreen,LLoEXTDDf,0.0,101093.0,552.0,518740.0,1,,,,,,,,unmatched,,,,,,,,,False
derco,auto day,Retail Display,2024,9,derco,auto_day,276514.0,0.0,432.0,0.0,1,,,,,,,,unmatched,,,0.15623078759122505,0.0,,,,,False
derco,cyber monday,Retail Display,2024,9,derco,cyber_monday,74212.0,0.0,88.0,0.0,1,,,,,,,,unmatched,,,0.11857920551932302,0.0,,,,,False
derco,cyber monday,Retail Display,2024,10,derco,cyber_monday,195013.0,0.0,461.0,0.0,2,,,,,,,,unmatched,,,0.23639449677713792,0.0,,,,,False
derco,sobre ruedas,Retail Display,2025,1,derco,sobre_ruedas,273144.0,0.0,767.0,0.0,25,,,,,,,,unmatched,,,0.2808042644173037,0.0,,,,,False
derco,sobre ruedas,Retail Display,2025,2,derco,sobre_ruedas,156884.0,0.0,418.0,0.0,26,,,,,,,,unmatched,,,0.26643889752938477,0.0,,,,,False
derco hankook,cyber day,Retail Display,2025,6,derco-hankook,cyber_day,186494.0,0.0,577.0,0.0,3,,,,,,,,unmatched,,,0.30939333168895516,0.0,,,,,False
derco hankook austone,autoday,Retail Display,2025,9,derco-hankook_austone,autoday,165839.0,0.0,226.0,0.0,2,,,,,,,,unmatched,,,0.13627675034219935,0.0,,,,,False
dewalt,,CRM,2025,7,dewalt,,0.0,119.0,0.0,2194084.0,4,,,,,,,,unmatched,,,,,,,,,False
dewalt,,CRM,2025,8,dewalt,,0.0,588.0,0.0,10709597.0,31,,,,,,,,unmatched,,,,,,,,,False
dewalt,,CRM,2025,9,dewalt,,0.0,817.0,0.0,9121650.0,28,,,,,,,,unmatched,,,,,,,,,False
dewalt,,CRM,2025,10,dewalt,,0.0,2148.0,0.0,24296095.0,29,,,,,,,,unmatched,,,,,,,,,False
dewalt,,CRM,2025,11,dewalt,,0.0,1213.0,0.0,11224905.0,30,,,,,,,,unmatched,,,,,,,,,False
dewalt,,CRM,2025,12,dewalt,,0.0,842.0,0.0,8923366.0,31,,,,,,,,unmatched,,,,,,,,,False
dewalt,,CRM,2026,1,dewalt,,0.0,731.0,0.0,7090341.0,31,,,,,,,,unmatched,,,,,,,,,False
dewalt,,CRM,2026,2,dewalt,,0.0,746.0,0.0,9073420.0,28,,,,,,,,unmatched,,,,,,,,,False
dewalt,,CRM,2026,3,dewalt,,0.0,1932.0,0.0,34630321.0,31,,,,,,,,unmatched,,,,,,,,,False
dewalt,,CRM,2026,4,dewalt,,0.0,1956.0,0.0,34959409.0,30,,,,,,,,unmatched,,,,,,,,,False
dewalt,,CRM,2026,5,dewalt,,0.0,851.0,0.0,6447502.0,24,,,,,,,,unmatched,,,,,,,,,False
dewalt,1oiuwf5mm,CRM,2025,3,dewalt,1OiuWF5mm,0.0,27051.0,188.0,7682147.0,1,,,,,,,,unmatched,,,,,,,,,False
dewalt,2iwm2louf,CRM,2024,8,dewalt,2IwM2LoUF,0.0,54004.0,2392.0,9459388.0,1,,,,,,,,unmatched,,,,,,,,,False
dewalt,3hdtbjpun,CRM,2024,4,dewalt,3HDTBjpUn,0.0,101164.0,314.0,3320983.0,1,,,,,,,,unmatched,,,,,,,,,False
dewalt,3jw60weq3,CRM,2024,6,dewalt,3jW60WEQ3,0.0,141.0,5.0,8190433.0,1,,,,,,,,unmatched,,,,,,,,,False
dewalt,5we3vqee1,CRM,2024,10,dewalt,5wE3Vqee1,0.0,344.0,9.0,11416399.0,1,,,,,,,,unmatched,,,,,,,,,False
dewalt,6189516 008001,CRM,2023,2,dewalt,6189516-008001,0.0,101204.0,125.0,2600083.0,1,,,,,,,,unmatched,,,,,,,,,False
dewalt,6189516 008438,CRM,2023,3,dewalt,6189516-008438,0.0,101257.0,181.0,17470568.0,1,,,,,,,,unmatched,,,,,,,,,False
dewalt,6189516 008578,CRM,2023,3,dewalt,6189516-008578,0.0,33909.0,41.0,7493042.0,1,,,,,,,,unmatched,,,,,,,,,False
dewalt,6189516 008579,CRM,2023,3,dewalt,6189516-008579,0.0,34012.0,39.0,2109797.0,1,,,,,,,,unmatched,,,,,,,,,False
dewalt,6189516 008580,CRM,2023,3,dewalt,6189516-008580,0.0,34003.0,25.0,1052322.0,1,,,,,,,,unmatched,,,,,,,,,False
dewalt,6189516 008702,CRM,2023,3,dewalt,6189516-008702,0.0,100846.0,124.0,2225390.0,1,,,,,,,,unmatched,,,,,,,,,False
dewalt,6189516 008866,CRM,2023,4,dewalt,6189516-008866,0.0,101395.0,115.0,4788875.0,1,,,,,,,,unmatched,,,,,,,,,False
dewalt,6189516 009049,CRM,2023,4,dewalt,6189516-009049,0.0,101882.0,90.0,3596330.0,1,,,,,,,,unmatched,,,,,,,,,False
dewalt,6189516 009171,CRM,2023,5,dewalt,6189516-009171,0.0,102002.0,151.0,3321340.0,1,,,,,,,,unmatched,,,,,,,,,False
dewalt,6189516 009264,CRM,2023,5,dewalt,6189516-009264,0.0,101275.0,121.0,4890644.0,1,,,,,,,,unmatched,,,,,,,,,False
dewalt,6189516 009404,CRM,2023,5,dewalt,6189516-009404,0.0,105377.0,160.0,4266415.0,1,,,,,,,,unmatched,,,,,,,,,False
dewalt,6189516 009525,CRM,2023,5,dewalt,6189516-009525,0.0,105378.0,225.0,13016399.0,1,,,,,,,,unmatched,,,,,,,,,False
dewalt,6189516 009612,CRM,2023,5,dewalt,6189516-009612,0.0,17106.0,0.0,2362614.0,1,,,,,,,,unmatched,,,,,,,,,False
dewalt,6189516 009673,CRM,2023,6,dewalt,6189516-009673,0.0,101227.0,217.0,9053755.0,1,,,,,,,,unmatched,,,,,,,,,False
dewalt,6189516 010121,CRM,2023,7,dewalt,6189516-010121,0.0,52262.0,69.0,1519790.0,1,,,,,,,,unmatched,,,,,,,,,False
dewalt,6189516 010122,CRM,2023,7,dewalt,6189516-010122,0.0,52751.0,88.0,2260890.0,1,,,,,,,,unmatched,,,,,,,,,False
dewalt,6189516 010520,CRM,2023,8,dewalt,6189516-010520,0.0,101178.0,129.0,4590132.0,1,,,,,,,,unmatched,,,,,,,,,False
dewalt,6189516 011105,CRM,2023,9,dewalt,6189516-011105,0.0,101207.0,300.0,6838116.0,1,,,,,,,,unmatched,,,,,,,,,False
dewalt,6189516 011149,CRM,2023,10,dewalt,6189516-011149,0.0,105350.0,181.0,3065958.0,1,,,,,,,,unmatched,,,,,,,,,False
dewalt,6189516 011367,CRM,2023,10,dewalt,6189516-011367,0.0,51245.0,2900.0,2466439.0,1,,,,,,,,unmatched,,,,,,,,,False
dewalt,6189516 011517,CRM,2023,10,dewalt,6189516-011517,0.0,99150.0,450.0,9357103.0,1,,,,,,,,unmatched,,,,,,,,,False
dewalt,6189516 011979,CRM,2023,11,dewalt,6189516-011979,0.0,101339.0,379.0,18299000.0,1,,,,,,,,unmatched,,,,,,,,,False
dewalt,84gcu iwn,CRM,2024,6,dewalt,84Gcu-iWN,0.0,1150.0,76.0,46798159.0,1,,,,,,,,unmatched,,,,,,,,,False
dewalt,8gmcikf2v,CRM,2024,7,dewalt,8GmCiKf2V,0.0,258.0,18.0,15800308.0,1,,,,,,,,unmatched,,,,,,,,,False
dewalt,94ml3y6q2,CRM,2024,8,dewalt,94mL3Y6q2,0.0,51602.0,433.0,31723998.0,1,,,,,,,,unmatched,,,,,,,,,False
dewalt,aon trigger,CRM,2025,7,dewalt,aon_trigger,0.0,5350.0,0.0,2604171.0,7,,,,,,,,unmatched,,,,,,,,,False
dewalt,aon trigger,CRM,2025,8,dewalt,aon_trigger,0.0,12783.0,0.0,6193419.0,25,,,,,,,,unmatched,,,,,,,,,False
dewalt,aon trigger,CRM,2025,9,dewalt,aon_trigger,0.0,10928.0,0.0,7029188.0,29,,,,,,,,unmatched,,,,,,,,,False
dewalt,aon trigger,CRM,2025,10,dewalt,aon_trigger,0.0,27795.0,0.0,20452653.0,28,,,,,,,,unmatched,,,,,,,,,False
dewalt,aon trigger,CRM,2025,11,dewalt,aon_trigger,0.0,10843.0,0.0,4991199.0,30,,,,,,,,unmatched,,,,,,,,,False
dewalt,aon trigger,CRM,2025,12,dewalt,aon_trigger,0.0,4427.0,0.0,1719965.0,31,,,,,,,,unmatched,,,,,,,,,False
dewalt,aon trigger,CRM,2026,1,dewalt,aon_trigger,0.0,3855.0,0.0,1814042.0,31,,,,,,,,unmatched,,,,,,,,,False
dewalt,aon trigger,CRM,2026,2,dewalt,aon_trigger,0.0,3535.0,0.0,693763.0,28,,,,,,,,unmatched,,,,,,,,,False
dewalt,aon trigger,CRM,2026,3,dewalt,aon_trigger,0.0,19779.0,0.0,17838579.0,29,,,,,,,,unmatched,,,,,,,,,False
dewalt,aon trigger,CRM,2026,4,dewalt,aon_trigger,0.0,26820.0,0.0,10914419.0,23,,,,,,,,unmatched,,,,,,,,,False
dewalt,aon trigger,CRM,2026,5,dewalt,aon_trigger,0.0,18828.0,0.0,3844905.0,20,,,,,,,,unmatched,,,,,,,,,False
dewalt,az4vecghq,CRM,2024,10,dewalt,AZ4VECghQ,0.0,100835.0,715.0,18153201.0,1,,,,,,,,unmatched,,,,,,,,,False
dewalt,bgg0qoxuh,CRM,2024,5,dewalt,bGg0QOxUh,0.0,434.0,17.0,23298737.0,1,,,,,,,,unmatched,,,,,,,,,False
dewalt,bkgoghi8n,CRM,2024,12,dewalt,bkgoghi8N,0.0,259.0,5.0,5501987.0,1,,,,,,,,unmatched,,,,,,,,,False
dewalt,cnxgpl8ln,CRM,2025,6,dewalt,cNXgpL8LN,0.0,106324.0,273.0,10252502.0,1,,,,,,,,unmatched,,,,,,,,,False
dewalt,delhdb08f,CRM,2024,8,dewalt,DelHdb08F,0.0,49189.0,372.0,20853492.0,1,,,,,,,,unmatched,,,,,,,,,False
dewalt,fdxp4lieu,CRM,2024,12,dewalt,FDxP4lIEu,0.0,102110.0,709.0,10701651.0,1,,,,,,,,unmatched,,,,,,,,,False
dewalt,i8n3krtie,CRM,2025,10,dewalt,I8N3kRtIE,0.0,18270.0,220.0,6131791.0,1,,,,,,,,unmatched,,,,,,,,,False
dewalt,igznwqqlm,CRM,2025,10,dewalt,IGzNWQqlM,0.0,106261.0,322.0,22854272.0,1,,,,,,,,unmatched,,,,,,,,,False
dewalt,iyttkq5xe,CRM,2024,7,dewalt,IYTtkq5xe,0.0,113.0,6.0,14768364.0,1,,,,,,,,unmatched,,,,,,,,,False
dewalt,jar66174,CRM,2024,6,dewalt,-jAr66174,0.0,631.0,631.0,24233797.0,1,,,,,,,,unmatched,,,,,,,,,False
dewalt,mqwwjmtxe,CRM,2025,6,dewalt,MqwwjmTXe,0.0,204.0,3.0,8296628.0,1,,,,,,,,unmatched,,,,,,,,,False
dewalt,puv70awa1,CRM,2024,7,dewalt,PuV70AwA1,0.0,627.0,10.0,23806315.0,1,,,,,,,,unmatched,,,,,,,,,False
dewalt,rv0ldwfsl,CRM,2025,4,dewalt,rv0LDwfSl,0.0,424.0,5.0,8922464.0,1,,,,,,,,unmatched,,,,,,,,,False
dewalt,s4mbmyqe,CRM,2024,6,dewalt,s4mBMyQE-,0.0,270.0,9.0,10329275.0,1,,,,,,,,unmatched,,,,,,,,,False
dewalt,sow3ekeez,CRM,2024,4,dewalt,Sow3eKeEZ,0.0,101283.0,1027.0,17802124.0,1,,,,,,,,unmatched,,,,,,,,,False
dewalt,tuximoitq,CRM,2024,4,dewalt,TuXImOitq,0.0,251.0,13.0,8718708.0,1,,,,,,,,unmatched,,,,,,,,,False
dewalt,uiz d xc,CRM,2025,4,dewalt,uIz-d--xC,0.0,135.0,4.0,5099745.0,1,,,,,,,,unmatched,,,,,,,,,False
dewalt,uyfszoicv,CRM,2024,7,dewalt,uyfSZoICV,0.0,345.0,3.0,16212986.0,1,,,,,,,,unmatched,,,,,,,,,False
dewalt,wnwa uzoq,CRM,2025,10,dewalt,wnWa-uzOQ,0.0,106124.0,379.0,10983290.0,1,,,,,,,,unmatched,,,,,,,,,False
dewalt,x,CRM,2024,9,dewalt,X,0.0,576.0,49.0,25219488.0,2,,,,,,,,unmatched,,,,,,,,,False
dewalt,x,CRM,2024,10,dewalt,X,0.0,106985.0,217.0,44145288.0,2,,,,,,,,unmatched,,,,,,,,,False
dewalt,xvj9rdtwd,CRM,2024,9,dewalt,XvJ9rdTwd,0.0,53958.0,2080.0,4880091.0,1,,,,,,,,unmatched,,,,,,,,,False
dewalt,xxxxxx,CRM,2024,9,dewalt,XXXXXX,0.0,184.0,5.0,8651795.0,1,,,,,,,,unmatched,,,,,,,,,False
dewalt,zc702ltrn,CRM,2025,4,dewalt,zC702ltrn,0.0,306.0,4.0,8784048.0,1,,,,,,,,unmatched,,,,,,,,,False
dewalt,ziewzt5gv,CRM,2025,5,dewalt,ZIeWzT5gv,0.0,571.0,10.0,17835336.0,1,,,,,,,,unmatched,,,,,,,,,False
dib,6189516 007890,CRM,2023,1,dib,6189516-007890,0.0,100833.0,191.0,851062.0,1,,,,,,,,unmatched,,,,,,,,,False
dib,6189516 008165,CRM,2023,2,dib,6189516-008165,0.0,101506.0,176.0,868424.0,1,,,,,,,,unmatched,,,,,,,,,False
dib,6189516 008376,CRM,2023,3,dib,6189516-008376,0.0,33637.0,100.0,375310.0,1,,,,,,,,unmatched,,,,,,,,,False
dib,6189516 008378,CRM,2023,3,dib,6189516-008378,0.0,33731.0,46.0,67344.0,1,,,,,,,,unmatched,,,,,,,,,False
dib,6189516 008380,CRM,2023,3,dib,6189516-008380,0.0,33945.0,41.0,113446.0,1,,,,,,,,unmatched,,,,,,,,,False
dib,6189516 008519,CRM,2023,3,dib,6189516-008519,0.0,100871.0,156.0,969996.0,1,,,,,,,,unmatched,,,,,,,,,False
dib,6189516 008718,CRM,2023,3,dib,6189516-008718,0.0,100795.0,193.0,554220.0,1,,,,,,,,unmatched,,,,,,,,,False
dib,6189516 008727,CRM,2023,4,dib,6189516-008727,0.0,101359.0,428.0,1349008.0,1,,,,,,,,unmatched,,,,,,,,,False
dib,6189516 008806,CRM,2023,4,dib,6189516-008806,0.0,101279.0,161.0,910428.0,1,,,,,,,,unmatched,,,,,,,,,False
dib,6189516 009403,CRM,2023,5,dib,6189516-009403,0.0,104700.0,41.0,462550.0,1,,,,,,,,unmatched,,,,,,,,,False
dib,6189516 009432,CRM,2023,5,dib,6189516-009432,0.0,101240.0,153.0,1700689.0,1,,,,,,,,unmatched,,,,,,,,,False
dib,6189516 009519,CRM,2023,5,dib,6189516-009519,0.0,104768.0,110.0,59750.0,1,,,,,,,,unmatched,,,,,,,,,False
dib,6189516 009537,CRM,2023,5,dib,6189516-009537,0.0,105126.0,141.0,682509.0,1,,,,,,,,unmatched,,,,,,,,,False
dib,6189516 009601,CRM,2023,5,dib,6189516-009601,0.0,7753.0,0.0,0.0,1,,,,,,,,unmatched,,,,,,,,,False
dib,6189516 011188,CRM,2023,10,dib,6189516-011188,0.0,105162.0,300.0,786223.0,1,,,,,,,,unmatched,,,,,,,,,False
dib,black week,Retail Display,2025,3,dib,black_week,65087.0,0.0,254.0,0.0,6,DECORACION,DIB,Black Marzo 2025,200000.0,160000.0,40000.0,1.0,probable,black marzo 2025,1.0,0.39024690030267184,0.0,0.0,3072.810238603715,787.4015748031496,0.2,True
dib,black week,Retail Display,2025,4,dib,black_week,67495.0,0.0,270.0,0.0,8,,,,,,,,unmatched,,,0.40002963182457957,0.0,,,,,False
dib,cyber day,Retail Display,2024,6,dib,cyber_day,292128.0,0.0,1228.0,0.0,3,,,,,,,,unmatched,,,0.42036367619673565,0.0,,,,,False
dib,cyber day,Retail Display,2025,6,dib,cyber_day,108160.0,0.0,447.0,0.0,3,,,,,,,,unmatched,,,0.4132766272189349,0.0,,,,,False
dib,cyber monday,Retail Display,2024,9,dib,cyber_monday,82982.0,0.0,521.0,0.0,1,,,,,,,,unmatched,,,0.6278470029644984,0.0,,,,,False
dib,cyber monday,Retail Display,2024,10,dib,cyber_monday,147282.0,0.0,763.0,0.0,2,,,,,,,,unmatched,,,0.5180538015507665,0.0,,,,,False
dib,cyber monday,Retail Display,2025,10,dib,cyber_monday,73817.0,0.0,238.0,0.0,3,DECORACION,DIB,Cyber Octubre 2025,200000.0,160000.0,40000.0,1.0,probable,cyber octubre 2025,1.0,0.32241895498326945,0.0,0.0,2709.4029830526842,840.3361344537815,0.2,True
dib,jy kiwm5i,CRM,2025,3,dib,jy-kiWm5i,0.0,101450.0,734.0,3238235.0,1,DECORACION,DIB,Black Marzo 2025,300000.0,32653.0,267347.0,1.0,probable,black marzo 2025,1.0,,,10.794116666666667,,408.7193460490463,0.8911566666666667,True
dib,x2khkfwki,CRM,2025,10,dib,X2kHkfwkI,0.0,106156.0,354.0,126920.0,1,DECORACION,DIB,Cyber Octubre 2025,300000.0,27119.0,272881.0,1.0,probable,cyber octubre 2025,1.0,,,0.42306666666666665,,847.457627118644,0.9096033333333333,True
disney,howcd7uou,CRM,2024,9,disney,howCd7Uou,0.0,101269.0,427.0,2755776.0,1,,,,,,,,unmatched,,,,,,,,,False
disney,mwrpzqpfm,CRM,2025,2,disney,MwrpZQpFm,0.0,471.0,7.0,2859038.0,1,MENAJE,DISNEY,Mensajería BTS Disney,0.0,48485.0,-48485.0,1.0,probable,mensajeria bts disney,1.0,,,,,0.0,,False
dog chow,4fghjkjad,CRM,2024,6,dog chow,4FGhJKjAd,0.0,96.0,5.0,3146886.0,1,,,,,,,,unmatched,,,,,,,,,False
dog chow,6189516 009769,CRM,2023,6,dog chow,6189516-009769,0.0,101928.0,65.0,303255.0,1,,,,,,,,unmatched,,,,,,,,,False
dog chow,kxwmus55g,CRM,2024,5,dog chow,kxwMus55G,0.0,63.0,0.0,2018035.0,1,,,,,,,,unmatched,,,,,,,,,False
dog chow,regalones,Sponsored Products,2024,6,dog_chow,regalones,89289.0,0.0,395.0,0.0,24,,,,,,,,unmatched,,,0.4423837202790938,0.0,,,,,False
dog chow,regalones,Sponsored Products,2024,7,dog_chow,regalones,449442.0,0.0,1190.0,0.0,29,,,,,,,,unmatched,,,0.2647727626701554,0.0,,,,,False
doite,olbkpmlrh,CRM,2024,2,doite,OLbkpMlrH,0.0,99429.0,564.0,4737151.0,1,,,,,,,,unmatched,,,,,,,,,False
dr beckmann,6189516 011155,CRM,2023,10,dr. beckmann,6189516-011155,0.0,101007.0,50.0,37620.0,1,,,,,,,,unmatched,,,,,,,,,False
dr beckmann,aon febrero 2026,Sponsored Products,2026,2,DR. BECKMANN,aon_febrero_2026,21770.0,0.0,521.0,203857.0,2,,,,,,,,unmatched,,,2.3932016536518144,0.0,,,,,False
dr beckmann,aon marzo 2026,Sponsored Products,2026,3,DR. BECKMANN,aon_marzo_2026,44658.0,0.0,999.0,310180.0,1,,,,,,,,unmatched,,,2.2370012091898426,0.0,,,,,False
dr beckmann,aseo,Retail Display,2024,7,dr.beckmann,aseo,50380.0,0.0,193.0,0.0,14,,,,,,,,unmatched,,,0.3830885271933307,0.0,,,,,False
dr beckmann,aseo,Retail Display,2024,8,dr.beckmann,aseo,15246.0,0.0,48.0,0.0,5,,,,,,,,unmatched,,,0.3148366784730421,0.0,,,,,False
dr beckmann,black friday,Retail Display,2024,11,dr.beckmann,black_friday,5835.0,0.0,28.0,0.0,2,,,,,,,,unmatched,,,0.47986289631533846,0.0,,,,,False
dr beckmann,black friday,Retail Display,2024,12,dr.beckmann,black_friday,193308.0,0.0,382.0,0.0,2,,,,,,,,unmatched,,,0.19761210089597947,0.0,,,,,False
dr beckmann,black marzo 2026,CRM,2026,4,dr. beckmann,Black Marzo 2026,0.0,617.0,21.0,4271008.0,1,,,,,,,,unmatched,,,,,,,,,False
dr beckmann,black week,Sponsored Products,2026,3,DR. BECKMANN,black_week,14741.0,0.0,412.0,382120.0,1,,,,,,,,unmatched,,,2.7949257173868802,0.0,,,,,False
dr beckmann,i0t9yz0qq,CRM,2025,10,dr. beckmann,I0T9yZ0QQ,0.0,79.0,4.0,530064.0,1,,,,,,,,unmatched,,,,,,,,,False
dr beckmann,qncysylwn,CRM,2024,7,dr. beckmann,qnCYsYLWN,0.0,399.0,3.0,2529491.0,1,,,,,,,,unmatched,,,,,,,,,False
dr beckmann,sbsqnuekk,CRM,2025,10,dr. beckmann,sbsqnUeKk,0.0,147.0,13.0,919996.0,1,,,,,,,,unmatched,,,,,,,,,False
dr beckmann,x5eyjdgn8,CRM,2025,12,dr. beckmann,x5eYJdGn8,0.0,291.0,17.0,1740609.0,1,,,,,,,,unmatched,,,,,,,,,False
dremel,6189516 009798,CRM,2023,6,dremel,6189516-009798,0.0,101780.0,149.0,570580.0,1,,,,,,,,unmatched,,,,,,,,,False
dremel,7mvsu0vsm,CRM,2024,10,dremel,7mvsu0vSM,0.0,101203.0,1107.0,3111464.0,1,,,,,,,,unmatched,,,,,,,,,False
dremel,gf81nugx7,CRM,2025,4,dremel,Gf81NUGX7,0.0,27.0,2.0,1181430.0,1,,,,,,,,unmatched,,,,,,,,,False
dremel,hjgc8wnzw,CRM,2025,3,dremel,HjgC8WNzw,0.0,53919.0,398.0,561895.0,1,HERRAMIENTAS Y MAQUINARIAS,DREMEL,Táctico Dremel 8240,1500000.0,65306.0,1434694.0,2.0,probable,tactico dremel 8240,1.0,,,0.3745966666666667,,3768.8442211055276,0.9564626666666667,True
dremel,jotadejuh,CRM,2025,3,dremel,JoTadEjUH,0.0,26987.0,343.0,1153522.0,1,HERRAMIENTAS Y MAQUINARIAS,DREMEL,Táctico Dremel 8240,1500000.0,65306.0,1434694.0,2.0,probable,tactico dremel 8240,1.0,,,0.7690146666666666,,4373.1778425655975,0.9564626666666667,True
dremel,tdrkd95el,CRM,2025,1,dremel,tDRKD95el,0.0,101916.0,832.0,956601.0,1,,,,,,,,unmatched,,,,,,,,,False
dremel,th5kl1yfu,CRM,2025,1,dremel,th5kl1YfU,0.0,102071.0,846.0,1451301.0,1,,,,,,,,unmatched,,,,,,,,,False
drimkip,6189516 002352,CRM,2023,9,drimkip,6189516-002352,0.0,36896.0,7186.0,949676.0,2,,,,,,,,unmatched,,,,,,,,,False
drimkip,6189516 007688,CRM,2023,1,drimkip,6189516-007688,0.0,42459.0,9603.0,7718995.0,1,,,,,,,,unmatched,,,,,,,,,False
drimkip,6189516 007734,CRM,2023,1,drimkip,6189516-007734,0.0,101186.0,173.0,3938760.0,1,,,,,,,,unmatched,,,,,,,,,False
drimkip,6189516 008158,CRM,2023,2,drimkip,6189516-008158,0.0,101279.0,250.0,620940.0,1,,,,,,,,unmatched,,,,,,,,,False
drimkip,6189516 008231,CRM,2023,2,drimkip,6189516-008231,0.0,49116.0,7768.0,1836830.0,1,,,,,,,,unmatched,,,,,,,,,False
drimkip,6189516 008717,CRM,2023,3,drimkip,6189516-008717,0.0,100616.0,395.0,3479257.0,1,,,,,,,,unmatched,,,,,,,,,False
drimkip,6189516 008721,CRM,2023,4,drimkip,6189516-008721,0.0,101275.0,150.0,1006002.0,1,,,,,,,,unmatched,,,,,,,,,False
drimkip,6189516 008852,CRM,2023,4,drimkip,6189516-008852,0.0,81029.0,86.0,269970.0,1,,,,,,,,unmatched,,,,,,,,,False
drimkip,6189516 009302,CRM,2023,5,drimkip,6189516-009302,0.0,54026.0,7551.0,2241049.0,1,,,,,,,,unmatched,,,,,,,,,False
drimkip,6189516 009354,CRM,2023,5,drimkip,6189516-009354,0.0,101202.0,94.0,859880.0,1,,,,,,,,unmatched,,,,,,,,,False
drimkip,6189516 009401,CRM,2023,5,drimkip,6189516-009401,0.0,105413.0,153.0,1953850.0,1,,,,,,,,unmatched,,,,,,,,,False
drimkip,6189516 009511,CRM,2023,5,drimkip,6189516-009511,0.0,105527.0,150.0,3245273.0,1,,,,,,,,unmatched,,,,,,,,,False
drimkip,6189516 009785,CRM,2023,6,drimkip,6189516-009785,0.0,101755.0,105.0,344970.0,1,,,,,,,,unmatched,,,,,,,,,False
drimkip,6189516 009884,CRM,2023,6,drimkip,6189516-009884,0.0,53872.0,5589.0,528950.0,1,,,,,,,,unmatched,,,,,,,,,False
drimkip,6189516 009924,CRM,2023,6,drimkip,6189516-009924,0.0,101154.0,109.0,4379372.0,1,,,,,,,,unmatched,,,,,,,,,False
drimkip,6189516 010133,CRM,2023,7,drimkip,6189516-010133,0.0,101259.0,112.0,769980.0,1,,,,,,,,unmatched,,,,,,,,,False
drimkip,6189516 010355,CRM,2023,7,drimkip,6189516-010355,0.0,53873.0,5833.0,1098644.0,1,,,,,,,,unmatched,,,,,,,,,False
drimkip,6189516 010701,CRM,2023,8,drimkip,6189516-010701,0.0,101227.0,140.0,5554183.0,1,,,,,,,,unmatched,,,,,,,,,False
drimkip,6189516 010810,CRM,2023,8,drimkip,6189516-010810,0.0,53875.0,6013.0,9540437.0,1,,,,,,,,unmatched,,,,,,,,,False
drimkip,aon abril 2026,Sponsored Products,2026,4,DRIMKIP,aon_abril_2026,73235.0,0.0,1602.0,2539800.0,1,MUEBLES,DRIMKIP,AON ABRIL DRIMKIP 2026,750000.0,618000.0,132000.0,1.0,probable,aon abril drimkip 2026,1.0,2.18747866457295,0.0,3.3864,10241.004983955758,468.1647940074906,0.176,True
drimkip,black week,Retail Display,2025,3,drimkip,black_week,100980.0,0.0,400.0,0.0,6,MUEBLES,DRIMKIP,Black Marzo 2025,300000.0,240000.0,60000.0,1.0,probable,black marzo 2025,1.0,0.39611804317686666,0.0,0.0,2970.8853238265,750.0,0.2,True
drimkip,black week,Retail Display,2025,4,drimkip,black_week,102577.0,0.0,437.0,0.0,8,,,,,,,,unmatched,,,0.42602142780545343,0.0,,,,,False
drimkip,cyber day,Retail Display,2025,6,drimkip,cyber_day,149785.0,0.0,827.0,0.0,3,,,,,,,,unmatched,,,0.5521247120873252,0.0,,,,,False
drimkip,dormitorio,Retail Display,2025,1,drimkip,dormitorio,254809.0,0.0,1049.0,0.0,18,MUEBLES,DRIMKIP,AON Enero 2025,300000.0,240000.0,60000.0,1.0,probable,aon enero 2025,1.0,0.4116809060904442,0.0,0.0,1177.3524483044162,285.9866539561487,0.2,True
drimkip,nacdqibdw,CRM,2025,10,drimkip,NacDQIbDw,0.0,106385.0,117.0,174960.0,1,MUEBLES,DRIMKIP,Cyber Octubre 2025,500000.0,27119.0,472881.0,1.0,probable,cyber octubre 2025,1.0,,,0.34992,,4273.504273504273,0.945762,True
drimkip,txvz64myx,CRM,2025,6,drimkip,txVZ64MYx,0.0,40961.0,324.0,595960.0,1,,,,,,,,unmatched,,,,,,,,,False
drimkip,vnr0ghhu,CRM,2025,10,drimkip,-VNR0ghhu,0.0,106086.0,397.0,242940.0,1,MUEBLES,DRIMKIP,Cyber Octubre 2025,500000.0,27119.0,472881.0,1.0,probable,cyber octubre 2025,1.0,,,0.48588,,1259.4458438287154,0.945762,True
drimkip2,6189516 002352,CRM,2023,9,drimkip2,6189516-002352,0.0,17637.0,4776.0,0.0,1,,,,,,,,unmatched,,,,,,,,,False
drl,6189516 008214,CRM,2023,2,drl,6189516-008214,0.0,51951.0,76.0,149470.0,1,,,,,,,,unmatched,,,,,,,,,False
drl,6189516 008215,CRM,2023,2,drl,6189516-008215,0.0,51920.0,82.0,218530.0,1,,,,,,,,unmatched,,,,,,,,,False
drl,6189516 008261,CRM,2023,2,drl,6189516-008261,0.0,101734.0,80.0,556884.0,1,,,,,,,,unmatched,,,,,,,,,False
duraline,nyzvz8dys,CRM,2024,6,duraline,nYZvZ8dys,0.0,7.0,0.0,28840.0,1,,,,,,,,unmatched,,,,,,,,,False
duschy,6189516 011187,CRM,2023,10,duschy,6189516-011187,0.0,89028.0,99.0,846940.0,1,,,,,,,,unmatched,,,,,,,,,False
dvp,08t1dkhfb,CRM,2024,5,dvp,08T1dkHFb,0.0,99873.0,918.0,21720258.0,1,,,,,,,,unmatched,,,,,,,,,False
dvp,6189516 011008,CRM,2023,9,dvp,6189516-011008,0.0,102104.0,204.0,12884093.0,1,,,,,,,,unmatched,,,,,,,,,False
dvp,6189516 011630,CRM,2023,10,dvp,6189516-011630,0.0,4479.0,0.0,1331871.0,1,,,,,,,,unmatched,,,,,,,,,False
dvp,6zcc9xg4r,CRM,2024,10,dvp,6zcc9xG4R,0.0,101917.0,862.0,16159798.0,1,,,,,,,,unmatched,,,,,,,,,False
dvp,eeubddo a,CRM,2024,11,dvp,EEuBddO-A,0.0,2076.0,0.0,330660.0,1,,,,,,,,unmatched,,,,,,,,,False
dvp,hzhh8kqex,CRM,2024,12,dvp,hzhh8kqeX,0.0,1032.0,0.0,139020.0,1,,,,,,,,unmatched,,,,,,,,,False
dvp,izowmehvl,CRM,2024,12,dvp,izOwMehVl,0.0,1007.0,0.0,92090.0,1,,,,,,,,unmatched,,,,,,,,,False
dvp,lsfeaepqz,CRM,2024,12,dvp,LSFeaepqz,0.0,1021.0,0.0,116740.0,1,,,,,,,,unmatched,,,,,,,,,False
dvp,ndviwt7lf,CRM,2025,9,dvp,ndVIWT7Lf,0.0,27004.0,216.0,8542468.0,1,TABIQUERIA/TECHUMBRE/AISLACION,DVP,Siding DVP Septiembre,1500000.0,69565.0,1430435.0,2.0,probable,siding dvp septiembre,1.0,,,5.694978666666667,,6944.444444444444,0.9536233333333334,True
dvp,o0thajcgz,CRM,2025,7,dvp,o0thajCgZ,0.0,27041.0,414.0,13535415.0,1,,,,,,,,unmatched,,,,,,,,,False
dvp,ocr90nde7,CRM,2025,8,dvp,OCr90nDe7,0.0,26987.0,285.0,11730813.0,1,TABIQUERIA/TECHUMBRE/AISLACION,DVP,Campaña Polionda agosto,800000.0,53333.0,746667.0,2.0,probable,campana polionda agosto,1.0,,,14.66351625,,2807.0175438596493,0.93333375,True
dvp,p3cw1kbfd,CRM,2024,4,dvp,p3cW1KBFD,0.0,99963.0,1237.0,24459254.0,1,,,,,,,,unmatched,,,,,,,,,False
dvp,rh6ek eeg,CRM,2024,12,dvp,Rh6eK-EEG,0.0,1007.0,0.0,505744.0,1,,,,,,,,unmatched,,,,,,,,,False
dvp,siding,Retail Display,2024,11,dvp,siding,36564.0,0.0,60.0,0.0,9,,,,,,,,unmatched,,,0.16409583196586808,0.0,,,,,False
dvp,siding,Retail Display,2024,12,dvp,siding,88221.0,0.0,149.0,0.0,31,,,,,,,,unmatched,,,0.16889402749912152,0.0,,,,,False
dvp,szjxykbtx,CRM,2025,8,dvp,SzjxykbtX,0.0,3009.0,0.0,746116.0,1,TABIQUERIA/TECHUMBRE/AISLACION,DVP,Campaña Polionda agosto,800000.0,53333.0,746667.0,2.0,probable,campana polionda agosto,1.0,,,0.932645,,,0.93333375,True
dvp,tpamcrlfj,CRM,2025,9,dvp,TPAMcrlfJ,0.0,2993.0,0.0,1096684.0,1,TABIQUERIA/TECHUMBRE/AISLACION,DVP,Siding DVP Septiembre,1500000.0,69565.0,1430435.0,2.0,probable,siding dvp septiembre,1.0,,,0.7311226666666667,,,0.9536233333333334,True
dvp,yk6afngbu,CRM,2024,5,dvp,YK6aFnGBu,0.0,101290.0,348.0,13082928.0,1,,,,,,,,unmatched,,,,,,,,,False
eglo,6189516 007745,CRM,2023,1,eglo,6189516-007745,0.0,52276.0,151.0,865032.0,1,,,,,,,,unmatched,,,,,,,,,False
eglo,6189516 007746,CRM,2023,1,eglo,6189516-007746,0.0,51116.0,136.0,384530.0,1,,,,,,,,unmatched,,,,,,,,,False
electolux,4x3yai3av,CRM,2025,9,electolux,4x3YAI3AV,0.0,101351.0,595.0,0.0,1,,,,,,,,unmatched,,,,,,,,,False
electrofensamademsa,,CRM,2025,9,electrofensamademsa,,0.0,13231.0,0.0,26767324.0,12,,,,,,,,unmatched,,,,,,,,,False
electrofensamademsa,,CRM,2025,10,electrofensamademsa,,0.0,49096.0,0.0,101314616.0,56,,,,,,,,unmatched,,,,,,,,,False
electrofensamademsa,,CRM,2025,11,electrofensamademsa,,0.0,45043.0,0.0,97486898.0,59,,,,,,,,unmatched,,,,,,,,,False
electrofensamademsa,,CRM,2025,12,electrofensamademsa,,0.0,63696.0,0.0,85271289.0,62,,,,,,,,unmatched,,,,,,,,,False
electrofensamademsa,,CRM,2026,1,electrofensamademsa,,0.0,70283.0,0.0,101924235.0,62,,,,,,,,unmatched,,,,,,,,,False
electrofensamademsa,,CRM,2026,2,electrofensamademsa,,0.0,40319.0,0.0,78387682.0,56,,,,,,,,unmatched,,,,,,,,,False
electrofensamademsa,,CRM,2026,3,electrofensamademsa,,0.0,30755.0,0.0,82624012.0,61,,,,,,,,unmatched,,,,,,,,,False
electrofensamademsa,,CRM,2026,4,electrofensamademsa,,0.0,54032.0,0.0,54701784.0,51,,,,,,,,unmatched,,,,,,,,,False
electrofensamademsa,,CRM,2026,5,electrofensamademsa,,0.0,43666.0,0.0,40015837.0,45,,,,,,,,unmatched,,,,,,,,,False
electrolux,,CRM,2025,4,electrolux,,0.0,74.0,0.0,446877.0,24,ELECTROHOGAR,ELECTROLUX,AON Abril,700000.0,100000.0,600000.0,2.0,probable,aon abril,1.0,,,0.6383957142857143,,,0.8571428571428571,True
electrolux,,CRM,2025,5,electrolux,,0.0,71.0,0.0,653110.0,27,,,,,,,,unmatched,,,,,,,,,False
electrolux,,CRM,2025,6,electrolux,,0.0,156.0,0.0,1090264.0,22,ELECTROHOGAR,ELECTROLUX,AON JUNIO 2025,1400000.0,110344.0,1289656.0,2.0,probable,aon junio 2025,1.0,,,0.77876,,,0.9211828571428572,True
electrolux,,CRM,2025,7,electrolux,,0.0,50.0,0.0,143572.0,18,,,,,,,,unmatched,,,,,,,,,False
electrolux,3hutdwkwm,CRM,2025,11,electrolux,3HutdwKwM,0.0,54039.0,183.0,1346840.0,1,,,,,,,,unmatched,,,,,,,,,False
electrolux,4i30fhsf1,CRM,2025,9,electrolux,4i30FHsF1,0.0,53933.0,229.0,153970.0,1,,,,,,,,unmatched,,,,,,,,,False
electrolux,4ixvpznjd,CRM,2025,6,electrolux,4IxVpZNJd,0.0,53731.0,253.0,239990.0,1,ELECTROHOGAR,ELECTROLUX,AON JUNIO 2025,1400000.0,110344.0,1289656.0,2.0,probable,aon junio 2025,1.0,,,0.17142142857142856,,5533.596837944664,0.9211828571428572,True
electrolux,5hbwhifhx,CRM,2025,9,electrolux,5hbwhifhX,0.0,101337.0,473.0,1416900.0,1,,,,,,,,unmatched,,,,,,,,,False
electrolux,6189516 010680,CRM,2023,8,electrolux,6189516-010680,0.0,101247.0,144.0,44990.0,1,,,,,,,,unmatched,,,,,,,,,False
electrolux,8vb4ewtf4,CRM,2024,8,electrolux,8Vb4Ewtf4,0.0,1.0,0.0,279980.0,1,,,,,,,,unmatched,,,,,,,,,False
electrolux,9miosrsy3,CRM,2025,2,electrolux,9MIOsrsY3,0.0,7.0,0.0,1840822.0,1,ELECTROHOGAR,ELECTROLUX,AON Febrero,800000.0,48485.0,751515.0,1.0,probable,aon febrero,1.0,,,2.3010275,,,0.93939375,True
electrolux,9x3c5rlwp,CRM,2025,5,electrolux,9x3c5RlwP,0.0,53890.0,305.0,139990.0,1,,,,,,,,unmatched,,,,,,,,,False
electrolux,ao,Retail Display,2025,7,electrolux,ao,211541.0,0.0,375.0,0.0,17,ELECTROHOGAR,ELECTROLUX,Black Out Julio 2025,500000.0,400000.0,100000.0,1.0,probable,black out julio 2025,1.0,0.17727060002552697,0.0,0.0,2363.6080003403595,1333.3333333333333,0.2,True
electrolux,aon febrero electrolux 2026,Google,2026,3,electrolux,aon_febrero_electrolux_2026,371668.0,0.0,7462.0,20686672.0,17,ELECTROHOGAR,ELECTROLUX,AON MARZO ELECTROLUX 2026,1100000.0,0.0,1100000.0,2.0,probable,aon marzo electrolux 2026,1.0,2.0077058019522798,0.0,18.806065454545454,2959.6306380963656,147.41356204770838,1.0,True
electrolux,aon febrero electrolux 2026,Google,2026,5,electrolux,aon_febrero_electrolux_2026,460394.0,0.0,9574.0,20924133.0,19,ELECTROHOGAR,ELECTROLUX,AON MAYO ELECTROLUX 2026,1400000.0,0.0,1400000.0,1.0,probable,aon mayo electrolux 2026,1.0,2.0795231910059644,0.0,14.945809285714287,3040.87368645117,146.22937121370379,1.0,True
electrolux,aon febrero electrolux 2026,Meta,2026,2,electrolux,aon_febrero_electrolux_2026,331991.0,0.0,35729.0,0.0,5,,,,,,,,unmatched,,,10.762038729965571,0.0,,,,,False
electrolux,aon febrero electrolux 2026,Meta,2026,3,electrolux,aon_febrero_electrolux_2026,138984.0,0.0,17142.0,0.0,4,,,,,,,,unmatched,,,12.333793817993438,0.0,,,,,False
electrolux,aon febrero electrolux 2026,Otros,2026,3,electrolux,aon_febrero_electrolux_2026,93775.0,0.0,40042.0,125280268.0,17,,,,,,,,unmatched,,,42.700079978672356,0.0,,,,,False
electrolux,aon marzo mademsaelectrolux sda 2026,Sponsored Products,2026,3,ELECTROLUX,aon_marzo_mademsaelectrolux_sda_2026,10844.0,0.0,84.0,0.0,1,,,,,,,,unmatched,,,0.7746219107340465,0.0,,,,,False
electrolux,bftwht1sg,CRM,2025,8,electrolux,BFtwhT1sG,0.0,54026.0,234.0,304980.0,1,ELECTROHOGAR,ELECTROLUX,AON AGOSTO 2025,1280000.0,106666.0,1173334.0,2.0,probable,aon agosto 2025,1.0,,,0.238265625,,5470.08547008547,0.9166671875,True
electrolux,black friday,Retail Display,2025,11,electrolux,black_friday,111804.0,0.0,439.0,0.0,3,ELECTROHOGAR,ELECTROLUX,Black Noviembre 2025,1464600.0,200800.0,1263800.0,2.0,probable,black noviembre 2025,1.0,0.39265142570927697,0.0,0.0,13099.710207148224,3336.21867881549,0.8628977195138604,True
electrolux,black friday,Retail Display,2025,12,electrolux,black_friday,76550.0,0.0,197.0,0.0,1,ELECTROHOGAR,ELECTROLUX,AON Electrolux 2025,2900000.0,0.0,2900000.0,2.0,probable,aon electrolux 2025,1.0,0.25734813847158716,0.0,0.0,37883.73612018289,14720.812182741116,1.0,True
electrolux,black marzo electrolux 2026,CRM,2026,3,electrolux,Black Marzo Electrolux 2026,0.0,39.0,2.0,5860940.0,1,ELECTROHOGAR,ELECTROLUX,AON MARZO ELECTROLUX 2026,1320000.0,0.0,1320000.0,1.0,probable,aon marzo electrolux 2026,1.0,,,4.440106060606061,,660000.0,1.0,True
electrolux,black week,Google,2026,3,electrolux,black_week,100633.0,0.0,2502.0,0.0,7,ELECTROHOGAR,ELECTROLUX,AON MARZO ELECTROLUX 2026,1100000.0,0.0,1100000.0,2.0,probable,aon marzo electrolux 2026,1.0,2.4862619617819206,0.0,0.0,10930.807985452087,439.6482813749001,1.0,True
electrolux,black week,Google,2026,4,electrolux,black_week,86362.0,0.0,2337.0,3884570.0,6,ELECTROHOGAR,ELECTROLUX,Black Marzo Electrolux 2026,700000.0,0.0,700000.0,1.0,probable,black marzo electrolux 2026,1.0,2.706051272550427,0.0,5.549385714285714,8105.416734211806,299.5293110825845,1.0,True
electrolux,black week,Sponsored Products,2026,3,ELECTROLUX,black_week,38286.0,0.0,1091.0,9914340.0,1,,,,,,,,unmatched,,,2.8496055999582093,0.0,,,,,False
electrolux,blackout,Retail Display,2025,7,electrolux,blackout,10244.0,0.0,66.0,0.0,2,ELECTROHOGAR,ELECTROLUX,Black Out Julio 2025,500000.0,400000.0,100000.0,1.0,probable,black out julio 2025,1.0,0.6442795782897306,0.0,0.0,48809.058961343224,7575.757575757576,0.2,True
electrolux,blackout,Retail Display,2025,8,electrolux,blackout,26054.0,0.0,131.0,0.0,5,ELECTROHOGAR,ELECTROLUX,AON AGOSTO 2025,500000.0,400000.0,100000.0,1.0,probable,aon agosto 2025,1.0,0.5028018730329316,0.0,0.0,19190.911184463035,3816.793893129771,0.2,True
electrolux,bw96z5e a,CRM,2025,7,electrolux,bW96z5e-a,0.0,54102.0,226.0,870910.0,1,,,,,,,,unmatched,,,,,,,,,False
electrolux,cyber day,Retail Display,2025,6,electrolux,cyber_day,147552.0,0.0,214.0,0.0,2,ELECTROHOGAR,ELECTROLUX,AON JUNIO 2025,2000000.0,0.0,2000000.0,1.0,probable,aon junio 2025,1.0,0.14503361526783778,0.0,0.0,13554.543482975494,9345.794392523365,1.0,True
electrolux,cyber monday,Google,2025,10,electrolux,cyber_monday,122463.0,0.0,1596.0,4794931.0,6,,,,,,,,unmatched,,,1.3032507777859434,0.0,,,,,False
electrolux,cyber monday,Google,2025,11,electrolux,cyber_monday,40165.0,0.0,670.0,5284280.0,1,,,,,,,,unmatched,,,1.668119009087514,0.0,,,,,False
electrolux,cyber monday,Google,2025,12,electrolux,cyber_monday,87541.0,0.0,1745.0,6242090.0,1,,,,,,,,unmatched,,,1.993351686638261,0.0,,,,,False
electrolux,cyber monday,Retail Display,2025,10,electrolux,cyber_monday,128289.0,0.0,395.0,0.0,3,,,,,,,,unmatched,,,0.3078985727537045,0.0,,,,,False
electrolux,debc0vaag,CRM,2025,4,electrolux,debC0VAaG,0.0,101166.0,359.0,117970.0,1,ELECTROHOGAR,ELECTROLUX,AON Abril,700000.0,100000.0,600000.0,2.0,probable,aon abril,1.0,,,0.16852857142857142,,1949.8607242339833,0.8571428571428571,True
electrolux,dukqrezxm,CRM,2025,11,electrolux,DUKQreZXm,0.0,101378.0,484.0,1007925.0,1,,,,,,,,unmatched,,,,,,,,,False
electrolux,especial empotrados,Retail Display,2024,8,electrolux,especial_empotrados,751197.0,0.0,3114.0,0.0,18,,,,,,,,unmatched,,,0.41453839671883674,0.0,,,,,False
electrolux,fensa black week,Retail Display,2025,3,electrolux,fensa_black_week,55016.0,0.0,236.0,0.0,5,ELECTROHOGAR,ELECTROLUX,Black Marzo 2025,2200000.0,160000.0,2040000.0,2.0,probable,black marzo 2025,1.0,0.42896611894721537,0.0,0.0,39988.36702050312,9322.033898305084,0.9272727272727272,True
electrolux,fensa black week,Retail Display,2025,4,electrolux,fensa_black_week,161317.0,0.0,472.0,0.0,8,ELECTROHOGAR,ELECTROLUX,AON Abril,2000000.0,0.0,2000000.0,1.0,probable,aon abril,1.0,0.2925916053484754,0.0,0.0,12397.949379172685,4237.28813559322,1.0,True
electrolux,fensa mademsa,Google,2024,8,electrolux,fensa_mademsa,137301.0,0.0,3910.0,42580.0,13,,,,,,,,unmatched,,,2.8477578459006123,0.0,,,,,False
electrolux,fensa mademsa,Google,2024,9,electrolux,fensa_mademsa,179849.0,0.0,2070.0,529980.0,18,,,,,,,,unmatched,,,1.1509655321964538,0.0,,,,,False
electrolux,fensa mademsa,Google,2024,10,electrolux,fensa_mademsa,114604.0,0.0,1719.0,847151.0,11,,,,,,,,unmatched,,,1.4999476458064291,0.0,,,,,False
electrolux,fensa mademsa,Google,2024,11,electrolux,fensa_mademsa,108072.0,0.0,1185.0,625930.0,12,,,,,,,,unmatched,,,1.0964912280701753,0.0,,,,,False
electrolux,fensa mademsa,Google,2024,12,electrolux,fensa_mademsa,79688.0,0.0,1093.0,1607183.0,9,,,,,,,,unmatched,,,1.3715992370243952,0.0,,,,,False
electrolux,fensa mademsa,Google,2025,1,electrolux,fensa_mademsa,40730.0,0.0,729.0,527310.0,3,ELECTROHOGAR,ELECTROLUX,AON Enero,1200000.0,0.0,1200000.0,1.0,probable,aon enero,1.0,1.7898355020869137,0.0,0.439425,29462.312791554137,1646.0905349794239,1.0,True
electrolux,fensa mademsa,Google,2025,2,electrolux,fensa_mademsa,70855.0,0.0,1257.0,157220.0,5,ELECTROHOGAR,ELECTROLUX,AON Febrero,1200000.0,0.0,1200000.0,1.0,probable,aon febrero,1.0,1.7740455860560298,0.0,0.13101666666666667,16935.99604826759,954.653937947494,1.0,True
electrolux,fensa mademsa,Google,2025,3,electrolux,fensa_mademsa,303126.0,0.0,4203.0,1367810.0,16,,,,,,,,unmatched,,,1.3865521268383445,0.0,,,,,False
electrolux,fensa mademsa,Google,2025,4,electrolux,fensa_mademsa,107976.0,0.0,1635.0,615555.0,5,ELECTROHOGAR,ELECTROLUX,AON Abril,1200000.0,0.0,1200000.0,1.0,probable,aon abril,1.0,1.5142253834185375,0.0,0.5129625,11113.580795732385,733.9449541284404,1.0,True
electrolux,fensa mademsa,Google,2025,5,electrolux,fensa_mademsa,230217.0,0.0,3179.0,1142001.0,15,,,,,,,,unmatched,,,1.3808710911878792,0.0,,,,,False
electrolux,fensa mademsa,Google,2025,6,electrolux,fensa_mademsa,43100.0,0.0,654.0,0.0,2,ELECTROHOGAR,ELECTROLUX,AON JUNIO 2025,1200000.0,0.0,1200000.0,1.0,probable,aon junio 2025,1.0,1.517401392111369,0.0,0.0,27842.227378190255,1834.8623853211009,1.0,True
electrolux,fensa mademsa,Google,2025,7,electrolux,fensa_mademsa,124243.0,0.0,1856.0,158760.0,6,,,,,,,,unmatched,,,1.4938467358321998,0.0,,,,,False
electrolux,fensa mademsa,Google,2025,8,electrolux,fensa_mademsa,80285.0,0.0,1321.0,265360.0,7,,,,,,,,unmatched,,,1.645388304166407,0.0,,,,,False
electrolux,fensa mademsa,Google,2025,10,electrolux,fensa_mademsa,159091.0,0.0,2558.0,1675870.0,8,,,,,,,,unmatched,,,1.6078847954944027,0.0,,,,,False
electrolux,fifuv5w7w,CRM,2025,1,electrolux,fIFUv5W7W,0.0,19.0,0.0,1778822.0,1,ELECTROHOGAR,ELECTROLUX,AON Enero,1000000.0,44444.0,955556.0,1.0,probable,aon enero,1.0,,,1.778822,,,0.955556,True
electrolux,gp1lrldul,CRM,2025,10,electrolux,GP1LRldUl,0.0,101185.0,703.0,682980.0,1,,,,,,,,unmatched,,,,,,,,,False
electrolux,h7 4e0jww,CRM,2024,8,electrolux,H7-4e0JWW,0.0,4713.0,0.0,0.0,1,,,,,,,,unmatched,,,,,,,,,False
electrolux,hhamcr3di,CRM,2025,3,electrolux,HHAmcr3DI,0.0,3.0,3.0,68965.0,1,,,,,,,,unmatched,,,,,,,,,False
electrolux,iahkol v1,CRM,2025,8,electrolux,IAHkol-V1,0.0,216519.0,1012.0,3083899.0,1,ELECTROHOGAR,ELECTROLUX,AON AGOSTO 2025,1280000.0,106666.0,1173334.0,2.0,probable,aon agosto 2025,1.0,,,2.40929609375,,1264.8221343873518,0.9166671875,True
electrolux,lsspztd6v,CRM,2025,10,electrolux,lSspZtd6V,0.0,106131.0,158.0,1050391.0,1,,,,,,,,unmatched,,,,,,,,,False
electrolux,mademsa black week,Retail Display,2025,3,electrolux,mademsa_black_week,91190.0,0.0,429.0,0.0,5,ELECTROHOGAR,ELECTROLUX,Black Marzo 2025,2200000.0,160000.0,2040000.0,2.0,probable,black marzo 2025,1.0,0.4704463208685163,0.0,0.0,24125.452352231605,5128.205128205128,0.9272727272727272,True
electrolux,mademsa black week,Retail Display,2025,4,electrolux,mademsa_black_week,277740.0,0.0,877.0,0.0,8,ELECTROHOGAR,ELECTROLUX,AON Abril,2000000.0,0.0,2000000.0,1.0,probable,aon abril,1.0,0.3157629437603514,0.0,0.0,7200.979333189313,2280.501710376283,1.0,True
electrolux,mekulfoky,CRM,2024,8,electrolux,MEKUlfOKY,0.0,4.0,1.0,373183.0,1,,,,,,,,unmatched,,,,,,,,,False
electrolux,psfdtvvha,CRM,2025,10,electrolux,PsfdTVvHA,0.0,106338.0,33.0,2013256.0,1,,,,,,,,unmatched,,,,,,,,,False
electrolux,q16zpnm5o,CRM,2025,5,electrolux,Q16ZpNm5O,0.0,101465.0,320.0,1418312.0,1,,,,,,,,unmatched,,,,,,,,,False
electrolux,rcwpiqxvz,CRM,2025,8,electrolux,rCWPiqxVz,0.0,101322.0,201.0,464374.0,1,ELECTROHOGAR,ELECTROLUX,AON AGOSTO 2025,1280000.0,106666.0,1173334.0,2.0,probable,aon agosto 2025,1.0,,,0.3627921875,,6368.1592039801,0.9166671875,True
electrolux,rftkt04xa,CRM,2025,7,electrolux,RFTkt04XA,0.0,101365.0,384.0,1233715.0,1,,,,,,,,unmatched,,,,,,,,,False
electrolux,rorajmo0g,CRM,2024,12,electrolux,rOrAjmo0g,0.0,23.0,0.0,5408760.0,1,,,,,,,,unmatched,,,,,,,,,False
electrolux,semana marca,Retail Display,2024,11,electrolux,semana_marca,414445.0,0.0,911.0,0.0,6,,,,,,,,unmatched,,,0.21981203778547215,0.0,,,,,False
electrolux,semana marca,Retail Display,2025,10,electrolux,semana_marca,35716.0,0.0,70.0,0.0,4,,,,,,,,unmatched,,,0.19599059245156233,0.0,,,,,False
electrolux,semana marca,Retail Display,2025,11,electrolux,semana_marca,37730.0,0.0,37.0,0.0,2,ELECTROHOGAR,ELECTROLUX,Black Noviembre 2025,1464600.0,200800.0,1263800.0,2.0,probable,black noviembre 2025,1.0,0.09806520010601644,0.0,0.0,38817.91677710045,39583.78378378379,0.8628977195138604,True
electrolux,tbxfugy f,CRM,2025,6,electrolux,TbXfuGY-F,0.0,53987.0,291.0,195940.0,1,ELECTROHOGAR,ELECTROLUX,AON JUNIO 2025,1400000.0,110344.0,1289656.0,2.0,probable,aon junio 2025,1.0,,,0.13995714285714286,,4810.996563573884,0.9211828571428572,True
electrolux,twiuy z59,CRM,2025,9,electrolux,twIUY-z59,0.0,53845.0,224.0,220960.0,1,,,,,,,,unmatched,,,,,,,,,False
electrolux,x,CRM,2024,10,electrolux,X,0.0,48.0,3.0,2234823.0,1,,,,,,,,unmatched,,,,,,,,,False
electrolux,xgegrdatx,CRM,2024,12,electrolux,XgegrDatx,0.0,53905.0,1689.0,736960.0,1,,,,,,,,unmatched,,,,,,,,,False
electrolux,xgi4hh8qj,CRM,2025,6,electrolux,xgI4hh8qJ,0.0,15.0,15.0,648850.0,1,ELECTROHOGAR,ELECTROLUX,AON JUNIO 2025,1400000.0,110344.0,1289656.0,2.0,probable,aon junio 2025,1.0,,,0.4634642857142857,,93333.33333333333,0.9211828571428572,True
electrolux,xiabn8r7q,CRM,2025,8,electrolux,xIabN8r7q,0.0,54121.0,221.0,620696.0,1,ELECTROHOGAR,ELECTROLUX,AON AGOSTO 2025,1280000.0,106666.0,1173334.0,2.0,probable,aon agosto 2025,1.0,,,0.48491875,,5791.85520361991,0.9166671875,True
electrolux,xw5isueim,CRM,2024,8,electrolux,xw5IsueIM,0.0,1.0,0.0,69980.0,1,,,,,,,,unmatched,,,,,,,,,False
electrolux,zflgosr u,CRM,2025,6,electrolux,zFLGOSr-u,0.0,101486.0,456.0,1259290.0,1,ELECTROHOGAR,ELECTROLUX,AON JUNIO 2025,1400000.0,110344.0,1289656.0,2.0,probable,aon junio 2025,1.0,,,0.8994928571428571,,3070.1754385964914,0.9211828571428572,True
electrolux,zmjlxjzbx,CRM,2025,11,electrolux,ZmJLxjzbX,0.0,101392.0,605.0,2562278.0,1,,,,,,,,unmatched,,,,,,,,,False
electrolux,zs6stdx3e,CRM,2025,10,electrolux,Zs6Stdx3E,0.0,54080.0,158.0,1302061.0,1,,,,,,,,unmatched,,,,,,,,,False
electrolux fensa,ao,Retail Display,2025,8,electrolux-fensa,ao,102582.0,0.0,159.0,0.0,21,,,,,,,,unmatched,,,0.15499795285722642,0.0,,,,,False
electrolux fensa,ao,Retail Display,2025,9,electrolux-fensa,ao,104254.0,0.0,308.0,0.0,22,,,,,,,,unmatched,,,0.2954323095516719,0.0,,,,,False
electrolux fensa,black,Retail Display,2024,7,electrolux-fensa,black,15772.0,0.0,77.0,0.0,1,,,,,,,,unmatched,,,0.4882069490235861,0.0,,,,,False
electrolux fensa,black,Retail Display,2024,8,electrolux-fensa,black,210509.0,0.0,1020.0,0.0,4,,,,,,,,unmatched,,,0.48453985340294237,0.0,,,,,False
electrolux fensa,black friday,Retail Display,2024,11,electrolux-fensa,black_friday,128871.0,0.0,642.0,0.0,2,,,,,,,,unmatched,,,0.498172591195847,0.0,,,,,False
electrolux fensa,black friday,Retail Display,2024,12,electrolux-fensa,black_friday,150651.0,0.0,549.0,0.0,2,,,,,,,,unmatched,,,0.36441842403966784,0.0,,,,,False
electrolux fensa,blackout,Retail Display,2025,7,electrolux-fensa,blackout,20045.0,0.0,97.0,0.0,2,,,,,,,,unmatched,,,0.483911199800449,0.0,,,,,False
electrolux fensa,blackout,Retail Display,2025,8,electrolux-fensa,blackout,52478.0,0.0,267.0,0.0,5,,,,,,,,unmatched,,,0.5087846335607302,0.0,,,,,False
electrolux fensa,cyber day,Meta,2024,6,electrolux-fensa,cyber_day,244293.0,0.0,636.0,0.0,3,,,,,,,,unmatched,,,0.2603431125738355,0.0,,,,,False
electrolux fensa,cyber day,Retail Display,2024,6,electrolux-fensa,cyber_day,585817.0,0.0,2008.0,0.0,3,,,,,,,,unmatched,,,0.3427691582866322,0.0,,,,,False
electrolux fensa,cyber day,Retail Display,2025,6,electrolux-fensa,cyber_day,95447.0,0.0,421.0,0.0,3,,,,,,,,unmatched,,,0.4410824855679068,0.0,,,,,False
electrolux fensa,cyber monday,Retail Display,2024,9,electrolux-fensa,cyber_monday,155754.0,0.0,548.0,0.0,1,,,,,,,,unmatched,,,0.35183687096318556,0.0,,,,,False
electrolux fensa,cyber monday,Retail Display,2024,10,electrolux-fensa,cyber_monday,312439.0,0.0,775.0,0.0,2,,,,,,,,unmatched,,,0.24804841905139885,0.0,,,,,False
electrolux fensa,cyber monday,Retail Display,2025,10,electrolux-fensa,cyber_monday,164500.0,0.0,426.0,0.0,3,,,,,,,,unmatched,,,0.25896656534954404,0.0,,,,,False
electrolux fensa mademsa,semana marca,Retail Display,2025,9,electrolux-fensa_mademsa,semana_marca,204574.0,0.0,593.0,0.0,7,,,,,,,,unmatched,,,0.28987065805038764,0.0,,,,,False
electrolux mademsa,,Retail Display,2024,6,electrolux-mademsa,,330308.0,0.0,370.0,0.0,2,,,,,,,,unmatched,,,0.11201666323552564,0.0,,,,,False
electrolux mademsa,ao,Retail Display,2025,8,electrolux-mademsa,ao,102284.0,0.0,197.0,0.0,21,,,,,,,,unmatched,,,0.19260099331273708,0.0,,,,,False
electrolux mademsa,ao,Retail Display,2025,9,electrolux-mademsa,ao,104120.0,0.0,237.0,0.0,22,,,,,,,,unmatched,,,0.22762197464464082,0.0,,,,,False
electrolux mademsa,black,Retail Display,2024,7,electrolux-mademsa,black,16565.0,0.0,78.0,0.0,1,,,,,,,,unmatched,,,0.4708723211590703,0.0,,,,,False
electrolux mademsa,black,Retail Display,2024,8,electrolux-mademsa,black,133131.0,0.0,530.0,0.0,4,,,,,,,,unmatched,,,0.3981041230066626,0.0,,,,,False
electrolux mademsa,black friday,Retail Display,2024,11,electrolux-mademsa,black_friday,129318.0,0.0,674.0,0.0,2,,,,,,,,unmatched,,,0.5211958118746036,0.0,,,,,False
electrolux mademsa,black friday,Retail Display,2024,12,electrolux-mademsa,black_friday,158673.0,0.0,686.0,0.0,2,,,,,,,,unmatched,,,0.43233568407983713,0.0,,,,,False
electrolux mademsa,blackout,Retail Display,2025,7,electrolux-mademsa,blackout,19993.0,0.0,82.0,0.0,2,,,,,,,,unmatched,,,0.41014355024258486,0.0,,,,,False
electrolux mademsa,blackout,Retail Display,2025,8,electrolux-mademsa,blackout,52668.0,0.0,256.0,0.0,5,,,,,,,,unmatched,,,0.48606364395838086,0.0,,,,,False
electrolux mademsa,calefont,Retail Display,2024,7,electrolux-mademsa,calefont,76929.0,0.0,175.0,0.0,14,,,,,,,,unmatched,,,0.22748248384874364,0.0,,,,,False
electrolux mademsa,cyber day,Retail Display,2024,6,electrolux-mademsa,cyber_day,587428.0,0.0,1932.0,0.0,3,,,,,,,,unmatched,,,0.32889137051689743,0.0,,,,,False
electrolux mademsa,cyber day,Retail Display,2025,6,electrolux-mademsa,cyber_day,275450.0,0.0,725.0,0.0,3,,,,,,,,unmatched,,,0.26320566345979307,0.0,,,,,False
electrolux mademsa,cyber monday,Retail Display,2024,9,electrolux-mademsa,cyber_monday,189156.0,0.0,964.0,0.0,1,,,,,,,,unmatched,,,0.5096322612023938,0.0,,,,,False
electrolux mademsa,cyber monday,Retail Display,2024,10,electrolux-mademsa,cyber_monday,195880.0,0.0,546.0,0.0,2,,,,,,,,unmatched,,,0.27874208699203595,0.0,,,,,False
electrolux mademsa,cyber monday,Retail Display,2025,10,electrolux-mademsa,cyber_monday,129004.0,0.0,289.0,0.0,3,,,,,,,,unmatched,,,0.224024061269418,0.0,,,,,False
electrolux mademsa fensa,cyber day,Google,2025,6,electrolux-mademsa_fensa,cyber_day,172613.0,0.0,3235.0,0.0,3,,,,,,,,unmatched,,,1.874134624854443,0.0,,,,,False
elite professional,6189516 011144,CRM,2023,10,elite professional,6189516-011144,0.0,105483.0,168.0,44220.0,1,,,,,,,,unmatched,,,,,,,,,False
elite professional,6189516 011257,CRM,2023,10,elite professional,6189516-011257,0.0,85460.0,184.0,37150.0,1,,,,,,,,unmatched,,,,,,,,,False
emaresa stihl,cyber day,Retail Display,2025,6,emaresa-stihl,cyber_day,152571.0,0.0,593.0,0.0,3,,,,,,,,unmatched,,,0.3886715037589057,0.0,,,,,False
emaresa stihl,cyber monday,Meta,2025,10,emaresa-stihl,cyber_monday,279351.0,0.0,5721.0,0.0,3,,,,,,,,unmatched,,,2.047961167133821,0.0,,,,,False
emaresa stihl trex,aon stihl,Google,2026,4,emaresa-stihl_trex,aon_stihl,67561.0,0.0,1883.0,440050.0,5,,,,,,,,unmatched,,,2.787110907180178,0.0,,,,,False
emaresa stihl trex,aon stihl,Google,2026,5,emaresa-stihl_trex,aon_stihl,109677.0,0.0,2732.0,96980.0,4,,,,,,,,unmatched,,,2.4909507006938556,0.0,,,,,False
emaresa trex,tactico tractores,Google,2026,1,emaresa-trex,tactico_tractores,94414.0,0.0,2681.0,4217424.0,18,,,,,,,,unmatched,,,2.8396212426123246,0.0,,,,,False
emaresa trex,tractores,Google,2025,11,emaresa-trex,tractores,57864.0,0.0,1487.0,225760.0,13,,,,,,,,unmatched,,,2.569818885662934,0.0,,,,,False
emaresa trex,tractores,Google,2025,12,emaresa-trex,tractores,163565.0,0.0,4877.0,8487362.0,26,,,,,,,,unmatched,,,2.981689236694892,0.0,,,,,False
emaresa trex,tractores,Google,2026,2,emaresa-trex,tractores,150376.0,0.0,4804.0,14010854.0,24,,,,,,,,unmatched,,,3.194658722136511,0.0,,,,,False
emaresa trex,tractores,Google,2026,3,emaresa-trex,tractores,268536.0,0.0,8372.0,12993317.0,20,,,,,,,,unmatched,,,3.117645306402121,0.0,,,,,False
emasa hyundai,cyber day,Retail Display,2025,6,emasa-hyundai,cyber_day,124206.0,0.0,591.0,0.0,3,,,,,,,,unmatched,,,0.4758224240374861,0.0,,,,,False
emasa hyundai,cyber monday,Retail Display,2025,10,emasa-hyundai,cyber_monday,110086.0,0.0,511.0,0.0,3,,,,,,,,unmatched,,,0.46418254818959725,0.0,,,,,False
embramaco,6189516 011905,CRM,2023,11,embramaco,6189516-011905,0.0,101221.0,476.0,703637.0,1,,,,,,,,unmatched,,,,,,,,,False
embramaco,aon marzo 2026,Sponsored Products,2026,3,EMBRAMACO,aon_marzo_2026,110706.0,0.0,2589.0,2127996.0,1,,,,,,,,unmatched,,,2.3386266327028347,0.0,,,,,False
embramaco,df6xafm6o,CRM,2025,3,embramaco,Df6XaFM6O,0.0,101599.0,404.0,78980.0,1,,,,,,,,unmatched,,,,,,,,,False
embramaco,k9ifrvbcu,CRM,2024,1,embramaco,k9ifrVBCu,0.0,99381.0,621.0,1073830.0,1,,,,,,,,unmatched,,,,,,,,,False
embramaco,q1xxbvcfu,CRM,2025,2,embramaco,q1xxbvCFu,0.0,102248.0,388.0,524654.0,1,,,,,,,,unmatched,,,,,,,,,False
embramaco,tactico febrero 2026,Sponsored Products,2026,2,EMBRAMACO,tactico_febrero_2026,181458.0,0.0,2893.0,838984.0,1,,,,,,,,unmatched,,,1.5943083247914116,0.0,,,,,False
encuesta agorex,shxwmj90m,CRM,2023,12,encuesta_agorex,sHXWmJ90M,0.0,77357.0,161.0,113693.0,1,,,,,,,,unmatched,,,,,,,,,False
energizer,concurso navidad,Retail Display,2024,11,energizer,concurso_navidad,940825.0,0.0,931.0,0.0,30,,,,,,,,unmatched,,,0.09895570377062685,0.0,,,,,False
energizer,concurso navidad,Retail Display,2024,12,energizer,concurso_navidad,742203.0,0.0,884.0,0.0,30,,,,,,,,unmatched,,,0.11910488100964291,0.0,,,,,False
epson,tactico epson febrero,CRM,2026,3,epson,Tactico Epson Febrero,0.0,308738.0,0.0,993450.0,1,CASA INTELIGENTE,EPSON,Tactico Epson Marzo,700000.0,53333.0,646667.0,1.0,probable,tactico epson marzo,1.0,,,1.4192142857142858,,,0.92381,True
ergo,tactico turba febrero 2026,Retail Display,2026,2,ergo,tactico_turba_febrero_2026,46384.0,0.0,41.0,0.0,5,,,,,,,,unmatched,,,0.088392549154881,0.0,,,,,False
ergo,tactico turba febrero 2026,Retail Display,2026,3,ergo,tactico_turba_febrero_2026,107466.0,0.0,108.0,0.0,15,,,,,,,,unmatched,,,0.10049690134554184,0.0,,,,,False
essity tork,aon,Meta,2025,6,essity-tork,aon,239917.0,0.0,1207.0,0.0,14,,,,,,,,unmatched,,,0.5030906521838803,0.0,,,,,False
essity tork,aon,Meta,2025,10,essity-tork,aon,70749.0,0.0,3447.0,0.0,3,,,,,,,,unmatched,,,4.872153670016537,0.0,,,,,False
essity tork,aon,Meta,2025,11,essity-tork,aon,201968.0,0.0,7989.0,49780.0,5,,,,,,,,unmatched,,,3.9555771211280994,0.0,,,,,False
etersol,bnljva3ux,CRM,2024,5,etersol,bnLJva3ux,0.0,102201.0,407.0,2499193.0,1,,,,,,,,unmatched,,,,,,,,,False
exit,muebles,Sponsored Products,2026,4,EXIT,muebles,82315.0,0.0,645.0,0.0,1,MUEBLES,EXIT,AON ABRIL EXIT 2026,500000.0,412000.0,88000.0,1.0,probable,aon abril exit 2026,1.0,0.7835752900443419,0.0,0.0,6074.227054607301,775.1937984496124,0.176,True
fanaloza,8j6sotr2l,CRM,2024,1,fanaloza,8J6SoTr2L,0.0,51640.0,292.0,9639789.0,1,,,,,,,,unmatched,,,,,,,,,False
fanaloza,dadeu5dx1,CRM,2024,1,fanaloza,DADeU5dx1,0.0,101179.0,433.0,15499462.0,1,,,,,,,,unmatched,,,,,,,,,False
fanaloza,gasfiteria,Retail Display,2025,1,fanaloza,gasfiteria,348825.0,0.0,781.0,0.0,23,,,,,,,,unmatched,,,0.2238945029742708,0.0,,,,,False
fanaloza,gifjo88zr,CRM,2025,1,fanaloza,gIfjO88ZR,0.0,53962.0,816.0,9651464.0,1,,,,,,,,unmatched,,,,,,,,,False
fanaloza,noppp2vmi,CRM,2024,1,fanaloza,noppp2VmI,0.0,51645.0,246.0,6592329.0,1,,,,,,,,unmatched,,,,,,,,,False
fanaloza,uayxrzwgz,CRM,2025,1,fanaloza,UayXRZWGz,0.0,101993.0,595.0,8291909.0,1,,,,,,,,unmatched,,,,,,,,,False
fanaloza,wc0nyw2g2,CRM,2024,6,fanaloza,WC0NYW2g2,0.0,106049.0,186.0,1962396.0,1,,,,,,,,unmatched,,,,,,,,,False
fanaloza,xzsjhpsd,CRM,2024,6,fanaloza,-xZsJhPsd,0.0,106299.0,363.0,12435590.0,1,,,,,,,,unmatched,,,,,,,,,False
fantuzzi,black friday,Retail Display,2024,11,fantuzzi,black_friday,93864.0,0.0,678.0,0.0,2,,,,,,,,unmatched,,,0.7223216568652518,0.0,,,,,False
fantuzzi,black friday,Retail Display,2024,12,fantuzzi,black_friday,50098.0,0.0,225.0,0.0,2,,,,,,,,unmatched,,,0.4491197253383369,0.0,,,,,False
fantuzzi,yl5u6fnwd,CRM,2024,12,fantuzzi,yL5U6FNWd,0.0,53894.0,1488.0,273780.0,1,,,,,,,,unmatched,,,,,,,,,False
fdv,8ewwy2ecv,CRM,2025,8,fdv,8EWWY2ecv,0.0,54010.0,241.0,499980.0,1,ELECTROHOGAR,FDV,Electroweek Agosto,600000.0,53333.0,546667.0,1.0,probable,electroweek agosto,1.0,,,0.8333,,2489.6265560165975,0.9111116666666667,True
fdv,a1euan1xa,CRM,2025,10,fdv,a1eUaN1Xa,0.0,12532.0,155.0,0.0,1,ELECTROHOGAR,FDV,Cyber Octubre 2025,500000.0,27119.0,472881.0,1.0,probable,cyber octubre 2025,1.0,,,0.0,,3225.8064516129034,0.945762,True
fdv,aon kitchen center,Sponsored Products,2026,4,FDV,aon_kitchen_center,21190.0,0.0,248.0,0.0,1,ELECTROHOGAR,FDV,AON ABRIL KITCHEN CENTER 2026,502133.0,413758.0,88375.0,1.0,probable,aon abril kitchen center 2026,1.0,1.170363378952336,0.0,0.0,23696.696554978764,2024.7298387096773,0.17599918746626889,True
fdv kitchen center,blackout,Retail Display,2025,7,fdv-kitchen_center,blackout,92059.0,0.0,684.0,0.0,2,,,,,,,,unmatched,,,0.7430017706036346,0.0,,,,,False
fdv kitchen center,blackout,Retail Display,2025,8,fdv-kitchen_center,blackout,221904.0,0.0,1016.0,0.0,5,,,,,,,,unmatched,,,0.45785564928978295,0.0,,,,,False
fensa,,CRM,2025,5,fensa,,0.0,72.0,0.0,1502724.0,5,,,,,,,,unmatched,,,,,,,,,False
fensa,,CRM,2025,6,fensa,,0.0,606.0,0.0,13047432.0,28,,,,,,,,unmatched,,,,,,,,,False
fensa,,CRM,2025,7,fensa,,0.0,257.0,0.0,7795750.0,20,,,,,,,,unmatched,,,,,,,,,False
fensa,3hutdwkwm,CRM,2025,11,fensa,3HutdwKwM,0.0,17.0,1.0,6161290.0,1,,,,,,,,unmatched,,,,,,,,,False
fensa,4i30fhsf1,CRM,2025,9,fensa,4i30FHsF1,0.0,10.0,0.0,2672890.0,1,,,,,,,,unmatched,,,,,,,,,False
fensa,4ixvpznjd,CRM,2025,6,fensa,4IxVpZNJd,0.0,20.0,0.0,4303790.0,1,,,,,,,,unmatched,,,,,,,,,False
fensa,4x3yai3av,CRM,2025,9,fensa,4x3YAI3AV,0.0,50.0,1.0,13666480.0,1,,,,,,,,unmatched,,,,,,,,,False
fensa,5hbwhifhx,CRM,2025,9,fensa,5hbwhifhX,0.0,18.0,3.0,5386024.0,1,,,,,,,,unmatched,,,,,,,,,False
fensa,5iak1jjy7,CRM,2025,10,fensa,5IAk1jjy7,0.0,22891.0,152.0,2251902.0,1,ELECTROHOGAR,FENSA,Cyber Octubre 2025,2074000.0,54238.0,2019762.0,2.0,probable,cyber octubre 2025,1.0,,,1.0857772420443588,,13644.736842105263,0.9738486017357763,True
fensa,6189516 007810,CRM,2023,1,fensa,6189516-007810,0.0,53939.0,10982.0,15489369.0,1,,,,,,,,unmatched,,,,,,,,,False
fensa,6189516 008781,CRM,2023,4,fensa,6189516-008781,0.0,100386.0,188.0,6973522.0,1,,,,,,,,unmatched,,,,,,,,,False
fensa,6189516 008820,CRM,2023,4,fensa,6189516-008820,0.0,101229.0,82.0,12810510.0,1,,,,,,,,unmatched,,,,,,,,,False
fensa,6189516 009506,CRM,2023,5,fensa,6189516-009506,0.0,101222.0,139.0,7054108.0,1,,,,,,,,unmatched,,,,,,,,,False
fensa,6189516 009607,CRM,2023,5,fensa,6189516-009607,0.0,16396.0,0.0,3383826.0,1,,,,,,,,unmatched,,,,,,,,,False
fensa,6189516 010277,CRM,2023,7,fensa,6189516-010277,0.0,52304.0,4201.0,3943843.0,1,,,,,,,,unmatched,,,,,,,,,False
fensa,6189516 010401,CRM,2023,7,fensa,6189516-010401,0.0,101962.0,145.0,14574815.0,1,,,,,,,,unmatched,,,,,,,,,False
fensa,6189516 010549,CRM,2023,8,fensa,6189516-010549,0.0,101382.0,104.0,5807700.0,1,,,,,,,,unmatched,,,,,,,,,False
fensa,6189516 010730,CRM,2023,8,fensa,6189516-010730,0.0,10720.0,0.0,0.0,1,,,,,,,,unmatched,,,,,,,,,False
fensa,6189516 011016,CRM,2023,9,fensa,6189516-011016,0.0,54052.0,3735.0,3811262.0,1,,,,,,,,unmatched,,,,,,,,,False
fensa,6189516 011302,CRM,2023,10,fensa,6189516-011302,0.0,1214807.0,15579.0,130619244.0,1,,,,,,,,unmatched,,,,,,,,,False
fensa,6189516 011304,CRM,2023,10,fensa,6189516-011304,0.0,13384.0,0.0,1003920.0,1,,,,,,,,unmatched,,,,,,,,,False
fensa,6189516 011490,CRM,2023,10,fensa,6189516-011490,0.0,101342.0,207.0,5248021.0,1,,,,,,,,unmatched,,,,,,,,,False
fensa,6189516 011551,CRM,2023,10,fensa,6189516-011551,0.0,101962.0,213.0,8448745.0,1,,,,,,,,unmatched,,,,,,,,,False
fensa,6189516 011626,CRM,2023,10,fensa,6189516-011626,0.0,101238.0,313.0,11732691.0,1,,,,,,,,unmatched,,,,,,,,,False
fensa,6189516 011704,CRM,2023,11,fensa,6189516-011704,0.0,101222.0,231.0,9534166.0,1,,,,,,,,unmatched,,,,,,,,,False
fensa,6189516 011856,CRM,2023,11,fensa,6189516-011856,0.0,101282.0,318.0,13574202.0,1,,,,,,,,unmatched,,,,,,,,,False
fensa,6189516 011921,CRM,2023,11,fensa,6189516-011921,0.0,101145.0,247.0,14649358.0,1,,,,,,,,unmatched,,,,,,,,,False
fensa,6189516 012155,CRM,2023,12,fensa,6189516-012155,0.0,101192.0,167.0,7590174.0,1,,,,,,,,unmatched,,,,,,,,,False
fensa,8srvtevbl,CRM,2024,6,fensa,8SRvtevBL,0.0,105687.0,63.0,15593132.0,1,,,,,,,,unmatched,,,,,,,,,False
fensa,8vb4ewtf4,CRM,2024,8,fensa,8Vb4Ewtf4,0.0,49119.0,298.0,10021712.0,1,,,,,,,,unmatched,,,,,,,,,False
fensa,9miosrsy3,CRM,2025,2,fensa,9MIOsrsY3,0.0,102295.0,559.0,15454470.0,1,,,,,,,,unmatched,,,,,,,,,False
fensa,9wiv1celx,CRM,2024,2,fensa,9WiV1celX,0.0,101903.0,412.0,21510502.0,1,,,,,,,,unmatched,,,,,,,,,False
fensa,9x3c5rlwp,CRM,2025,5,fensa,9x3c5RlwP,0.0,21.0,0.0,5343280.0,1,,,,,,,,unmatched,,,,,,,,,False
fensa,aon electrolux 2025,CRM,2025,12,fensa,AON Electrolux 2025,0.0,41.0,4.0,11865412.0,3,,,,,,,,unmatched,,,,,,,,,False
fensa,aon febrero electrolux byc 2026,Sponsored Products,2026,2,FENSA,aon_febrero_electrolux_byc_2026,40427.0,0.0,959.0,5429690.0,1,,,,,,,,unmatched,,,2.372177010413832,0.0,,,,,False
fensa,aon febrero electrolux lb 2026,Sponsored Products,2026,2,FENSA,aon_febrero_electrolux_lb_2026,7690.0,0.0,127.0,0.0,1,,,,,,,,unmatched,,,1.6514954486345903,0.0,,,,,False
fensa,aon febrero mademsa lb 2026,Sponsored Products,2026,2,FENSA,aon_febrero_mademsa_lb_2026,0.0,0.0,0.0,969970.0,1,,,,,,,,unmatched,,,,,,,,,False
fensa,aon marzo electrolux lb 2026,Sponsored Products,2026,3,FENSA,aon_marzo_electrolux_lb_2026,107703.0,0.0,2473.0,14599370.0,1,,,,,,,,unmatched,,,2.296129170032404,0.0,,,,,False
fensa,aon marzo mademsa lb 2026,Sponsored Products,2026,3,FENSA,aon_marzo_mademsa_lb_2026,0.0,0.0,0.0,2769880.0,1,,,,,,,,unmatched,,,,,,,,,False
fensa,bftwht1sg,CRM,2025,8,fensa,BFtwhT1sG,0.0,20.0,0.0,5247032.0,1,,,,,,,,unmatched,,,,,,,,,False
fensa,bkhgvr0wj,CRM,2024,6,fensa,BkhgVr0Wj,0.0,101938.0,542.0,10519650.0,1,,,,,,,,unmatched,,,,,,,,,False
fensa,black marzo electrolux 2026,CRM,2026,3,fensa,Black Marzo Electrolux 2026,0.0,134994.0,781.0,8741566.0,1,,,,,,,,unmatched,,,,,,,,,False
fensa,black marzo electrolux 2026,CRM,2026,4,fensa,Black Marzo Electrolux 2026,0.0,91.0,0.0,22451863.0,1,,,,,,,,unmatched,,,,,,,,,False
fensa,black week,Sponsored Products,2026,3,FENSA,black_week,71739.0,0.0,1657.0,15749500.0,1,,,,,,,,unmatched,,,2.3097617753244397,0.0,,,,,False
fensa,bw96z5e a,CRM,2025,7,fensa,bW96z5e-a,0.0,7.0,0.0,1483520.0,1,,,,,,,,unmatched,,,,,,,,,False
fensa,clfm7hwvq,CRM,2024,8,fensa,cLfm7hwvq,0.0,101695.0,711.0,12837186.0,1,,,,,,,,unmatched,,,,,,,,,False
fensa,d7isfyfpv,CRM,2024,4,fensa,d7IsFyFPV,0.0,101208.0,424.0,4094953.0,1,,,,,,,,unmatched,,,,,,,,,False
fensa,debc0vaag,CRM,2025,4,fensa,debC0VAaG,0.0,50.0,1.0,11328745.0,1,,,,,,,,unmatched,,,,,,,,,False
fensa,dukqrezxm,CRM,2025,11,fensa,DUKQreZXm,0.0,10.0,0.0,3117089.0,1,,,,,,,,unmatched,,,,,,,,,False
fensa,fensa mademsa,Google,2024,8,fensa,fensa_mademsa,14568.0,0.0,355.0,339990.0,1,,,,,,,,unmatched,,,2.4368478857770453,0.0,,,,,False
fensa,fensa mademsa,Google,2024,9,fensa,fensa_mademsa,26682.0,0.0,302.0,629980.0,2,,,,,,,,unmatched,,,1.1318491867176375,0.0,,,,,False
fensa,fensa mademsa,Google,2024,11,fensa,fensa_mademsa,43347.0,0.0,453.0,2012642.0,3,,,,,,,,unmatched,,,1.0450550211087273,0.0,,,,,False
fensa,fensa mademsa,Google,2025,1,fensa,fensa_mademsa,107118.0,0.0,1944.0,3994050.0,6,,,,,,,,unmatched,,,1.8148210384809276,0.0,,,,,False
fensa,fensa mademsa,Google,2025,2,fensa,fensa_mademsa,30197.0,0.0,522.0,1317489.0,2,,,,,,,,unmatched,,,1.728648541245819,0.0,,,,,False
fensa,fensa mademsa,Google,2025,3,fensa,fensa_mademsa,73638.0,0.0,1208.0,1814251.0,5,,,,,,,,unmatched,,,1.640457372552215,0.0,,,,,False
fensa,fensa mademsa,Google,2025,4,fensa,fensa_mademsa,218613.0,0.0,3168.0,5213490.0,8,,,,,,,,unmatched,,,1.4491361446940485,0.0,,,,,False
fensa,fensa mademsa,Google,2025,5,fensa,fensa_mademsa,44293.0,0.0,582.0,1174360.0,3,,,,,,,,unmatched,,,1.3139773779152462,0.0,,,,,False
fensa,fensa mademsa,Google,2025,7,fensa,fensa_mademsa,19528.0,0.0,329.0,765770.0,1,,,,,,,,unmatched,,,1.6847603441212617,0.0,,,,,False
fensa,fensa mademsa,Google,2025,8,fensa,fensa_mademsa,18685.0,0.0,310.0,209990.0,1,,,,,,,,unmatched,,,1.6590848274016592,0.0,,,,,False
fensa,fensa mademsa,Google,2025,10,fensa,fensa_mademsa,39127.0,0.0,675.0,1468930.0,2,,,,,,,,unmatched,,,1.725151429958852,0.0,,,,,False
fensa,fifuv5w7w,CRM,2025,1,fensa,fIFUv5W7W,0.0,102218.0,585.0,16187431.0,1,,,,,,,,unmatched,,,,,,,,,False
fensa,hf qiqjcz,CRM,2025,3,fensa,hf-qiQJcZ,0.0,101802.0,373.0,7868013.0,1,,,,,,,,unmatched,,,,,,,,,False
fensa,hhamcr3di,CRM,2025,3,fensa,HHAmcr3DI,0.0,100095.0,454.0,18488076.0,1,,,,,,,,unmatched,,,,,,,,,False
fensa,iahkol v1,CRM,2025,8,fensa,IAHkol-V1,0.0,87.0,0.0,22057974.0,1,,,,,,,,unmatched,,,,,,,,,False
fensa,iyplxgtdk,CRM,2024,1,fensa,iypLXgtDK,0.0,94364.0,232.0,8581036.0,1,,,,,,,,unmatched,,,,,,,,,False
fensa,k6rai0x5v,CRM,2024,2,fensa,k6raI0X5v,0.0,47993.0,4555.0,16617905.0,1,,,,,,,,unmatched,,,,,,,,,False
fensa,knsjgtqw5,CRM,2024,1,fensa,KnsJgtQW5,0.0,100282.0,68.0,9979318.0,1,,,,,,,,unmatched,,,,,,,,,False
fensa,l8cq2jfqk,CRM,2024,2,fensa,l8CQ2jfQK,0.0,53978.0,3158.0,6138970.0,1,,,,,,,,unmatched,,,,,,,,,False
fensa,lsspztd6v,CRM,2025,10,fensa,lSspZtd6V,0.0,27.0,0.0,6828049.0,1,ELECTROHOGAR,FENSA,Cyber Octubre 2025,2074000.0,54238.0,2019762.0,2.0,probable,cyber octubre 2025,1.0,,,3.2922126325940213,,,0.9738486017357763,True
fensa,oo110b0vz,CRM,2024,11,fensa,Oo110B0vZ,0.0,1124259.0,24897.0,70733749.0,1,,,,,,,,unmatched,,,,,,,,,False
fensa,ovdjjaiuy,CRM,2024,11,fensa,oVdJJAiUy,0.0,101989.0,457.0,6471412.0,1,,,,,,,,unmatched,,,,,,,,,False
fensa,pja0xzn9s,CRM,2024,8,fensa,PJA0xZN9s,0.0,100428.0,352.0,10231126.0,1,,,,,,,,unmatched,,,,,,,,,False
fensa,psfdtvvha,CRM,2025,10,fensa,PsfdTVvHA,0.0,32.0,32.0,8408767.0,1,ELECTROHOGAR,FENSA,Cyber Octubre 2025,2074000.0,54238.0,2019762.0,2.0,probable,cyber octubre 2025,1.0,,,4.05437174541948,,64812.5,0.9738486017357763,True
fensa,pspg35bnh,CRM,2025,6,fensa,pSPg35bnh,0.0,106329.0,93.0,6230043.0,1,,,,,,,,unmatched,,,,,,,,,False
fensa,pypuidzgg,CRM,2024,9,fensa,PYpUiDzGg,0.0,101404.0,355.0,10114414.0,1,,,,,,,,unmatched,,,,,,,,,False
fensa,q16zpnm5o,CRM,2025,5,fensa,Q16ZpNm5O,0.0,58.0,2.0,14209009.0,1,,,,,,,,unmatched,,,,,,,,,False
fensa,rcwpiqxvz,CRM,2025,8,fensa,rCWPiqxVz,0.0,14.0,0.0,3269860.0,1,,,,,,,,unmatched,,,,,,,,,False
fensa,rftkt04xa,CRM,2025,7,fensa,RFTkt04XA,0.0,40.0,0.0,9683974.0,1,,,,,,,,unmatched,,,,,,,,,False
fensa,rorajmo0g,CRM,2024,12,fensa,rOrAjmo0g,0.0,102234.0,407.0,28593327.0,1,,,,,,,,unmatched,,,,,,,,,False
fensa,sdaax9fwd,CRM,2024,12,fensa,SdaAX9Fwd,0.0,101193.0,16.0,5464330.0,1,,,,,,,,unmatched,,,,,,,,,False
fensa,tbxfugy f,CRM,2025,6,fensa,TbXfuGY-F,0.0,17.0,1.0,4020830.0,1,,,,,,,,unmatched,,,,,,,,,False
fensa,twiuy z59,CRM,2025,9,fensa,twIUY-z59,0.0,5.0,0.0,941940.0,1,,,,,,,,unmatched,,,,,,,,,False
fensa,tzfjhimug,CRM,2024,11,fensa,tzfJHIMug,0.0,54079.0,1548.0,4718283.0,1,,,,,,,,unmatched,,,,,,,,,False
fensa,ufpp80xts,CRM,2024,12,fensa,ufpp80XTs,0.0,54031.0,1855.0,14173771.0,1,,,,,,,,unmatched,,,,,,,,,False
fensa,v0vwvc9wz,CRM,2024,8,fensa,V0Vwvc9WZ,0.0,777758.0,19578.0,30152852.0,1,,,,,,,,unmatched,,,,,,,,,False
fensa,vjpdptjdn,CRM,2024,6,fensa,VJPdPTjDN,0.0,102212.0,190.0,18647362.0,1,,,,,,,,unmatched,,,,,,,,,False
fensa,vjyzzmbyj,CRM,2024,8,fensa,vJyZZmBYJ,0.0,101831.0,443.0,15836125.0,1,,,,,,,,unmatched,,,,,,,,,False
fensa,x,CRM,2024,9,fensa,X,0.0,106295.0,57.0,17009485.0,1,,,,,,,,unmatched,,,,,,,,,False
fensa,x,CRM,2024,10,fensa,X,0.0,1026540.0,20148.0,71270076.0,2,,,,,,,,unmatched,,,,,,,,,False
fensa,xgegrdatx,CRM,2024,12,fensa,XgegrDatx,0.0,49.0,2.0,13418666.0,1,,,,,,,,unmatched,,,,,,,,,False
fensa,xgi4hh8qj,CRM,2025,6,fensa,xgI4hh8qJ,0.0,106152.0,67.0,14724619.0,1,,,,,,,,unmatched,,,,,,,,,False
fensa,xiabn8r7q,CRM,2025,8,fensa,xIabN8r7q,0.0,14.0,0.0,4163390.0,1,,,,,,,,unmatched,,,,,,,,,False
fensa,xw5isueim,CRM,2024,8,fensa,xw5IsueIM,0.0,49938.0,260.0,16585584.0,1,,,,,,,,unmatched,,,,,,,,,False
fensa,y2p4d3imn,CRM,2024,10,fensa,y2P4D3IMn,0.0,102095.0,640.0,10398191.0,1,,,,,,,,unmatched,,,,,,,,,False
fensa,yl6watac,CRM,2024,4,fensa,yL6waTAc-,0.0,101927.0,351.0,14162676.0,1,,,,,,,,unmatched,,,,,,,,,False
fensa,za9dpadff,CRM,2024,10,fensa,ZA9dpadFF,0.0,54027.0,2232.0,5754323.0,1,,,,,,,,unmatched,,,,,,,,,False
fensa,zflgosr u,CRM,2025,6,fensa,zFLGOSr-u,0.0,60.0,0.0,15514556.0,1,,,,,,,,unmatched,,,,,,,,,False
fensa,zmjlxjzbx,CRM,2025,11,fensa,ZmJLxjzbX,0.0,27.0,0.0,8080230.0,1,,,,,,,,unmatched,,,,,,,,,False
fensa,zs6stdx3e,CRM,2025,10,fensa,Zs6Stdx3E,0.0,21.0,0.0,4643730.0,1,ELECTROHOGAR,FENSA,Cyber Octubre 2025,2074000.0,54238.0,2019762.0,2.0,probable,cyber octubre 2025,1.0,,,2.2390212150433944,,,0.9738486017357763,True
finish,5dwgcygcl,CRM,2025,6,finish,5dwGcygCL,0.0,20.0,1.0,255730.0,1,,,,,,,,unmatched,,,,,,,,,False
finish,zjwoxqrfi,CRM,2025,4,finish,ZJWoXqRfI,0.0,22.0,1.0,220743.0,1,,,,,,,,unmatched,,,,,,,,,False
flex,6189516 009590,CRM,2023,5,flex,6189516-009590,0.0,27372.0,6153.0,3794820.0,1,,,,,,,,unmatched,,,,,,,,,False
flex,6189516 012025,CRM,2023,11,flex,6189516-012025,0.0,54055.0,3850.0,149990.0,1,,,,,,,,unmatched,,,,,,,,,False
flex,black week,Sponsored Products,2026,3,FLEX,black_week,63702.0,0.0,1171.0,1989930.0,1,MUEBLES,FLEX,AON Marzo 2026,1000000.0,824000.0,176000.0,1.0,probable,aon marzo 2026,1.0,1.8382468368340084,0.0,1.98993,15698.094251357885,853.9709649871904,0.176,True
flex,cwiiqyxde,CRM,2024,8,flex,CwIiQyXdE,0.0,23778.0,1712.0,919940.0,1,,,,,,,,unmatched,,,,,,,,,False
flex,k8adqs6 w,CRM,2025,9,flex,K8ADqS6-W,0.0,53948.0,197.0,0.0,1,,,,,,,,unmatched,,,,,,,,,False
flex,pwee3t85x,CRM,2024,1,flex,pwEe3t85x,0.0,54044.0,4353.0,609970.0,1,,,,,,,,unmatched,,,,,,,,,False
flex,xr fofmcm,CRM,2024,4,flex,XR-FOFmcm,0.0,53916.0,2706.0,1446930.0,1,,,,,,,,unmatched,,,,,,,,,False
flowmak,4lpzllzgv,CRM,2024,7,flowmak,4LPZLLZgv,0.0,98631.0,666.0,229990.0,1,,,,,,,,unmatched,,,,,,,,,False
flowmak,gnapc550a,CRM,2024,7,flowmak,GNApC550a,0.0,99672.0,404.0,5609470.0,1,,,,,,,,unmatched,,,,,,,,,False
fonaloza,udcx0lzkr,CRM,2025,8,fonaloza,udCX0Lzkr,0.0,53934.0,236.0,0.0,1,,,,,,,,unmatched,,,,,,,,,False
gardena,5xzoravom,CRM,2024,11,gardena,5XzOrAvOm,0.0,101936.0,614.0,1892294.0,1,,,,,,,,unmatched,,,,,,,,,False
gardena,gz2h jmno,CRM,2024,9,gardena,GZ2h-JMNO,0.0,101980.0,550.0,5155579.0,1,,,,,,,,unmatched,,,,,,,,,False
gardena,nyzvz8dys,CRM,2024,6,gardena,nYZvZ8dys,0.0,101934.0,541.0,725261.0,1,,,,,,,,unmatched,,,,,,,,,False
gardena,tactico febrero 2026,Sponsored Products,2026,2,GARDENA,tactico_febrero_2026,9942.0,0.0,66.0,75470.0,1,,,,,,,,unmatched,,,0.663850331925166,0.0,,,,,False
generico,6189516 009760,CRM,2023,6,generico,6189516-009760,0.0,98427.0,11374.0,1615386.0,1,,,,,,,,unmatched,,,,,,,,,False
generico,black week,Sponsored Products,2026,3,GENERICO,black_week,1418.0,0.0,4.0,0.0,1,,,,,,,,unmatched,,,0.2820874471086037,0.0,,,,,False
generico mascotas,regalones,Retail Display,2024,6,generico_mascotas,regalones,38443.0,0.0,87.0,0.0,17,,,,,,,,unmatched,,,0.22630908097703092,0.0,,,,,False
generico mascotas,regalones,Retail Display,2024,7,generico_mascotas,regalones,230838.0,0.0,416.0,0.0,29,,,,,,,,unmatched,,,0.18021296320363198,0.0,,,,,False
glade,,Retail Display,2025,12,glade,,232787.0,0.0,308.0,0.0,30,ASEO,GLADE,Navidad Glade - Ziploc 2025,150000.0,120000.0,30000.0,1.0,probable,navidad glade ziploc 2025,1.0,0.1323097939317917,0.0,0.0,644.3658795379466,487.012987012987,0.2,True
glassex,5dwgcygcl,CRM,2025,6,glassex,5dwGcygCL,0.0,6.0,0.0,22730.0,1,,,,,,,,unmatched,,,,,,,,,False
goofy,d7isfyfpv,CRM,2025,5,goofy,d7IsFyFPV,0.0,7.0,0.0,34844.0,1,,,,,,,,unmatched,,,,,,,,,False
goofy,tactico felliny goofy febrero 2026,Sponsored Products,2026,2,GOOFY,tactico_felliny_goofy_febrero_2026,6848.0,0.0,95.0,9380.0,1,,,,,,,,unmatched,,,1.387266355140187,0.0,,,,,False
grayson,co brand,Google,2024,10,grayson,co_brand,69218.0,0.0,1059.0,0.0,9,,,,,,,,unmatched,,,1.5299488572336677,0.0,,,,,False
grayson,co brand,Google,2025,6,grayson,co_brand,33701.0,0.0,602.0,0.0,5,,,,,,,,unmatched,,,1.786297142518026,0.0,,,,,False
grayson,co brand,Google,2025,10,grayson,co_brand,55782.0,0.0,869.0,0.0,6,,,,,,,,unmatched,,,1.5578502025743073,0.0,,,,,False
grayson,cyber monday,Retail Display,2024,10,grayson,cyber_monday,192377.0,0.0,291.0,0.0,1,,,,,,,,unmatched,,,0.15126548391959538,0.0,,,,,False
grayson capital spa the pink stuff,cyber day,Retail Display,2025,6,grayson_capital_spa-the_pink_stuff,cyber_day,76020.0,0.0,190.0,0.0,3,,,,,,,,unmatched,,,0.2499342278347803,0.0,,,,,False
grayson the pink stuff,cyber monday,Retail Display,2025,10,grayson-the_pink_stuff,cyber_monday,72822.0,0.0,217.0,0.0,3,,,,,,,,unmatched,,,0.2979868720990909,0.0,,,,,False
greenwork,jardin fest,Google,2025,4,greenwork,jardin_fest,30292.0,0.0,365.0,0.0,9,,,,,,,,unmatched,,,1.2049385976495444,0.0,,,,,False
greenwork,jardin fest,Google,2025,5,greenwork,jardin_fest,23069.0,0.0,242.0,0.0,8,,,,,,,,unmatched,,,1.0490268325458407,0.0,,,,,False
greenwork,jardin fest,Meta,2025,4,greenwork,jardin_fest,179768.0,0.0,2501.0,0.0,6,,,,,,,,unmatched,,,1.3912375951226024,0.0,,,,,False
greenwork,jardin fest,Meta,2025,5,greenwork,jardin_fest,63243.0,0.0,1007.0,0.0,2,,,,,,,,unmatched,,,1.5922710813845011,0.0,,,,,False
greenworks,heb7xgj2j,CRM,2025,4,greenworks,HeB7xgj2J,0.0,101333.0,582.0,0.0,1,JARDIN,GREENWORKS,Multa Fillrate - Jardín Fest,550000.0,100000.0,450000.0,2.0,probable,multa fillrate jardin fest,1.0,,,0.0,,945.0171821305842,0.8181818181818182,True
grilltech,rkeqvfdly,CRM,2024,9,grilltech,rKeqVfdLY,0.0,54079.0,2355.0,231554.0,1,,,,,,,,unmatched,,,,,,,,,False
grilltech,wwhjuze8e,CRM,2024,9,grilltech,WwHJuze8e,0.0,98444.0,679.0,1741995.0,1,,,,,,,,unmatched,,,,,,,,,False
hankook,6189516 011746,CRM,2023,11,hankook,6189516-011746,0.0,53970.0,4111.0,2049577.0,1,,,,,,,,unmatched,,,,,,,,,False
hankook,9yhhsnv9y,CRM,2024,2,hankook,9YHHSNV9y,0.0,102138.0,430.0,7808176.0,1,,,,,,,,unmatched,,,,,,,,,False
hankook,black friday,Retail Display,2024,11,hankook,black_friday,95573.0,0.0,509.0,0.0,2,,,,,,,,unmatched,,,0.5325771923032655,0.0,,,,,False
hankook,black friday,Retail Display,2024,12,hankook,black_friday,80292.0,0.0,421.0,0.0,2,,,,,,,,unmatched,,,0.5243361729686644,0.0,,,,,False
hankook,black week,Retail Display,2025,3,hankook,black_week,65020.0,0.0,286.0,0.0,4,ACCESORIOS AUTOMOVILES,HANKOOK,Black Marzo 2025,300000.0,240000.0,60000.0,1.0,probable,black marzo 2025,1.0,0.43986465702860655,0.0,0.0,4613.964933866502,1048.951048951049,0.2,True
hankook,black week,Retail Display,2025,4,hankook,black_week,103709.0,0.0,350.0,0.0,8,,,,,,,,unmatched,,,0.33748276427311036,0.0,,,,,False
hankook,kkedkih3w,CRM,2024,1,hankook,kKEDKIH3w,0.0,49453.0,100.0,2597491.0,1,,,,,,,,unmatched,,,,,,,,,False
hankook,kotyhrpfo,CRM,2025,9,hankook,KOTyhrPfO,0.0,53982.0,257.0,1028659.0,1,,,,,,,,unmatched,,,,,,,,,False
hankook,le9wyeuns,CRM,2025,6,hankook,lE9wYEuNs,0.0,54028.0,271.0,2081155.0,1,,,,,,,,unmatched,,,,,,,,,False
hankook,m41p1yhxn,CRM,2025,9,hankook,M41P1YhxN,0.0,101290.0,589.0,5403295.0,1,,,,,,,,unmatched,,,,,,,,,False
hankook,mstemqdu3,CRM,2024,1,hankook,msTeMQDU3,0.0,51266.0,118.0,5005875.0,1,,,,,,,,unmatched,,,,,,,,,False
hankook,rbieiruh,CRM,2024,12,hankook,-rBiEIruh,0.0,35.0,1.0,3643381.0,1,,,,,,,,unmatched,,,,,,,,,False
hankook,rrqluk6jg,CRM,2024,1,hankook,rRQLUk6Jg,0.0,101259.0,206.0,5390190.0,1,,,,,,,,unmatched,,,,,,,,,False
hankook,xa jpvlmh,CRM,2025,1,hankook,Xa-jpvlMh,0.0,44.0,0.0,4591776.0,1,ACCESORIOS AUTOMOVILES,HANKOOK,Sobre Ruedas 2025,500000.0,44444.0,455556.0,1.0,probable,sobre ruedas 2025,1.0,,,9.183552,,,0.911112,True
harpic,zjwoxqrfi,CRM,2025,4,harpic,ZJWoXqRfI,0.0,42.0,1.0,287461.0,1,,,,,,,,unmatched,,,,,,,,,False
henkel,44fcnwlrw,CRM,2024,8,henkel,44fCnwLRW,0.0,803.0,1.0,9401197.0,1,,,,,,,,unmatched,,,,,,,,,False
henkel,6189516 007848,CRM,2023,1,henkel,6189516-007848,0.0,48666.0,10120.0,11203353.0,1,,,,,,,,unmatched,,,,,,,,,False
henkel,6189516 008494,CRM,2023,3,henkel,6189516-008494,0.0,101182.0,187.0,3515582.0,1,,,,,,,,unmatched,,,,,,,,,False
henkel,6189516 008610,CRM,2023,3,henkel,6189516-008610,0.0,101335.0,314.0,3279160.0,1,,,,,,,,unmatched,,,,,,,,,False
henkel,6189516 008708,CRM,2023,3,henkel,6189516-008708,0.0,54005.0,4386.0,608680.0,1,,,,,,,,unmatched,,,,,,,,,False
henkel,6189516 008839,CRM,2023,4,henkel,6189516-008839,0.0,100953.0,126.0,3574166.0,1,,,,,,,,unmatched,,,,,,,,,False
henkel,6189516 008919,CRM,2023,4,henkel,6189516-008919,0.0,54058.0,6113.0,2334982.0,1,,,,,,,,unmatched,,,,,,,,,False
henkel,6189516 009004,CRM,2023,4,henkel,6189516-009004,0.0,101379.0,227.0,2595257.0,1,,,,,,,,unmatched,,,,,,,,,False
henkel,6189516 009240,CRM,2023,5,henkel,6189516-009240,0.0,101439.0,95.0,1366840.0,1,,,,,,,,unmatched,,,,,,,,,False
henkel,6189516 009402,CRM,2023,5,henkel,6189516-009402,0.0,105418.0,151.0,4387349.0,1,,,,,,,,unmatched,,,,,,,,,False
henkel,6189516 009512,CRM,2023,5,henkel,6189516-009512,0.0,105253.0,82.0,2673558.0,1,,,,,,,,unmatched,,,,,,,,,False
henkel,6189516 010528,CRM,2023,8,henkel,6189516-010528,0.0,101131.0,45.0,5754652.0,1,,,,,,,,unmatched,,,,,,,,,False
henkel,6189516 011855,CRM,2023,11,henkel,6189516-011855,0.0,99726.0,631.0,3167911.0,1,,,,,,,,unmatched,,,,,,,,,False
henkel,7yklawwib,CRM,2024,9,henkel,7yklAWWib,0.0,102270.0,420.0,7927808.0,1,,,,,,,,unmatched,,,,,,,,,False
henkel,aon marzo henkel 2026,Sponsored Products,2026,3,HENKEL,aon_marzo_henkel_2026,0.0,0.0,0.0,7790.0,1,,,,,,,,unmatched,,,,,,,,,False
henkel,bpgssdkja,CRM,2024,7,henkel,BPGssDKJa,0.0,1006.0,3.0,12667996.0,1,,,,,,,,unmatched,,,,,,,,,False
henkel,cm7i2xrxn,CRM,2024,8,henkel,CM7i2XRXN,0.0,910.0,10.0,10889098.0,1,,,,,,,,unmatched,,,,,,,,,False
henkel,cyber monday,Retail Display,2024,9,henkel,cyber_monday,60672.0,0.0,139.0,0.0,1,,,,,,,,unmatched,,,0.22910073839662448,0.0,,,,,False
henkel,cyber monday,Retail Display,2024,10,henkel,cyber_monday,125179.0,0.0,202.0,0.0,2,,,,,,,,unmatched,,,0.16136891970697959,0.0,,,,,False
henkel,fdnix oqj,CRM,2024,8,henkel,fDnIx-OqJ,0.0,899.0,1.0,10243160.0,1,,,,,,,,unmatched,,,,,,,,,False
henkel,gkbdg5spt,CRM,2025,3,henkel,gkBdg5sPT,0.0,1195.0,10.0,14466172.0,1,,,,,,,,unmatched,,,,,,,,,False
henkel,iaqfavmfa,CRM,2024,8,henkel,IAQFAVMfa,0.0,10886.0,597.0,1361295.0,1,,,,,,,,unmatched,,,,,,,,,False
henkel,jjvdscybr,CRM,2024,9,henkel,jjvdScybr,0.0,814.0,3.0,10076989.0,1,,,,,,,,unmatched,,,,,,,,,False
henkel,jzl5pdxty,CRM,2024,9,henkel,JzL5PDxtY,0.0,731.0,4.0,8696197.0,1,,,,,,,,unmatched,,,,,,,,,False
henkel,roq dqowd,CRM,2024,6,henkel,rOQ-dqoWd,0.0,153.0,7.0,3167888.0,1,,,,,,,,unmatched,,,,,,,,,False
henkel agorex,black,Retail Display,2024,8,henkel-agorex,black,172695.0,0.0,301.0,0.0,4,,,,,,,,unmatched,,,0.1742957236746866,0.0,,,,,False
henkel agorex,black friday,Retail Display,2024,11,henkel_agorex,black_friday,101302.0,0.0,161.0,0.0,2,,,,,,,,unmatched,,,0.15893072199956565,0.0,,,,,False
henkel agorex,black friday,Retail Display,2024,12,henkel_agorex,black_friday,54922.0,0.0,70.0,0.0,2,,,,,,,,unmatched,,,0.1274534794799898,0.0,,,,,False
henkel agorex,black out,Retail Display,2025,7,henkel_agorex,black_out,5899.0,0.0,17.0,0.0,1,,,,,,,,unmatched,,,0.2881844380403458,0.0,,,,,False
henkel agorex,black out,Retail Display,2025,8,henkel_agorex,black_out,122063.0,0.0,182.0,0.0,5,,,,,,,,unmatched,,,0.14910333188599328,0.0,,,,,False
henkel agorex,black week,Retail Display,2025,3,henkel_agorex,black_week,76363.0,0.0,75.0,0.0,4,,,,,,,,unmatched,,,0.09821510417348715,0.0,,,,,False
henkel agorex,black week,Retail Display,2025,4,henkel_agorex,black_week,114432.0,0.0,134.0,0.0,8,,,,,,,,unmatched,,,0.11710011185682326,0.0,,,,,False
henkel agorex,cobrand,Retail Display,2025,4,henkel_agorex,cobrand,187018.0,0.0,299.0,0.0,22,,,,,,,,unmatched,,,0.15987765883497845,0.0,,,,,False
henkel agorex,concurso,Retail Display,2024,8,henkel_agorex,concurso,412518.0,0.0,540.0,0.0,20,,,,,,,,unmatched,,,0.13090337876165403,0.0,,,,,False
henkel agorex,concurso,Retail Display,2024,9,henkel_agorex,concurso,270347.0,0.0,255.0,0.0,15,,,,,,,,unmatched,,,0.09432322163737715,0.0,,,,,False
henkel agorex,concurso,Retail Display,2025,5,henkel_agorex,concurso,150263.0,0.0,233.0,0.0,21,,,,,,,,unmatched,,,0.1550614589087134,0.0,,,,,False
henkel agorex,concurso camioneta,Retail Display,2024,10,henkel-agorex,concurso_camioneta,177264.0,0.0,365.0,0.0,18,,,,,,,,unmatched,,,0.2059075728856395,0.0,,,,,False
henkel agorex,concurso camioneta,Retail Display,2024,11,henkel-agorex,concurso_camioneta,177622.0,0.0,361.0,0.0,30,,,,,,,,unmatched,,,0.20324058956660776,0.0,,,,,False
henkel agorex,concurso smart tv,Retail Display,2025,2,henkel-agorex,concurso_smart_tv,141120.0,0.0,127.0,0.0,12,,,,,,,,unmatched,,,0.08999433106575964,0.0,,,,,False
henkel agorex,concurso smart tv,Retail Display,2025,3,henkel-agorex,concurso_smart_tv,122181.0,0.0,130.0,0.0,17,,,,,,,,unmatched,,,0.10639952202060876,0.0,,,,,False
henkel agorex,cyber day,Retail Display,2025,6,henkel-agorex,cyber_day,91498.0,0.0,158.0,0.0,3,,,,,,,,unmatched,,,0.172681370084592,0.0,,,,,False
henkel agorex,ppi,Retail Display,2025,6,henkel_agorex,ppi,177725.0,0.0,227.0,0.0,13,,,,,,,,unmatched,,,0.12772541848361232,0.0,,,,,False
henkel agorex,ppi,Retail Display,2025,7,henkel_agorex,ppi,175587.0,0.0,195.0,0.0,22,,,,,,,,unmatched,,,0.11105605768080781,0.0,,,,,False
henkel agorex,tapagoteras,Retail Display,2024,7,henkel_agorex,tapagoteras,426016.0,0.0,615.0,0.0,18,,,,,,,,unmatched,,,0.14436077518215276,0.0,,,,,False
hisense,,CRM,2025,7,hisense,,0.0,7592.0,0.0,6446122.0,37,ELECTROHOGAR,HISENSE,AON Julio 2025,2100000.0,44444.0,2055556.0,2.0,probable,aon julio 2025,1.0,,,3.069581904761905,,,0.9788361904761905,True
hisense,,CRM,2025,8,hisense,,0.0,12424.0,0.0,19743260.0,62,,,,,,,,unmatched,,,,,,,,,False
hisense,,CRM,2025,9,hisense,,0.0,17194.0,0.0,28748106.0,56,,,,,,,,unmatched,,,,,,,,,False
hisense,,CRM,2025,10,hisense,,0.0,42412.0,0.0,56422928.0,59,ELECTROHOGAR,HISENSE,AON Octubre 2025,1120000.0,0.0,1120000.0,1.0,probable,aon octubre 2025,1.0,,,50.37761428571429,,,1.0,True
hisense,,CRM,2025,11,hisense,,0.0,30422.0,0.0,48882515.0,60,,,,,,,,unmatched,,,,,,,,,False
hisense,,CRM,2025,12,hisense,,0.0,31796.0,0.0,48652786.0,62,ELECTROHOGAR,HISENSE,AON Hisense 2025,4450000.0,171429.0,4278571.0,4.0,probable,aon hisense 2025,1.0,,,10.933210337078652,,,0.9614766292134831,True
hisense,,CRM,2026,1,hisense,,0.0,36738.0,0.0,29521603.0,62,,,,,,,,unmatched,,,,,,,,,False
hisense,,CRM,2026,2,hisense,,0.0,34243.0,0.0,30703596.0,56,,,,,,,,unmatched,,,,,,,,,False
hisense,,CRM,2026,3,hisense,,0.0,32895.0,0.0,35177147.0,62,,,,,,,,unmatched,,,,,,,,,False
hisense,,CRM,2026,4,hisense,,0.0,39608.0,0.0,14802096.0,55,,,,,,,,unmatched,,,,,,,,,False
hisense,,CRM,2026,5,hisense,,0.0,29321.0,0.0,7787884.0,46,,,,,,,,unmatched,,,,,,,,,False
hisense,,Otros,2026,4,hisense,,115385.0,0.0,67.0,0.0,10,,,,,,,,unmatched,,,0.05806647311175629,0.0,,,,,False
hisense,,Otros,2026,5,hisense,,348709.0,0.0,254.0,0.0,12,,,,,,,,unmatched,,,0.07284010449974047,0.0,,,,,False
hisense,,Sponsored Products,2026,2,HISENSE,,6381.0,0.0,139.0,769970.0,1,,,,,,,,unmatched,,,2.178341952671995,0.0,,,,,False
hisense,,Sponsored Products,2026,4,HISENSE,,46094.0,0.0,593.0,2959920.0,1,,,,,,,,unmatched,,,1.2865014969410336,0.0,,,,,False
hisense,0dznq7mvc,CRM,2024,11,hisense,0DzNQ7mvc,0.0,54043.0,2144.0,879960.0,1,,,,,,,,unmatched,,,,,,,,,False
hisense,1d8ajw3kg,CRM,2024,6,hisense,1D8AjW3Kg,0.0,54087.0,2550.0,1744910.0,1,,,,,,,,unmatched,,,,,,,,,False
hisense,2hfrnwtx8,CRM,2025,12,hisense,2HFRnwtX8,0.0,54007.0,0.0,2361112.0,1,ELECTROHOGAR,HISENSE,AON Hisense 2025,4450000.0,171429.0,4278571.0,4.0,probable,aon hisense 2025,1.0,,,0.5305869662921349,,,0.9614766292134831,True
hisense,30jsxqy18,CRM,2024,6,hisense,30jSXQY18,0.0,106350.0,235.0,4453773.0,1,,,,,,,,unmatched,,,,,,,,,False
hisense,405ttc4sx,CRM,2024,3,hisense,405ttC4Sx,0.0,53925.0,3290.0,2209910.0,1,,,,,,,,unmatched,,,,,,,,,False
hisense,5m34ngq5o,CRM,2025,9,hisense,5m34NGQ5O,0.0,101413.0,499.0,2694982.0,1,,,,,,,,unmatched,,,,,,,,,False
hisense,6189516 007847,CRM,2023,1,hisense,6189516-007847,0.0,54008.0,10961.0,1959920.0,1,,,,,,,,unmatched,,,,,,,,,False
hisense,6189516 009205,CRM,2023,5,hisense,6189516-009205,0.0,101984.0,165.0,1299940.0,1,,,,,,,,unmatched,,,,,,,,,False
hisense,6189516 010995,CRM,2023,9,hisense,6189516-010995,0.0,102053.0,78.0,6488944.0,1,,,,,,,,unmatched,,,,,,,,,False
hisense,6189516 011164,CRM,2023,10,hisense,6189516-011164,0.0,105170.0,145.0,569970.0,1,,,,,,,,unmatched,,,,,,,,,False
hisense,6189516 011234,CRM,2023,10,hisense,6189516-011234,0.0,85495.0,240.0,1034940.0,1,,,,,,,,unmatched,,,,,,,,,False
hisense,akp3niakg,CRM,2025,7,hisense,AKp3nIakG,0.0,53937.0,246.0,2559910.0,1,ELECTROHOGAR,HISENSE,AON Julio 2025,2100000.0,44444.0,2055556.0,2.0,probable,aon julio 2025,1.0,,,1.219004761904762,,8536.585365853658,0.9788361904761905,True
hisense,ao,Google,2025,12,hisense,ao,247949.0,0.0,5859.0,8786044.0,19,ELECTROHOGAR,HISENSE,AON Hisense 2025,1200000.0,0.0,1200000.0,1.0,probable,aon hisense 2025,1.0,2.3629859366240638,0.0,7.321703333333334,4839.704939322199,204.8131080389145,1.0,True
hisense,ao,Google,2026,4,hisense,ao,283896.0,0.0,4641.0,6056440.0,16,ELECTROHOGAR,HISENSE,AON ABRIL HISENSE 2026,1000000.0,0.0,1000000.0,1.0,probable,aon abril hisense 2026,1.0,1.6347535717304926,0.0,6.05644,3522.4166596218333,215.47080370609783,1.0,True
hisense,ao,Google,2026,5,hisense,ao,278419.0,0.0,5681.0,14149756.0,23,ELECTROHOGAR,HISENSE,AON MAYO HISENSE 2026,1086000.0,0.0,1086000.0,1.0,probable,aon mayo hisense 2026,1.0,2.0404498256225327,0.0,13.029241252302025,3900.595864506374,191.1635275479669,1.0,True
hisense,ao,Retail Display,2025,2,hisense,ao,384459.0,0.0,1010.0,0.0,23,ELECTROHOGAR,HISENSE,Tactica febrero,900000.0,720000.0,180000.0,1.0,probable,tactica febrero,1.0,0.26270681659162615,0.0,0.0,2340.9518310144904,891.0891089108911,0.2,True
hisense,ao,Retail Display,2025,5,hisense,ao,220990.0,0.0,680.0,0.0,15,,,,,,,,unmatched,,,0.3077062310511788,0.0,,,,,False
hisense,ao,Retail Display,2025,6,hisense,ao,9861.0,0.0,26.0,0.0,5,,,,,,,,unmatched,,,0.26366494270357976,0.0,,,,,False
hisense,ao,Retail Display,2025,12,hisense,ao,232970.0,0.0,204.0,0.0,19,ELECTROHOGAR,HISENSE,AON Hisense 2025,600000.0,480000.0,120000.0,2.0,probable,aon hisense 2025,1.0,0.08756492252221315,0.0,0.0,2575.4388977121516,2941.176470588235,0.2,True
hisense,aon,Retail Display,2025,8,hisense,aon,311122.0,0.0,481.0,0.0,14,,,,,,,,unmatched,,,0.15460173179652997,0.0,,,,,False
hisense,aon,Retail Display,2025,9,hisense,aon,102736.0,0.0,187.0,0.0,7,ELECTROHOGAR,HISENSE,AON Septiembre,800000.0,0.0,800000.0,1.0,probable,aon septiembre,1.0,0.18201993458962779,0.0,0.0,7786.94907335306,4278.07486631016,1.0,True
hisense,aon febrero 2026,CRM,2026,3,hisense,AON Febrero 2026,0.0,310827.0,0.0,8442728.0,1,,,,,,,,unmatched,,,,,,,,,False
hisense,aon hisense,Sponsored Products,2026,4,HISENSE,aon_hisense,35108.0,0.0,950.0,1019960.0,1,,,,,,,,unmatched,,,2.705935969009912,0.0,,,,,False
hisense,bav9m46kl,CRM,2025,4,hisense,BaV9m46Kl,0.0,101298.0,482.0,2637063.0,1,ELECTROHOGAR,HISENSE,AON ABRIL 2025,1000000.0,50000.0,950000.0,1.0,probable,aon abril 2025,1.0,,,2.637063,,2074.688796680498,0.95,True
hisense,black friday,Retail Display,2024,11,hisense,black_friday,112771.0,0.0,433.0,0.0,2,,,,,,,,unmatched,,,0.38396396236621116,0.0,,,,,False
hisense,black friday,Retail Display,2024,12,hisense,black_friday,152517.0,0.0,453.0,0.0,2,,,,,,,,unmatched,,,0.29701607033969984,0.0,,,,,False
hisense,black friday,Retail Display,2025,11,hisense,black_friday,138561.0,0.0,239.0,0.0,3,,,,,,,,unmatched,,,0.17248720780017465,0.0,,,,,False
hisense,black friday,Retail Display,2025,12,hisense,black_friday,10778.0,0.0,13.0,0.0,1,ELECTROHOGAR,HISENSE,AON Hisense 2025,600000.0,480000.0,120000.0,2.0,probable,aon hisense 2025,1.0,0.12061606977175729,0.0,0.0,55668.955279272595,46153.846153846156,0.2,True
hisense,black marzo hisense 2026,CRM,2026,3,hisense,Black Marzo HISENSE 2026,0.0,134881.0,421.0,4745307.0,1,,,,,,,,unmatched,,,,,,,,,False
hisense,black week,Retail Display,2025,3,hisense,black_week,87319.0,0.0,408.0,0.0,6,ELECTROHOGAR,HISENSE,Black Marzo 2025,400000.0,320000.0,80000.0,1.0,probable,black marzo 2025,1.0,0.4672522589585314,0.0,0.0,4580.9044995934455,980.3921568627451,0.2,True
hisense,black week,Retail Display,2025,4,hisense,black_week,210335.0,0.0,705.0,0.0,8,,,,,,,,unmatched,,,0.3351795944564623,0.0,,,,,False
hisense,black week,Retail Display,2026,3,hisense,black_week,44783.0,0.0,67.0,0.0,7,,,,,,,,unmatched,,,0.1496103432105933,0.0,,,,,False
hisense,black week,Retail Display,2026,4,hisense,black_week,24450.0,0.0,42.0,0.0,5,,,,,,,,unmatched,,,0.17177914110429449,0.0,,,,,False
hisense,black week,Sponsored Products,2026,3,HISENSE,black_week,116958.0,0.0,3350.0,17069380.0,1,,,,,,,,unmatched,,,2.8642760649121906,0.0,,,,,False
hisense,bm0epbuyj,CRM,2025,6,hisense,Bm0EpbuYj,0.0,36833.0,315.0,1508800.0,1,,,,,,,,unmatched,,,,,,,,,False
hisense,c dzrt64k,CRM,2024,4,hisense,c-dzRT64k,0.0,53978.0,2912.0,980834.0,1,,,,,,,,unmatched,,,,,,,,,False
hisense,cjio8h8tt,CRM,2025,11,hisense,cJIo8H8tt,0.0,53978.0,0.0,3370833.0,1,,,,,,,,unmatched,,,,,,,,,False
hisense,co brand,Retail Display,2024,12,hisense,co_brand,347631.0,0.0,890.0,0.0,26,,,,,,,,unmatched,,,0.2560185944291504,0.0,,,,,False
hisense,cyber day,Retail Display,2024,6,hisense,cyber_day,388102.0,0.0,1409.0,0.0,3,,,,,,,,unmatched,,,0.3630488892095377,0.0,,,,,False
hisense,cyber day,Retail Display,2025,6,hisense,cyber_day,141159.0,0.0,403.0,0.0,3,,,,,,,,unmatched,,,0.28549366317415115,0.0,,,,,False
hisense,cyber monday,Retail Display,2024,9,hisense,cyber_monday,68409.0,0.0,214.0,0.0,1,,,,,,,,unmatched,,,0.312824335979184,0.0,,,,,False
hisense,cyber monday,Retail Display,2024,10,hisense,cyber_monday,215425.0,0.0,359.0,0.0,2,,,,,,,,unmatched,,,0.16664732505512359,0.0,,,,,False
hisense,cyber monday,Retail Display,2025,10,hisense,cyber_monday,366897.0,0.0,998.0,0.0,3,,,,,,,,unmatched,,,0.272010945851288,0.0,,,,,False
hisense,emacspf4x,CRM,2025,12,hisense,eMacsPf4x,0.0,54050.0,0.0,1097171.0,1,ELECTROHOGAR,HISENSE,AON Hisense 2025,4450000.0,171429.0,4278571.0,4.0,probable,aon hisense 2025,1.0,,,0.2465552808988764,,,0.9614766292134831,True
hisense,f9y1ajhzt,CRM,2025,10,hisense,f9Y1AjHzT,0.0,54170.0,165.0,5961231.0,1,ELECTROHOGAR,HISENSE,AON Octubre 2025,1120000.0,0.0,1120000.0,1.0,probable,aon octubre 2025,1.0,,,5.322527678571428,,6787.878787878788,1.0,True
hisense,fmxzzxfms,CRM,2024,11,hisense,FMXzzXfms,0.0,101355.0,384.0,2053818.0,1,,,,,,,,unmatched,,,,,,,,,False
hisense,ges 0iszm,CRM,2024,3,hisense,geS-0iszM,0.0,101949.0,491.0,3794441.0,1,,,,,,,,unmatched,,,,,,,,,False
hisense,i4xvlhdvw,CRM,2024,6,hisense,i4XvLHdvw,0.0,29362.0,2202.0,184990.0,1,,,,,,,,unmatched,,,,,,,,,False
hisense,iw6f7f6oj,CRM,2024,4,hisense,Iw6f7f6oj,0.0,60355.0,142.0,2997049.0,1,,,,,,,,unmatched,,,,,,,,,False
hisense,iwxf22nnq,CRM,2024,4,hisense,IwXF22NNQ,0.0,101235.0,489.0,1374920.0,1,,,,,,,,unmatched,,,,,,,,,False
hisense,l0wzjbhh,CRM,2025,12,hisense,l0wZJbHh-,0.0,369414.0,0.0,12974475.0,1,ELECTROHOGAR,HISENSE,AON Hisense 2025,4450000.0,171429.0,4278571.0,4.0,probable,aon hisense 2025,1.0,,,2.9156123595505616,,,0.9614766292134831,True
hisense,l6e6hsmg3,CRM,2024,12,hisense,L6E6hsmg3,0.0,53990.0,1855.0,709970.0,1,,,,,,,,unmatched,,,,,,,,,False
hisense,lanzamiento,Retail Display,2025,12,hisense,lanzamiento,315742.0,0.0,487.0,0.0,30,ELECTROHOGAR,HISENSE,AON Hisense 2025,600000.0,480000.0,120000.0,2.0,probable,aon hisense 2025,1.0,0.15423985405806007,0.0,0.0,1900.2856762800006,1232.0328542094455,0.2,True
hisense,lanzamiento lavadora,Retail Display,2025,8,hisense,lanzamiento_lavadora,49790.0,0.0,75.0,0.0,1,,,,,,,,unmatched,,,0.1506326571600723,0.0,,,,,False
hisense,lanzamiento lavadora,Retail Display,2025,9,hisense,lanzamiento_lavadora,164254.0,0.0,171.0,0.0,4,ELECTROHOGAR,HISENSE,AON Septiembre,800000.0,0.0,800000.0,1.0,probable,aon septiembre,1.0,0.1041070537094987,0.0,0.0,4870.505436701694,4678.362573099415,1.0,True
hisense,lavadoras,Retail Display,2025,10,hisense,lavadoras,75550.0,0.0,52.0,0.0,2,,,,,,,,unmatched,,,0.06882859033752481,0.0,,,,,False
hisense,lavadoras,Retail Display,2025,11,hisense,lavadoras,112738.0,0.0,78.0,0.0,3,,,,,,,,unmatched,,,0.06918696446628465,0.0,,,,,False
hisense,lguep0c2h,CRM,2024,10,hisense,LGUeP0C2h,0.0,102283.0,527.0,3395096.0,1,,,,,,,,unmatched,,,,,,,,,False
hisense,linea blanca,Retail Display,2025,7,hisense,linea_blanca,297711.0,0.0,439.0,0.0,17,ELECTROHOGAR,HISENSE,AON Julio 2025,1100000.0,880000.0,220000.0,1.0,probable,aon julio 2025,1.0,0.1474584412399945,0.0,0.0,3694.8584365374477,2505.6947608200458,0.2,True
hisense,lm4kaogwa,CRM,2024,6,hisense,Lm4kAoGwa,0.0,106259.0,252.0,1660108.0,1,,,,,,,,unmatched,,,,,,,,,False
hisense,n3n5pr5nb,CRM,2025,1,hisense,n3n5pR5NB,0.0,101175.0,495.0,5113521.0,1,,,,,,,,unmatched,,,,,,,,,False
hisense,n3tgc20qs,CRM,2025,11,hisense,N3TGC20QS,0.0,101384.0,461.0,4621068.0,1,,,,,,,,unmatched,,,,,,,,,False
hisense,qrta1k6le,CRM,2024,8,hisense,qRta1k6le,0.0,50540.0,213.0,129990.0,1,,,,,,,,unmatched,,,,,,,,,False
hisense,r6xn5erys,CRM,2024,9,hisense,r6xN5ERyS,0.0,53913.0,2147.0,1099950.0,1,,,,,,,,unmatched,,,,,,,,,False
hisense,refrigeradores hero,Retail Display,2025,10,hisense,refrigeradores_hero,40126.0,0.0,56.0,0.0,5,,,,,,,,unmatched,,,0.13956038478791805,0.0,,,,,False
hisense,refrigeradores hero,Retail Display,2025,11,hisense,refrigeradores_hero,34922.0,0.0,39.0,0.0,2,,,,,,,,unmatched,,,0.11167745260867075,0.0,,,,,False
hisense,refrigeradores hero model,Retail Display,2025,12,hisense,refrigeradores_hero_model,117589.0,0.0,187.0,0.0,30,ELECTROHOGAR,HISENSE,AON Hisense 2025,600000.0,480000.0,120000.0,2.0,probable,aon hisense 2025,1.0,0.15902848055515398,0.0,0.0,5102.518092678736,3208.5561497326203,0.2,True
hisense,rkzhd66l8,CRM,2024,8,hisense,rkZHD66l8,0.0,50388.0,137.0,1111065.0,1,,,,,,,,unmatched,,,,,,,,,False
hisense,semana marca,Retail Display,2024,10,hisense,semana_marca,284661.0,0.0,989.0,0.0,9,,,,,,,,unmatched,,,0.3474308036576841,0.0,,,,,False
hisense,semana marca,Retail Display,2024,11,hisense,semana_marca,85957.0,0.0,310.0,0.0,3,,,,,,,,unmatched,,,0.36064543899856905,0.0,,,,,False
hisense,semana marca,Retail Display,2025,1,hisense,semana_marca,746974.0,0.0,1735.0,0.0,4,ELECTROHOGAR,HISENSE,AON Enero,3200000.0,960000.0,2240000.0,2.0,probable,aon enero,1.0,0.23227046724517852,0.0,0.0,4283.950980890901,1844.3804034582133,0.7,True
hisense,semana marca,Retail Display,2025,2,hisense,semana_marca,302946.0,0.0,703.0,0.0,3,ELECTROHOGAR,HISENSE,Tactica febrero,900000.0,720000.0,180000.0,1.0,probable,tactica febrero,1.0,0.2320545575779182,0.0,0.0,2970.8264839278286,1280.2275960170698,0.2,True
hisense,snktwsl8d,CRM,2024,12,hisense,SnkTwSl8D,0.0,102118.0,338.0,1391030.0,1,,,,,,,,unmatched,,,,,,,,,False
hisense,tugmq9cbz,CRM,2024,2,hisense,TUgMQ9cbZ,0.0,101586.0,441.0,5494780.0,1,,,,,,,,unmatched,,,,,,,,,False
hisense,tve8k5wke,CRM,2025,12,hisense,TvE8k5Wke,0.0,101499.0,454.0,5066730.0,1,ELECTROHOGAR,HISENSE,AON Hisense 2025,4450000.0,171429.0,4278571.0,4.0,probable,aon hisense 2025,1.0,,,1.138591011235955,,9801.762114537445,0.9614766292134831,True
hisense,vdpufuodi,CRM,2024,1,hisense,VDpufuODi,0.0,101269.0,194.0,4612485.0,1,,,,,,,,unmatched,,,,,,,,,False
hisense,xpbqna 2c,CRM,2025,4,hisense,XPbqna-2C,0.0,54054.0,345.0,1844546.0,1,ELECTROHOGAR,HISENSE,AON ABRIL 2025,1000000.0,50000.0,950000.0,1.0,probable,aon abril 2025,1.0,,,1.844546,,2898.550724637681,0.95,True
hisense,xyongt gs,CRM,2024,4,hisense,xyOngT-GS,0.0,92179.0,417.0,3399558.0,1,,,,,,,,unmatched,,,,,,,,,False
hisense,zrglkjvwr,CRM,2025,8,hisense,ZRglKJVwr,0.0,53974.0,240.0,2055538.0,1,,,,,,,,unmatched,,,,,,,,,False
hoffens,6189516 007645,CRM,2023,1,hoffens,6189516-007645,0.0,32098.0,6186.0,6865513.0,1,,,,,,,,unmatched,,,,,,,,,False
hoffens,7wskwa2ov,CRM,2024,1,hoffens,7WSKWA2Ov,0.0,50919.0,108.0,2207625.0,1,,,,,,,,unmatched,,,,,,,,,False
hoffens,bbllgkjao,CRM,2025,2,hoffens,BblLgKjao,0.0,27292.0,213.0,8448329.0,1,,,,,,,,unmatched,,,,,,,,,False
hoffens,zogvrfkuf,CRM,2024,1,hoffens,zOGvrFKuf,0.0,50704.0,124.0,6018247.0,1,,,,,,,,unmatched,,,,,,,,,False
hoga,6189516 010153,CRM,2023,7,hoga,6189516-010153,0.0,101237.0,130.0,333940.0,1,,,,,,,,unmatched,,,,,,,,,False
hoga,6189516 010488,CRM,2023,8,hoga,6189516-010488,0.0,101340.0,87.0,3099803.0,1,,,,,,,,unmatched,,,,,,,,,False
hoga,muebles pisos,Retail Display,2024,8,hoga,muebles_pisos,32193.0,0.0,108.0,0.0,3,,,,,,,,unmatched,,,0.33547665641599106,0.0,,,,,False
hoga,muebles pisos,Retail Display,2024,9,hoga,muebles_pisos,226313.0,0.0,903.0,0.0,12,,,,,,,,unmatched,,,0.3990049179675935,0.0,,,,,False
hoga,odrw0lwvb,CRM,2024,10,hoga,Odrw0LwvB,0.0,99886.0,421.0,982833.0,1,,,,,,,,unmatched,,,,,,,,,False
hoga,pisos,Retail Display,2024,10,hoga,pisos,94283.0,0.0,168.0,0.0,8,,,,,,,,unmatched,,,0.1781869478060732,0.0,,,,,False
hoga,pisos,Retail Display,2024,11,hoga,pisos,31603.0,0.0,55.0,0.0,4,,,,,,,,unmatched,,,0.17403411068569438,0.0,,,,,False
home mobili,aon b y c,Sponsored Products,2026,4,HOME MOBILI,aon_b_y_c,66390.0,0.0,1125.0,579960.0,1,,,,,,,,unmatched,,,1.6945323090826931,0.0,,,,,False
home mobili,aon dormitorio,Sponsored Products,2026,4,HOME MOBILI,aon_dormitorio,30247.0,0.0,763.0,0.0,1,,,,,,,,unmatched,,,2.522564221245082,0.0,,,,,False
home mobili,aon febrero bano y cocina 2026,Sponsored Products,2026,2,HOME MOBILI,aon_febrero_bano_y_cocina_2026,37247.0,0.0,743.0,604960.0,1,,,,,,,,unmatched,,,1.994791526834376,0.0,,,,,False
home mobili,aon febrero muebles 2026,Sponsored Products,2026,2,HOME MOBILI,aon_febrero_muebles_2026,57489.0,0.0,1699.0,3133610.0,1,,,,,,,,unmatched,,,2.9553479796134914,0.0,,,,,False
home mobili,aon muebles,Sponsored Products,2026,4,HOME MOBILI,aon_muebles,27854.0,0.0,788.0,69990.0,1,,,,,,,,unmatched,,,2.829037122136856,0.0,,,,,False
home mobili,black week,Sponsored Products,2026,3,HOME MOBILI,black_week,206718.0,0.0,5737.0,9001590.0,1,,,,,,,,unmatched,,,2.775278398591318,0.0,,,,,False
homemobili,7a7nz10 c,CRM,2025,6,homemobili,7a7NZ10-C,0.0,14998.0,286.0,503984.0,1,,,,,,,,unmatched,,,,,,,,,False
homemobili,csjvluhk6,CRM,2025,12,homemobili,csjVLuhK6,0.0,54105.0,0.0,473950.0,1,,,,,,,,unmatched,,,,,,,,,False
homemobili,cyber day,Retail Display,2025,6,homemobili,cyber_day,118892.0,0.0,571.0,0.0,3,,,,,,,,unmatched,,,0.4802678060761027,0.0,,,,,False
homemobili,cyber monday,Retail Display,2025,10,homemobili,cyber_monday,110316.0,0.0,570.0,0.0,1,MUEBLES,HOMEMOBILI,Cyber Octubre 2025,300000.0,240000.0,60000.0,1.0,probable,cyber octubre 2025,1.0,0.5166974872185358,0.0,0.0,2719.4604590449253,526.3157894736842,0.2,True
homemobili,luypmko5o,CRM,2024,6,homemobili,LuYPmKo5O,0.0,105193.0,243.0,269970.0,1,,,,,,,,unmatched,,,,,,,,,False
homemobili,muebles bts,Retail Display,2025,2,homemobili,muebles_bts,76935.0,0.0,446.0,0.0,17,MUEBLES,HOMEMOBILI,BTS 2025,200000.0,160000.0,40000.0,1.0,probable,bts 2025,1.0,0.5797101449275363,0.0,0.0,2599.5970624553192,448.4304932735426,0.2,True
homemobili,owbveh0c2,CRM,2024,6,homemobili,oWBvEH0C2,0.0,105374.0,316.0,817930.0,1,,,,,,,,unmatched,,,,,,,,,False
homemobili,vtu4k6fy8,CRM,2025,10,homemobili,VTu4k6fY8,0.0,16648.0,134.0,830900.0,1,MUEBLES,HOMEMOBILI,Cyber Octubre 2025,500000.0,27119.0,472881.0,1.0,probable,cyber octubre 2025,1.0,,,1.6618,,3731.3432835820895,0.945762,True
homemobili,x 69pxesl,CRM,2025,11,homemobili,X-69pxESl,0.0,54131.0,0.0,1116910.0,1,,,,,,,,unmatched,,,,,,,,,False
homy,aon byc,Sponsored Products,2026,4,HOMY,aon_byc,1477.0,0.0,37.0,0.0,1,,,,,,,,unmatched,,,2.5050778605280972,0.0,,,,,False
homy,aon marzo 2026 muebles,Sponsored Products,2026,3,HOMY,aon_marzo_2026_muebles,8290.0,0.0,125.0,329990.0,1,,,,,,,,unmatched,,,1.5078407720144753,0.0,,,,,False
hunter,51 9hpdy3,CRM,2024,1,hunter,51-9HpDY3,0.0,48562.0,115.0,111990.0,1,,,,,,,,unmatched,,,,,,,,,False
hunter,6189516 012118,CRM,2023,12,hunter,6189516-012118,0.0,102208.0,170.0,151070.0,1,,,,,,,,unmatched,,,,,,,,,False
hunter,6189516 012221,CRM,2023,12,hunter,6189516-012221,0.0,101200.0,133.0,469970.0,1,,,,,,,,unmatched,,,,,,,,,False
hunter,airolite,Meta,2024,1,hunter,airolite,764101.0,0.0,1098.0,0.0,27,,,,,,,,unmatched,,,0.14369828072466861,0.0,,,,,False
hunter,dxu2b7rty,CRM,2025,1,hunter,Dxu2b7rTY,0.0,3.0,3.0,329980.0,1,,,,,,,,unmatched,,,,,,,,,False
hunter,sv0gkr8xl,CRM,2024,1,hunter,sV0GKr8xl,0.0,100594.0,405.0,855940.0,1,,,,,,,,unmatched,,,,,,,,,False
hunter,wph8lwoq8,CRM,2024,1,hunter,WPh8lWOq8,0.0,45641.0,101.0,289980.0,1,,,,,,,,unmatched,,,,,,,,,False
hunter airolite,ventiladores,Retail Display,2024,12,hunter-airolite,ventiladores,343803.0,0.0,778.0,0.0,10,,,,,,,,unmatched,,,0.2262923825562895,0.0,,,,,False
husqvarna,2bjtbqoil,CRM,2025,4,husqvarna,2BJTBqOIl,0.0,30026.0,359.0,1079103.0,1,JARDIN,HUSQVARNA,Multa Fillrate - Jardín Fest,300000.0,50000.0,250000.0,1.0,probable,multa fillrate jardin fest,1.0,,,3.59701,,835.6545961002786,0.8333333333333334,True
husqvarna,5xzoravom,CRM,2024,11,husqvarna,5XzOrAvOm,0.0,83.0,2.0,6178090.0,1,,,,,,,,unmatched,,,,,,,,,False
husqvarna,gz2h jmno,CRM,2024,9,husqvarna,GZ2h-JMNO,0.0,265.0,2.0,31324233.0,1,,,,,,,,unmatched,,,,,,,,,False
husqvarna,heb7xgj2j,CRM,2025,4,husqvarna,HeB7xgj2J,0.0,61.0,0.0,5455226.0,1,JARDIN,HUSQVARNA,Multa Fillrate - Jardín Fest,300000.0,50000.0,250000.0,1.0,probable,multa fillrate jardin fest,1.0,,,18.184086666666666,,,0.8333333333333334,True
husqvarna,jardin fest,Google,2025,4,husqvarna,jardin_fest,69473.0,0.0,1475.0,364190.0,9,JARDIN,HUSQVARNA,Multa Fillrate - Jardín Fest,500000.0,0.0,500000.0,2.0,probable,multa fillrate jardin fest,1.0,2.123126970189858,0.0,0.72838,7197.040576914772,338.9830508474576,1.0,True
husqvarna,jardin fest,Google,2025,5,husqvarna,jardin_fest,63305.0,0.0,1288.0,189990.0,12,JARDIN,HUSQVARNA,Cyber Junio 2025,900000.0,0.0,900000.0,1.0,probable,cyber junio 2025,1.0,2.034594423821183,0.0,0.2111,14216.886501856094,698.7577639751553,1.0,True
husqvarna,jardin fest,Google,2025,6,husqvarna,jardin_fest,68046.0,0.0,1358.0,5572370.0,4,,,,,,,,unmatched,,,1.9957087852335182,0.0,,,,,False
husqvarna,jardin fest,Google,2025,12,husqvarna,jardin_fest,95640.0,0.0,1299.0,2149560.0,22,JARDIN,HUSQVARNA,Tactico Fillrate,300000.0,0.0,300000.0,1.0,probable,tactico fillrate,1.0,1.3582183186951067,0.0,7.1652,3136.7628607277293,230.94688221709006,1.0,True
husqvarna,jardin fest,Google,2026,1,husqvarna,jardin_fest,92266.0,0.0,1489.0,1503070.0,24,JARDIN,HUSQVARNA,Tactico Fillrate,300000.0,0.0,300000.0,1.0,probable,tactico fillrate,1.0,1.613812238527735,0.0,5.010233333333334,3251.468579975289,201.4775016789792,1.0,True
husqvarna,jardin fest,Google,2026,2,husqvarna,jardin_fest,150354.0,0.0,2450.0,4726811.0,25,JARDIN,HUSQVARNA,Tactico Febrero 2026,400000.0,0.0,400000.0,1.0,probable,tactico febrero 2026,1.0,1.6294877422615959,0.0,11.8170275,2660.3881506311773,163.26530612244898,1.0,True
husqvarna,jardin fest,Meta,2025,4,husqvarna,jardin_fest,293907.0,0.0,4904.0,0.0,6,,,,,,,,unmatched,,,1.6685550191046827,0.0,,,,,False
husqvarna,jardin fest,Meta,2025,5,husqvarna,jardin_fest,207467.0,0.0,1992.0,0.0,2,,,,,,,,unmatched,,,0.9601526989834528,0.0,,,,,False
husqvarna,jardin fest,Retail Display,2025,4,husqvarna,jardin_fest,107676.0,0.0,322.0,0.0,6,JARDIN,HUSQVARNA,Multa Fillrate - Jardín Fest,1100000.0,240000.0,860000.0,2.0,probable,multa fillrate jardin fest,1.0,0.2990452840001486,0.0,0.0,10215.83268323489,3416.1490683229813,0.7818181818181819,True
husqvarna,jardin fest,Retail Display,2025,5,husqvarna,jardin_fest,25033.0,0.0,77.0,0.0,2,JARDIN,HUSQVARNA,Cyber Junio 2025 media vitrina,900000.0,0.0,900000.0,1.0,probable,cyber junio 2025 media vitrina,1.0,0.3075939759517437,0.0,0.0,35952.5426437103,11688.311688311689,1.0,True
husqvarna,lz832gf5y,CRM,2025,6,husqvarna,Lz832Gf5Y,0.0,106151.0,149.0,1449245.0,1,,,,,,,,unmatched,,,,,,,,,False
husqvarna,mc45fswiy,CRM,2025,10,husqvarna,MC45fSWiY,0.0,106297.0,341.0,3152620.0,1,JARDIN,HUSQVARNA,Cyber Octubre 2025,500000.0,27119.0,472881.0,1.0,probable,cyber octubre 2025,1.0,,,6.30524,,1466.275659824047,0.945762,True
husqvarna,nyzvz8dys,CRM,2024,6,husqvarna,nYZvZ8dys,0.0,23.0,1.0,3166300.0,1,,,,,,,,unmatched,,,,,,,,,False
husqvarna,ojepykjxv,CRM,2025,4,husqvarna,OJEpYkjXV,0.0,7.0,0.0,64219.0,1,JARDIN,HUSQVARNA,Multa Fillrate - Jardín Fest,300000.0,50000.0,250000.0,1.0,probable,multa fillrate jardin fest,1.0,,,0.21406333333333333,,,0.8333333333333334,True
husqvarna,sfl0xorhe,CRM,2025,10,husqvarna,sFL0xoRHE,0.0,106256.0,179.0,2138500.0,1,JARDIN,HUSQVARNA,Cyber Octubre 2025,500000.0,27119.0,472881.0,1.0,probable,cyber octubre 2025,1.0,,,4.277,,2793.2960893854747,0.945762,True
hyundai,6189516 008021,CRM,2023,2,hyundai,6189516-008021,0.0,41195.0,5942.0,780950.0,1,,,,,,,,unmatched,,,,,,,,,False
hyundai,6189516 008436,CRM,2023,3,hyundai,6189516-008436,0.0,101398.0,230.0,354970.0,1,,,,,,,,unmatched,,,,,,,,,False
hyundai,6189516 008719,CRM,2023,4,hyundai,6189516-008719,0.0,101157.0,182.0,360770.0,1,,,,,,,,unmatched,,,,,,,,,False
hyundai,6189516 008735,CRM,2023,3,hyundai,6189516-008735,0.0,24027.0,6098.0,1934323.0,1,,,,,,,,unmatched,,,,,,,,,False
hyundai,6189516 008777,CRM,2023,4,hyundai,6189516-008777,0.0,30590.0,0.0,9980.0,1,,,,,,,,unmatched,,,,,,,,,False
hyundai,herramientas cyber day,Retail Display,2024,6,hyundai,herramientas_cyber_day,401891.0,0.0,2273.0,0.0,3,,,,,,,,unmatched,,,0.5655762383332794,0.0,,,,,False
hyundai jardin,cyber monday,Retail Display,2024,9,hyundai-jardin,cyber_monday,101514.0,0.0,361.0,0.0,1,,,,,,,,unmatched,,,0.3556159741513486,0.0,,,,,False
hyundai jardin,cyber monday,Retail Display,2024,10,hyundai-jardin,cyber_monday,187781.0,0.0,581.0,0.0,2,,,,,,,,unmatched,,,0.3094029747418535,0.0,,,,,False
igal,black friday,Retail Display,2025,11,igal,black_friday,75423.0,0.0,109.0,0.0,3,PUERTAS/VENTANAS/MOLDURAS,IGAL,Black Noviembre 2025,269755.0,215804.0,53951.0,1.0,probable,black noviembre 2025,1.0,0.14451825040107127,0.0,0.0,3576.561526324861,2474.816513761468,0.2,True
igal,black friday,Retail Display,2025,12,igal,black_friday,24889.0,0.0,35.0,0.0,1,,,,,,,,unmatched,,,0.14062437221262405,0.0,,,,,False
ignisterra,0ic7a5spl,CRM,2024,6,ignisterra,0IC7A5sPl,0.0,106339.0,438.0,653980.0,1,,,,,,,,unmatched,,,,,,,,,False
ignisterra,6189516 011159,CRM,2023,10,ignisterra,6189516-011159,0.0,95609.0,46.0,49090.0,1,,,,,,,,unmatched,,,,,,,,,False
ignisterra,6189516 011417,CRM,2023,10,ignisterra,6189516-011417,0.0,101441.0,456.0,921722.0,1,,,,,,,,unmatched,,,,,,,,,False
ignisterra,6189516 012033,CRM,2023,11,ignisterra,6189516-012033,0.0,101184.0,248.0,275990.0,1,,,,,,,,unmatched,,,,,,,,,False
ignisterra,70wffoiw0,CRM,2024,6,ignisterra,70wffOIw0,0.0,103314.0,265.0,1735900.0,1,,,,,,,,unmatched,,,,,,,,,False
ignisterra,cyber day,Retail Display,2024,6,ignisterra,cyber_day,205583.0,0.0,2469.0,0.0,3,,,,,,,,unmatched,,,1.2009747887714453,0.0,,,,,False
ilko,6189516 010575,CRM,2023,8,ilko,6189516-010575,0.0,101364.0,161.0,1041082.0,1,,,,,,,,unmatched,,,,,,,,,False
ilko,6189516 010927,CRM,2023,9,ilko,6189516-010927,0.0,102009.0,173.0,1706183.0,1,,,,,,,,unmatched,,,,,,,,,False
ilko,cyber monday,Retail Display,2024,9,ilko,cyber_monday,82794.0,0.0,492.0,0.0,1,,,,,,,,unmatched,,,0.5942459598521632,0.0,,,,,False
ilko,cyber monday,Retail Display,2024,10,ilko,cyber_monday,138318.0,0.0,672.0,0.0,2,,,,,,,,unmatched,,,0.48583698434043293,0.0,,,,,False
imel,6189516 009391,CRM,2023,5,imel,6189516-009391,0.0,72012.0,242.0,0.0,1,,,,,,,,unmatched,,,,,,,,,False
imel,6189516 009507,CRM,2023,5,imel,6189516-009507,0.0,70863.0,33.0,0.0,1,,,,,,,,unmatched,,,,,,,,,False
imel,6189516 009523,CRM,2023,5,imel,6189516-009523,0.0,70826.0,91.0,0.0,1,,,,,,,,unmatched,,,,,,,,,False
imel,6189516 009642,CRM,2023,5,imel,6189516-009642,0.0,6884.0,0.0,0.0,1,,,,,,,,unmatched,,,,,,,,,False
imperial,black week,Retail Display,2026,3,imperial,black_week,19640.0,0.0,31.0,0.0,1,,,,,,,,unmatched,,,0.15784114052953155,0.0,,,,,False
imperial,black week,Retail Display,2026,4,imperial,black_week,172693.0,0.0,246.0,0.0,5,HERRAMIENTAS Y MAQUINARIAS,IMPERIAL,Black Marzo 2026,500000.0,400000.0,100000.0,1.0,probable,black marzo 2026,1.0,0.14244931757511886,0.0,0.0,2895.3113328276186,2032.520325203252,0.2,True
indura,,CRM,2025,5,indura,,0.0,251.0,0.0,880302.0,1,HERRAMIENTAS Y MAQUINARIAS,INDURA,Campaña PPI,475000.0,0.0,475000.0,1.0,probable,campana ppi,1.0,,,1.8532673684210526,,,1.0,True
indura,,CRM,2025,6,indura,,0.0,3713.0,0.0,6529913.0,24,HERRAMIENTAS Y MAQUINARIAS,INDURA,Campaña PPI,475000.0,0.0,475000.0,1.0,probable,campana ppi,1.0,,,13.747185263157895,,,1.0,True
indura,,CRM,2025,7,indura,,0.0,3251.0,0.0,4389295.0,30,,,,,,,,unmatched,,,,,,,,,False
indura,,CRM,2025,8,indura,,0.0,698.0,0.0,987693.0,10,HERRAMIENTAS Y MAQUINARIAS,INDURA,Campaña AON PRO Ago/Sept,1500000.0,0.0,1500000.0,1.0,probable,campana aon pro ago sept,1.0,,,0.658462,,,1.0,True
indura,,CRM,2025,9,indura,,0.0,1074.0,0.0,1166993.0,27,HERRAMIENTAS Y MAQUINARIAS,INDURA,Campaña AON PRO Ago/Sept,1500000.0,0.0,1500000.0,1.0,probable,campana aon pro ago sept,1.0,,,0.7779953333333334,,,1.0,True
indura,,CRM,2025,10,indura,,0.0,3445.0,0.0,7808029.0,28,,,,,,,,unmatched,,,,,,,,,False
indura,,CRM,2025,11,indura,,0.0,1349.0,0.0,2436419.0,29,HERRAMIENTAS Y MAQUINARIAS,INDURA,Black Noviembre 2025,700000.0,0.0,700000.0,1.0,probable,black noviembre 2025,1.0,,,3.480598571428571,,,1.0,True
indura,,CRM,2025,12,indura,,0.0,1238.0,0.0,2545712.0,29,,,,,,,,unmatched,,,,,,,,,False
indura,,CRM,2026,1,indura,,0.0,1470.0,0.0,2852580.0,31,,,,,,,,unmatched,,,,,,,,,False
indura,,CRM,2026,2,indura,,0.0,1530.0,0.0,3180553.0,28,,,,,,,,unmatched,,,,,,,,,False
indura,,CRM,2026,3,indura,,0.0,3042.0,0.0,9415808.0,31,HERRAMIENTAS Y MAQUINARIAS,INDURA,Mes del Maestro,0.0,53333.0,-53333.0,1.0,probable,mes del maestro,1.0,,,,,,,False
indura,,CRM,2026,4,indura,,0.0,5291.0,0.0,7131018.0,25,HERRAMIENTAS Y MAQUINARIAS,INDURA,Abril Herramientas Mil,0.0,27586.0,-27586.0,1.0,probable,abril herramientas mil,1.0,,,,,,,False
indura,,CRM,2026,5,indura,,0.0,7731.0,0.0,2762952.0,21,HERRAMIENTAS Y MAQUINARIAS,INDURA,Campaña PPI,1200000.0,61538.0,1138462.0,1.0,probable,campana ppi,1.0,,,2.30246,,,0.9487183333333333,True
indura,6189516 008455,CRM,2023,3,indura,6189516-008455,0.0,101149.0,113.0,9595987.0,1,,,,,,,,unmatched,,,,,,,,,False
indura,6189516 008636,CRM,2023,3,indura,6189516-008636,0.0,101268.0,229.0,6868945.0,1,,,,,,,,unmatched,,,,,,,,,False
indura,6oldvwvhd,CRM,2025,11,indura,6OldvWVhD,0.0,2995.0,0.0,349921.0,1,HERRAMIENTAS Y MAQUINARIAS,INDURA,Black Noviembre 2025,700000.0,0.0,700000.0,1.0,probable,black noviembre 2025,1.0,,,0.49988714285714286,,,1.0,True
indura,black friday,Retail Display,2025,11,indura,black_friday,85045.0,0.0,453.0,0.0,3,HERRAMIENTAS Y MAQUINARIAS,INDURA,Black Noviembre 2025,300000.0,240000.0,60000.0,1.0,probable,black noviembre 2025,1.0,0.5326591804338879,0.0,0.0,3527.5442412840257,662.2516556291391,0.2,True
indura,black friday,Retail Display,2025,12,indura,black_friday,23417.0,0.0,129.0,0.0,1,,,,,,,,unmatched,,,0.550881837980954,0.0,,,,,False
indura,cyber day,Retail Display,2024,6,indura,cyber_day,348700.0,0.0,2087.0,0.0,3,,,,,,,,unmatched,,,0.598508746773731,0.0,,,,,False
indura,e6thknzzt,CRM,2024,6,indura,e6ThknzZt,0.0,104535.0,246.0,415390.0,1,,,,,,,,unmatched,,,,,,,,,False
indura,edpk3wqma,CRM,2024,1,indura,EdPK3wQMa,0.0,103550.0,287.0,5488138.0,1,,,,,,,,unmatched,,,,,,,,,False
indura,opbo zuj3,CRM,2024,6,indura,oPbo-ZuJ3,0.0,52359.0,338.0,217616.0,1,,,,,,,,unmatched,,,,,,,,,False
indura,vvmxauivk,CRM,2024,6,indura,VvMXAUIvK,0.0,52148.0,299.0,913245.0,1,,,,,,,,unmatched,,,,,,,,,False
innovamuebles,6189516 007871,CRM,2023,1,innovamuebles,6189516-007871,0.0,52135.0,220.0,0.0,1,,,,,,,,unmatched,,,,,,,,,False
innovamuebles,6189516 007872,CRM,2023,1,innovamuebles,6189516-007872,0.0,52137.0,0.0,0.0,1,,,,,,,,unmatched,,,,,,,,,False
innovamuebles,6189516 007939,CRM,2023,2,innovamuebles,6189516-007939,0.0,101308.0,241.0,0.0,1,,,,,,,,unmatched,,,,,,,,,False
innovamuebles,6189516 008365,CRM,2023,3,innovamuebles,6189516-008365,0.0,101452.0,226.0,1715909.0,1,,,,,,,,unmatched,,,,,,,,,False
innovamuebles,6189516 008537,CRM,2023,3,innovamuebles,6189516-008537,0.0,53926.0,6942.0,549970.0,1,,,,,,,,unmatched,,,,,,,,,False
innovamuebles,6189516 009413,CRM,2023,5,innovamuebles,6189516-009413,0.0,105441.0,121.0,1881340.0,1,,,,,,,,unmatched,,,,,,,,,False
innovamuebles,6189516 009534,CRM,2023,5,innovamuebles,6189516-009534,0.0,105496.0,176.0,449970.0,1,,,,,,,,unmatched,,,,,,,,,False
innovamuebles,6189516 009855,CRM,2023,6,innovamuebles,6189516-009855,0.0,101551.0,238.0,2670386.0,1,,,,,,,,unmatched,,,,,,,,,False
innovamuebles,6189516 010422,CRM,2023,8,innovamuebles,6189516-010422,0.0,26967.0,4475.0,139990.0,1,,,,,,,,unmatched,,,,,,,,,False
innovamuebles,6189516 010801,CRM,2023,8,innovamuebles,6189516-010801,0.0,101963.0,207.0,3242675.0,1,,,,,,,,unmatched,,,,,,,,,False
innovamuebles,6189516 010854,CRM,2023,8,innovamuebles,6189516-010854,0.0,54028.0,4163.0,699970.0,1,,,,,,,,unmatched,,,,,,,,,False
innovamuebles,6189516 011151,CRM,2023,10,innovamuebles,6189516-011151,0.0,105312.0,58.0,784950.0,1,,,,,,,,unmatched,,,,,,,,,False
innovamuebles,6189516 011246,CRM,2023,10,innovamuebles,6189516-011246,0.0,85394.0,160.0,1145950.0,1,,,,,,,,unmatched,,,,,,,,,False
innovamuebles,6189516 012011,CRM,2023,11,innovamuebles,6189516-012011,0.0,101291.0,295.0,1428627.0,1,,,,,,,,unmatched,,,,,,,,,False
innovamuebles,cyber day,Retail Display,2024,6,innovamuebles,cyber_day,289380.0,0.0,2088.0,0.0,3,,,,,,,,unmatched,,,0.7215426083350611,0.0,,,,,False
innovamuebles,cyber monday,Retail Display,2024,9,innovamuebles,cyber_monday,88158.0,0.0,620.0,0.0,1,,,,,,,,unmatched,,,0.7032827423489644,0.0,,,,,False
innovamuebles,cyber monday,Retail Display,2024,10,innovamuebles,cyber_monday,144095.0,0.0,882.0,0.0,2,,,,,,,,unmatched,,,0.6120961865435998,0.0,,,,,False
innovamuebles,fzp2g6ixg,CRM,2024,4,innovamuebles,Fzp2g6ixG,0.0,40074.0,2393.0,2125423.0,1,,,,,,,,unmatched,,,,,,,,,False
innovamuebles,x,CRM,2024,9,innovamuebles,X,0.0,28625.0,1872.0,3456872.0,1,,,,,,,,unmatched,,,,,,,,,False
innovamuebles,yvkloiuqs,CRM,2024,6,innovamuebles,YVKLoiuQs,0.0,106123.0,217.0,2006920.0,1,,,,,,,,unmatched,,,,,,,,,False
instapanel,zgpwu6grt,CRM,2025,12,instapanel,ZGpWU6grT,0.0,19.0,0.0,3344445.0,1,,,,,,,,unmatched,,,,,,,,,False
intcomex,casasegura,Retail Display,2025,12,intcomex,casasegura,5036.0,0.0,4.0,0.0,2,,,,,,,,unmatched,,,0.07942811755361398,0.0,,,,,False
intcomex,casasegura,Retail Display,2026,1,intcomex,casasegura,149134.0,0.0,211.0,0.0,31,,,,,,,,unmatched,,,0.14148349806214544,0.0,,,,,False
intcomex,co brand,Google,2025,3,intcomex,co_brand,99716.0,0.0,2952.0,0.0,21,,,,,,,,unmatched,,,2.960407557463195,0.0,,,,,False
intcomex jbl,black friday,Retail Display,2024,11,intcomex-jbl,black_friday,331692.0,0.0,2482.0,0.0,2,,,,,,,,unmatched,,,0.7482845531396597,0.0,,,,,False
intcomex jbl,black friday,Retail Display,2024,12,intcomex-jbl,black_friday,195939.0,0.0,1460.0,0.0,2,,,,,,,,unmatched,,,0.7451298618447578,0.0,,,,,False
intcomex jbl,cyber day,Retail Display,2024,6,intcomex-jbl,cyber_day,336342.0,0.0,1460.0,0.0,3,,,,,,,,unmatched,,,0.434081976083867,0.0,,,,,False
intcomex jbl,cyber monday,Retail Display,2024,9,intcomex-jbl,cyber_monday,61892.0,0.0,201.0,0.0,1,,,,,,,,unmatched,,,0.32475925806243133,0.0,,,,,False
intcomex jbl,cyber monday,Retail Display,2024,10,intcomex-jbl,cyber_monday,474795.0,0.0,1612.0,0.0,2,,,,,,,,unmatched,,,0.3395149485567455,0.0,,,,,False
intcomex starlink,,Retail Display,2026,1,intcomex-starlink,,47614.0,0.0,44.0,0.0,9,,,,,,,,unmatched,,,0.09240979543831647,0.0,,,,,False
intcomex starlink,cyber day,Retail Display,2024,6,intcomex-starlink,cyber_day,477541.0,0.0,1191.0,0.0,3,,,,,,,,unmatched,,,0.24940266909019332,0.0,,,,,False
intcomex strarlink,co brand,Retail Display,2025,3,intcomex_strarlink,co_brand,192327.0,0.0,313.0,0.0,21,,,,,,,,unmatched,,,0.16274366053648212,0.0,,,,,False
intcomex strarlink,tc,Retail Display,2025,12,intcomex_strarlink,tc,233766.0,0.0,250.0,0.0,23,,,,,,,,unmatched,,,0.10694455138899583,0.0,,,,,False
jbl,black week,Retail Display,2025,3,jbl,black_week,31723.0,0.0,134.0,0.0,4,CASA INTELIGENTE,JBL,Black Marzo 2025,300000.0,240000.0,60000.0,1.0,probable,black marzo 2025,1.0,0.4224064558837437,0.0,0.0,9456.860952621126,2238.805970149254,0.2,True
jbl,black week,Retail Display,2025,4,jbl,black_week,156406.0,0.0,279.0,0.0,8,,,,,,,,unmatched,,,0.17838190350753808,0.0,,,,,False
jbl,k3z21yxhy,CRM,2024,6,jbl,K3z21yXHY,0.0,106334.0,148.0,393932.0,1,,,,,,,,unmatched,,,,,,,,,False
jbl,rjwm583xd,CRM,2024,12,jbl,rJWM583Xd,0.0,101101.0,391.0,631860.0,1,,,,,,,,unmatched,,,,,,,,,False
jbl,x,CRM,2024,9,jbl,X,0.0,105583.0,165.0,361930.0,1,,,,,,,,unmatched,,,,,,,,,False
jbl,x,CRM,2024,10,jbl,X,0.0,106214.0,438.0,1753923.0,1,,,,,,,,unmatched,,,,,,,,,False
jce charbroil,parrillas,Retail Display,2024,8,jce-charbroil,parrillas,221819.0,0.0,439.0,0.0,13,,,,,,,,unmatched,,,0.19790910607296938,0.0,,,,,False
jce charbroil,parrillas,Retail Display,2024,9,jce-charbroil,parrillas,202075.0,0.0,383.0,0.0,24,,,,,,,,unmatched,,,0.18953358901397996,0.0,,,,,False
jce greenworks,cyber day,Meta,2025,6,jce-greenworks,cyber_day,436980.0,0.0,16254.0,0.0,3,,,,,,,,unmatched,,,3.719621035287656,0.0,,,,,False
jce grilltech,parrillas,Retail Display,2024,9,jce-grilltech,parrillas,223623.0,0.0,588.0,0.0,19,,,,,,,,unmatched,,,0.26294254168846676,0.0,,,,,False
jce husqvarna,cyber monday,Retail Display,2025,10,jce-husqvarna,cyber_monday,132478.0,0.0,607.0,0.0,3,,,,,,,,unmatched,,,0.45818928425851835,0.0,,,,,False
jce husqvarna gardena,jardin primavera,Retail Display,2024,10,jce-husqvarna_gardena,jardin_primavera,293183.0,0.0,1574.0,0.0,10,,,,,,,,unmatched,,,0.5368660529430423,0.0,,,,,False
jce husqvarna gardena,jardin primavera,Retail Display,2024,11,jce-husqvarna_gardena,jardin_primavera,439601.0,0.0,1969.0,0.0,26,,,,,,,,unmatched,,,0.44790616945821327,0.0,,,,,False
junkers,6189516 008912,CRM,2023,4,junkers,6189516-008912,0.0,101230.0,128.0,17980960.0,1,,,,,,,,unmatched,,,,,,,,,False
junkers,6189516 009414,CRM,2023,5,junkers,6189516-009414,0.0,105234.0,308.0,28259708.0,1,,,,,,,,unmatched,,,,,,,,,False
junkers,6189516 009531,CRM,2023,5,junkers,6189516-009531,0.0,105290.0,145.0,8572668.0,1,,,,,,,,unmatched,,,,,,,,,False
junkers,6189516 011138,CRM,2023,10,junkers,6189516-011138,0.0,105306.0,70.0,8376310.0,1,,,,,,,,unmatched,,,,,,,,,False
junkers,6189516 011233,CRM,2023,10,junkers,6189516-011233,0.0,86701.0,44.0,10916050.0,1,,,,,,,,unmatched,,,,,,,,,False
junkers,6189516 011920,CRM,2023,11,junkers,6189516-011920,0.0,101221.0,182.0,17014230.0,1,,,,,,,,unmatched,,,,,,,,,False
junkers,7oatubdwm,CRM,2024,4,junkers,7oatUbdwm,0.0,54183.0,2149.0,5399491.0,1,,,,,,,,unmatched,,,,,,,,,False
junkers,a16dlkum7,CRM,2025,6,junkers,a16DLKUm7,0.0,106062.0,193.0,36072473.0,1,,,,,,,,unmatched,,,,,,,,,False
junkers,ad3o9pgt5,CRM,2024,12,junkers,ad3O9pgT5,0.0,54049.0,1905.0,13076443.0,1,,,,,,,,unmatched,,,,,,,,,False
junkers,aon junkers,Sponsored Products,2026,4,JUNKERS,aon_junkers,32960.0,0.0,674.0,5532730.0,1,BANOS Y COCINAS,JUNKERS,AON ABRIL JUNKERS CHILE 2026,1000000.0,824000.0,176000.0,1.0,probable,aon abril junkers chile 2026,1.0,2.0449029126213594,0.0,5.53273,30339.805825242718,1483.679525222552,0.176,True
junkers,black friday,Retail Display,2024,11,junkers,black_friday,38700.0,0.0,136.0,0.0,2,,,,,,,,unmatched,,,0.35142118863049093,0.0,,,,,False
junkers,black friday,Retail Display,2024,12,junkers,black_friday,367204.0,0.0,737.0,0.0,2,,,,,,,,unmatched,,,0.20070587466367468,0.0,,,,,False
junkers,black week,Retail Display,2025,3,junkers,black_week,55776.0,0.0,207.0,0.0,5,BANOS Y COCINAS,JUNKERS,Black Marzo 2025,500000.0,400000.0,100000.0,1.0,probable,black marzo 2025,1.0,0.3711273666092943,0.0,0.0,8964.429145152037,2415.458937198068,0.2,True
junkers,black week,Retail Display,2025,4,junkers,black_week,294456.0,0.0,486.0,0.0,8,,,,,,,,unmatched,,,0.16505012633466462,0.0,,,,,False
junkers,ffahfrljq,CRM,2024,6,junkers,ffahFrLJq,0.0,51335.0,237.0,10893260.0,1,,,,,,,,unmatched,,,,,,,,,False
junkers,flyo1fssp,CRM,2024,7,junkers,fLYO1fsSP,0.0,53973.0,2508.0,27396905.0,1,,,,,,,,unmatched,,,,,,,,,False
junkers,gyrnafxdh,CRM,2024,8,junkers,GYrnAFxDh,0.0,101722.0,501.0,24548619.0,1,,,,,,,,unmatched,,,,,,,,,False
junkers,gzewbvjjv,CRM,2024,7,junkers,gZEWbVjJv,0.0,99343.0,347.0,21424772.0,1,,,,,,,,unmatched,,,,,,,,,False
junkers,hlkmr8z5j,CRM,2024,6,junkers,hLKMr8z5j,0.0,51137.0,266.0,16386760.0,1,,,,,,,,unmatched,,,,,,,,,False
junkers,kekvskrul,CRM,2024,8,junkers,KekvskRUl,0.0,53968.0,2430.0,22328238.0,1,,,,,,,,unmatched,,,,,,,,,False
junkers,kuq9gu ia,CRM,2025,6,junkers,KuQ9gu-iA,0.0,106269.0,192.0,30827367.0,1,,,,,,,,unmatched,,,,,,,,,False
junkers,l6f988hqn,CRM,2025,3,junkers,L6f988hQN,0.0,53997.0,389.0,9428000.0,1,BANOS Y COCINAS,JUNKERS,Black Marzo 2025,300000.0,32653.0,267347.0,1.0,probable,black marzo 2025,1.0,,,31.426666666666666,,771.2082262210797,0.8911566666666667,True
junkers,ngflfpxqu,CRM,2024,6,junkers,ngFLFpxqU,0.0,101176.0,358.0,30987355.0,1,,,,,,,,unmatched,,,,,,,,,False
junkers,whujkmvih,CRM,2024,7,junkers,wHUJkmViH,0.0,100732.0,388.0,55613807.0,1,,,,,,,,unmatched,,,,,,,,,False
junkers,x,CRM,2024,10,junkers,X,0.0,212490.0,435.0,34446474.0,2,,,,,,,,unmatched,,,,,,,,,False
junkers,yfyg1bhyi,CRM,2024,5,junkers,YFYG1BhyI,0.0,101255.0,418.0,41472367.0,1,,,,,,,,unmatched,,,,,,,,,False
junkers,z3trh9tww,CRM,2024,6,junkers,Z3TRh9TWW,0.0,106336.0,415.0,45949781.0,1,,,,,,,,unmatched,,,,,,,,,False
just home collection,bts febrero 2026,Sponsored Products,2026,2,JUST HOME COLLECTION,bts_febrero_2026,0.0,0.0,0.0,48990.0,1,,,,,,,,unmatched,,,,,,,,,False
karcher,,Retail Display,2025,10,karcher,,100703.0,0.0,165.0,0.0,17,,,,,,,,unmatched,,,0.16384814752291393,0.0,,,,,False
karcher,,Retail Display,2025,11,karcher,,101069.0,0.0,186.0,0.0,24,HERRAMIENTAS Y MAQUINARIAS,KARCHER,AON Noviembre 2025,250000.0,200000.0,50000.0,1.0,probable,aon noviembre 2025,1.0,0.1840326905381472,0.0,0.0,2473.557668523484,1344.0860215053763,0.2,True
karcher,,Retail Display,2025,12,karcher,,97895.0,0.0,153.0,0.0,27,HERRAMIENTAS Y MAQUINARIAS,KARCHER,AON Diciembre 2025,250000.0,200000.0,50000.0,1.0,probable,aon diciembre 2025,1.0,0.1562899024464988,0.0,0.0,2553.756575923183,1633.986928104575,0.2,True
karcher,6189516 007920,CRM,2023,1,karcher,6189516-007920,0.0,101292.0,189.0,4101288.0,1,,,,,,,,unmatched,,,,,,,,,False
karcher,bxo3wmmde,CRM,2025,10,karcher,BXo3WMMdE,0.0,53971.0,28.0,1071260.0,1,,,,,,,,unmatched,,,,,,,,,False
karcher,co brand,Google,2024,9,karcher,co_brand,73442.0,0.0,1041.0,0.0,6,,,,,,,,unmatched,,,1.4174450586857656,0.0,,,,,False
karcher,co brand,Google,2024,10,karcher,co_brand,54687.0,0.0,1321.0,0.0,4,,,,,,,,unmatched,,,2.415564942308044,0.0,,,,,False
karcher,cyber day,Retail Display,2025,6,karcher,cyber_day,115711.0,0.0,425.0,0.0,3,,,,,,,,unmatched,,,0.3672943799638755,0.0,,,,,False
karcher,cyber monday,Retail Display,2025,10,karcher,cyber_monday,156327.0,0.0,543.0,0.0,2,,,,,,,,unmatched,,,0.3473488264983016,0.0,,,,,False
karcher,hj3iswiua,CRM,2025,11,karcher,HJ3IsWIua,0.0,54032.0,0.0,1388790.0,1,HERRAMIENTAS Y MAQUINARIAS,KARCHER,AON Noviembre 2025,700000.0,34783.0,665217.0,1.0,probable,aon noviembre 2025,1.0,,,1.9839857142857142,,,0.95031,True
karcher,mcnzlc34o,CRM,2025,10,karcher,mCnzLC34o,0.0,54015.0,3.0,658200.0,1,,,,,,,,unmatched,,,,,,,,,False
karcher,oewsf59ne,CRM,2025,12,karcher,oEWsF59NE,0.0,53913.0,0.0,838480.0,1,HERRAMIENTAS Y MAQUINARIAS,KARCHER,AON Diciembre 2025,700000.0,57143.0,642857.0,1.0,probable,aon diciembre 2025,1.0,,,1.1978285714285715,,,0.9183671428571428,True
karcher,wa6xc1yrj,CRM,2025,10,karcher,wA6Xc1YRJ,0.0,18851.0,174.0,3500515.0,1,,,,,,,,unmatched,,,,,,,,,False
karson,aon febrero 2026,Sponsored Products,2026,2,KARSON,aon_febrero_2026,0.0,0.0,0.0,11990.0,1,,,,,,,,unmatched,,,,,,,,,False
karson,aon marzo stretto 2026,Sponsored Products,2026,3,KARSON,aon_marzo_stretto_2026,0.0,0.0,0.0,13990.0,1,,,,,,,,unmatched,,,,,,,,,False
karson,aon stretto,Sponsored Products,2026,4,KARSON,aon_stretto,0.0,0.0,0.0,161260.0,1,,,,,,,,unmatched,,,,,,,,,False
karson,black week,Sponsored Products,2026,3,KARSON,black_week,0.0,0.0,0.0,59960.0,1,,,,,,,,unmatched,,,,,,,,,False
keep,mwrpzqpfm,CRM,2025,2,keep,MwrpZQpFm,0.0,102070.0,502.0,5742848.0,1,,,,,,,,unmatched,,,,,,,,,False
kendal,6189516 009699,CRM,2023,6,kendal,6189516-009699,0.0,101094.0,151.0,2162717.0,1,,,,,,,,unmatched,,,,,,,,,False
kendal,6189516 012267,CRM,2023,12,kendal,6189516-012267,0.0,54035.0,4172.0,1455267.0,1,,,,,,,,unmatched,,,,,,,,,False
kendal,tf5vwbhhx,CRM,2024,1,kendal,tf5VwbHHx,0.0,102360.0,654.0,3978804.0,1,,,,,,,,unmatched,,,,,,,,,False
kendal,ugrampt2o,CRM,2024,6,kendal,UgrAMpT2o,0.0,106457.0,111.0,2292612.0,1,,,,,,,,unmatched,,,,,,,,,False
kendal,vihk5amgz,CRM,2024,5,kendal,Vihk5amgz,0.0,113.0,3.0,8001149.0,1,,,,,,,,unmatched,,,,,,,,,False
kendal,wqvphk2qh,CRM,2025,6,kendal,wqvPHK2QH,0.0,101180.0,526.0,6205433.0,1,ELECTROHOGAR,KENDAL,AON junio 2025,900000.0,55172.0,844828.0,1.0,probable,aon junio 2025,1.0,,,6.894925555555556,,1711.0266159695818,0.9386977777777777,True
keter,tactico keter,Meta,2026,4,keter,tactico_keter,356959.0,0.0,14816.0,0.0,18,,,,,,,,unmatched,,,4.150616737496463,0.0,,,,,False
keter,tactico keter,Sponsored Products,2026,4,KETER,tactico_keter,23360.0,0.0,312.0,664980.0,1,JARDIN,KETER,Tactico Abril Keter 2026,400000.0,329600.0,70400.0,1.0,probable,tactico abril keter 2026,1.0,1.3356164383561644,0.0,1.66245,17123.287671232876,1282.051282051282,0.176,True
kiboo pet,6189516 009684,CRM,2023,6,kiboo pet,6189516-009684,0.0,101410.0,115.0,148120.0,1,,,,,,,,unmatched,,,,,,,,,False
kit,8a9ooxtgd,CRM,2025,1,kit,8A9oOxTgD,0.0,101314.0,417.0,1153338.0,1,ACCESORIOS AUTOMOVILES,KIT,Sobre Ruedas 2025,1000000.0,44444.0,955556.0,1.0,probable,sobre ruedas 2025,1.0,,,1.153338,,2398.0815347721823,0.955556,True
kit,jikcdv03v,CRM,2025,2,kit,JIKcdv03v,0.0,69.0,1.0,531664.0,1,,,,,,,,unmatched,,,,,,,,,False
kit,sobre ruedas,Retail Display,2025,1,kit,sobre_ruedas,184852.0,0.0,252.0,0.0,16,ACCESORIOS AUTOMOVILES,KIT,Sobre Ruedas 2025,800000.0,640000.0,160000.0,1.0,probable,sobre ruedas 2025,1.0,0.1363252764373661,0.0,0.0,4327.786553567178,3174.6031746031745,0.2,True
kit,sobre ruedas,Retail Display,2025,2,kit,sobre_ruedas,358955.0,0.0,349.0,0.0,26,,,,,,,,unmatched,,,0.09722667186694711,0.0,,,,,False
kit,special buy,Retail Display,2026,4,kit,special_buy,96163.0,0.0,61.0,0.0,17,ACCESORIOS AUTOMOVILES,KIT,KIT - Special Buy Abril,250000.0,200000.0,50000.0,1.0,probable,kit special buy abril,1.0,0.06343396108690452,0.0,0.0,2599.752503561661,4098.360655737705,0.2,True
kit,special buy mayo,Retail Display,2026,5,kit,special_buy_mayo,84007.0,0.0,44.0,0.0,19,ACCESORIOS AUTOMOVILES,KIT,KIT - Special Buy Mayo,250000.0,200000.0,50000.0,1.0,probable,kit special buy mayo,1.0,0.052376587665313605,0.0,0.0,2975.9424809837274,5681.818181818182,0.2,True
kit,xa jpvlmh,CRM,2025,1,kit,Xa-jpvlMh,0.0,101299.0,608.0,567319.0,1,ACCESORIOS AUTOMOVILES,KIT,Sobre Ruedas 2025,1000000.0,44444.0,955556.0,1.0,probable,sobre ruedas 2025,1.0,,,0.567319,,1644.7368421052631,0.955556,True
klipen,6x9vclegj,CRM,2025,2,klipen,6X9VCLeGJ,0.0,101166.0,408.0,7970577.0,1,PISOS Y MUROS,KLIPEN,AON Febrero 2025,1200000.0,48485.0,1151515.0,1.0,probable,aon febrero 2025,1.0,,,6.6421475,,2941.176470588235,0.9595958333333333,True
klipen,8smtdudsp,CRM,2025,1,klipen,8smTdUDSP,0.0,101300.0,672.0,11684527.0,1,PISOS Y MUROS,KLIPEN,AON Enero,200000.0,44444.0,155556.0,1.0,probable,aon enero,1.0,,,58.422635,,297.6190476190476,0.77778,True
klipen,9qlqyjojq,CRM,2024,11,klipen,9qLqyjOjQ,0.0,101164.0,308.0,7853714.0,1,,,,,,,,unmatched,,,,,,,,,False
klipen,b9w0hflb9,CRM,2024,6,klipen,B9w0HFlb9,0.0,106225.0,261.0,15582087.0,1,,,,,,,,unmatched,,,,,,,,,False
klipen,black friday,Retail Display,2024,11,klipen,black_friday,7261.0,0.0,27.0,0.0,2,,,,,,,,unmatched,,,0.371849607492081,0.0,,,,,False
klipen,black friday,Retail Display,2024,12,klipen,black_friday,135136.0,0.0,239.0,0.0,2,,,,,,,,unmatched,,,0.17685886810324414,0.0,,,,,False
klipen,ch7olvznd,CRM,2025,5,klipen,CH7OlVznd,0.0,101225.0,344.0,3118150.0,1,,,,,,,,unmatched,,,,,,,,,False
klipen,cyber day,Retail Display,2025,6,klipen,cyber_day,66758.0,0.0,135.0,0.0,3,,,,,,,,unmatched,,,0.20222295455226338,0.0,,,,,False
klipen,cyber monday,Retail Display,2024,9,klipen,cyber_monday,60547.0,0.0,245.0,0.0,1,,,,,,,,unmatched,,,0.40464432589558524,0.0,,,,,False
klipen,cyber monday,Retail Display,2024,10,klipen,cyber_monday,122063.0,0.0,278.0,0.0,2,,,,,,,,unmatched,,,0.2277512432104733,0.0,,,,,False
klipen,danfu88vm,CRM,2024,4,klipen,dAnFu88VM,0.0,100841.0,537.0,11509616.0,1,,,,,,,,unmatched,,,,,,,,,False
klipen,dzxlw9t3o,CRM,2025,6,klipen,DzxlW9t3O,0.0,2056.0,0.0,100068.0,1,PISOS Y MUROS,KLIPEN,AON Junio,800000.0,55172.0,744828.0,2.0,probable,aon junio,1.0,,,0.125085,,,0.931035,True
klipen,fximiulpq,CRM,2024,4,klipen,fxImiulpq,0.0,101137.0,697.0,6525492.0,1,,,,,,,,unmatched,,,,,,,,,False
klipen,gtto5zbk9,CRM,2024,8,klipen,gTTO5ZBK9,0.0,100259.0,143.0,7758703.0,1,,,,,,,,unmatched,,,,,,,,,False
klipen,iulhonuyg,CRM,2025,2,klipen,iUlHoNUyg,0.0,102062.0,488.0,10608774.0,1,PISOS Y MUROS,KLIPEN,AON Febrero 2025,1200000.0,48485.0,1151515.0,1.0,probable,aon febrero 2025,1.0,,,8.840645,,2459.0163934426228,0.9595958333333333,True
klipen,kj bzyql8,CRM,2025,3,klipen,Kj-BzyqL8,0.0,100577.0,552.0,6673617.0,1,PISOS Y MUROS,KLIPEN,AON Marzo 2025,800000.0,32653.0,767347.0,1.0,probable,aon marzo 2025,1.0,,,8.34202125,,1449.2753623188405,0.95918375,True
klipen,kraawbjh2,CRM,2025,6,klipen,krAaWbJh2,0.0,106379.0,216.0,3572669.0,1,PISOS Y MUROS,KLIPEN,AON Junio,800000.0,55172.0,744828.0,2.0,probable,aon junio,1.0,,,4.46583625,,3703.703703703704,0.931035,True
klipen,kzmbd771b,CRM,2025,1,klipen,kzmbd771b,0.0,101378.0,422.0,2771159.0,1,PISOS Y MUROS,KLIPEN,AON Enero,200000.0,44444.0,155556.0,1.0,probable,aon enero,1.0,,,13.855795,,473.93364928909955,0.77778,True
klipen,ls7pr2t2a,CRM,2025,6,klipen,LS7PR2T2a,0.0,106249.0,200.0,5816321.0,1,PISOS Y MUROS,KLIPEN,AON Junio,800000.0,55172.0,744828.0,2.0,probable,aon junio,1.0,,,7.27040125,,4000.0,0.931035,True
klipen,msgild re,CRM,2024,11,klipen,MSGILD-Re,0.0,101500.0,640.0,6163153.0,1,,,,,,,,unmatched,,,,,,,,,False
klipen,nftkrvksa,CRM,2024,6,klipen,NFtKRvKsA,0.0,54163.0,2668.0,6981275.0,1,,,,,,,,unmatched,,,,,,,,,False
klipen,pyzwkchit,CRM,2025,7,klipen,PyzwkCHiT,0.0,101053.0,402.0,9276932.0,1,PISOS Y MUROS,KLIPEN,AON Julio,800000.0,44444.0,755556.0,1.0,probable,aon julio,1.0,,,11.596165,,1990.0497512437812,0.944445,True
klipen,tozemsjv8,CRM,2025,4,klipen,TOzEMSJV8,0.0,101385.0,475.0,7478392.0,1,PISOS Y MUROS,KLIPEN,AON Abril,800000.0,50000.0,750000.0,1.0,probable,aon abril,1.0,,,9.34799,,1684.2105263157894,0.9375,True
klipen,u3cc2upx2,CRM,2025,6,klipen,u3cC2UPX2,0.0,101425.0,262.0,5651982.0,1,PISOS Y MUROS,KLIPEN,AON Junio,800000.0,55172.0,744828.0,2.0,probable,aon junio,1.0,,,7.0649775,,3053.4351145038167,0.931035,True
klipen,wzjcjfdty,CRM,2024,3,klipen,wzJCjFDtY,0.0,101223.0,667.0,9048249.0,1,,,,,,,,unmatched,,,,,,,,,False
klipen,x,CRM,2024,9,klipen,X,0.0,105933.0,215.0,2447520.0,1,,,,,,,,unmatched,,,,,,,,,False
klipen,x,CRM,2024,10,klipen,X,0.0,261589.0,1960.0,5499646.0,3,,,,,,,,unmatched,,,,,,,,,False
klipen,xe1uphqog,CRM,2024,6,klipen,XE1UPHqoG,0.0,106270.0,339.0,20619815.0,1,,,,,,,,unmatched,,,,,,,,,False
klipen,zagi3qrcj,CRM,2024,4,klipen,ZAgI3qRCJ,0.0,43861.0,3074.0,12755238.0,1,,,,,,,,unmatched,,,,,,,,,False
knauf,co brand,Retail Display,2024,12,knauf,co_brand,615387.0,0.0,711.0,0.0,20,,,,,,,,unmatched,,,0.11553705229392236,0.0,,,,,False
knauf,digjklhuc,CRM,2024,11,knauf,dIgJKLHUc,0.0,1016.0,0.0,25092.0,1,,,,,,,,unmatched,,,,,,,,,False
knauf,ejxkquvyz,CRM,2024,12,knauf,EJxkQUvyz,0.0,1007.0,0.0,0.0,1,,,,,,,,unmatched,,,,,,,,,False
knauf,ouqoth8le,CRM,2025,1,knauf,OuqoTH8LE,0.0,101805.0,384.0,342689.0,1,,,,,,,,unmatched,,,,,,,,,False
knauf,q3yhvv5rv,CRM,2025,1,knauf,Q3YHVv5RV,0.0,101832.0,377.0,112660.0,1,,,,,,,,unmatched,,,,,,,,,False
knauf,qx5o9sg5q,CRM,2024,11,knauf,Qx5O9SG5q,0.0,101143.0,177.0,772682.0,1,,,,,,,,unmatched,,,,,,,,,False
knauf,srnp u8qb,CRM,2025,1,knauf,srNP-u8Qb,0.0,102288.0,601.0,103090.0,1,,,,,,,,unmatched,,,,,,,,,False
kokido,27fg8tule,CRM,2025,1,kokido,27fG8tuLE,0.0,28428.0,715.0,864113.0,1,,,,,,,,unmatched,,,,,,,,,False
kokido,6189516 012150,CRM,2023,12,kokido,6189516-012150,0.0,100303.0,290.0,492860.0,1,,,,,,,,unmatched,,,,,,,,,False
kokido,6189516 012318,CRM,2023,12,kokido,6189516-012318,0.0,101216.0,122.0,754019.0,1,,,,,,,,unmatched,,,,,,,,,False
kokido,bftcdkf7a,CRM,2025,2,kokido,bFTCdkF7A,0.0,102144.0,711.0,799870.0,1,,,,,,,,unmatched,,,,,,,,,False
kokido,frnv3bseb,CRM,2023,12,kokido,FrnV3BsEB,0.0,99314.0,423.0,1427969.0,1,,,,,,,,unmatched,,,,,,,,,False
kokido,temporada de piscina,CRM,2026,1,kokido,Temporada de piscina,0.0,53966.0,144.0,199960.0,1,AIRE LIBRE,KOKIDO,Temporada de Piscinas,500000.0,55172.0,444828.0,1.0,probable,temporada de piscinas,1.0,,,0.39992,,3472.222222222222,0.889656,True
kokido pool blaster,temporada de piscinas,Retail Display,2026,1,kokido-pool_blaster,temporada_de_piscinas,115417.0,0.0,312.0,0.0,19,,,,,,,,unmatched,,,0.2703241290277862,0.0,,,,,False
kolor,d13zkyyes,CRM,2025,8,kolor,d13zkyyEs,0.0,101234.0,316.0,16666728.0,1,,,,,,,,unmatched,,,,,,,,,False
kolor,q5tcvvk3c,CRM,2025,8,kolor,q5TCvvk3c,0.0,54023.0,241.0,4964135.0,1,,,,,,,,unmatched,,,,,,,,,False
kolor,wow05c7ky,CRM,2025,8,kolor,Wow05C7kY,0.0,101192.0,822.0,18069282.0,1,,,,,,,,unmatched,,,,,,,,,False
kolvok,6189516 007593,CRM,2023,1,kolvok,6189516-007593,0.0,100728.0,101.0,265890.0,1,,,,,,,,unmatched,,,,,,,,,False
kolvok,6189516 009446,CRM,2023,5,kolvok,6189516-009446,0.0,105281.0,227.0,1119970.0,1,,,,,,,,unmatched,,,,,,,,,False
kolvok,6189516 009538,CRM,2023,5,kolvok,6189516-009538,0.0,105111.0,95.0,0.0,1,,,,,,,,unmatched,,,,,,,,,False
kolvok,6189516 011182,CRM,2023,10,kolvok,6189516-011182,0.0,105141.0,125.0,419990.0,1,,,,,,,,unmatched,,,,,,,,,False
kolvok,7mrqhqec,CRM,2024,6,kolvok,7mrQhqEc-,0.0,106273.0,381.0,3495950.0,1,,,,,,,,unmatched,,,,,,,,,False
kolvok,co brand,Google,2024,10,kolvok,co_brand,14856.0,0.0,201.0,0.0,2,,,,,,,,unmatched,,,1.3529886914378029,0.0,,,,,False
kolvok,cyber day,Retail Display,2024,6,kolvok,cyber_day,409027.0,0.0,1583.0,0.0,3,,,,,,,,unmatched,,,0.38701601605761965,0.0,,,,,False
koslan pedrollo flomak,bombas,Retail Display,2025,2,koslan-pedrollo-flomak,bombas,83631.0,0.0,144.0,0.0,24,,,,,,,,unmatched,,,0.1721849553395272,0.0,,,,,False
kumho,o8zdafh6b,CRM,2025,1,kumho,o8ZDaFH6B,0.0,54099.0,689.0,0.0,1,,,,,,,,unmatched,,,,,,,,,False
kw,temporada casa,Retail Display,2025,5,kw,temporada_casa,147388.0,0.0,732.0,0.0,24,,,,,,,,unmatched,,,0.4966483024398187,0.0,,,,,False
kw,temporada casa,Retail Display,2025,6,kw,temporada_casa,6532.0,0.0,32.0,0.0,5,,,,,,,,unmatched,,,0.4898958971218616,0.0,,,,,False
lanco,,CRM,2025,9,lanco,,0.0,8757.0,0.0,6451492.0,53,,,,,,,,unmatched,,,,,,,,,False
lanco,,CRM,2025,10,lanco,,0.0,6672.0,0.0,9172812.0,42,,,,,,,,unmatched,,,,,,,,,False
lanco,,CRM,2025,11,lanco,,0.0,298.0,0.0,2594506.0,30,PINTURA Y ACCESORIOS,LANCO,AON NOVIEMBRE 2025,1500000.0,34783.0,1465217.0,1.0,probable,aon noviembre 2025,1.0,,,1.7296706666666666,,,0.9768113333333334,True
lanco,,CRM,2025,12,lanco,,0.0,171.0,0.0,1569137.0,30,,,,,,,,unmatched,,,,,,,,,False
lanco,,CRM,2026,1,lanco,,0.0,168.0,0.0,1424671.0,29,,,,,,,,unmatched,,,,,,,,,False
lanco,,CRM,2026,2,lanco,,0.0,213.0,0.0,1943561.0,28,,,,,,,,unmatched,,,,,,,,,False
lanco,,CRM,2026,3,lanco,,0.0,36.0,0.0,174332.0,7,PINTURA Y ACCESORIOS,LANCO,AON MARZO LANCO 2026,1500000.0,0.0,1500000.0,1.0,probable,aon marzo lanco 2026,1.0,,,0.11622133333333333,,,1.0,True
lanco,1sbjxe9vj,CRM,2024,10,lanco,1SBjxe9Vj,0.0,53896.0,2201.0,9479287.0,1,,,,,,,,unmatched,,,,,,,,,False
lanco,2ydwxzmpw,CRM,2025,8,lanco,2YdwXzMPw,0.0,101321.0,472.0,9004807.0,1,PINTURA Y ACCESORIOS,LANCO,Always On Agosto,3345000.0,106666.0,3238334.0,4.0,probable,always on agosto,1.0,,,2.692020029895366,,7086.864406779661,0.9681118086696562,True
lanco,3 ryl9fj7,CRM,2024,8,lanco,3-rYl9fJ7,0.0,53984.0,2534.0,7879170.0,1,,,,,,,,unmatched,,,,,,,,,False
lanco,3c ctzngn,CRM,2025,2,lanco,3C-ctZnGn,0.0,101998.0,357.0,5215514.0,1,,,,,,,,unmatched,,,,,,,,,False
lanco,4qocc61wk,CRM,2025,3,lanco,4QoCC61WK,0.0,101984.0,335.0,7940595.0,1,PINTURA Y ACCESORIOS,LANCO,AON Marzo 2025,100000.0,65306.0,34694.0,2.0,probable,aon marzo 2025,1.0,,,79.40595,,298.5074626865672,0.34694,True
lanco,4x0jncmhi,CRM,2024,8,lanco,4x0JncMHi,0.0,50361.0,240.0,3786514.0,1,,,,,,,,unmatched,,,,,,,,,False
lanco,5jwwhf9mk,CRM,2025,4,lanco,5JWwHf9MK,0.0,272378.0,1014.0,13276882.0,1,PINTURA Y ACCESORIOS,LANCO,AON ABRIL 2025,0.0,100000.0,-100000.0,2.0,probable,aon abril 2025,1.0,,,,,0.0,,False
lanco,5pzj9wblv,CRM,2025,8,lanco,5pZJ9wBlv,0.0,53951.0,237.0,2506419.0,1,PINTURA Y ACCESORIOS,LANCO,Always On Agosto,3345000.0,106666.0,3238334.0,4.0,probable,always on agosto,1.0,,,0.7493031390134529,,14113.924050632912,0.9681118086696562,True
lanco,6189516 008675,CRM,2023,3,lanco,6189516-008675,0.0,27237.0,7565.0,3089166.0,1,,,,,,,,unmatched,,,,,,,,,False
lanco,6189516 008688,CRM,2023,4,lanco,6189516-008688,0.0,101317.0,99.0,2343551.0,1,,,,,,,,unmatched,,,,,,,,,False
lanco,6189516 008748,CRM,2023,4,lanco,6189516-008748,0.0,100712.0,144.0,2912847.0,1,,,,,,,,unmatched,,,,,,,,,False
lanco,6189516 010681,CRM,2023,8,lanco,6189516-010681,0.0,101223.0,90.0,4471728.0,1,,,,,,,,unmatched,,,,,,,,,False
lanco,6189516 010867,CRM,2023,9,lanco,6189516-010867,0.0,101143.0,66.0,5539466.0,1,,,,,,,,unmatched,,,,,,,,,False
lanco,6189516 011658,CRM,2023,11,lanco,6189516-011658,0.0,101128.0,233.0,5354175.0,1,,,,,,,,unmatched,,,,,,,,,False
lanco,6189516 011868,CRM,2023,11,lanco,6189516-011868,0.0,53999.0,4409.0,3061419.0,1,,,,,,,,unmatched,,,,,,,,,False
lanco,6ird ndmc,CRM,2024,8,lanco,6iRD-ndmc,0.0,50177.0,264.0,3373752.0,1,,,,,,,,unmatched,,,,,,,,,False
lanco,9 d9ityry,CRM,2025,6,lanco,9-d9iTyRy,0.0,101332.0,234.0,6060196.0,1,PINTURA Y ACCESORIOS,LANCO,AON JUNIO 2025,0.0,110344.0,-110344.0,2.0,probable,aon junio 2025,1.0,,,,,0.0,,False
lanco,a7dxgvwxx,CRM,2025,5,lanco,a7DxgVWXx,0.0,2984.0,0.0,315801.0,1,PINTURA Y ACCESORIOS,LANCO,AON MAYO 2025,1500000.0,46376.0,1453624.0,3.0,probable,aon mayo 2025,1.0,,,0.210534,,,0.9690826666666666,True
lanco,ahodzmmbf,CRM,2025,8,lanco,AHODzmMBf,0.0,53999.0,221.0,2496179.0,1,PINTURA Y ACCESORIOS,LANCO,Always On Agosto,3345000.0,106666.0,3238334.0,4.0,probable,always on agosto,1.0,,,0.7462418535127056,,15135.746606334842,0.9681118086696562,True
lanco,always on,Retail Display,2025,4,lanco,always_on,375473.0,0.0,688.0,0.0,20,PINTURA Y ACCESORIOS,LANCO,AON ABRIL 2025,800000.0,640000.0,160000.0,1.0,probable,aon abril 2025,1.0,0.18323554556519378,0.0,0.0,2130.6458786650437,1162.7906976744187,0.2,True
lanco,always on,Retail Display,2025,5,lanco,always_on,293831.0,0.0,483.0,0.0,22,PINTURA Y ACCESORIOS,LANCO,AON MAYO 2025,2800000.0,640000.0,2160000.0,2.0,probable,aon mayo 2025,1.0,0.16438020494774205,0.0,0.0,9529.287243347368,5797.101449275362,0.7714285714285715,True
lanco,always on,Retail Display,2025,6,lanco,always_on,361746.0,0.0,808.0,0.0,23,PINTURA Y ACCESORIOS,LANCO,AON JUNIO 2025,800000.0,640000.0,160000.0,1.0,probable,aon junio 2025,1.0,0.22336114290137277,0.0,0.0,2211.4964643700278,990.0990099009902,0.2,True
lanco,always on,Retail Display,2025,7,lanco,always_on,342712.0,0.0,435.0,0.0,10,PINTURA Y ACCESORIOS,LANCO,AON JULIO 2025,800000.0,640000.0,160000.0,1.0,probable,aon julio 2025,1.0,0.12692873316370595,0.0,0.0,2334.3215294474658,1839.0804597701149,0.2,True
lanco,ao0hykjrg,CRM,2024,10,lanco,aO0HYkjrG,0.0,1083.0,0.0,301689.0,1,,,,,,,,unmatched,,,,,,,,,False
lanco,aon,Retail Display,2025,8,lanco,aon,268679.0,0.0,287.0,0.0,14,PINTURA Y ACCESORIOS,LANCO,Always On Agosto,1700000.0,640000.0,1060000.0,2.0,probable,always on agosto,1.0,0.10681891774198951,0.0,0.0,6327.252967295546,5923.344947735191,0.6235294117647059,True
lanco,aon,Retail Display,2025,9,lanco,aon,463011.0,0.0,964.0,0.0,28,PINTURA Y ACCESORIOS,LANCO,AON Septiembre,800000.0,640000.0,160000.0,1.0,probable,aon septiembre,1.0,0.20820239691929565,0.0,0.0,1727.8207213219557,829.8755186721992,0.2,True
lanco,aon,Retail Display,2025,10,lanco,aon,222454.0,0.0,238.0,0.0,10,PINTURA Y ACCESORIOS,LANCO,AON Octubre 2025,3300000.0,640000.0,2660000.0,3.0,probable,aon octubre 2025,1.0,0.10698841108723603,0.0,0.0,14834.527587726003,13865.546218487394,0.806060606060606,True
lanco,aon,Retail Display,2025,11,lanco,aon,413222.0,0.0,517.0,0.0,24,PINTURA Y ACCESORIOS,LANCO,AON NOVIEMBRE 2025,2500000.0,0.0,2500000.0,2.0,probable,aon noviembre 2025,1.0,0.12511434531559307,0.0,0.0,6050.016698046087,4835.58994197292,1.0,True
lanco,bapbxtswm,CRM,2024,3,lanco,bApbXTswm,0.0,101942.0,220.0,8858314.0,1,,,,,,,,unmatched,,,,,,,,,False
lanco,bienvenida primavera,Retail Display,2024,8,lanco,bienvenida_primavera,40082.0,0.0,48.0,0.0,2,,,,,,,,unmatched,,,0.11975450326829999,0.0,,,,,False
lanco,bienvenida primavera,Retail Display,2024,9,lanco,bienvenida_primavera,426854.0,0.0,628.0,0.0,13,,,,,,,,unmatched,,,0.14712290385002832,0.0,,,,,False
lanco,bienvenida primavera,Retail Display,2024,10,lanco,bienvenida_primavera,493351.0,0.0,588.0,0.0,17,,,,,,,,unmatched,,,0.11918492108052886,0.0,,,,,False
lanco,bienvenida primavera2,Retail Display,2024,9,lanco,bienvenida_primavera2,747360.0,0.0,1091.0,0.0,18,,,,,,,,unmatched,,,0.14598051809034468,0.0,,,,,False
lanco,dql6rhasb,CRM,2025,9,lanco,dQL6rhasb,0.0,101302.0,529.0,7436328.0,1,,,,,,,,unmatched,,,,,,,,,False
lanco,duelo leyendas,Meta,2024,11,lanco,duelo_leyendas,830054.0,0.0,21073.0,0.0,13,,,,,,,,unmatched,,,2.5387504909319154,0.0,,,,,False
lanco,duelo leyendas,Meta,2024,12,lanco,duelo_leyendas,57098.0,0.0,996.0,0.0,1,,,,,,,,unmatched,,,1.7443693299239904,0.0,,,,,False
lanco,duelo leyendas,Retail Display,2024,11,lanco,duelo_leyendas,482573.0,0.0,568.0,0.0,13,,,,,,,,unmatched,,,0.11770239942972358,0.0,,,,,False
lanco,duelo leyendas,Retail Display,2024,12,lanco,duelo_leyendas,14137.0,0.0,20.0,0.0,1,,,,,,,,unmatched,,,0.1414727311310745,0.0,,,,,False
lanco,fbymihkhw,CRM,2024,10,lanco,fByMIHKHW,0.0,1109238.0,25007.0,58414986.0,1,,,,,,,,unmatched,,,,,,,,,False
lanco,gkvtmbzog,CRM,2025,2,lanco,GKVtmbzog,0.0,2010.0,0.0,98020.0,1,,,,,,,,unmatched,,,,,,,,,False
lanco,ja30ngamq,CRM,2024,11,lanco,Ja30ngaMq,0.0,101314.0,585.0,18364586.0,1,,,,,,,,unmatched,,,,,,,,,False
lanco,ji7pkbhis,CRM,2024,12,lanco,JI7pkbhis,0.0,102220.0,398.0,8462706.0,1,,,,,,,,unmatched,,,,,,,,,False
lanco,l7pqojdkr,CRM,2025,9,lanco,l7PQojdkR,0.0,54024.0,216.0,3244278.0,1,,,,,,,,unmatched,,,,,,,,,False
lanco,ll lsulxe,CRM,2024,3,lanco,Ll-LSULXE,0.0,53355.0,3738.0,7672993.0,1,,,,,,,,unmatched,,,,,,,,,False
lanco,lnmes7raj,CRM,2025,5,lanco,LNmES7RAj,0.0,53943.0,307.0,2940660.0,1,PINTURA Y ACCESORIOS,LANCO,AON MAYO 2025,1500000.0,46376.0,1453624.0,3.0,probable,aon mayo 2025,1.0,,,1.96044,,4885.99348534202,0.9690826666666666,True
lanco,lr38rweyx,CRM,2025,9,lanco,lR38rweyX,0.0,3013.0,0.0,166100.0,1,,,,,,,,unmatched,,,,,,,,,False
lanco,mdk 26ewg,CRM,2024,8,lanco,mDk-26EWg,0.0,1049.0,0.0,395676.0,1,,,,,,,,unmatched,,,,,,,,,False
lanco,muyphph z,CRM,2025,1,lanco,MUYPHpH-z,0.0,53985.0,640.0,6896527.0,1,PINTURA Y ACCESORIOS,LANCO,AON Enero,1000000.0,88888.0,911112.0,2.0,probable,aon enero,1.0,,,6.896527,,1562.5,0.911112,True
lanco,nb9vxu8lo,CRM,2025,7,lanco,Nb9vXU8Lo,0.0,30061.0,261.0,2938470.0,1,PINTURA Y ACCESORIOS,LANCO,AON Julio 2025,1000000.0,133332.0,866668.0,3.0,probable,aon julio 2025,1.0,,,2.93847,,3831.417624521073,0.866668,True
lanco,ockoz1kqz,CRM,2025,1,lanco,ocKoz1KQZ,0.0,101181.0,442.0,6235684.0,1,PINTURA Y ACCESORIOS,LANCO,AON Enero,1000000.0,88888.0,911112.0,2.0,probable,aon enero,1.0,,,6.235684,,2262.443438914027,0.911112,True
lanco,og4mbhnsj,CRM,2024,3,lanco,OG4MBhnSJ,0.0,1103951.0,37079.0,56679312.0,1,,,,,,,,unmatched,,,,,,,,,False
lanco,orf56svpm,CRM,2025,1,lanco,OrF56sVpm,0.0,102341.0,465.0,19995706.0,1,PINTURA Y ACCESORIOS,LANCO,AON Enero,1000000.0,88888.0,911112.0,2.0,probable,aon enero,1.0,,,19.995706,,2150.537634408602,0.911112,True
lanco,pfiddmmgy,CRM,2025,2,lanco,PfiddmMGY,0.0,54061.0,696.0,6738215.0,1,,,,,,,,unmatched,,,,,,,,,False
lanco,ph9joblno,CRM,2024,9,lanco,PH9JoBLNo,0.0,54122.0,2332.0,7156674.0,1,,,,,,,,unmatched,,,,,,,,,False
lanco,psfgzzt95,CRM,2025,4,lanco,pSFGzZT95,0.0,101374.0,506.0,9219382.0,1,PINTURA Y ACCESORIOS,LANCO,AON ABRIL 2025,0.0,100000.0,-100000.0,2.0,probable,aon abril 2025,1.0,,,,,0.0,,False
lanco,qfjqxkfuq,CRM,2025,9,lanco,qFjQXkFUq,0.0,30011.0,148.0,12217801.0,1,,,,,,,,unmatched,,,,,,,,,False
lanco,qr7vqymqt,CRM,2024,11,lanco,QR7VqyMQT,0.0,101390.0,488.0,18428402.0,1,,,,,,,,unmatched,,,,,,,,,False
lanco,qt6bdfwwm,CRM,2024,3,lanco,QT6BdFWWM,0.0,101382.0,143.0,19205617.0,1,,,,,,,,unmatched,,,,,,,,,False
lanco,r g3ftmbz,CRM,2024,9,lanco,r-G3FtmBz,0.0,1076.0,0.0,594417.0,1,,,,,,,,unmatched,,,,,,,,,False
lanco,rhv2mumfw,CRM,2024,8,lanco,rhV2mUmfw,0.0,1073.0,0.0,657578.0,1,,,,,,,,unmatched,,,,,,,,,False
lanco,s zw4nuxh,CRM,2025,2,lanco,s-zw4nuXH,0.0,54106.0,494.0,3853741.0,1,,,,,,,,unmatched,,,,,,,,,False
lanco,s12bjntj4,CRM,2024,10,lanco,s12BjnTJ4,0.0,1074.0,0.0,300556.0,1,,,,,,,,unmatched,,,,,,,,,False
lanco,s814kyplr,CRM,2025,8,lanco,s814Kyplr,0.0,101306.0,265.0,2421610.0,1,PINTURA Y ACCESORIOS,LANCO,Always On Agosto,3345000.0,106666.0,3238334.0,4.0,probable,always on agosto,1.0,,,0.723949177877429,,12622.641509433963,0.9681118086696562,True
lanco,suqrsiv0b,CRM,2025,7,lanco,SUqrSiv0b,0.0,53954.0,237.0,2601640.0,1,PINTURA Y ACCESORIOS,LANCO,AON Julio 2025,1000000.0,133332.0,866668.0,3.0,probable,aon julio 2025,1.0,,,2.60164,,4219.4092827004215,0.866668,True
lanco,t1cewmare,CRM,2024,2,lanco,t1cewmARE,0.0,101196.0,982.0,15010622.0,1,,,,,,,,unmatched,,,,,,,,,False
lanco,tactica,Meta,2025,3,lanco,tactica,208986.0,0.0,4313.0,0.0,15,,,,,,,,unmatched,,,2.0637746069114677,0.0,,,,,False
lanco,tizibg1zb,CRM,2025,8,lanco,TiZIbg1zB,0.0,101320.0,293.0,5302939.0,1,PINTURA Y ACCESORIOS,LANCO,Always On Agosto,3345000.0,106666.0,3238334.0,4.0,probable,always on agosto,1.0,,,1.5853330343796712,,11416.382252559726,0.9681118086696562,True
lanco,tms7mf0ck,CRM,2024,3,lanco,tMS7mf0cK,0.0,101342.0,293.0,9043598.0,1,,,,,,,,unmatched,,,,,,,,,False
lanco,uo2khokun,CRM,2025,5,lanco,uO2KhokUN,0.0,101352.0,431.0,10733710.0,1,PINTURA Y ACCESORIOS,LANCO,AON MAYO 2025,1500000.0,46376.0,1453624.0,3.0,probable,aon mayo 2025,1.0,,,7.155806666666667,,3480.278422273782,0.9690826666666666,True
lanco,verano,Retail Display,2024,12,lanco,verano,980644.0,0.0,985.0,0.0,28,,,,,,,,unmatched,,,0.10044419789444488,0.0,,,,,False
lanco,verano,Retail Display,2025,1,lanco,verano,491144.0,0.0,510.0,0.0,18,PINTURA Y ACCESORIOS,LANCO,AON Enero,800000.0,640000.0,160000.0,1.0,probable,aon enero,1.0,0.1038391999087844,0.0,0.0,1628.850194647598,1568.6274509803923,0.2,True
lanco,verano,Retail Display,2025,2,lanco,verano,202347.0,0.0,159.0,0.0,20,,,,,,,,unmatched,,,0.07857788847870242,0.0,,,,,False
lanco,verano,Retail Display,2025,3,lanco,verano,281446.0,0.0,353.0,0.0,21,PINTURA Y ACCESORIOS,LANCO,AON Marzo 2025,800000.0,640000.0,160000.0,1.0,probable,aon marzo 2025,1.0,0.12542370472488504,0.0,0.0,2842.4635631702,2266.28895184136,0.2,True
lanco,vwy4lqp58,CRM,2025,7,lanco,vwy4lqP58,0.0,101229.0,363.0,8606191.0,1,PINTURA Y ACCESORIOS,LANCO,AON Julio 2025,1000000.0,133332.0,866668.0,3.0,probable,aon julio 2025,1.0,,,8.606191,,2754.8209366391184,0.866668,True
lanco,w2oxlrn2t,CRM,2024,9,lanco,W2oxlRn2t,0.0,101313.0,317.0,8809036.0,1,,,,,,,,unmatched,,,,,,,,,False
lanco,w7qlfmwis,CRM,2025,8,lanco,w7qLfmWIs,0.0,101290.0,221.0,4352660.0,1,PINTURA Y ACCESORIOS,LANCO,Always On Agosto,3345000.0,106666.0,3238334.0,4.0,probable,always on agosto,1.0,,,1.3012436472346787,,15135.746606334842,0.9681118086696562,True
lanco,wgwj5ze3,CRM,2024,11,lanco,Wgwj5Ze3-,0.0,53950.0,2104.0,13482433.0,1,,,,,,,,unmatched,,,,,,,,,False
lanco,wmvj7qvcp,CRM,2024,9,lanco,wMVJ7qvcP,0.0,1096.0,0.0,263983.0,1,,,,,,,,unmatched,,,,,,,,,False
lanco,wzm6trfwz,CRM,2025,9,lanco,Wzm6TrFwZ,0.0,101175.0,663.0,6325752.0,1,,,,,,,,unmatched,,,,,,,,,False
lanco,yjsdauw6t,CRM,2024,3,lanco,yjSdAuW6t,0.0,101636.0,237.0,3435285.0,1,,,,,,,,unmatched,,,,,,,,,False
lanco,ysa8und70,CRM,2025,3,_lanco,YSA8UnD70,0.0,54088.0,441.0,0.0,1,PINTURA Y ACCESORIOS,LANCO,AON Marzo 2025,100000.0,65306.0,34694.0,2.0,probable,aon marzo 2025,1.0,,,0.0,,226.75736961451247,0.34694,True
lanco,z2stlvh7a,CRM,2024,9,lanco,Z2StLvH7A,0.0,101294.0,221.0,6175608.0,1,,,,,,,,unmatched,,,,,,,,,False
lanco,zm uozijw,CRM,2024,12,lanco,Zm-uoZijW,0.0,102247.0,329.0,11716652.0,1,,,,,,,,unmatched,,,,,,,,,False
ledzone,6189516 008630,CRM,2023,3,ledzone,6189516-008630,0.0,80965.0,68.0,316720.0,1,,,,,,,,unmatched,,,,,,,,,False
leifheit,dziclvaze,CRM,2024,4,leifheit,dziCLVAzE,0.0,2.0,0.0,29980.0,1,,,,,,,,unmatched,,,,,,,,,False
leifheit,fgdtybdsp,CRM,2024,7,leifheit,fgdTYbdSp,0.0,53933.0,2472.0,122919.0,1,,,,,,,,unmatched,,,,,,,,,False
leifheit,jbtuqb0cq,CRM,2024,4,leifheit,jbTuQB0cQ,0.0,3.0,0.0,33460.0,1,,,,,,,,unmatched,,,,,,,,,False
lg,6189516 009133,CRM,2023,4,lg,6189516-009133,0.0,35408.0,27.0,1245960.0,1,,,,,,,,unmatched,,,,,,,,,False
lg,6189516 009138,CRM,2023,4,lg,6189516-009138,0.0,72035.0,73.0,3206710.0,1,,,,,,,,unmatched,,,,,,,,,False
lg,6189516 009405,CRM,2023,5,lg,6189516-009405,0.0,105259.0,111.0,4294860.0,1,,,,,,,,unmatched,,,,,,,,,False
lg,6189516 009526,CRM,2023,5,lg,6189516-009526,0.0,105343.0,194.0,4016944.0,1,,,,,,,,unmatched,,,,,,,,,False
lg,ae3ysswl2,CRM,2025,10,lg,aE3YSSwL2,0.0,106271.0,449.0,4125900.0,1,ELECTROHOGAR,LG,Cyber Octubre 2025,700000.0,27119.0,672881.0,1.0,probable,cyber octubre 2025,1.0,,,5.894142857142858,,1559.0200445434298,0.9612585714285714,True
lg,aon febrero lg 2026,Meta,2026,2,lg,aon_febrero_lg_2026,382277.0,0.0,14828.0,159990.0,18,,,,,,,,unmatched,,,3.8788627095012256,0.0,,,,,False
lg,aon febrero lg 2026,Meta,2026,3,lg,aon_febrero_lg_2026,53876.0,0.0,1685.0,0.0,1,,,,,,,,unmatched,,,3.127552156804514,0.0,,,,,False
lg,black week,Retail Display,2025,3,lg,black_week,48546.0,0.0,234.0,0.0,5,ELECTROHOGAR,LG,Black Marzo 2025,300000.0,240000.0,60000.0,1.0,probable,black marzo 2025,1.0,0.482017055988135,0.0,0.0,6179.705846001731,1282.051282051282,0.2,True
lg,black week,Retail Display,2025,4,lg,black_week,141769.0,0.0,257.0,0.0,8,,,,,,,,unmatched,,,0.18128081597528375,0.0,,,,,False
lg,brony1h9k,CRM,2024,5,lg,BrOnY1h9K,0.0,101231.0,394.0,9075637.0,1,,,,,,,,unmatched,,,,,,,,,False
lg,co brand,Google,2024,8,lg,co_brand,101978.0,0.0,1298.0,1404040.0,10,,,,,,,,unmatched,,,1.2728235501774894,0.0,,,,,False
lg,co brand,Google,2024,9,lg,co_brand,79269.0,0.0,868.0,797738.0,7,,,,,,,,unmatched,,,1.0950056137960615,0.0,,,,,False
lg,co brand,Google,2026,2,lg,co_brand,227044.0,0.0,4145.0,12091050.0,20,ELECTROHOGAR,LG,AON Febrero LG 2026,800000.0,0.0,800000.0,2.0,probable,aon febrero lg 2026,1.0,1.8256373214002573,0.0,15.1138125,3523.546096791811,193.00361881785284,1.0,True
lg,cyber monday,Retail Display,2025,10,lg,cyber_monday,154562.0,0.0,378.0,0.0,2,ELECTROHOGAR,LG,Cyber Octubre 2025,500000.0,400000.0,100000.0,1.0,probable,cyber octubre 2025,1.0,0.24456205276846832,0.0,0.0,3234.9477879427027,1322.7513227513227,0.2,True
lg,dcjc7w2ce,CRM,2025,10,lg,DCjC7W2Ce,0.0,106237.0,265.0,15373277.0,1,ELECTROHOGAR,LG,Cyber Octubre 2025,700000.0,27119.0,672881.0,1.0,probable,cyber octubre 2025,1.0,,,21.961824285714286,,2641.509433962264,0.9612585714285714,True
lg,js6vw17tw,CRM,2024,4,lg,jS6VW17tW,0.0,101343.0,376.0,7098811.0,1,,,,,,,,unmatched,,,,,,,,,False
lg,jvlsmt3xt,CRM,2024,6,lg,jVLsMT3Xt,0.0,106194.0,258.0,4540783.0,1,,,,,,,,unmatched,,,,,,,,,False
lg,no 39yctx,CRM,2025,4,lg,nO-39yctx,0.0,101444.0,305.0,8114137.0,1,,,,,,,,unmatched,,,,,,,,,False
lg,ojxzdlihs,CRM,2024,8,lg,oJXZDliHS,0.0,101244.0,445.0,6162315.0,1,,,,,,,,unmatched,,,,,,,,,False
lg,semana marca,Retail Display,2024,8,lg,semana_marca,557761.0,0.0,1362.0,0.0,5,,,,,,,,unmatched,,,0.24419061210805346,0.0,,,,,False
lg,x,CRM,2024,10,lg,X,0.0,212355.0,522.0,21576032.0,2,,,,,,,,unmatched,,,,,,,,,False
libero,,CRM,2026,1,libero,,0.0,246.0,0.0,8462646.0,10,ELECTROHOGAR,LIBERO,AON Libero/Ventus 2026,2100000.0,0.0,2100000.0,1.0,probable,aon libero ventus 2026,1.0,,,4.029831428571429,,,1.0,True
libero,,CRM,2026,2,libero,,0.0,470.0,0.0,11202791.0,28,ELECTROHOGAR,LIBERO,AON Libero/Ventus 2026,2100000.0,0.0,2100000.0,1.0,probable,aon libero ventus 2026,1.0,,,5.3346623809523805,,,1.0,True
libero,,CRM,2026,3,libero,,0.0,345.0,0.0,7362598.0,31,ELECTROHOGAR,LIBERO,AON Libero/Ventus 2026,2100000.0,0.0,2100000.0,1.0,probable,aon libero ventus 2026,1.0,,,3.5059990476190475,,,1.0,True
libero,,CRM,2026,4,libero,,0.0,471.0,0.0,5119741.0,30,ELECTROHOGAR,LIBERO,AON ABRIL VENTUS 2026,0.0,0.0,0.0,1.0,probable,aon abril ventus 2026,1.0,,,,,,,False
libero,,CRM,2026,5,libero,,0.0,254.0,0.0,2839870.0,24,,,,,,,,unmatched,,,,,,,,,False
libero,5jlgdhnhc,CRM,2025,6,libero,5jLgdhnHc,0.0,4.0,4.0,862474.0,1,ELECTROHOGAR,LIBERO,Campaña Marca Imega Ventus,0.0,55172.0,-55172.0,1.0,probable,campana marca imega ventus,1.0,,,,,0.0,,False
libero,8tazoaumh,CRM,2025,8,libero,8tAZoAUMh,0.0,6.0,0.0,1213364.0,1,ELECTROHOGAR,LIBERO,AON Agosto 2025,700000.0,53333.0,646667.0,1.0,probable,aon agosto 2025,1.0,,,1.733377142857143,,,0.92381,True
libero,9a9j0tmfv,CRM,2024,11,libero,9a9j0tMFV,0.0,22.0,1.0,3712429.0,1,,,,,,,,unmatched,,,,,,,,,False
libero,aon febrero 2026,Sponsored Products,2026,2,LIBERO,aon_febrero_2026,0.0,0.0,0.0,129990.0,1,ELECTROHOGAR,LIBERO,AON LIBERO FEBRERO,400000.0,329600.0,70400.0,1.0,probable,aon libero febrero,1.0,,,0.324975,,,0.176,True
libero,aon libero ventus 2026,CRM,2026,4,libero,aon_libero/ventus_2026,0.0,16724.0,0.0,8849561.0,22,ELECTROHOGAR,LIBERO,AON ABRIL VENTUS 2026,0.0,0.0,0.0,1.0,probable,aon abril ventus 2026,1.0,,,,,,,False
libero,aon libero ventus 2026,CRM,2026,5,libero,aon_libero/ventus_2026,0.0,10057.0,0.0,4029820.0,20,,,,,,,,unmatched,,,,,,,,,False
libero,aon marzo ventus 2026,Sponsored Products,2026,3,LIBERO,aon_marzo_ventus_2026,0.0,0.0,0.0,449970.0,1,ELECTROHOGAR,LIBERO,AON MARZO LIBERO 2026,300000.0,247200.0,52800.0,1.0,probable,aon marzo libero 2026,1.0,,,1.4999,,,0.176,True
libero,bfpe4pur2,CRM,2025,2,libero,BFPE4pUr2,0.0,15.0,20.0,3619850.0,1,ELECTROHOGAR,LIBERO,Campaña Marca Imega Ventus,0.0,48485.0,-48485.0,1.0,probable,campana marca imega ventus,1.0,,,,,0.0,,False
libero,black week,Sponsored Products,2026,3,LIBERO,black_week,177416.0,0.0,5191.0,25253580.0,2,ELECTROHOGAR,LIBERO,AON MARZO LIBERO 2026,300000.0,247200.0,52800.0,1.0,probable,aon marzo libero 2026,1.0,2.9258916895883122,0.0,84.1786,1690.9410650674122,57.79233288383741,0.176,True
libero,ceo9bwx3w,CRM,2025,6,libero,CEO9BwX3w,0.0,12.0,0.0,2324867.0,1,ELECTROHOGAR,LIBERO,Campaña Marca Imega Ventus,0.0,55172.0,-55172.0,1.0,probable,campana marca imega ventus,1.0,,,,,,,False
libero,hlfvv6kzk,CRM,2025,3,libero,hLfvv6KZk,0.0,6.0,0.0,1409930.0,1,ELECTROHOGAR,LIBERO,Campaña Marca Imega Ventus,0.0,32653.0,-32653.0,1.0,probable,campana marca imega ventus,1.0,,,,,,,False
libero,hswcmvaaz,CRM,2025,5,libero,HswCmVaaz,0.0,9.0,0.0,2499880.0,1,ELECTROHOGAR,LIBERO,Campaña Marca Imega Ventus,0.0,23188.0,-23188.0,1.0,probable,campana marca imega ventus,1.0,,,,,,,False
libero,hu0ajearn,CRM,2025,7,libero,hu0AJEarN,0.0,6.0,0.0,1040660.0,1,ELECTROHOGAR,LIBERO,AON Julio 2025,700000.0,44444.0,655556.0,1.0,probable,aon julio 2025,1.0,,,1.486657142857143,,,0.9365085714285715,True
libero,lxvtxjgtk,CRM,2025,4,libero,lxvTxJgTK,0.0,9.0,2.0,1634810.0,1,ELECTROHOGAR,LIBERO,Campaña Marca Imega Ventus,0.0,50000.0,-50000.0,1.0,probable,campana marca imega ventus,1.0,,,,,0.0,,False
libero,m7z6z1qku,CRM,2024,3,libero,m7Z6z1qku,0.0,101691.0,646.0,319980.0,1,,,,,,,,unmatched,,,,,,,,,False
libero,mbccwpzp9,CRM,2025,6,libero,mbCcwpZp9,0.0,9.0,0.0,1514910.0,1,ELECTROHOGAR,LIBERO,Campaña Marca Imega Ventus,0.0,55172.0,-55172.0,1.0,probable,campana marca imega ventus,1.0,,,,,,,False
libero,mberh739l,CRM,2025,10,libero,mbERh739L,0.0,6.0,0.0,959940.0,1,,,,,,,,unmatched,,,,,,,,,False
libero,meiyoqgwe,CRM,2025,1,libero,MEIYoQGWe,0.0,11.0,1.0,3693302.0,1,ELECTROHOGAR,LIBERO,Campaña Marca Imega Ventus,700000.0,44444.0,655556.0,1.0,probable,campana marca imega ventus,1.0,,,5.276145714285715,,700000.0,0.9365085714285715,True
libero,nbj54xxuz,CRM,2024,12,libero,NBJ54xXuZ,0.0,6.0,0.0,1209920.0,1,,,,,,,,unmatched,,,,,,,,,False
libero,vejvn2btz,CRM,2025,10,libero,VEjvN2BTz,0.0,15883.0,171.0,414217.0,1,,,,,,,,unmatched,,,,,,,,,False
libero,x,CRM,2024,10,libero,X,0.0,53237.0,1007.0,1189960.0,1,,,,,,,,unmatched,,,,,,,,,False
lizcal,6189516 007695,CRM,2023,1,lizcal,6189516-007695,0.0,101551.0,348.0,6640017.0,1,,,,,,,,unmatched,,,,,,,,,False
lizcal,ccvglwlbh,CRM,2025,9,lizcal,cCvGLWlbh,0.0,101405.0,417.0,5533708.0,1,,,,,,,,unmatched,,,,,,,,,False
lizcal,j7tydywqn,CRM,2025,8,lizcal,J7tYdyWQN,0.0,53942.0,246.0,1778060.0,1,,,,,,,,unmatched,,,,,,,,,False
lizcal,khjjx3alr,CRM,2025,8,lizcal,KHjJx3alR,0.0,101159.0,363.0,4744458.0,1,,,,,,,,unmatched,,,,,,,,,False
loctite,44fcnwlrw,CRM,2024,8,loctite,44fCnwLRW,0.0,118.0,0.0,785705.0,1,,,,,,,,unmatched,,,,,,,,,False
loctite,7yklawwib,CRM,2024,9,loctite,7yklAWWib,0.0,79.0,0.0,530291.0,1,,,,,,,,unmatched,,,,,,,,,False
loctite,bnqp1n74t,CRM,2025,6,loctite,bNqP1N74t,0.0,26.0,1.0,155971.0,1,,,,,,,,unmatched,,,,,,,,,False
loctite,bpgssdkja,CRM,2024,7,loctite,BPGssDKJa,0.0,89.0,0.0,574459.0,1,,,,,,,,unmatched,,,,,,,,,False
loctite,cm7i2xrxn,CRM,2024,8,loctite,CM7i2XRXN,0.0,108.0,1.0,741148.0,1,,,,,,,,unmatched,,,,,,,,,False
loctite,fdnix oqj,CRM,2024,8,loctite,fDnIx-OqJ,0.0,104.0,0.0,675522.0,1,,,,,,,,unmatched,,,,,,,,,False
loctite,iaqfavmfa,CRM,2024,8,loctite,IAQFAVMfa,0.0,9.0,1.0,57213.0,1,,,,,,,,unmatched,,,,,,,,,False
loctite,rudhzzwa1,CRM,2025,6,loctite,rUDHzZWA1,0.0,3106.0,3.0,20070.0,1,,,,,,,,unmatched,,,,,,,,,False
loctite,yyqjvqykg,CRM,2025,5,loctite,YyQjVQyKG,0.0,5.0,0.0,43640.0,1,,,,,,,,unmatched,,,,,,,,,False
los robles thomas,aon thomas lb,Retail Display,2026,5,los_robles-thomas,aon_thomas_lb,207588.0,0.0,194.0,0.0,12,,,,,,,,unmatched,,,0.09345434225485096,0.0,,,,,False
lysoform,bnqa1ffim,CRM,2025,2,lysoform,BNqA1Ffim,0.0,102006.0,500.0,290548.0,1,,,,,,,,unmatched,,,,,,,,,False
lysoform,dziclvaze,CRM,2024,4,lysoform,dziCLVAzE,0.0,7.0,0.0,35378.0,1,,,,,,,,unmatched,,,,,,,,,False
lysoform,jbtuqb0cq,CRM,2024,4,lysoform,jbTuQB0cQ,0.0,7.0,0.0,41299.0,1,,,,,,,,unmatched,,,,,,,,,False
lysoform,mbccwpzp9,CRM,2025,7,lysoform,mbCcwpZp9,0.0,3.0,0.0,9044.0,1,,,,,,,,unmatched,,,,,,,,,False
lysoform,pets,Retail Display,2025,8,lysoform,pets,82209.0,0.0,176.0,0.0,20,JARDIN,LYSOFORM,Regalones de la Casa 2025,100000.0,80000.0,20000.0,1.0,probable,regalones de la casa 2025,1.0,0.214088481796397,0.0,0.0,1216.4118283886191,568.1818181818181,0.2,True
lysoform,qlglgyfjm,CRM,2025,7,lysoform,QlGlgYFJm,0.0,81.0,0.0,424155.0,1,,,,,,,,unmatched,,,,,,,,,False
lysoform,tg5yhxjky,CRM,2025,7,lysoform,tg5YHxJKY,0.0,33.0,0.0,146663.0,1,,,,,,,,unmatched,,,,,,,,,False
lysoform,xbdvs4tpp,CRM,2025,8,lysoform,xBDvS4tpp,0.0,49.0,0.0,246075.0,1,,,,,,,,unmatched,,,,,,,,,False
lysoform pets,regalones de la casa,Retail Display,2025,6,lysoform_pets,regalones_de_la_casa,107545.0,0.0,147.0,0.0,13,,,,,,,,unmatched,,,0.13668696824585055,0.0,,,,,False
lysoform pets,regalones de la casa,Retail Display,2025,7,lysoform_pets,regalones_de_la_casa,119516.0,0.0,198.0,0.0,18,,,,,,,,unmatched,,,0.16566819505338198,0.0,,,,,False
lysoform pets,regalones de la casa,Retail Display,2025,8,lysoform_pets,regalones_de_la_casa,14487.0,0.0,20.0,0.0,1,,,,,,,,unmatched,,,0.13805480775868018,0.0,,,,,False
lysol,5dwgcygcl,CRM,2025,6,lysol,5dwGcygCL,0.0,2.0,0.0,9980.0,1,,,,,,,,unmatched,,,,,,,,,False
lysol,zjwoxqrfi,CRM,2025,4,lysol,ZJWoXqRfI,0.0,7.0,0.0,31828.0,1,,,,,,,,unmatched,,,,,,,,,False
mabe,0bsxq1m f,CRM,2024,6,mabe,0bSXq1m-f,0.0,104538.0,216.0,3441800.0,1,,,,,,,,unmatched,,,,,,,,,False
mabe,134ok6v0l,CRM,2024,9,mabe,134OK6v0L,0.0,54003.0,2163.0,2133119.0,1,,,,,,,,unmatched,,,,,,,,,False
mabe,3vecu8xdz,CRM,2024,11,mabe,3VeCu8xdz,0.0,54019.0,1920.0,739980.0,1,,,,,,,,unmatched,,,,,,,,,False
mabe,7uxhgt7qv,CRM,2025,2,mabe,7uXhGT7Qv,0.0,53868.0,583.0,1620900.0,1,ELECTROHOGAR,MABE,AON Febrero 2025,600000.0,48485.0,551515.0,1.0,probable,aon febrero 2025,1.0,,,2.7015,,1029.1595197255574,0.9191916666666666,True
mabe,always on,Retail Display,2025,3,mabe,always_on,171770.0,0.0,292.0,0.0,17,,,,,,,,unmatched,,,0.16999476043546602,0.0,,,,,False
mabe,auk4s6 i5,CRM,2024,3,mabe,auk4S6-I5,0.0,42810.0,3009.0,3569790.0,1,,,,,,,,unmatched,,,,,,,,,False
mabe,black friday,Retail Display,2024,11,mabe,black_friday,178636.0,0.0,980.0,0.0,2,,,,,,,,unmatched,,,0.5486016256521642,0.0,,,,,False
mabe,black friday,Retail Display,2024,12,mabe,black_friday,222450.0,0.0,952.0,0.0,2,,,,,,,,unmatched,,,0.4279613396268825,0.0,,,,,False
mabe,black week,Retail Display,2025,3,mabe,black_week,43631.0,0.0,185.0,0.0,6,,,,,,,,unmatched,,,0.4240104512846371,0.0,,,,,False
mabe,black week,Retail Display,2025,4,mabe,black_week,103415.0,0.0,309.0,0.0,8,ELECTROHOGAR,MABE,Campaña abril,300000.0,240000.0,60000.0,1.0,probable,campana abril,1.0,0.2987961127496011,0.0,0.0,2900.933133491273,970.8737864077669,0.2,True
mabe,clfm7hwvq,CRM,2024,8,mabe,cLfm7hwvq,0.0,37.0,2.0,7214309.0,1,,,,,,,,unmatched,,,,,,,,,False
mabe,cyber day,Retail Display,2024,6,mabe,cyber_day,298336.0,0.0,1258.0,0.0,3,,,,,,,,unmatched,,,0.4216722085165719,0.0,,,,,False
mabe,cyber day,Retail Display,2025,6,mabe,cyber_day,92012.0,0.0,297.0,0.0,3,,,,,,,,unmatched,,,0.32278398469764813,0.0,,,,,False
mabe,fgxvz8x0y,CRM,2024,2,mabe,fGxVz8X0y,0.0,54033.0,3101.0,1219920.0,1,,,,,,,,unmatched,,,,,,,,,False
mabe,gtto5zbk9,CRM,2024,8,mabe,gTTO5ZBK9,0.0,12.0,0.0,2239870.0,1,,,,,,,,unmatched,,,,,,,,,False
mabe,hrlynsutq,CRM,2024,6,mabe,hrLYNsUtQ,0.0,33169.0,2623.0,16540154.0,1,,,,,,,,unmatched,,,,,,,,,False
mabe,lajhqkdz,CRM,2025,1,mabe,-LajhqkDZ,0.0,102200.0,443.0,3462365.0,1,ELECTROHOGAR,MABE,AON Enero 2025,600000.0,44444.0,555556.0,1.0,probable,aon enero 2025,1.0,,,5.770608333333334,,1354.4018058690745,0.9259266666666667,True
mabe,lbig77gpt,CRM,2024,3,mabe,lbIg77gPT,0.0,101171.0,441.0,3438285.0,1,,,,,,,,unmatched,,,,,,,,,False
mabe,mekulfoky,CRM,2024,8,mabe,MEKUlfOKY,0.0,101030.0,767.0,3192790.0,1,,,,,,,,unmatched,,,,,,,,,False
mabe,nruu1bqmb,CRM,2024,8,mabe,NRUu1Bqmb,0.0,27787.0,2082.0,3394255.0,1,,,,,,,,unmatched,,,,,,,,,False
mabe,o96orkgoi,CRM,2024,2,mabe,o96oRkgOi,0.0,101182.0,364.0,3387820.0,1,,,,,,,,unmatched,,,,,,,,,False
mabe,odbhs3sov,CRM,2025,3,mabe,OdbhS3SOv,0.0,102097.0,392.0,5844730.0,1,,,,,,,,unmatched,,,,,,,,,False
mabe,ok2oxe2dc,CRM,2024,4,mabe,ok2oXe2dc,0.0,100778.0,295.0,6414680.0,1,,,,,,,,unmatched,,,,,,,,,False
mabe,ovvist16d,CRM,2024,12,mabe,oVvist16D,0.0,53979.0,1815.0,1657402.0,1,,,,,,,,unmatched,,,,,,,,,False
mabe,pja0xzn9s,CRM,2024,8,mabe,PJA0xZN9s,0.0,10.0,1.0,1839279.0,1,,,,,,,,unmatched,,,,,,,,,False
mabe,pubja31b8,CRM,2024,11,mabe,PUBjA31b8,0.0,101288.0,447.0,3879320.0,1,,,,,,,,unmatched,,,,,,,,,False
mabe,rknac5hk8,CRM,2024,6,mabe,rKnaC5hk8,0.0,104296.0,293.0,12016730.0,1,,,,,,,,unmatched,,,,,,,,,False
mabe,tactica,Retail Display,2025,4,mabe,tactica,114616.0,0.0,381.0,0.0,9,ELECTROHOGAR,MABE,Campaña abril,300000.0,240000.0,60000.0,1.0,probable,campana abril,1.0,0.33241432260766385,0.0,0.0,2617.435611083967,787.4015748031496,0.2,True
mabe,v2nrfyeze,CRM,2024,12,mabe,v2NRfyezE,0.0,53947.0,1783.0,3284860.0,1,,,,,,,,unmatched,,,,,,,,,False
mabe,wzel1efh0,CRM,2024,1,mabe,WZel1EfH0,0.0,50635.0,4823.0,1580552.0,1,,,,,,,,unmatched,,,,,,,,,False
mabe,x,CRM,2024,9,mabe,X,0.0,105500.0,258.0,3734321.0,1,,,,,,,,unmatched,,,,,,,,,False
mabe,x,CRM,2024,10,mabe,X,0.0,160150.0,1574.0,10499427.0,2,,,,,,,,unmatched,,,,,,,,,False
mabe,yao3ni7ct,CRM,2024,10,mabe,YAO3ni7cT,0.0,45104.0,1805.0,2111203.0,1,,,,,,,,unmatched,,,,,,,,,False
mabe,ylvayxjq2,CRM,2025,4,mabe,yLvaYxJQ2,0.0,54028.0,367.0,5320794.0,1,,,,,,,,unmatched,,,,,,,,,False
madeco,6189516 011779,CRM,2023,11,madeco,6189516-011779,0.0,101379.0,355.0,10549054.0,1,,,,,,,,unmatched,,,,,,,,,False
madeco,6189516 012185,CRM,2023,12,madeco,6189516-012185,0.0,101276.0,303.0,7637122.0,1,,,,,,,,unmatched,,,,,,,,,False
madeco,dfvo9f ra,CRM,2024,11,madeco,dfvO9f-RA,0.0,101349.0,418.0,15760590.0,1,,,,,,,,unmatched,,,,,,,,,False
madeco,xh7jn75fh,CRM,2023,12,madeco,XH7jn75FH,0.0,95586.0,301.0,7223423.0,1,,,,,,,,unmatched,,,,,,,,,False
mademsa,,CRM,2025,5,mademsa,,0.0,221.0,0.0,5934630.0,5,,,,,,,,unmatched,,,,,,,,,False
mademsa,,CRM,2025,6,mademsa,,0.0,2198.0,0.0,38225203.0,30,,,,,,,,unmatched,,,,,,,,,False
mademsa,,CRM,2025,7,mademsa,,0.0,854.0,0.0,11085032.0,20,,,,,,,,unmatched,,,,,,,,,False
mademsa,1adpdsaru,CRM,2025,6,mademsa,1AdPdsARu,0.0,22256.0,307.0,20064395.0,1,,,,,,,,unmatched,,,,,,,,,False
mademsa,2pa4aj6if,CRM,2024,6,mademsa,2pa4AJ6if,0.0,54086.0,2555.0,15883406.0,1,,,,,,,,unmatched,,,,,,,,,False
mademsa,2xbd6rd 7,CRM,2024,7,mademsa,2xbD6rD-7,0.0,101253.0,218.0,20240178.0,1,,,,,,,,unmatched,,,,,,,,,False
mademsa,3hutdwkwm,CRM,2025,11,mademsa,3HutdwKwM,0.0,53.0,1.0,6210745.0,1,,,,,,,,unmatched,,,,,,,,,False
mademsa,4i30fhsf1,CRM,2025,9,mademsa,4i30FHsF1,0.0,25.0,0.0,4691951.0,1,,,,,,,,unmatched,,,,,,,,,False
mademsa,4ixvpznjd,CRM,2025,6,mademsa,4IxVpZNJd,0.0,75.0,1.0,10201312.0,1,,,,,,,,unmatched,,,,,,,,,False
mademsa,4ofehhs1q,CRM,2024,8,mademsa,4oFEHHs1Q,0.0,100042.0,323.0,18820671.0,1,,,,,,,,unmatched,,,,,,,,,False
mademsa,4x3yai3av,CRM,2025,9,mademsa,4x3YAI3AV,0.0,183.0,2.0,27734552.0,1,,,,,,,,unmatched,,,,,,,,,False
mademsa,5hbwhifhx,CRM,2025,9,mademsa,5hbwhifhX,0.0,64.0,7.0,11519710.0,1,,,,,,,,unmatched,,,,,,,,,False
mademsa,6189516 007684,CRM,2023,1,mademsa,6189516-007684,0.0,101195.0,157.0,6405710.0,1,,,,,,,,unmatched,,,,,,,,,False
mademsa,6189516 007809,CRM,2023,1,mademsa,6189516-007809,0.0,100696.0,166.0,6113695.0,1,,,,,,,,unmatched,,,,,,,,,False
mademsa,6189516 008276,CRM,2023,2,mademsa,6189516-008276,0.0,101465.0,268.0,5909710.0,1,,,,,,,,unmatched,,,,,,,,,False
mademsa,6189516 008460,CRM,2023,3,mademsa,6189516-008460,0.0,51225.0,85.0,4520060.0,1,,,,,,,,unmatched,,,,,,,,,False
mademsa,6189516 008461,CRM,2023,3,mademsa,6189516-008461,0.0,51279.0,64.0,1689920.0,1,,,,,,,,unmatched,,,,,,,,,False
mademsa,6189516 008700,CRM,2023,3,mademsa,6189516-008700,0.0,100882.0,217.0,6380350.0,1,,,,,,,,unmatched,,,,,,,,,False
mademsa,6189516 009099,CRM,2023,4,mademsa,6189516-009099,0.0,52551.0,64.0,11603862.0,1,,,,,,,,unmatched,,,,,,,,,False
mademsa,6189516 009100,CRM,2023,4,mademsa,6189516-009100,0.0,50359.0,79.0,7790156.0,1,,,,,,,,unmatched,,,,,,,,,False
mademsa,6189516 009392,CRM,2023,5,mademsa,6189516-009392,0.0,105299.0,292.0,23883045.0,1,,,,,,,,unmatched,,,,,,,,,False
mademsa,6189516 009506,CRM,2023,5,mademsa,6189516-009506,0.0,101222.0,131.0,8074113.0,1,,,,,,,,unmatched,,,,,,,,,False
mademsa,6189516 010596,CRM,2023,8,mademsa,6189516-010596,0.0,101172.0,91.0,11916218.0,1,,,,,,,,unmatched,,,,,,,,,False
mademsa,6189516 010722,CRM,2023,8,mademsa,6189516-010722,0.0,10790.0,0.0,0.0,1,,,,,,,,unmatched,,,,,,,,,False
mademsa,6189516 010752,CRM,2023,8,mademsa,6189516-010752,0.0,101934.0,157.0,10885341.0,1,,,,,,,,unmatched,,,,,,,,,False
mademsa,6189516 011137,CRM,2023,10,mademsa,6189516-011137,0.0,105140.0,526.0,21694958.0,1,,,,,,,,unmatched,,,,,,,,,False
mademsa,6189516 011243,CRM,2023,10,mademsa,6189516-011243,0.0,85714.0,316.0,11378291.0,1,,,,,,,,unmatched,,,,,,,,,False
mademsa,6189516 011303,CRM,2023,10,mademsa,6189516-011303,0.0,51344.0,3892.0,8182570.0,1,,,,,,,,unmatched,,,,,,,,,False
mademsa,6189516 011605,CRM,2023,10,mademsa,6189516-011605,0.0,54017.0,4250.0,9680624.0,1,,,,,,,,unmatched,,,,,,,,,False
mademsa,6189516 011740,CRM,2023,11,mademsa,6189516-011740,0.0,101027.0,259.0,5792958.0,1,,,,,,,,unmatched,,,,,,,,,False
mademsa,6189516 011943,CRM,2023,11,mademsa,6189516-011943,0.0,101298.0,336.0,14633713.0,1,,,,,,,,unmatched,,,,,,,,,False
mademsa,6189516 011971,CRM,2023,11,mademsa,6189516-011971,0.0,986783.0,58091.0,106639938.0,1,,,,,,,,unmatched,,,,,,,,,False
mademsa,8scgpiyf0,CRM,2024,6,mademsa,8ScgpIYF0,0.0,50632.0,2071.0,11638830.0,1,,,,,,,,unmatched,,,,,,,,,False
mademsa,8srvtevbl,CRM,2024,6,mademsa,8SRvtevBL,0.0,173.0,173.0,28896123.0,1,,,,,,,,unmatched,,,,,,,,,False
mademsa,8vb4ewtf4,CRM,2024,8,mademsa,8Vb4Ewtf4,0.0,38.0,2.0,14450834.0,1,,,,,,,,unmatched,,,,,,,,,False
mademsa,9miosrsy3,CRM,2025,2,mademsa,9MIOsrsY3,0.0,156.0,0.0,31364960.0,1,,,,,,,,unmatched,,,,,,,,,False
mademsa,9x3c5rlwp,CRM,2025,5,mademsa,9x3c5RlwP,0.0,62.0,0.0,12122681.0,1,,,,,,,,unmatched,,,,,,,,,False
mademsa,aon electrolux 2025,CRM,2025,12,mademsa,AON Electrolux 2025,0.0,262.0,5.0,36639431.0,3,,,,,,,,unmatched,,,,,,,,,False
mademsa,aon febrero electrolux byc 2026,Sponsored Products,2026,2,MADEMSA,aon_febrero_electrolux_byc_2026,31686.0,0.0,1110.0,7168560.0,1,ELECTROHOGAR,MADEMSA,AON FEBRERO MADEMSA LB2026,700000.0,576800.0,123200.0,1.0,probable,aon febrero mademsa lb2026,1.0,3.5031244082560122,0.0,10.2408,22091.77554756044,630.6306306306307,0.176,True
mademsa,aon febrero electrolux lb 2026,Sponsored Products,2026,2,MADEMSA,aon_febrero_electrolux_lb_2026,0.0,0.0,0.0,1453940.0,1,ELECTROHOGAR,MADEMSA,AON FEBRERO MADEMSA LB2026,700000.0,576800.0,123200.0,1.0,probable,aon febrero mademsa lb2026,1.0,,,2.077057142857143,,,0.176,True
mademsa,aon febrero mademsa lb 2026,Sponsored Products,2026,2,MADEMSA,aon_febrero_mademsa_lb_2026,77049.0,0.0,2768.0,13408180.0,1,ELECTROHOGAR,MADEMSA,AON FEBRERO MADEMSA LB2026,700000.0,576800.0,123200.0,1.0,probable,aon febrero mademsa lb2026,1.0,3.592519046321172,0.0,19.154542857142857,9085.127646043427,252.89017341040463,0.176,True
mademsa,aon marzo electrolux lb 2026,Sponsored Products,2026,3,MADEMSA,aon_marzo_electrolux_lb_2026,0.0,0.0,0.0,5749760.0,1,ELECTROHOGAR,MADEMSA,AON MARZO MADEMSA LB 2026,700000.0,576800.0,123200.0,1.0,probable,aon marzo mademsa lb 2026,1.0,,,8.213942857142857,,,0.176,True
mademsa,aon marzo mademsaelectrolux sda 2026,Sponsored Products,2026,3,MADEMSA,aon_marzo_mademsaelectrolux_sda_2026,46339.0,0.0,1401.0,11344230.0,1,ELECTROHOGAR,MADEMSA,AON MARZO MADEMSA LB 2026,700000.0,576800.0,123200.0,1.0,probable,aon marzo mademsa lb 2026,1.0,3.0233712423660415,0.0,16.206042857142858,15106.066164569802,499.6431120628123,0.176,True
mademsa,bdttizhlx,CRM,2024,7,mademsa,bdTtIzhLx,0.0,1123887.0,29345.0,131349207.0,1,,,,,,,,unmatched,,,,,,,,,False
mademsa,bftwht1sg,CRM,2025,8,mademsa,BFtwhT1sG,0.0,36.0,0.0,4574004.0,1,,,,,,,,unmatched,,,,,,,,,False
mademsa,bkhgvr0wj,CRM,2024,6,mademsa,BkhgVr0Wj,0.0,100.0,4.0,14930661.0,1,,,,,,,,unmatched,,,,,,,,,False
mademsa,black friday,Retail Display,2025,11,mademsa,black_friday,232273.0,0.0,662.0,0.0,3,ELECTROHOGAR,MADEMSA,Black Noviembre 2025,500000.0,400000.0,100000.0,1.0,probable,black noviembre 2025,1.0,0.2850094500867514,0.0,0.0,2152.6393511083943,755.2870090634441,0.2,True
mademsa,black friday,Retail Display,2025,12,mademsa,black_friday,18563.0,0.0,35.0,0.0,1,,,,,,,,unmatched,,,0.18854710984215914,0.0,,,,,False
mademsa,black marzo electrolux 2026,CRM,2026,3,mademsa,Black Marzo Electrolux 2026,0.0,159.0,6.0,27248023.0,1,,,,,,,,unmatched,,,,,,,,,False
mademsa,black marzo electrolux 2026,CRM,2026,4,mademsa,Black Marzo Electrolux 2026,0.0,374.0,1.0,61883627.0,1,,,,,,,,unmatched,,,,,,,,,False
mademsa,black week,Sponsored Products,2026,3,MADEMSA,black_week,115398.0,0.0,4590.0,30256970.0,1,ELECTROHOGAR,MADEMSA,AON MARZO MADEMSA LB 2026,700000.0,576800.0,123200.0,1.0,probable,aon marzo mademsa lb 2026,1.0,3.97753860552176,0.0,43.224242857142855,6065.963014956932,152.5054466230937,0.176,True
mademsa,bw96z5e a,CRM,2025,7,mademsa,bW96z5e-a,0.0,55.0,0.0,8174238.0,1,,,,,,,,unmatched,,,,,,,,,False
mademsa,c8qusepzl,CRM,2024,3,mademsa,C8qUSEPzl,0.0,45902.0,3318.0,15227420.0,1,,,,,,,,unmatched,,,,,,,,,False
mademsa,clfm7hwvq,CRM,2024,8,mademsa,cLfm7hwvq,0.0,145.0,3.0,25545716.0,1,,,,,,,,unmatched,,,,,,,,,False
mademsa,cnl42s71w,CRM,2024,6,mademsa,Cnl42s71W,0.0,1123676.0,28340.0,115528671.0,1,,,,,,,,unmatched,,,,,,,,,False
mademsa,cqstpwe7a,CRM,2024,7,mademsa,CqstPwE7a,0.0,100431.0,308.0,12190288.0,1,,,,,,,,unmatched,,,,,,,,,False
mademsa,cr5m59fec,CRM,2024,8,mademsa,Cr5m59FEc,0.0,54045.0,2112.0,7466085.0,1,,,,,,,,unmatched,,,,,,,,,False
mademsa,d7isfyfpv,CRM,2024,4,mademsa,d7IsFyFPV,0.0,45.0,0.0,8651769.0,1,,,,,,,,unmatched,,,,,,,,,False
mademsa,debc0vaag,CRM,2025,4,mademsa,debC0VAaG,0.0,100.0,0.0,19122975.0,1,,,,,,,,unmatched,,,,,,,,,False
mademsa,dp9xkmlot,CRM,2024,2,mademsa,dp9xkMlot,0.0,1126489.0,44553.0,121669684.0,1,,,,,,,,unmatched,,,,,,,,,False
mademsa,dpzprtzsd,CRM,2024,6,mademsa,DpzpRtZsd,0.0,30285.0,1794.0,6923490.0,1,,,,,,,,unmatched,,,,,,,,,False
mademsa,dukqrezxm,CRM,2025,11,mademsa,DUKQreZXm,0.0,61.0,3.0,9317540.0,1,,,,,,,,unmatched,,,,,,,,,False
mademsa,fensa mademsa,Google,2024,8,mademsa,fensa_mademsa,93307.0,0.0,2191.0,2307880.0,5,,,,,,,,unmatched,,,2.348162517281662,0.0,,,,,False
mademsa,fensa mademsa,Google,2024,9,mademsa,fensa_mademsa,120114.0,0.0,1122.0,4479290.0,7,,,,,,,,unmatched,,,0.9341125930366153,0.0,,,,,False
mademsa,fensa mademsa,Google,2024,10,mademsa,fensa_mademsa,271175.0,0.0,3739.0,9564600.0,16,,,,,,,,unmatched,,,1.3788144187332902,0.0,,,,,False
mademsa,fensa mademsa,Google,2024,11,mademsa,fensa_mademsa,148925.0,0.0,2317.0,6498240.0,7,,,,,,,,unmatched,,,1.5558166862514688,0.0,,,,,False
mademsa,fensa mademsa,Google,2024,12,mademsa,fensa_mademsa,325711.0,0.0,5648.0,15321452.0,22,,,,,,,,unmatched,,,1.7340525803549773,0.0,,,,,False
mademsa,fensa mademsa,Google,2025,1,mademsa,fensa_mademsa,255002.0,0.0,5044.0,11370190.0,16,,,,,,,,unmatched,,,1.978023701774888,0.0,,,,,False
mademsa,fensa mademsa,Google,2025,2,mademsa,fensa_mademsa,323411.0,0.0,5637.0,15603640.0,21,,,,,,,,unmatched,,,1.7429833864649007,0.0,,,,,False
mademsa,fensa mademsa,Google,2025,3,mademsa,fensa_mademsa,174282.0,0.0,2509.0,3343178.0,10,,,,,,,,unmatched,,,1.4396208443786507,0.0,,,,,False
mademsa,fensa mademsa,Google,2025,4,mademsa,fensa_mademsa,364663.0,0.0,5924.0,14279680.0,16,,,,,,,,unmatched,,,1.624513592001382,0.0,,,,,False
mademsa,fensa mademsa,Google,2025,5,mademsa,fensa_mademsa,191371.0,0.0,2491.0,6037090.0,12,,,,,,,,unmatched,,,1.3016601261424146,0.0,,,,,False
mademsa,fensa mademsa,Google,2025,6,mademsa,fensa_mademsa,578569.0,0.0,10355.0,10170390.0,23,,,,,,,,unmatched,,,1.7897605989951069,0.0,,,,,False
mademsa,fensa mademsa,Google,2025,7,mademsa,fensa_mademsa,216316.0,0.0,3368.0,3609610.0,10,,,,,,,,unmatched,,,1.556981453059413,0.0,,,,,False
mademsa,fensa mademsa,Google,2025,8,mademsa,fensa_mademsa,58944.0,0.0,942.0,1098910.0,5,,,,,,,,unmatched,,,1.598127035830619,0.0,,,,,False
mademsa,fensa mademsa,Google,2025,10,mademsa,fensa_mademsa,251738.0,0.0,4206.0,11580096.0,13,,,,,,,,unmatched,,,1.6707847047326985,0.0,,,,,False
mademsa,fensa mademsa,Google,2025,11,mademsa,fensa_mademsa,216159.0,0.0,4510.0,8724817.0,4,,,,,,,,unmatched,,,2.0864271207768357,0.0,,,,,False
mademsa,fifuv5w7w,CRM,2025,1,mademsa,fIFUv5W7W,0.0,150.0,1.0,21326175.0,1,,,,,,,,unmatched,,,,,,,,,False
mademsa,fsfrhp754,CRM,2025,10,mademsa,FsFrHP754,0.0,22219.0,129.0,4591286.0,1,ELECTROHOGAR,MADEMSA,Cyber Octubre 2025,700000.0,27119.0,672881.0,1.0,probable,cyber octubre 2025,1.0,,,6.55898,,5426.356589147287,0.9612585714285714,True
mademsa,ft0yismeb,CRM,2025,3,mademsa,Ft0YisMEB,0.0,54103.0,446.0,9664723.0,1,,,,,,,,unmatched,,,,,,,,,False
mademsa,hf qiqjcz,CRM,2025,3,mademsa,hf-qiQJcZ,0.0,74.0,0.0,15573081.0,1,,,,,,,,unmatched,,,,,,,,,False
mademsa,hhamcr3di,CRM,2025,3,mademsa,HHAmcr3DI,0.0,122.0,4.0,28811944.0,1,,,,,,,,unmatched,,,,,,,,,False
mademsa,hjukmxsbj,CRM,2024,2,mademsa,HJukmXsbJ,0.0,101415.0,594.0,26310347.0,1,,,,,,,,unmatched,,,,,,,,,False
mademsa,hr17coqth,CRM,2025,6,mademsa,HR17COQTH,0.0,101196.0,331.0,22515658.0,1,,,,,,,,unmatched,,,,,,,,,False
mademsa,i1q4kwhth,CRM,2024,5,mademsa,i1q4kwhth,0.0,102157.0,243.0,33759145.0,1,,,,,,,,unmatched,,,,,,,,,False
mademsa,i9ccbzdax,CRM,2024,4,mademsa,i9ccBzDAX,0.0,53309.0,2711.0,11219481.0,1,,,,,,,,unmatched,,,,,,,,,False
mademsa,iahkol v1,CRM,2025,8,mademsa,IAHkol-V1,0.0,266.0,2.0,47258567.0,1,,,,,,,,unmatched,,,,,,,,,False
mademsa,invierno,Retail Display,2026,4,mademsa,invierno,2424.0,0.0,0.0,0.0,1,,,,,,,,unmatched,,,0.0,0.0,,,,,False
mademsa,invierno,Retail Display,2026,5,mademsa,invierno,130504.0,0.0,77.0,0.0,26,ELECTROHOGAR,MADEMSA,TACTICO MADEMSA CALEFACCION 2026,5100000.0,320000.0,4780000.0,4.0,probable,tactico mademsa calefaccion 2026,1.0,0.059002022926500336,0.0,0.0,39079.261938331394,66233.76623376623,0.9372549019607843,True
mademsa,jqwo3vmgj,CRM,2024,7,mademsa,jqWO3VmGj,0.0,101363.0,545.0,12558718.0,1,,,,,,,,unmatched,,,,,,,,,False
mademsa,mekulfoky,CRM,2024,8,mademsa,MEKUlfOKY,0.0,90.0,0.0,16220708.0,1,,,,,,,,unmatched,,,,,,,,,False
mademsa,muaytvyps,CRM,2025,7,mademsa,mUayTvYPS,0.0,54072.0,233.0,5416094.0,1,,,,,,,,unmatched,,,,,,,,,False
mademsa,n6c1biqt4,CRM,2025,6,mademsa,N6c1BIqt4,0.0,106052.0,163.0,26584732.0,1,,,,,,,,unmatched,,,,,,,,,False
mademsa,nrnbgol 4,CRM,2024,2,mademsa,NrNbgOL-4,0.0,101547.0,407.0,30557542.0,1,,,,,,,,unmatched,,,,,,,,,False
mademsa,oo110b0vz,CRM,2024,11,mademsa,Oo110B0vZ,0.0,550.0,22.0,94634571.0,1,,,,,,,,unmatched,,,,,,,,,False
mademsa,ovdjjaiuy,CRM,2024,11,mademsa,oVdJJAiUy,0.0,70.0,2.0,12943158.0,1,,,,,,,,unmatched,,,,,,,,,False
mademsa,pja0xzn9s,CRM,2024,8,mademsa,PJA0xZN9s,0.0,74.0,0.0,13300550.0,1,,,,,,,,unmatched,,,,,,,,,False
mademsa,psfdtvvha,CRM,2025,10,mademsa,PsfdTVvHA,0.0,140.0,140.0,22847836.0,1,ELECTROHOGAR,MADEMSA,Cyber Octubre 2025,700000.0,27119.0,672881.0,1.0,probable,cyber octubre 2025,1.0,,,32.639765714285716,,5000.0,0.9612585714285714,True
mademsa,ptyysfjr,CRM,2024,6,mademsa,-ptyysfjR,0.0,101924.0,225.0,17682266.0,1,,,,,,,,unmatched,,,,,,,,,False
mademsa,q16zpnm5o,CRM,2025,5,mademsa,Q16ZpNm5O,0.0,172.0,0.0,27828707.0,1,,,,,,,,unmatched,,,,,,,,,False
mademsa,qj6wsta3r,CRM,2024,7,mademsa,Qj6wSta3r,0.0,1092851.0,28800.0,121627051.0,1,,,,,,,,unmatched,,,,,,,,,False
mademsa,rcwpiqxvz,CRM,2025,8,mademsa,rCWPiqxVz,0.0,61.0,13.0,8513851.0,1,,,,,,,,unmatched,,,,,,,,,False
mademsa,rftkt04xa,CRM,2025,7,mademsa,RFTkt04XA,0.0,132.0,3.0,21113650.0,1,,,,,,,,unmatched,,,,,,,,,False
mademsa,rm2gdjejv,CRM,2024,7,mademsa,RM2GDJejV,0.0,100920.0,228.0,23054006.0,1,,,,,,,,unmatched,,,,,,,,,False
mademsa,rorajmo0g,CRM,2024,12,mademsa,rOrAjmo0g,0.0,175.0,3.0,30512350.0,1,,,,,,,,unmatched,,,,,,,,,False
mademsa,s2mqitcdr,CRM,2024,7,mademsa,S2MqitcDR,0.0,49790.0,2435.0,14502709.0,1,,,,,,,,unmatched,,,,,,,,,False
mademsa,s7umbal82,CRM,2024,9,mademsa,S7umBAl82,0.0,101207.0,330.0,6256352.0,1,,,,,,,,unmatched,,,,,,,,,False
mademsa,sdaax9fwd,CRM,2024,12,mademsa,SdaAX9Fwd,0.0,29.0,29.0,4749690.0,1,,,,,,,,unmatched,,,,,,,,,False
mademsa,tbxfugy f,CRM,2025,6,mademsa,TbXfuGY-F,0.0,94.0,1.0,14712665.0,1,,,,,,,,unmatched,,,,,,,,,False
mademsa,tp9lblsnk,CRM,2025,10,mademsa,TP9LblSNK,0.0,106187.0,230.0,9811769.0,1,ELECTROHOGAR,MADEMSA,Cyber Octubre 2025,700000.0,27119.0,672881.0,1.0,probable,cyber octubre 2025,1.0,,,14.016812857142858,,3043.478260869565,0.9612585714285714,True
mademsa,twiuy z59,CRM,2025,9,mademsa,twIUY-z59,0.0,21.0,0.0,2855340.0,1,,,,,,,,unmatched,,,,,,,,,False
mademsa,v0vwvc9wz,CRM,2024,8,mademsa,V0Vwvc9WZ,0.0,390.0,21.0,66630237.0,1,,,,,,,,unmatched,,,,,,,,,False
mademsa,vjpdptjdn,CRM,2024,6,mademsa,VJPdPTjDN,0.0,210.0,1.0,33408956.0,1,,,,,,,,unmatched,,,,,,,,,False
mademsa,vjyzzmbyj,CRM,2024,8,mademsa,vJyZZmBYJ,0.0,160.0,1.0,30615879.0,1,,,,,,,,unmatched,,,,,,,,,False
mademsa,x,CRM,2024,10,mademsa,X,0.0,213216.0,340.0,116141209.0,3,,,,,,,,unmatched,,,,,,,,,False
mademsa,xbu873g2a,CRM,2025,7,mademsa,Xbu873G2a,0.0,101251.0,405.0,14170107.0,1,,,,,,,,unmatched,,,,,,,,,False
mademsa,xgegrdatx,CRM,2024,12,mademsa,XgegrDatx,0.0,106.0,8.0,20002277.0,1,,,,,,,,unmatched,,,,,,,,,False
mademsa,xgi4hh8qj,CRM,2025,6,mademsa,xgI4hh8qJ,0.0,314.0,314.0,53536802.0,1,,,,,,,,unmatched,,,,,,,,,False
mademsa,xiabn8r7q,CRM,2025,8,mademsa,xIabN8r7q,0.0,33.0,0.0,5856731.0,1,,,,,,,,unmatched,,,,,,,,,False
mademsa,xw5isueim,CRM,2024,8,mademsa,xw5IsueIM,0.0,59.0,2.0,22686234.0,1,,,,,,,,unmatched,,,,,,,,,False
mademsa,y2p4d3imn,CRM,2024,10,mademsa,y2P4D3IMn,0.0,64.0,0.0,8887710.0,1,,,,,,,,unmatched,,,,,,,,,False
mademsa,yl6watac,CRM,2024,4,mademsa,yL6waTAc-,0.0,123.0,2.0,25107945.0,1,,,,,,,,unmatched,,,,,,,,,False
mademsa,yxwxfhmnf,CRM,2024,6,mademsa,YxWXFhmnf,0.0,821088.0,24866.0,173013776.0,1,,,,,,,,unmatched,,,,,,,,,False
mademsa,zflgosr u,CRM,2025,6,mademsa,zFLGOSr-u,0.0,248.0,6.0,35903598.0,1,,,,,,,,unmatched,,,,,,,,,False
mademsa,zmjlxjzbx,CRM,2025,11,mademsa,ZmJLxjzbX,0.0,156.0,5.0,23524899.0,1,,,,,,,,unmatched,,,,,,,,,False
mademsa,zngxqcvmv,CRM,2025,4,mademsa,zngXqcvmv,0.0,54033.0,353.0,12705604.0,1,,,,,,,,unmatched,,,,,,,,,False
mademsa,zs6stdx3e,CRM,2025,10,mademsa,Zs6Stdx3E,0.0,87.0,0.0,11008880.0,1,ELECTROHOGAR,MADEMSA,Cyber Octubre 2025,700000.0,27119.0,672881.0,1.0,probable,cyber octubre 2025,1.0,,,15.726971428571428,,,0.9612585714285714,True
mademsa,ztthezawj,CRM,2024,5,mademsa,ZTThEZAwJ,0.0,54074.0,2398.0,16734981.0,1,,,,,,,,unmatched,,,,,,,,,False
magic home,navidad,Retail Display,2024,12,magic_home,navidad,141577.0,0.0,425.0,0.0,27,,,,,,,,unmatched,,,0.3001900026134189,0.0,,,,,False
maigas,aon maigas,Retail Display,2026,5,maigas,aon_maigas,52568.0,0.0,59.0,0.0,13,ELECTROHOGAR,MAIGAS,AON MAYO MAIGAS 2026,200000.0,160000.0,40000.0,1.0,probable,aon mayo maigas 2026,1.0,0.11223558058134225,0.0,0.0,3804.5959519099074,3389.830508474576,0.2,True
maigas,electroweek abril maigas,CRM,2026,4,maigas,ELECTROWEEK ABRIL MAIGAS,0.0,329366.0,0.0,5767251.0,1,,,,,,,,unmatched,,,,,,,,,False
makita,,CRM,2025,5,makita,,0.0,7097.0,0.0,3991707.0,9,HERRAMIENTAS Y MAQUINARIAS,MAKITA,Campaña PPI,900000.0,0.0,900000.0,1.0,probable,campana ppi,1.0,,,4.43523,,,1.0,True
makita,,CRM,2025,6,makita,,0.0,63893.0,0.0,18732049.0,25,HERRAMIENTAS Y MAQUINARIAS,MAKITA,Campaña PPI,900000.0,0.0,900000.0,1.0,probable,campana ppi,1.0,,,20.813387777777777,,,1.0,True
makita,,CRM,2025,7,makita,,0.0,40876.0,0.0,8358843.0,29,,,,,,,,unmatched,,,,,,,,,False
makita,19uvfanwq,CRM,2024,6,makita,19uVfaNWq,0.0,106139.0,321.0,2044725.0,1,,,,,,,,unmatched,,,,,,,,,False
makita,6189516 010482,CRM,2023,8,makita,6189516-010482,0.0,101115.0,192.0,4182196.0,1,,,,,,,,unmatched,,,,,,,,,False
makita,6189516 010639,CRM,2023,8,makita,6189516-010639,0.0,101258.0,199.0,5332219.0,1,,,,,,,,unmatched,,,,,,,,,False
makita,6189516 011817,CRM,2023,11,makita,6189516-011817,0.0,102126.0,297.0,2326164.0,1,,,,,,,,unmatched,,,,,,,,,False
makita,azsxislsr,CRM,2024,12,makita,AzSxIslsR,0.0,102234.0,501.0,3971541.0,1,,,,,,,,unmatched,,,,,,,,,False
makita,black friday,Retail Display,2025,11,makita,black_friday,108421.0,0.0,790.0,0.0,3,HERRAMIENTAS Y MAQUINARIAS,MAKITA,Black Noviembre 2025,400000.0,320000.0,80000.0,1.0,probable,black noviembre 2025,1.0,0.7286411304083158,0.0,0.0,3689.322179282611,506.32911392405066,0.2,True
makita,black friday,Retail Display,2025,12,makita,black_friday,36555.0,0.0,226.0,0.0,1,,,,,,,,unmatched,,,0.6182464779099986,0.0,,,,,False
makita,camping,Retail Display,2024,12,makita,camping,256063.0,0.0,1021.0,0.0,15,,,,,,,,unmatched,,,0.3987300000390529,0.0,,,,,False
makita,camping cyber day,Retail Display,2024,6,makita,camping_cyber_day,304185.0,0.0,1732.0,0.0,3,,,,,,,,unmatched,,,0.5693903381166067,0.0,,,,,False
makita,cd94iglwb,CRM,2024,12,makita,Cd94Iglwb,0.0,102145.0,828.0,2247812.0,1,,,,,,,,unmatched,,,,,,,,,False
makita,fk3adevdo,CRM,2024,10,makita,Fk3adeVDo,0.0,49456.0,551.0,6422925.0,1,,,,,,,,unmatched,,,,,,,,,False
makita,herramientas,Retail Display,2024,10,makita,herramientas,311097.0,0.0,1343.0,0.0,17,,,,,,,,unmatched,,,0.43169815202332396,0.0,,,,,False
makita,herramientas cyber day,Retail Display,2024,6,makita,herramientas_cyber_day,200723.0,0.0,2055.0,0.0,3,,,,,,,,unmatched,,,1.023798966735252,0.0,,,,,False
makita,jardin,Retail Display,2024,11,makita,jardin,116271.0,0.0,252.0,0.0,5,,,,,,,,unmatched,,,0.216735041411874,0.0,,,,,False
makita,jardin,Retail Display,2024,12,makita,jardin,165097.0,0.0,390.0,0.0,26,,,,,,,,unmatched,,,0.2362247648352181,0.0,,,,,False
makita,mq89sgaeq,CRM,2024,12,makita,mq89sgaeQ,0.0,102034.0,606.0,1789735.0,1,,,,,,,,unmatched,,,,,,,,,False
makita,oqg9rqveh,CRM,2025,1,makita,Oqg9RQVEh,0.0,101434.0,952.0,2908590.0,1,,,,,,,,unmatched,,,,,,,,,False
makita,ppi,Retail Display,2025,5,makita,ppi,177026.0,0.0,679.0,0.0,17,HERRAMIENTAS Y MAQUINARIAS,MAKITA,Campaña PPI,446000.0,356800.0,89200.0,1.0,probable,campana ppi,1.0,0.38355947713895133,0.0,0.0,2519.403929366308,656.8483063328424,0.2,True
makita,ppi,Retail Display,2025,6,makita,ppi,207808.0,0.0,795.0,0.0,19,HERRAMIENTAS Y MAQUINARIAS,MAKITA,Campaña PPI,446000.0,356800.0,89200.0,1.0,probable,campana ppi,1.0,0.38256467508469355,0.0,0.0,2146.21188789652,561.0062893081761,0.2,True
makita,sg41vkxpi,CRM,2024,10,makita,sg41vkxpI,0.0,52830.0,640.0,5738226.0,1,,,,,,,,unmatched,,,,,,,,,False
makita,sheuejgqt,CRM,2024,6,makita,sHeuejGqT,0.0,35796.0,2608.0,3325531.0,1,,,,,,,,unmatched,,,,,,,,,False
makita,tkrrc5q7f,CRM,2025,12,makita,TKRrC5Q7f,0.0,101246.0,587.0,1856406.0,1,,,,,,,,unmatched,,,,,,,,,False
makita,tq5xjyqhe,CRM,2024,6,makita,tQ5XJyqHE,0.0,105337.0,566.0,3065744.0,1,,,,,,,,unmatched,,,,,,,,,False
mantahue,0drgg8mg,CRM,2024,11,mantahue,0drGG8Mg-,0.0,102103.0,404.0,4173212.0,1,,,,,,,,unmatched,,,,,,,,,False
mantahue,3jbgjfdbt,CRM,2025,2,mantahue,3JBgJfdbt,0.0,54064.0,556.0,2265211.0,1,MUEBLES,MANTAHUE,AON Febrero 2025,600000.0,48485.0,551515.0,1.0,probable,aon febrero 2025,1.0,,,3.775351666666667,,1079.136690647482,0.9191916666666666,True
mantahue,58zoyppjb,CRM,2025,1,mantahue,58zOypPJB,0.0,54115.0,651.0,3907812.0,1,MUEBLES,MANTAHUE,AON Enero 2025,400000.0,44444.0,355556.0,1.0,probable,aon enero 2025,1.0,,,9.76953,,614.4393241167435,0.88889,True
mantahue,ar9kbjty,CRM,2024,6,mantahue,ar9kBJtY-,0.0,106143.0,193.0,2077261.0,1,,,,,,,,unmatched,,,,,,,,,False
mantahue,black,Retail Display,2024,7,mantahue,black,12436.0,0.0,75.0,0.0,2,,,,,,,,unmatched,,,0.6030878095850756,0.0,,,,,False
mantahue,black,Retail Display,2024,8,mantahue,black,74233.0,0.0,307.0,0.0,4,,,,,,,,unmatched,,,0.41356270122452277,0.0,,,,,False
mantahue,black friday,Retail Display,2024,11,mantahue,black_friday,147047.0,0.0,878.0,0.0,2,,,,,,,,unmatched,,,0.5970880058756723,0.0,,,,,False
mantahue,black friday,Retail Display,2024,12,mantahue,black_friday,143482.0,0.0,843.0,0.0,2,,,,,,,,unmatched,,,0.5875301431538451,0.0,,,,,False
mantahue,black week,Retail Display,2025,3,mantahue,black_week,111733.0,0.0,392.0,0.0,7,MUEBLES,MANTAHUE,Black Marzo 2025,300000.0,240000.0,60000.0,1.0,probable,black marzo 2025,1.0,0.3508363688435825,0.0,0.0,2684.972210537621,765.3061224489796,0.2,True
mantahue,black week,Retail Display,2025,4,mantahue,black_week,92777.0,0.0,355.0,0.0,8,MUEBLES,MANTAHUE,AON ABRIL 2025,300000.0,240000.0,60000.0,1.0,probable,aon abril 2025,1.0,0.38263793828211734,0.0,0.0,3233.5600418207096,845.0704225352113,0.2,True
mantahue,co brand,Google,2024,8,mantahue,co_brand,94348.0,0.0,1270.0,0.0,11,,,,,,,,unmatched,,,1.3460804680544367,0.0,,,,,False
mantahue,co brand,Google,2024,9,mantahue,co_brand,196194.0,0.0,3219.0,0.0,27,,,,,,,,unmatched,,,1.6407229578886204,0.0,,,,,False
mantahue,co brand,Google,2024,10,mantahue,co_brand,413860.0,0.0,5212.0,0.0,27,,,,,,,,unmatched,,,1.2593630696370754,0.0,,,,,False
mantahue,co brand,Google,2024,11,mantahue,co_brand,198414.0,0.0,2885.0,0.0,30,,,,,,,,unmatched,,,1.454030461560172,0.0,,,,,False
mantahue,co brand,Retail Display,2024,6,mantahue,co_brand,441689.0,0.0,1365.0,0.0,5,,,,,,,,unmatched,,,0.3090409767958903,0.0,,,,,False
mantahue,co brand,Retail Display,2024,7,mantahue,co_brand,442529.0,0.0,1621.0,0.0,23,,,,,,,,unmatched,,,0.36630367727312785,0.0,,,,,False
mantahue,co brand,Retail Display,2024,8,mantahue,co_brand,248620.0,0.0,870.0,0.0,16,,,,,,,,unmatched,,,0.34993162255651195,0.0,,,,,False
mantahue,co brand,Retail Display,2024,9,mantahue,co_brand,419651.0,0.0,1212.0,0.0,21,,,,,,,,unmatched,,,0.28881141710611913,0.0,,,,,False
mantahue,co brand,Retail Display,2024,10,mantahue,co_brand,296353.0,0.0,928.0,0.0,21,,,,,,,,unmatched,,,0.3131400728185644,0.0,,,,,False
mantahue,cyber day,Retail Display,2024,6,mantahue,cyber_day,787003.0,0.0,2845.0,0.0,3,,,,,,,,unmatched,,,0.3614979866658704,0.0,,,,,False
mantahue,cyber monday,Retail Display,2025,10,mantahue,cyber_monday,76904.0,0.0,448.0,0.0,3,MUEBLES,MANTAHUE,Cyber Octubre 2025,200000.0,160000.0,40000.0,1.0,probable,cyber octubre 2025,1.0,0.5825444710288151,0.0,0.0,2600.644959950068,446.42857142857144,0.2,True
mantahue,dormitorio,Retail Display,2025,1,mantahue,dormitorio,230689.0,0.0,1280.0,0.0,16,MUEBLES,MANTAHUE,AON Enero 2025,300000.0,240000.0,60000.0,1.0,probable,aon enero 2025,1.0,0.5548595728448258,0.0,0.0,1300.4521238550603,234.375,0.2,True
mantahue,dormitorio,Retail Display,2025,2,mantahue,dormitorio,34.0,0.0,3.0,0.0,1,,,,,,,,unmatched,,,8.823529411764707,0.0,,,,,False
mantahue,dormitorio,Retail Display,2025,4,mantahue,dormitorio,115391.0,0.0,337.0,0.0,17,MUEBLES,MANTAHUE,AON ABRIL 2025,300000.0,240000.0,60000.0,1.0,probable,aon abril 2025,1.0,0.2920505065386382,0.0,0.0,2599.856141293515,890.2077151335311,0.2,True
mantahue,dyrsuwkez,CRM,2024,6,mantahue,dYrSuWKEz,0.0,53961.0,2360.0,2285921.0,1,,,,,,,,unmatched,,,,,,,,,False
mantahue,kyzm1rt2u,CRM,2024,6,mantahue,kYzm1rT2U,0.0,106212.0,126.0,3548782.0,1,,,,,,,,unmatched,,,,,,,,,False
mantahue,muebles week,Retail Display,2025,11,mantahue,muebles_week,161831.0,0.0,371.0,0.0,7,MUEBLES,MANTAHUE,Muebles Week Noviembre,400000.0,320000.0,80000.0,1.0,probable,muebles week noviembre,1.0,0.2292515031112704,0.0,0.0,2471.71431925898,1078.167115902965,0.2,True
mantahue,quvyzm5ni,CRM,2025,11,mantahue,QuVyZM5NI,0.0,53924.0,0.0,159990.0,1,,,,,,,,unmatched,,,,,,,,,False
mantahue,r2fx4d990,CRM,2024,9,mantahue,r2FX4D990,0.0,53972.0,2137.0,2910008.0,1,,,,,,,,unmatched,,,,,,,,,False
mantahue,x,CRM,2024,9,mantahue,X,0.0,209137.0,331.0,1968431.0,1,,,,,,,,unmatched,,,,,,,,,False
mantahue,x,CRM,2024,10,mantahue,X,0.0,106077.0,253.0,3991401.0,1,,,,,,,,unmatched,,,,,,,,,False
mantahue,ysqo 88qn,CRM,2024,8,mantahue,ySqO-88QN,0.0,53999.0,2095.0,3572794.0,1,,,,,,,,unmatched,,,,,,,,,False
mantahue,z0nrbtpku,CRM,2025,1,mantahue,Z0NrBTpkU,0.0,101183.0,486.0,3683770.0,1,MUEBLES,MANTAHUE,AON Enero 2025,400000.0,44444.0,355556.0,1.0,probable,aon enero 2025,1.0,,,9.209425,,823.0452674897119,0.88889,True
mar del sur kendal,calefaccion,Retail Display,2025,5,mar_del_sur-kendal,calefaccion,38645.0,0.0,128.0,0.0,26,,,,,,,,unmatched,,,0.33122008021736316,0.0,,,,,False
mar del sur kendal,calefaccion,Retail Display,2025,6,mar_del_sur-kendal,calefaccion,224168.0,0.0,708.0,0.0,24,,,,,,,,unmatched,,,0.3158345526569359,0.0,,,,,False
mar del sur kendal,calefaccion,Retail Display,2025,7,mar_del_sur-kendal,calefaccion,123996.0,0.0,414.0,0.0,29,,,,,,,,unmatched,,,0.3338817381205845,0.0,,,,,False
mar del sur scaldasonno,calefaccion,Retail Display,2025,5,mar_del_sur-scaldasonno,calefaccion,25775.0,0.0,56.0,0.0,25,,,,,,,,unmatched,,,0.21726479146459746,0.0,,,,,False
mar del sur scaldasonno,calefaccion,Retail Display,2025,6,mar_del_sur-scaldasonno,calefaccion,178906.0,0.0,240.0,0.0,13,,,,,,,,unmatched,,,0.134148659072362,0.0,,,,,False
mar del sur scaldasonno,calefaccion,Retail Display,2025,7,mar_del_sur-scaldasonno,calefaccion,124063.0,0.0,261.0,0.0,29,,,,,,,,unmatched,,,0.210376985886203,0.0,,,,,False
mascotas,fox1iohr7,CRM,2025,7,mascotas,FOx1Iohr7,0.0,227176.0,420.0,0.0,1,,,,,,,,unmatched,,,,,,,,,False
masisa,a1clbxddr,CRM,2024,8,masisa,a1CLBxDDR,0.0,101098.0,1021.0,25923932.0,1,,,,,,,,unmatched,,,,,,,,,False
masisa,black friday,Retail Display,2024,11,masisa,black_friday,32042.0,0.0,96.0,0.0,2,,,,,,,,unmatched,,,0.29960676611946824,0.0,,,,,False
masisa,black friday,Retail Display,2024,12,masisa,black_friday,102217.0,0.0,252.0,0.0,2,,,,,,,,unmatched,,,0.2465343338192277,0.0,,,,,False
masisa,campana renovaciones,CRM,2026,1,masisa,Campaña renovaciones,0.0,202528.0,680.0,10503388.0,1,,,,,,,,unmatched,,,,,,,,,False
masisa,co brand,Google,2024,9,masisa,co_brand,15570.0,0.0,278.0,0.0,1,,,,,,,,unmatched,,,1.7854849068721903,0.0,,,,,False
masisa,co brand,Google,2024,10,masisa,co_brand,62993.0,0.0,912.0,0.0,2,,,,,,,,unmatched,,,1.4477799120537203,0.0,,,,,False
masisa,cyber monday,Meta,2024,9,masisa,cyber_monday,19662.0,0.0,1800.0,0.0,1,,,,,,,,unmatched,,,9.1547146780592,0.0,,,,,False
masisa,cyber monday,Meta,2024,10,masisa,cyber_monday,257374.0,0.0,11542.0,0.0,2,,,,,,,,unmatched,,,4.484524466340812,0.0,,,,,False
masisa,cyber monday,Retail Display,2024,9,masisa,cyber_monday,36828.0,0.0,98.0,0.0,1,,,,,,,,unmatched,,,0.26610187900510485,0.0,,,,,False
masisa,cyber monday,Retail Display,2024,10,masisa,cyber_monday,142942.0,0.0,290.0,0.0,2,,,,,,,,unmatched,,,0.20287948958318758,0.0,,,,,False
masisa,hyd7u59iq,CRM,2025,1,masisa,hYd7U59iq,0.0,101305.0,986.0,9469770.0,1,PISOS Y MUROS,MASISA,Exhibiciones revestimientos,0.0,44444.0,-44444.0,1.0,probable,exhibiciones revestimientos,1.0,,,,,0.0,,False
masisa,lyc3j4mqv,CRM,2024,11,masisa,LyC3J4mQv,0.0,88152.0,561.0,6842600.0,1,,,,,,,,unmatched,,,,,,,,,False
masisa,m6rwpobnv,CRM,2024,6,masisa,m6rWPOBNV,0.0,101341.0,846.0,8406710.0,1,,,,,,,,unmatched,,,,,,,,,False
masisa,pisos ripados,Retail Display,2024,8,masisa,pisos_ripados,350777.0,0.0,899.0,0.0,15,,,,,,,,unmatched,,,0.2562881830906816,0.0,,,,,False
masisa,pisos ripados,Retail Display,2024,11,masisa,pisos_ripados,207490.0,0.0,315.0,0.0,18,,,,,,,,unmatched,,,0.15181454527929056,0.0,,,,,False
masisa,pisos ripados,Retail Display,2024,12,masisa,pisos_ripados,73925.0,0.0,120.0,0.0,7,,,,,,,,unmatched,,,0.16232668244842746,0.0,,,,,False
masisa,x,CRM,2024,9,masisa,X,0.0,106265.0,186.0,9291461.0,1,,,,,,,,unmatched,,,,,,,,,False
masisa,x,CRM,2024,10,masisa,X,0.0,212520.0,338.0,16505323.0,2,,,,,,,,unmatched,,,,,,,,,False
masisa,yblsz gj7,CRM,2025,2,masisa,ybLsZ-Gj7,0.0,75582.0,653.0,7880411.0,1,,,,,,,,unmatched,,,,,,,,,False
masisa,zhpageztr,CRM,2024,11,masisa,ZhPAGEzTR,0.0,1017.0,0.0,137626.0,1,,,,,,,,unmatched,,,,,,,,,False
masonite,6189516 009941,CRM,2023,6,masonite,6189516-009941,0.0,100600.0,343.0,105990.0,1,,,,,,,,unmatched,,,,,,,,,False
master cat,9rwjtwjv9,CRM,2024,6,master cat,9rwJTWJv9,0.0,107.0,1.0,822325.0,1,,,,,,,,unmatched,,,,,,,,,False
master cat,a90pbbait,CRM,2025,7,master cat,A90PbbAiT,0.0,11.0,0.0,101384.0,1,,,,,,,,unmatched,,,,,,,,,False
master cat,fcg8pybxs,CRM,2025,8,master cat,FCg8pyBxs,0.0,24.0,0.0,227546.0,1,,,,,,,,unmatched,,,,,,,,,False
master dog,6189516 009435,CRM,2023,5,master dog,6189516-009435,0.0,52220.0,73.0,1717699.0,1,,,,,,,,unmatched,,,,,,,,,False
master dog,6189516 009854,CRM,2023,6,master dog,6189516-009854,0.0,81551.0,101.0,6046760.0,1,,,,,,,,unmatched,,,,,,,,,False
master dog,9rwjtwjv9,CRM,2024,6,master dog,9rwJTWJv9,0.0,101300.0,399.0,5639433.0,1,,,,,,,,unmatched,,,,,,,,,False
master dog,a90pbbait,CRM,2025,7,master dog,A90PbbAiT,0.0,101274.0,360.0,918791.0,1,JARDIN,MASTER DOG,Plan Anual 2025,500000.0,44444.0,455556.0,1.0,probable,plan anual 2025,1.0,,,1.837582,,1388.888888888889,0.911112,True
master dog,amwj6ujkg,CRM,2024,6,master dog,AMWJ6uJkg,0.0,197.0,5.0,4402505.0,1,,,,,,,,unmatched,,,,,,,,,False
master dog,d7isfyfpv,CRM,2025,5,master dog,d7IsFyFPV,0.0,101230.0,433.0,2665561.0,1,,,,,,,,unmatched,,,,,,,,,False
master dog,fcg8pybxs,CRM,2025,8,master dog,FCg8pyBxs,0.0,101342.0,318.0,1766244.0,1,JARDIN,MASTER DOG,Plan Anual 2025,900000.0,53333.0,846667.0,1.0,probable,plan anual 2025,1.0,,,1.9624933333333334,,2830.188679245283,0.9407411111111111,True
master dog,kxwmus55g,CRM,2024,5,master dog,kxwMus55G,0.0,103470.0,594.0,7037390.0,1,,,,,,,,unmatched,,,,,,,,,False
master dog,mbccwpzp9,CRM,2025,7,master dog,mbCcwpZp9,0.0,2846.0,8.0,60570.0,1,JARDIN,MASTER DOG,Plan Anual 2025,500000.0,44444.0,455556.0,1.0,probable,plan anual 2025,1.0,,,0.12114,,62500.0,0.911112,True
master dog,pajyp7yv6,CRM,2024,7,master dog,PAJyP7YV6,0.0,267.0,6.0,5408020.0,1,,,,,,,,unmatched,,,,,,,,,False
master dog,qlglgyfjm,CRM,2025,7,master dog,QlGlgYFJm,0.0,101263.0,596.0,2570708.0,1,JARDIN,MASTER DOG,Plan Anual 2025,500000.0,44444.0,455556.0,1.0,probable,plan anual 2025,1.0,,,5.141416,,838.9261744966443,0.911112,True
master dog,regalones,Retail Display,2024,6,master_dog,regalones,133678.0,0.0,416.0,0.0,25,,,,,,,,unmatched,,,0.31119555947874744,0.0,,,,,False
master dog,regalones,Retail Display,2024,7,master_dog,regalones,404127.0,0.0,1062.0,0.0,29,,,,,,,,unmatched,,,0.26278867781662696,0.0,,,,,False
master dog,regalones de la casa,Retail Display,2025,4,master_dog,regalones_de_la_casa,10334.0,0.0,26.0,0.0,3,JARDIN,MASTER DOG,Plan Anual 2025,300000.0,240000.0,60000.0,1.0,probable,plan anual 2025,1.0,0.25159667118250434,0.0,0.0,29030.38513644281,11538.461538461539,0.2,True
master dog,regalones de la casa,Retail Display,2025,5,master_dog,regalones_de_la_casa,115600.0,0.0,211.0,0.0,10,,,,,,,,unmatched,,,0.18252595155709345,0.0,,,,,False
master dog,regalones de la casa,Retail Display,2025,6,master_dog,regalones_de_la_casa,130415.0,0.0,155.0,0.0,19,JARDIN,MASTER DOG,Plan Anual 2025,830000.0,240000.0,590000.0,2.0,probable,plan anual 2025,1.0,0.1188513591228003,0.0,0.0,6364.298585285435,5354.8387096774195,0.7108433734939759,True
master dog,regalones de la casa,Retail Display,2025,7,master_dog,regalones_de_la_casa,142132.0,0.0,158.0,0.0,20,JARDIN,MASTER DOG,Plan Anual 2025,870000.0,240000.0,630000.0,2.0,probable,plan anual 2025,1.0,0.11116426983367575,0.0,0.0,6121.070554132778,5506.329113924051,0.7241379310344828,True
master dog,regalones de la casa,Retail Display,2025,8,master_dog,regalones_de_la_casa,82827.0,0.0,103.0,0.0,25,JARDIN,MASTER DOG,Plan Anual 2025,200000.0,160000.0,40000.0,1.0,probable,plan anual 2025,1.0,0.12435558453161408,0.0,0.0,2414.6715443031862,1941.7475728155339,0.2,True
master dog,regalones de la casa,Retail Display,2025,12,master_dog,regalones_de_la_casa,38678.0,0.0,63.0,0.0,20,JARDIN,MASTER DOG,Plan Anual 2025,100000.0,80000.0,20000.0,1.0,probable,plan anual 2025,1.0,0.1628832928279642,0.0,0.0,2585.4490925073687,1587.3015873015872,0.2,True
master dog,tg5yhxjky,CRM,2025,7,master dog,tg5YHxJKY,0.0,73034.0,119.0,153870.0,1,JARDIN,MASTER DOG,Plan Anual 2025,500000.0,44444.0,455556.0,1.0,probable,plan anual 2025,1.0,,,0.30774,,4201.680672268908,0.911112,True
master dog,xbdvs4tpp,CRM,2025,8,master dog,xBDvS4tpp,0.0,101319.0,389.0,1961891.0,1,JARDIN,MASTER DOG,Plan Anual 2025,900000.0,53333.0,846667.0,1.0,probable,plan anual 2025,1.0,,,2.1798788888888887,,2313.624678663239,0.9407411111111111,True
max service puma safety,seguridad,Retail Display,2024,12,max_service-puma_safety,seguridad,118776.0,0.0,439.0,0.0,22,,,,,,,,unmatched,,,0.36960328685929816,0.0,,,,,False
max service puma safety,seguridad,Retail Display,2025,1,max_service-puma_safety,seguridad,50276.0,0.0,173.0,0.0,8,,,,,,,,unmatched,,,0.3441005648818522,0.0,,,,,False
maxtrek tyres,cyber day,Retail Display,2025,6,maxtrek_tyres,cyber_day,75919.0,0.0,301.0,0.0,3,,,,,,,,unmatched,,,0.3964751906637337,0.0,,,,,False
mc garcia veloti,casa segura,Retail Display,2024,11,mc_garcia-veloti,casa_segura,46595.0,0.0,108.0,0.0,10,,,,,,,,unmatched,,,0.2317845262367207,0.0,,,,,False
mc garcia veloti,casa segura,Retail Display,2024,12,mc_garcia-veloti,casa_segura,145714.0,0.0,289.0,0.0,31,,,,,,,,unmatched,,,0.19833372222298473,0.0,,,,,False
meguiars,6189516 007950,CRM,2023,2,meguiars,6189516-007950,0.0,101149.0,155.0,1730717.0,1,,,,,,,,unmatched,,,,,,,,,False
meguiars,7g5ln0s i,CRM,2025,1,meguiars,7g5LN0s-I,0.0,101132.0,520.0,3918841.0,1,ACCESORIOS AUTOMOVILES,MEGUIARS,Sobre Ruedas 2025,1000000.0,44444.0,955556.0,1.0,probable,sobre ruedas 2025,1.0,,,3.918841,,1923.076923076923,0.955556,True
meguiars,jikcdv03v,CRM,2025,2,meguiars,JIKcdv03v,0.0,148.0,3.0,2406819.0,1,,,,,,,,unmatched,,,,,,,,,False
meguiars,nljmcnbn,CRM,2024,2,meguiars,-nljMcNBn,0.0,102163.0,347.0,3855853.0,1,,,,,,,,unmatched,,,,,,,,,False
meguiars,vt 3zhcn2,CRM,2024,1,meguiars,vt-3zHCn2,0.0,101839.0,414.0,4448840.0,1,,,,,,,,unmatched,,,,,,,,,False
meguiars,xa jpvlmh,CRM,2025,1,meguiars,Xa-jpvlMh,0.0,156.0,2.0,2431413.0,1,ACCESORIOS AUTOMOVILES,MEGUIARS,Sobre Ruedas 2025,1000000.0,44444.0,955556.0,1.0,probable,sobre ruedas 2025,1.0,,,2.431413,,500000.0,0.955556,True
melon,0q721x1zn,CRM,2024,1,melon,0q721X1zn,0.0,101243.0,163.0,9923523.0,1,,,,,,,,unmatched,,,,,,,,,False
melon,g0yqcm0ag,CRM,2024,3,melon,g0YQcm0ag,0.0,52218.0,388.0,5918704.0,1,,,,,,,,unmatched,,,,,,,,,False
melon,lcl09u fu,CRM,2024,3,melon,Lcl09u-fU,0.0,44148.0,115.0,2819811.0,1,,,,,,,,unmatched,,,,,,,,,False
melon,m9dqigigx,CRM,2024,1,melon,m9DQIgiGX,0.0,51655.0,180.0,4348692.0,1,,,,,,,,unmatched,,,,,,,,,False
menguiars,b9td76ydp,CRM,2025,2,menguiars,b9td76ydp,0.0,102113.0,540.0,0.0,1,,,,,,,,unmatched,,,,,,,,,False
metalhsa,black friday,Retail Display,2024,11,metalhsa,black_friday,246911.0,0.0,624.0,0.0,2,,,,,,,,unmatched,,,0.2527226409515979,0.0,,,,,False
metalhsa,black friday,Retail Display,2024,12,metalhsa,black_friday,2.0,0.0,0.0,0.0,1,,,,,,,,unmatched,,,0.0,0.0,,,,,False
metalhsa,black week,Retail Display,2025,3,metalhsa,black_week,59093.0,0.0,227.0,0.0,5,DECORACION,METALHSA,Black Marzo 2025,200000.0,160000.0,40000.0,1.0,probable,black marzo 2025,1.0,0.3841402534987224,0.0,0.0,3384.495625539404,881.0572687224669,0.2,True
metalhsa,black week,Retail Display,2025,4,metalhsa,black_week,74404.0,0.0,278.0,0.0,8,,,,,,,,unmatched,,,0.37363582603085854,0.0,,,,,False
metalhsa,co brand,Google,2024,10,metalhsa,co_brand,87281.0,0.0,1744.0,0.0,17,,,,,,,,unmatched,,,1.9981439259403537,0.0,,,,,False
metalhsa,cyber monday,Retail Display,2024,9,metalhsa,cyber_monday,41300.0,0.0,137.0,0.0,1,,,,,,,,unmatched,,,0.33171912832929784,0.0,,,,,False
metalhsa,cyber monday,Retail Display,2024,10,metalhsa,cyber_monday,150946.0,0.0,624.0,0.0,2,,,,,,,,unmatched,,,0.41339286897301025,0.0,,,,,False
metalhsa,el8px0ck8,CRM,2025,6,metalhsa,el8Px0cK8,0.0,26279.0,377.0,903256.0,1,,,,,,,,unmatched,,,,,,,,,False
metalhsa just home collection,cyber day,Retail Display,2025,6,metalhsa-just_home_collection,cyber_day,107003.0,0.0,258.0,0.0,3,,,,,,,,unmatched,,,0.24111473510088502,0.0,,,,,False
midea,,CRM,2025,8,midea,,0.0,46888.0,0.0,96863669.0,49,ELECTROHOGAR,MIDEA,Always On Agosto,2620000.0,53333.0,2566667.0,2.0,probable,always on agosto,1.0,,,36.97086603053435,,,0.979643893129771,True
midea,,CRM,2025,9,midea,,0.0,39300.0,0.0,85107773.0,57,,,,,,,,unmatched,,,,,,,,,False
midea,,CRM,2025,10,midea,,0.0,65373.0,0.0,108512626.0,58,,,,,,,,unmatched,,,,,,,,,False
midea,,CRM,2025,11,midea,,0.0,44925.0,0.0,99691563.0,60,,,,,,,,unmatched,,,,,,,,,False
midea,,CRM,2025,12,midea,,0.0,51383.0,0.0,126292959.0,62,,,,,,,,unmatched,,,,,,,,,False
midea,,CRM,2026,1,midea,,0.0,60086.0,0.0,183116206.0,62,,,,,,,,unmatched,,,,,,,,,False
midea,,CRM,2026,2,midea,,0.0,53546.0,0.0,129527139.0,56,,,,,,,,unmatched,,,,,,,,,False
midea,,CRM,2026,3,midea,,0.0,57949.0,0.0,178089167.0,62,,,,,,,,unmatched,,,,,,,,,False
midea,,CRM,2026,4,midea,,0.0,85607.0,0.0,145214830.0,56,,,,,,,,unmatched,,,,,,,,,False
midea,,CRM,2026,5,midea,,0.0,67009.0,0.0,82452786.0,46,ELECTROHOGAR,MIDEA,AON MAYO MIDEA LB 2026,1820000.0,61538.0,1758462.0,2.0,probable,aon mayo midea lb 2026,1.0,,,45.30372857142857,,,0.9661879120879121,True
midea,,Sponsored Products,2026,4,MIDEA,,151923.0,0.0,4513.0,34668890.0,2,,,,,,,,unmatched,,,2.9705837825740673,0.0,,,,,False
midea,0fgtqihxk,CRM,2024,4,midea,0FgTqIHxk,0.0,102047.0,307.0,21180725.0,1,,,,,,,,unmatched,,,,,,,,,False
midea,3gzqjh2vv,CRM,2024,6,midea,3GzQJh2vv,0.0,101195.0,518.0,10650234.0,1,,,,,,,,unmatched,,,,,,,,,False
midea,48uw0t2wl,CRM,2025,11,midea,48uW0T2wl,0.0,101254.0,479.0,12259164.0,1,,,,,,,,unmatched,,,,,,,,,False
midea,4tmohghnw,CRM,2025,9,midea,4tmohgHnW,0.0,101293.0,427.0,9729712.0,1,,,,,,,,unmatched,,,,,,,,,False
midea,56k zjfxi,CRM,2025,3,midea,56K-zjFXI,0.0,101223.0,562.0,17590490.0,1,,,,,,,,unmatched,,,,,,,,,False
midea,5iyvyhpf6,CRM,2025,6,midea,5iyvYHpF6,0.0,101533.0,481.0,12771211.0,1,,,,,,,,unmatched,,,,,,,,,False
midea,6189516 007682,CRM,2023,1,midea,6189516-007682,0.0,100592.0,158.0,22438940.0,1,,,,,,,,unmatched,,,,,,,,,False
midea,6189516 007940,CRM,2023,2,midea,6189516-007940,0.0,101468.0,180.0,13335467.0,1,,,,,,,,unmatched,,,,,,,,,False
midea,6189516 008208,CRM,2023,2,midea,6189516-008208,0.0,101671.0,131.0,13431200.0,1,,,,,,,,unmatched,,,,,,,,,False
midea,6189516 008770,CRM,2023,4,midea,6189516-008770,0.0,1125967.0,89902.0,90681413.0,1,,,,,,,,unmatched,,,,,,,,,False
midea,6189516 009131,CRM,2023,4,midea,6189516-009131,0.0,35248.0,44.0,4064720.0,1,,,,,,,,unmatched,,,,,,,,,False
midea,6189516 009137,CRM,2023,4,midea,6189516-009137,0.0,71889.0,109.0,9819394.0,1,,,,,,,,unmatched,,,,,,,,,False
midea,6189516 009175,CRM,2023,5,midea,6189516-009175,0.0,101647.0,148.0,11683743.0,1,,,,,,,,unmatched,,,,,,,,,False
midea,6189516 009222,CRM,2023,5,midea,6189516-009222,0.0,101961.0,113.0,9136930.0,1,,,,,,,,unmatched,,,,,,,,,False
midea,6189516 009412,CRM,2023,5,midea,6189516-009412,0.0,105321.0,150.0,16239020.0,1,,,,,,,,unmatched,,,,,,,,,False
midea,6189516 009532,CRM,2023,5,midea,6189516-009532,0.0,102137.0,133.0,9181757.0,1,,,,,,,,unmatched,,,,,,,,,False
midea,6189516 009698,CRM,2023,6,midea,6189516-009698,0.0,101275.0,156.0,15253997.0,1,,,,,,,,unmatched,,,,,,,,,False
midea,6189516 009845,CRM,2023,6,midea,6189516-009845,0.0,101946.0,137.0,18117649.0,1,,,,,,,,unmatched,,,,,,,,,False
midea,6189516 010086,CRM,2023,7,midea,6189516-010086,0.0,101247.0,129.0,16436076.0,1,,,,,,,,unmatched,,,,,,,,,False
midea,6189516 010421,CRM,2023,8,midea,6189516-010421,0.0,27481.0,4640.0,7762490.0,1,,,,,,,,unmatched,,,,,,,,,False
midea,6189516 010585,CRM,2023,8,midea,6189516-010585,0.0,101223.0,94.0,8341348.0,1,,,,,,,,unmatched,,,,,,,,,False
midea,6189516 010893,CRM,2023,9,midea,6189516-010893,0.0,101868.0,89.0,13024111.0,1,,,,,,,,unmatched,,,,,,,,,False
midea,6189516 011147,CRM,2023,10,midea,6189516-011147,0.0,105463.0,376.0,25656858.0,1,,,,,,,,unmatched,,,,,,,,,False
midea,6189516 011156,CRM,2023,10,midea,6189516-011156,0.0,105471.0,309.0,21244504.0,1,,,,,,,,unmatched,,,,,,,,,False
midea,6189516 011232,CRM,2023,10,midea,6189516-011232,0.0,85611.0,289.0,20530604.0,1,,,,,,,,unmatched,,,,,,,,,False
midea,6189516 011355,CRM,2023,10,midea,6189516-011355,0.0,51334.0,2922.0,6240798.0,1,,,,,,,,unmatched,,,,,,,,,False
midea,6189516 011441,CRM,2023,10,midea,6189516-011441,0.0,55761.0,198.0,5139568.0,1,,,,,,,,unmatched,,,,,,,,,False
midea,6189516 011443,CRM,2023,10,midea,6189516-011443,0.0,47201.0,193.0,5830014.0,1,,,,,,,,unmatched,,,,,,,,,False
midea,6189516 011672,CRM,2023,11,midea,6189516-011672,0.0,101026.0,221.0,13287780.0,1,,,,,,,,unmatched,,,,,,,,,False
midea,6189516 011805,CRM,2023,11,midea,6189516-011805,0.0,102069.0,251.0,37508949.0,1,,,,,,,,unmatched,,,,,,,,,False
midea,6189516 011840,CRM,2023,11,midea,6189516-011840,0.0,101140.0,295.0,26687348.0,1,,,,,,,,unmatched,,,,,,,,,False
midea,6189516 011977,CRM,2023,11,midea,6189516-011977,0.0,101347.0,227.0,17999136.0,1,,,,,,,,unmatched,,,,,,,,,False
midea,6189516 012138,CRM,2023,12,midea,6189516-012138,0.0,50702.0,143.0,14467536.0,1,,,,,,,,unmatched,,,,,,,,,False
midea,6189516 012139,CRM,2023,12,midea,6189516-012139,0.0,51213.0,144.0,10357418.0,1,,,,,,,,unmatched,,,,,,,,,False
midea,6189516 012260,CRM,2023,12,midea,6189516-012260,0.0,101179.0,221.0,20165417.0,1,,,,,,,,unmatched,,,,,,,,,False
midea,66yphediw,CRM,2025,7,midea,66YPhEdIW,0.0,101267.0,344.0,12127761.0,1,,,,,,,,unmatched,,,,,,,,,False
midea,74ffslft,CRM,2024,12,midea,74fFSlft-,0.0,101693.0,311.0,6442153.0,1,,,,,,,,unmatched,,,,,,,,,False
midea,8ecykcs6p,CRM,2024,9,midea,8EcYkcS6p,0.0,90391.0,183.0,67030276.0,1,,,,,,,,unmatched,,,,,,,,,False
midea,9l ztuzjw,CRM,2024,10,midea,9L-ZtUzjw,0.0,4961.0,0.0,967599.0,1,,,,,,,,unmatched,,,,,,,,,False
midea,9mhopowlb,CRM,2025,4,midea,9MHOpOwLB,0.0,101351.0,305.0,9590361.0,1,,,,,,,,unmatched,,,,,,,,,False
midea,ac,Meta,2025,7,midea,ac,1350047.0,0.0,18959.0,0.0,9,,,,,,,,unmatched,,,1.4043214791781322,0.0,,,,,False
midea,aire,Google,2025,9,midea,aire,8883.0,0.0,131.0,0.0,5,,,,,,,,unmatched,,,1.4747270066419003,0.0,,,,,False
midea,aire,Retail Display,2025,7,midea,aire,640482.0,0.0,867.0,0.0,17,,,,,,,,unmatched,,,0.13536680187733613,0.0,,,,,False
midea,aon febrero midea ac 2026,Retail Display,2026,2,midea,aon_febrero_midea_ac_2026,115387.0,0.0,101.0,0.0,13,,,,,,,,unmatched,,,0.0875315243484968,0.0,,,,,False
midea,aon marzo midea electro 2026,Retail Display,2026,4,midea,aon_marzo_midea_electro_2026,76928.0,0.0,95.0,0.0,14,ELECTROHOGAR,MIDEA,AON ABRIL MIDEA ELECTRODOMESTICOS 2026,200000.0,160000.0,40000.0,1.0,probable,aon abril midea electrodomesticos 2026,1.0,0.12349209650582363,0.0,0.0,2599.8336106489182,2105.2631578947367,0.2,True
midea,aon midea ac,Sponsored Products,2026,4,MIDEA,aon_midea_ac,33108.0,0.0,559.0,1609960.0,1,,,,,,,,unmatched,,,1.6884136764528208,0.0,,,,,False
midea,aon midea byc,Retail Display,2026,5,midea,aon_midea_byc,91006.0,0.0,102.0,0.0,13,,,,,,,,unmatched,,,0.11208052216337384,0.0,,,,,False
midea,aon midea byc,Sponsored Products,2026,4,MIDEA,aon_midea_byc,30596.0,0.0,762.0,4289730.0,1,,,,,,,,unmatched,,,2.49052163681527,0.0,,,,,False
midea,aon midea electro,Retail Display,2026,5,midea,aon_midea_electro,69830.0,0.0,67.0,0.0,19,,,,,,,,unmatched,,,0.0959473005871402,0.0,,,,,False
midea,aon midea electro,Sponsored Products,2026,4,MIDEA,aon_midea_electro,77844.0,0.0,2023.0,2331550.0,1,,,,,,,,unmatched,,,2.5987873182261962,0.0,,,,,False
midea,aon midea lb enero,Google,2026,2,midea,aon_midea_lb_enero,339905.0,0.0,5488.0,11615689.0,26,ELECTROHOGAR,MIDEA,AON Febrero Midea LB 2026,1000000.0,0.0,1000000.0,1.0,probable,aon febrero midea lb 2026,1.0,1.614568776569924,0.0,11.615689,2941.998499580765,182.21574344023324,1.0,True
midea,aon midea lb enero,Google,2026,3,midea,aon_midea_lb_enero,436121.0,0.0,8395.0,20100597.0,28,ELECTROHOGAR,MIDEA,AON MARZO MIDEA LB 2026,1000000.0,0.0,1000000.0,1.0,probable,aon marzo midea lb 2026,1.0,1.9249245048965766,0.0,20.100597,2292.9416377564944,119.11852293031566,1.0,True
midea,aon midea lb enero,Google,2026,4,midea,aon_midea_lb_enero,325726.0,0.0,6930.0,18614647.0,22,ELECTROHOGAR,MIDEA,AON ABRIL MIDEA LB 2026,1000000.0,0.0,1000000.0,1.0,probable,aon abril midea lb 2026,1.0,2.127555061616205,0.0,18.614647,3070.0650239772076,144.3001443001443,1.0,True
midea,aon midea lb enero,Google,2026,5,midea,aon_midea_lb_enero,336846.0,0.0,6062.0,14467763.0,18,ELECTROHOGAR,MIDEA,AON MAYO MIDEA LB 2026,1000000.0,0.0,1000000.0,1.0,probable,aon mayo midea lb 2026,1.0,1.7996354417152052,0.0,14.467763,2968.7156742250168,164.9620587264929,1.0,True
midea,avtmwcq6y,CRM,2024,1,midea,AvTMWCq6y,0.0,101224.0,343.0,36087208.0,1,,,,,,,,unmatched,,,,,,,,,False
midea,b8l1tdelb,CRM,2024,5,midea,B8l1tdeLB,0.0,101251.0,210.0,21916436.0,1,,,,,,,,unmatched,,,,,,,,,False
midea,bgabn7g0f,CRM,2024,10,midea,bgAbn7G0f,0.0,50672.0,353.0,6807718.0,1,,,,,,,,unmatched,,,,,,,,,False
midea,black friday,Retail Display,2024,11,midea,black_friday,268873.0,0.0,943.0,0.0,2,,,,,,,,unmatched,,,0.35072320389180023,0.0,,,,,False
midea,black friday,Retail Display,2024,12,midea,black_friday,288873.0,0.0,967.0,0.0,2,,,,,,,,unmatched,,,0.3347491804356932,0.0,,,,,False
midea,black marzo midea byc 2026,CRM,2026,3,midea,Black Marzo MIDEA BYC 2026,0.0,135129.0,341.0,40416973.0,1,,,,,,,,unmatched,,,,,,,,,False
midea,black week,Retail Display,2025,3,midea,black_week,160735.0,0.0,551.0,0.0,7,ELECTROHOGAR,MIDEA,Black Marzo 2025,600000.0,480000.0,120000.0,1.0,probable,black marzo 2025,1.0,0.3428002612996547,0.0,0.0,3732.8522101595795,1088.929219600726,0.2,True
midea,black week,Retail Display,2025,4,midea,black_week,309664.0,0.0,1353.0,0.0,8,ELECTROHOGAR,MIDEA,Camapaña Lanzamiento Empotrados,2800000.0,640000.0,2160000.0,2.0,probable,camapana lanzamiento empotrados,1.0,0.43692518342461506,0.0,0.0,9042.0584892012,2069.4752402069475,0.7714285714285715,True
midea,black week,Sponsored Products,2026,3,MIDEA,black_week,230052.0,0.0,6763.0,53031110.0,1,,,,,,,,unmatched,,,2.9397701389251125,0.0,,,,,False
midea,calefont,Meta,2025,5,midea,calefont,671601.0,0.0,11060.0,0.0,22,,,,,,,,unmatched,,,1.6468111274402508,0.0,,,,,False
midea,calefont,Meta,2025,6,midea,calefont,686937.0,0.0,11359.0,0.0,21,,,,,,,,unmatched,,,1.6535723072130342,0.0,,,,,False
midea,calefont,Retail Display,2025,5,midea,calefont,186079.0,0.0,704.0,0.0,23,,,,,,,,unmatched,,,0.3783339334368736,0.0,,,,,False
midea,calefont,Retail Display,2025,6,midea,calefont,225131.0,0.0,449.0,0.0,21,,,,,,,,unmatched,,,0.1994394374830654,0.0,,,,,False
midea,ckkuumefi,CRM,2024,10,midea,CkKUUmEfi,0.0,101293.0,201.0,5170060.0,1,,,,,,,,unmatched,,,,,,,,,False
midea,cko81chav,CRM,2025,10,midea,Cko81chAv,0.0,15966.0,145.0,8442834.0,1,,,,,,,,unmatched,,,,,,,,,False
midea,co brand,Google,2024,9,midea,co_brand,203266.0,0.0,2339.0,3682556.0,28,,,,,,,,unmatched,,,1.150708923282792,0.0,,,,,False
midea,co brand,Google,2024,10,midea,co_brand,354836.0,0.0,4925.0,9335630.0,27,,,,,,,,unmatched,,,1.3879651444611032,0.0,,,,,False
midea,co brand,Google,2024,11,midea,co_brand,361849.0,0.0,5512.0,17447019.0,30,,,,,,,,unmatched,,,1.5232873380885397,0.0,,,,,False
midea,concurso manchester,Retail Display,2024,10,midea,concurso_manchester,837701.0,0.0,766.0,0.0,19,,,,,,,,unmatched,,,0.09144074078937472,0.0,,,,,False
midea,cyber day,Retail Display,2024,6,midea,cyber_day,495542.0,0.0,1958.0,0.0,3,,,,,,,,unmatched,,,0.3951229159183278,0.0,,,,,False
midea,cyber day,Retail Display,2025,6,midea,cyber_day,222587.0,0.0,860.0,0.0,3,,,,,,,,unmatched,,,0.38636578057119236,0.0,,,,,False
midea,d4bo9gdqr,CRM,2025,5,midea,d4BO9gdqR,0.0,101172.0,379.0,6984051.0,1,,,,,,,,unmatched,,,,,,,,,False
midea,deyxfp nc,CRM,2025,10,midea,DEyxfP-Nc,0.0,106113.0,108.0,17293834.0,1,,,,,,,,unmatched,,,,,,,,,False
midea,dgxzzjc5c,CRM,2024,3,midea,dgXZzjC5c,0.0,102000.0,403.0,16103807.0,1,,,,,,,,unmatched,,,,,,,,,False
midea,dj5bo8w5g,CRM,2025,10,midea,Dj5bO8w5g,0.0,106350.0,257.0,32815467.0,1,,,,,,,,unmatched,,,,,,,,,False
midea,dplce5rgm,CRM,2024,2,midea,dPLCE5rGM,0.0,53942.0,3688.0,11785407.0,1,,,,,,,,unmatched,,,,,,,,,False
midea,druqnaotg,CRM,2025,10,midea,DRuqnaotg,0.0,53994.0,15.0,5098138.0,1,,,,,,,,unmatched,,,,,,,,,False
midea,dso5x6qdo,CRM,2024,2,midea,DSO5x6QdO,0.0,53951.0,3996.0,14795006.0,1,,,,,,,,unmatched,,,,,,,,,False
midea,e11fuadnm,CRM,2025,6,midea,e11FuadNm,0.0,101297.0,394.0,14714141.0,1,,,,,,,,unmatched,,,,,,,,,False
midea,electrodomesticos,Google,2025,10,midea,electrodomesticos,41030.0,0.0,639.0,1033790.0,4,,,,,,,,unmatched,,,1.5573970265659274,0.0,,,,,False
midea,electrodomesticos,Google,2025,11,midea,electrodomesticos,180934.0,0.0,2834.0,3388807.0,20,,,,,,,,unmatched,,,1.5663169995689037,0.0,,,,,False
midea,electrodomesticos,Google,2025,12,midea,electrodomesticos,304521.0,0.0,6804.0,6449843.0,15,ELECTROHOGAR,MIDEA,AON Diciembre 2025,700000.0,0.0,700000.0,1.0,probable,aon diciembre 2025,1.0,2.2343286669884836,0.0,9.214061428571428,2298.692044226835,102.88065843621399,1.0,True
midea,elmmzawgq,CRM,2024,10,midea,ElmMzawGQ,0.0,94543.0,277.0,2760760.0,1,,,,,,,,unmatched,,,,,,,,,False
midea,empotrados,Retail Display,2025,4,midea,empotrados,377785.0,0.0,899.0,0.0,22,ELECTROHOGAR,MIDEA,Camapaña Lanzamiento Empotrados,2800000.0,640000.0,2160000.0,2.0,probable,camapana lanzamiento empotrados,1.0,0.23796603888455076,0.0,0.0,7411.6230130894555,3114.571746384872,0.7714285714285715,True
midea,eoje1wbct,CRM,2025,7,midea,eoJe1wbCt,0.0,101320.0,435.0,9725311.0,1,,,,,,,,unmatched,,,,,,,,,False
midea,fn9vm7wd0,CRM,2024,11,midea,Fn9VM7Wd0,0.0,54084.0,1916.0,7674622.0,1,,,,,,,,unmatched,,,,,,,,,False
midea,fti xsyw1,CRM,2025,7,midea,Fti-xsYW1,0.0,101392.0,278.0,13521402.0,1,,,,,,,,unmatched,,,,,,,,,False
midea,gbzqfptvv,CRM,2025,9,midea,gBZQFptvV,0.0,101177.0,584.0,33325059.0,1,,,,,,,,unmatched,,,,,,,,,False
midea,gmbaja31v,CRM,2025,11,midea,GmBaJa31v,0.0,53965.0,0.0,16941144.0,1,,,,,,,,unmatched,,,,,,,,,False
midea,grs3hng r,CRM,2025,6,midea,Grs3Hng-R,0.0,106327.0,162.0,38957233.0,1,,,,,,,,unmatched,,,,,,,,,False
midea,hj60a0hhw,CRM,2025,7,midea,HJ60a0HhW,0.0,53988.0,275.0,4498668.0,1,,,,,,,,unmatched,,,,,,,,,False
midea,ieyaddyye,CRM,2024,12,midea,iEyAddyyE,0.0,53831.0,1698.0,18906626.0,1,,,,,,,,unmatched,,,,,,,,,False
midea,ihtzabdpz,CRM,2024,8,midea,IhtZAbdpZ,0.0,101466.0,320.0,13319337.0,1,,,,,,,,unmatched,,,,,,,,,False
midea,jhjihsbv,CRM,2024,11,midea,jhJIHsbV-,0.0,101450.0,444.0,18049321.0,1,,,,,,,,unmatched,,,,,,,,,False
midea,jodqhccvy,CRM,2024,9,midea,jodQhCCVy,0.0,99543.0,456.0,28035504.0,1,,,,,,,,unmatched,,,,,,,,,False
midea,jqq5zcb0u,CRM,2025,11,midea,jQQ5ZcB0U,0.0,101272.0,392.0,31597312.0,1,,,,,,,,unmatched,,,,,,,,,False
midea,juqyjeznv,CRM,2025,4,midea,juQyJezNV,0.0,101159.0,307.0,13929636.0,1,,,,,,,,unmatched,,,,,,,,,False
midea,jzluthw69,CRM,2024,8,midea,jZluTHw69,0.0,101053.0,461.0,19525419.0,1,,,,,,,,unmatched,,,,,,,,,False
midea,kfocvjbuf,CRM,2024,10,midea,KfOcVjbUf,0.0,50858.0,296.0,4540505.0,1,,,,,,,,unmatched,,,,,,,,,False
midea,kj odfvgc,CRM,2024,6,midea,kj-Odfvgc,0.0,4945.0,0.0,6016710.0,1,,,,,,,,unmatched,,,,,,,,,False
midea,l4gteiuc6,CRM,2024,4,midea,l4GtEIUC6,0.0,100833.0,458.0,27934821.0,1,,,,,,,,unmatched,,,,,,,,,False
midea,lavado secado,Meta,2025,6,midea,lavado_secado,527564.0,0.0,56361.0,0.0,19,,,,,,,,unmatched,,,10.683253595772268,0.0,,,,,False
midea,lavado secado,Meta,2025,7,midea,lavado_secado,333166.0,0.0,61368.0,0.0,29,,,,,,,,unmatched,,,18.419646662624636,0.0,,,,,False
midea,lavado secado,Meta,2025,8,midea,lavado_secado,329423.0,0.0,65884.0,0.0,25,,,,,,,,unmatched,,,19.99981786335502,0.0,,,,,False
midea,lavado secado,Retail Display,2025,6,midea,lavado_secado,439869.0,0.0,599.0,0.0,19,,,,,,,,unmatched,,,0.13617690721555734,0.0,,,,,False
midea,lavado secado,Retail Display,2025,7,midea,lavado_secado,261463.0,0.0,480.0,0.0,30,,,,,,,,unmatched,,,0.18358238068101412,0.0,,,,,False
midea,lavado secado,Retail Display,2025,8,midea,lavado_secado,413055.0,0.0,667.0,0.0,26,,,,,,,,unmatched,,,0.161479706092409,0.0,,,,,False
midea,lavadoras,Meta,2024,5,midea,lavadoras,1183770.0,0.0,13864.0,0.0,14,,,,,,,,unmatched,,,1.1711734543027783,0.0,,,,,False
midea,linea blanca,Google,2025,3,midea,linea_blanca,491503.0,0.0,7308.0,6376828.0,25,ELECTROHOGAR,MIDEA,AON Marzo 2025,1200000.0,0.0,1200000.0,1.0,probable,aon marzo 2025,1.0,1.486867831935919,0.0,5.314023333333333,2441.490692834021,164.20361247947454,1.0,True
midea,linea blanca,Google,2025,4,midea,linea_blanca,366413.0,0.0,7107.0,12774547.0,18,ELECTROHOGAR,MIDEA,AON ABRIL 2025,1500000.0,0.0,1500000.0,1.0,probable,aon abril 2025,1.0,1.9396145879103635,0.0,8.516364666666666,4093.741215513642,211.05951878429718,1.0,True
midea,linea blanca,Google,2025,5,midea,linea_blanca,469853.0,0.0,8487.0,9119520.0,50,,,,,,,,unmatched,,,1.8063096330128787,0.0,,,,,False
midea,linea blanca,Google,2025,6,midea,linea_blanca,1109717.0,0.0,11451.0,8217142.0,26,,,,,,,,unmatched,,,1.0318847057402925,0.0,,,,,False
midea,linea blanca,Google,2025,7,midea,linea_blanca,763918.0,0.0,7467.0,3679302.0,22,,,,,,,,unmatched,,,0.9774609316706767,0.0,,,,,False
midea,linea blanca,Google,2025,10,midea,linea_blanca,24919.0,0.0,388.0,469980.0,4,,,,,,,,unmatched,,,1.5570448252337574,0.0,,,,,False
midea,linea blanca,Google,2025,11,midea,linea_blanca,187281.0,0.0,2936.0,8859579.0,20,,,,,,,,unmatched,,,1.5676977376242118,0.0,,,,,False
midea,linea blanca,Google,2025,12,midea,linea_blanca,111061.0,0.0,2492.0,5260212.0,14,ELECTROHOGAR,MIDEA,AON Diciembre 2025,700000.0,0.0,700000.0,1.0,probable,aon diciembre 2025,1.0,2.243811959193596,0.0,7.514588571428572,6302.842582004484,280.8988764044944,1.0,True
midea,linea blanca,Retail Display,2024,12,midea,linea_blanca,287991.0,0.0,548.0,0.0,27,,,,,,,,unmatched,,,0.19028372414415728,0.0,,,,,False
midea,m2salsh17,CRM,2024,6,midea,m2SALSh17,0.0,105576.0,362.0,17511869.0,1,,,,,,,,unmatched,,,,,,,,,False
midea,mcy0uybq4,CRM,2024,2,midea,mCy0uYbq4,0.0,101719.0,346.0,41569103.0,1,,,,,,,,unmatched,,,,,,,,,False
midea,mo3noxmw1,CRM,2024,9,midea,mO3NoxMW1,0.0,100894.0,375.0,13415458.0,1,,,,,,,,unmatched,,,,,,,,,False
midea,mrf5mgfni,CRM,2025,10,midea,MRF5mGFNI,0.0,4971.0,0.0,3881722.0,1,,,,,,,,unmatched,,,,,,,,,False
midea,nb4xg0v8d,CRM,2025,11,midea,Nb4xG0V8d,0.0,101320.0,750.0,11306863.0,1,,,,,,,,unmatched,,,,,,,,,False
midea,nkr u0qyw,CRM,2024,6,midea,NkR-U0qyW,0.0,50970.0,1699.0,5944265.0,1,,,,,,,,unmatched,,,,,,,,,False
midea,nt3arxv6n,CRM,2025,3,midea,nt3aRxv6n,0.0,355248.0,1900.0,88524285.0,1,,,,,,,,unmatched,,,,,,,,,False
midea,nuevos refrigeradores,Meta,2024,1,midea,nuevos_refrigeradores,450288.0,0.0,1519.0,0.0,30,,,,,,,,unmatched,,,0.337339658174324,0.0,,,,,False
midea,nuevos refrigeradores,Meta,2024,2,midea,nuevos_refrigeradores,555918.0,0.0,2206.0,0.0,32,,,,,,,,unmatched,,,0.39682111390528824,0.0,,,,,False
midea,oqkjxkgow,CRM,2024,9,midea,OQKJxkgoW,0.0,1124216.0,26430.0,78368106.0,1,,,,,,,,unmatched,,,,,,,,,False
midea,ow6ef0wml,CRM,2025,4,midea,oW6Ef0WmL,0.0,2368.0,17.0,303054.0,1,,,,,,,,unmatched,,,,,,,,,False
midea,p7u1upwsi,CRM,2024,12,midea,P7U1UpWSI,0.0,101898.0,302.0,25395081.0,1,,,,,,,,unmatched,,,,,,,,,False
midea,qctviq6lz,CRM,2025,6,midea,qCTviQ6Lz,0.0,106075.0,161.0,29587251.0,1,,,,,,,,unmatched,,,,,,,,,False
midea,r2luxr83r,CRM,2025,8,midea,R2Luxr83r,0.0,101289.0,353.0,21554682.0,1,ELECTROHOGAR,MIDEA,Always On Agosto,2620000.0,53333.0,2566667.0,2.0,probable,always on agosto,1.0,,,8.22697786259542,,7422.096317280453,0.979643893129771,True
midea,refrigeradores,Retail Display,2025,10,midea,refrigeradores,332582.0,0.0,431.0,0.0,15,ELECTROHOGAR,MIDEA,Tactcio refri Octubre 2025,820000.0,656000.0,164000.0,1.0,probable,tactcio refri octubre 2025,1.0,0.12959210059474055,0.0,0.0,2465.5573663036485,1902.552204176334,0.2,True
midea,refrigeradores,Retail Display,2025,11,midea,refrigeradores,405645.0,0.0,380.0,0.0,25,,,,,,,,unmatched,,,0.09367796965326826,0.0,,,,,False
midea,refrigeradores,Retail Display,2025,12,midea,refrigeradores,395282.0,0.0,465.0,0.0,29,ELECTROHOGAR,MIDEA,Tactcio refri Diciembre 2025,2000000.0,800000.0,1200000.0,2.0,probable,tactcio refri diciembre 2025,1.0,0.11763753472204654,0.0,0.0,5059.678912776195,4301.075268817204,0.6,True
midea,rr779vxzo,CRM,2024,5,midea,rr779vxZO,0.0,101277.0,251.0,12948648.0,1,,,,,,,,unmatched,,,,,,,,,False
midea,rvenhrz8p,CRM,2025,6,midea,RveNHrZ8p,0.0,106068.0,129.0,13793494.0,1,,,,,,,,unmatched,,,,,,,,,False
midea,semana marca,Retail Display,2024,8,midea,semana_marca,901552.0,0.0,2442.0,0.0,7,,,,,,,,unmatched,,,0.2708662395513514,0.0,,,,,False
midea,semana marca,Retail Display,2024,9,midea,semana_marca,534967.0,0.0,1510.0,0.0,6,,,,,,,,unmatched,,,0.2822604011088534,0.0,,,,,False
midea,sqvzxvhgn,CRM,2024,1,midea,sqvzXVHGN,0.0,101202.0,274.0,46533721.0,1,,,,,,,,unmatched,,,,,,,,,False
midea,tactico midea refir,CRM,2026,2,midea,TACTICO MIDEA REFIR,0.0,101382.0,535.0,22833172.0,1,,,,,,,,unmatched,,,,,,,,,False
midea,tbwelrguf,CRM,2025,10,midea,tbWELrguf,0.0,106229.0,188.0,7503015.0,1,,,,,,,,unmatched,,,,,,,,,False
midea,u49wtreum q,CRM,2024,8,midea,u49WTreuM-Q,0.0,101215.0,339.0,27541038.0,1,,,,,,,,unmatched,,,,,,,,,False
midea,udqrucy0d,CRM,2024,6,midea,uDqrucY0D,0.0,106176.0,410.0,42371606.0,1,,,,,,,,unmatched,,,,,,,,,False
midea,uxgxx26ak,CRM,2024,10,midea,uxgXx26Ak,0.0,91881.0,262.0,13532875.0,1,,,,,,,,unmatched,,,,,,,,,False
midea,v0jfauopl,CRM,2025,10,midea,v0jfauopl,0.0,101017.0,302.0,10119443.0,1,,,,,,,,unmatched,,,,,,,,,False
midea,viae4f630,CRM,2024,11,midea,viaE4f630,0.0,101215.0,365.0,21262114.0,1,,,,,,,,unmatched,,,,,,,,,False
midea,w1ggd8vm2,CRM,2024,10,midea,w1ggD8vm2,0.0,100628.0,453.0,14027589.0,1,,,,,,,,unmatched,,,,,,,,,False
midea,whzur1vv8,CRM,2025,5,midea,Whzur1vV8,0.0,101393.0,407.0,19985901.0,1,,,,,,,,unmatched,,,,,,,,,False
midea,x,CRM,2024,9,midea,X,0.0,210527.0,473.0,37129772.0,1,,,,,,,,unmatched,,,,,,,,,False
midea,x,CRM,2024,10,midea,X,0.0,240891.0,940.0,25773470.0,4,,,,,,,,unmatched,,,,,,,,,False
midea,xmscqsst1,CRM,2024,7,midea,XMScQsSt1,0.0,101183.0,263.0,18878565.0,1,,,,,,,,unmatched,,,,,,,,,False
midea,yq9hdldqm,CRM,2025,6,midea,Yq9HDLDqm,0.0,17500.0,345.0,19710838.0,1,,,,,,,,unmatched,,,,,,,,,False
midea,yqko8s7sa,CRM,2024,7,midea,YQkO8s7sa,0.0,27910.0,2298.0,15274639.0,1,,,,,,,,unmatched,,,,,,,,,False
midea,zoa0b y2v,CRM,2024,12,midea,zOa0b-Y2V,0.0,53874.0,1765.0,11938213.0,1,,,,,,,,unmatched,,,,,,,,,False
midea,zwqi y3f4,CRM,2024,6,midea,zwQi-Y3f4,0.0,101078.0,396.0,22849501.0,1,,,,,,,,unmatched,,,,,,,,,False
midea electro,cyber monday,Retail Display,2024,9,midea-electro,cyber_monday,63058.0,0.0,307.0,0.0,1,,,,,,,,unmatched,,,0.48685337308509624,0.0,,,,,False
midea electro,cyber monday,Retail Display,2024,10,midea-electro,cyber_monday,157653.0,0.0,373.0,0.0,2,,,,,,,,unmatched,,,0.23659556113743474,0.0,,,,,False
midea lb,cyber monday,Retail Display,2024,9,midea-lb,cyber_monday,58297.0,0.0,287.0,0.0,1,,,,,,,,unmatched,,,0.4923066367051478,0.0,,,,,False
midea lb,cyber monday,Retail Display,2024,10,midea-lb,cyber_monday,296630.0,0.0,659.0,0.0,2,,,,,,,,unmatched,,,0.2221622897212015,0.0,,,,,False
mlab,casasegura,Retail Display,2025,12,mlab,casasegura,45646.0,0.0,74.0,0.0,14,FERRETERIA,MLAB,Casa Segura,150000.0,120000.0,30000.0,1.0,probable,casa segura,1.0,0.16211716251150154,0.0,0.0,3286.158699557464,2027.027027027027,0.2,True
mlab,casasegura,Retail Display,2026,1,mlab,casasegura,69854.0,0.0,98.0,0.0,31,FERRETERIA,MLAB,Casa Segura,150000.0,120000.0,30000.0,1.0,probable,casa segura,1.0,0.14029261030148596,0.0,0.0,2147.33587196152,1530.6122448979593,0.2,True
mon weber,6189516 009885,CRM,2023,6,mon_weber,6189516-009885,0.0,60093.0,156.0,0.0,1,,,,,,,,unmatched,,,,,,,,,False
montack,campana tv cinta montack,CRM,2025,12,montack,Campaña TV Cinta Montack,0.0,101566.0,362.0,231988.0,1,,,,,,,,unmatched,,,,,,,,,False
montack,fax2pycmu,CRM,2025,7,montack,fAX2pYCmu,0.0,25.0,1.0,143730.0,1,,,,,,,,unmatched,,,,,,,,,False
montana,bslw1us67,CRM,2024,9,montana,BSLw1Us67,0.0,77154.0,261.0,11990.0,1,,,,,,,,unmatched,,,,,,,,,False
montana,iugl8xeyu,CRM,2024,10,montana,iuGl8XEyU,0.0,54006.0,528.0,0.0,1,,,,,,,,unmatched,,,,,,,,,False
montana,pintura auto,Retail Display,2024,12,montana,pintura_auto,383791.0,0.0,723.0,0.0,27,,,,,,,,unmatched,,,0.18838378179790563,0.0,,,,,False
montana colors,6189516 008100,CRM,2023,2,montana colors,6189516-008100,0.0,101212.0,148.0,2768340.0,1,,,,,,,,unmatched,,,,,,,,,False
montana colors,6189516 009685,CRM,2023,6,montana colors,6189516-009685,0.0,100157.0,102.0,1893147.0,1,,,,,,,,unmatched,,,,,,,,,False
montana colors,iugl8xeyu,CRM,2024,10,montana colors,iuGl8XEyU,0.0,54006.0,1657.0,1300897.0,1,,,,,,,,unmatched,,,,,,,,,False
montana colors,kmwc5ulzv,CRM,2025,1,montana colors,KMWC5ULzV,0.0,102301.0,470.0,4503943.0,1,,,,,,,,unmatched,,,,,,,,,False
montana colors,mzqijrkag,CRM,2024,12,montana colors,MzqijrkAg,0.0,53828.0,1848.0,2635008.0,1,,,,,,,,unmatched,,,,,,,,,False
montana colors,v2zbvnlme,CRM,2024,12,montana colors,v2ZbvnLMe,0.0,102185.0,363.0,5254604.0,1,,,,,,,,unmatched,,,,,,,,,False
mosaico,aon febrero 2026,Sponsored Products,2026,2,MOSAICO,aon_febrero_2026,6385.0,0.0,70.0,0.0,1,,,,,,,,unmatched,,,1.096319498825372,0.0,,,,,False
mosaico,black week,Sponsored Products,2026,3,MOSAICO,black_week,0.0,0.0,0.0,359990.0,1,,,,,,,,unmatched,,,,,,,,,False
motorola,6189516 007866,CRM,2023,1,motorola,6189516-007866,0.0,47226.0,6676.0,1674380.0,1,,,,,,,,unmatched,,,,,,,,,False
motorola,6189516 010454,CRM,2023,8,motorola,6189516-010454,0.0,53953.0,5576.0,807880.0,1,,,,,,,,unmatched,,,,,,,,,False
motorola,6189516 011354,CRM,2023,10,motorola,6189516-011354,0.0,51386.0,4118.0,1102396.0,1,,,,,,,,unmatched,,,,,,,,,False
mr musculo,temporada parrilla,Retail Display,2025,8,mr.musculo,temporada_parrilla,53490.0,0.0,52.0,0.0,11,ASEO,MR MUSCULO,Campaña de Parrillas 2025,300000.0,240000.0,60000.0,1.0,probable,campana de parrillas 2025,1.0,0.09721443260422509,0.0,0.0,5608.524957936063,5769.2307692307695,0.2,True
mr musculo,temporada parrilla,Retail Display,2025,9,mr.musculo,temporada_parrilla,69717.0,0.0,40.0,0.0,21,,,,,,,,unmatched,,,0.05737481532481317,0.0,,,,,False
mtd,aon marzo 2026,Sponsored Products,2026,3,MTD,aon_marzo_2026,1387.0,0.0,8.0,0.0,1,,,,,,,,unmatched,,,0.5767844268204758,0.0,,,,,False
mtd,aon stihl,Sponsored Products,2026,4,MTD,aon_stihl,887.0,0.0,8.0,0.0,1,,,,,,,,unmatched,,,0.9019165727170236,0.0,,,,,False
mtd,tactico febrero 2026,Sponsored Products,2026,2,MTD,tactico_febrero_2026,1932.0,0.0,19.0,0.0,1,,,,,,,,unmatched,,,0.9834368530020704,0.0,,,,,False
multimarca,temporada aseo,Retail Display,2025,1,multimarca,temporada_aseo,154642.0,0.0,237.0,0.0,30,,,,,,,,unmatched,,,0.15325720050180416,0.0,,,,,False
multivendor,6189516 008240,CRM,2023,2,multivendor,6189516-008240,0.0,17769.0,2898.0,0.0,1,,,,,,,,unmatched,,,,,,,,,False
multivendor,especial empotrados,Retail Display,2024,8,multivendor,especial_empotrados,192311.0,0.0,698.0,0.0,17,,,,,,,,unmatched,,,0.36295375719537626,0.0,,,,,False
multivendor casasegura,6189516 008038,CRM,2023,2,multivendor_casasegura,6189516-008038,0.0,42461.0,6840.0,0.0,1,,,,,,,,unmatched,,,,,,,,,False
muresco,6189516 009515,CRM,2023,5,muresco,6189516-009515,0.0,102301.0,88.0,800460.0,1,,,,,,,,unmatched,,,,,,,,,False
muresco,6189516 009540,CRM,2023,5,muresco,6189516-009540,0.0,103538.0,30.0,73950.0,1,,,,,,,,unmatched,,,,,,,,,False
national geographic,6189516 007733,CRM,2023,1,national geographic,6189516-007733,0.0,101501.0,154.0,1030355.0,1,,,,,,,,unmatched,,,,,,,,,False
nexxt,casa segura,CRM,2025,12,nexxt,Casa Segura,0.0,101343.0,262.0,445014.0,1,,,,,,,,unmatched,,,,,,,,,False
nexxt,casa segura,CRM,2026,1,nexxt,Casa Segura,0.0,101233.0,353.0,490374.0,1,,,,,,,,unmatched,,,,,,,,,False
nexxt solution,a i9nkapt,CRM,2024,8,nexxt solution,A-i9nKapt,0.0,47440.0,2151.0,33560.0,1,,,,,,,,unmatched,,,,,,,,,False
nexxt solution,casa segura,CRM,2025,12,nexxt solution,Casa Segura,0.0,19.0,0.0,349790.0,1,,,,,,,,unmatched,,,,,,,,,False
nexxt solution,casa segura,CRM,2026,1,nexxt solution,Casa Segura,0.0,14.0,3.0,238350.0,1,,,,,,,,unmatched,,,,,,,,,False
nexxt solution,q7w1gqtbs,CRM,2024,10,nexxt solution,q7W1GQtbS,0.0,102059.0,249.0,402912.0,1,,,,,,,,unmatched,,,,,,,,,False
nexxt solution,stimcir1k,CRM,2024,11,nexxt solution,stIMcir1k,0.0,101298.0,622.0,527655.0,1,,,,,,,,unmatched,,,,,,,,,False
nexxt solutions,smarthome,Retail Display,2024,11,nexxt_solutions,smarthome,150140.0,0.0,330.0,0.0,12,,,,,,,,unmatched,,,0.21979485813240976,0.0,,,,,False
nexxt solutions,smarthome,Retail Display,2024,12,nexxt_solutions,smarthome,287299.0,0.0,483.0,0.0,31,,,,,,,,unmatched,,,0.16811753608609845,0.0,,,,,False
nibsa,co brand,Retail Display,2024,7,nibsa,co_brand,334761.0,0.0,1129.0,0.0,23,,,,,,,,unmatched,,,0.33725553454554147,0.0,,,,,False
nilfisk,cyber day,Retail Display,2024,6,nilfisk,cyber_day,197753.0,0.0,700.0,0.0,3,,,,,,,,unmatched,,,0.3539769308177373,0.0,,,,,False
nilfisk,javedrgsv,CRM,2024,4,nilfisk,JAVeDrGSv,0.0,101404.0,572.0,597900.0,1,,,,,,,,unmatched,,,,,,,,,False
ninja,aon ninja,Sponsored Products,2026,4,NINJA,aon_ninja,35982.0,0.0,2290.0,5359470.0,1,,,,,,,,unmatched,,,6.3642932577399804,0.0,,,,,False
ninja,black week,Sponsored Products,2026,3,NINJA,black_week,84477.0,0.0,2304.0,8719430.0,1,ELECTROHOGAR,NINJA,AON MARZO NINJA 2026,300000.0,247200.0,52800.0,1.0,probable,aon marzo ninja 2026,1.0,2.727369579885649,0.0,29.064766666666667,3551.262473809439,130.20833333333334,0.176,True
norseg,0csetiqet,CRM,2024,8,norseg,0cSEtIQEt,0.0,50374.0,238.0,452597.0,1,,,,,,,,unmatched,,,,,,,,,False
norseg,6189516 007615,CRM,2023,1,norseg,6189516-007615,0.0,100920.0,153.0,791910.0,1,,,,,,,,unmatched,,,,,,,,,False
norseg,q0j74wh2d,CRM,2024,3,norseg,Q0j74Wh2D,0.0,102064.0,462.0,3641701.0,1,,,,,,,,unmatched,,,,,,,,,False
norseg,t z1c5 h8,CRM,2024,9,norseg,t-Z1c5-H8,0.0,102209.0,359.0,0.0,1,,,,,,,,unmatched,,,,,,,,,False
norseg,twlujq3fw,CRM,2024,8,norseg,TWlUJq3fW,0.0,50381.0,259.0,684229.0,1,,,,,,,,unmatched,,,,,,,,,False
odis,6189516 007749,CRM,2023,1,odis,6189516-007749,0.0,101274.0,157.0,5941229.0,1,,,,,,,,unmatched,,,,,,,,,False
odis,6189516 007763,CRM,2023,1,odis,6189516-007763,0.0,101176.0,144.0,4095716.0,1,,,,,,,,unmatched,,,,,,,,,False
odis,6189516 007956,CRM,2023,2,odis,6189516-007956,0.0,101173.0,160.0,4052007.0,1,,,,,,,,unmatched,,,,,,,,,False
odis,6189516 007975,CRM,2023,2,odis,6189516-007975,0.0,57891.0,7519.0,3084471.0,1,,,,,,,,unmatched,,,,,,,,,False
odis,6189516 008043,CRM,2023,2,odis,6189516-008043,0.0,101248.0,189.0,1530634.0,1,,,,,,,,unmatched,,,,,,,,,False
odis,6189516 008083,CRM,2023,2,odis,6189516-008083,0.0,101159.0,124.0,2850412.0,1,,,,,,,,unmatched,,,,,,,,,False
odis,6189516 008115,CRM,2023,2,odis,6189516-008115,0.0,37344.0,3613.0,1135407.0,1,,,,,,,,unmatched,,,,,,,,,False
odis,6189516 008134,CRM,2023,2,odis,6189516-008134,0.0,101141.0,182.0,1879251.0,1,,,,,,,,unmatched,,,,,,,,,False
odis,6189516 008209,CRM,2023,2,odis,6189516-008209,0.0,35289.0,5406.0,2358419.0,1,,,,,,,,unmatched,,,,,,,,,False
odis,casasegura,Retail Display,2025,9,odis,casasegura,125070.0,0.0,155.0,0.0,21,FERRETERIA,ODIS,Ganador concurso,0.0,0.0,0.0,1.0,probable,ganador concurso,1.0,0.12393059886463581,0.0,,0.0,0.0,,False
odis,casasegura,Retail Display,2025,12,odis,casasegura,41377.0,0.0,35.0,0.0,3,FERRETERIA,ODIS,Casa Segura,250000.0,200000.0,50000.0,1.0,probable,casa segura,1.0,0.08458805616646929,0.0,0.0,6042.004011890664,7142.857142857143,0.2,True
odis,casasegura,Retail Display,2026,1,odis,casasegura,151097.0,0.0,169.0,0.0,31,FERRETERIA,ODIS,Casa Segura,250000.0,200000.0,50000.0,1.0,probable,casa segura,1.0,0.11184867998702819,0.0,0.0,1654.5662719974584,1479.2899408284025,0.2,True
omo,,CRM,2025,7,omo,,0.0,212.0,0.0,87960.0,4,,,,,,,,unmatched,,,,,,,,,False
omo,,CRM,2025,8,omo,,0.0,757.0,0.0,148376.0,40,,,,,,,,unmatched,,,,,,,,,False
omo,,CRM,2025,9,omo,,0.0,984.0,0.0,132519.0,39,,,,,,,,unmatched,,,,,,,,,False
omo,,CRM,2025,10,omo,,0.0,246.0,0.0,3427200.0,18,,,,,,,,unmatched,,,,,,,,,False
omo,,CRM,2025,11,omo,,0.0,69.0,0.0,996656.0,23,,,,,,,,unmatched,,,,,,,,,False
omo,,CRM,2025,12,omo,,0.0,94.0,0.0,663446.0,27,,,,,,,,unmatched,,,,,,,,,False
omo,,CRM,2026,1,omo,,0.0,47.0,0.0,87940.0,20,,,,,,,,unmatched,,,,,,,,,False
omo,,CRM,2026,2,omo,,0.0,40.0,0.0,280850.0,21,,,,,,,,unmatched,,,,,,,,,False
omo,,CRM,2026,3,omo,,0.0,2.0,0.0,0.0,2,,,,,,,,unmatched,,,,,,,,,False
omo,6189516 012232,CRM,2023,12,omo,6189516-012232,0.0,101486.0,183.0,951205.0,1,,,,,,,,unmatched,,,,,,,,,False
omo,black marzo 2026,CRM,2026,3,omo,Black Marzo 2026,0.0,101129.0,682.0,1150867.0,1,,,,,,,,unmatched,,,,,,,,,False
omo,black week,Meta,2026,3,omo,black_week,33975.0,0.0,1941.0,72750.0,2,,,,,,,,unmatched,,,5.713024282560706,0.0,,,,,False
omo,black week,Sponsored Products,2026,3,OMO,black_week,22144.0,0.0,935.0,6624020.0,1,,,,,,,,unmatched,,,4.222362716763006,0.0,,,,,False
omo,hu0ajearn,CRM,2026,4,omo,hu0AJEarN,0.0,329550.0,666.0,2871233.0,1,ASEO,OMO,Black Marzo 2026,1800000.0,55172.0,1744828.0,2.0,probable,black marzo 2026,1.0,,,1.5951294444444444,,2702.7027027027025,0.9693488888888889,True
omo,jf1j1ta7d,CRM,2025,10,omo,jF1j1tA7d,0.0,106037.0,102.0,354300.0,1,,,,,,,,unmatched,,,,,,,,,False
omo,nd0wdi6id,CRM,2025,10,omo,Nd0wdi6id,0.0,105986.0,331.0,727440.0,1,,,,,,,,unmatched,,,,,,,,,False
one sit,aon marzo 2026,Sponsored Products,2026,3,ONE SIT,aon_marzo_2026,86169.0,0.0,830.0,1351850.0,1,,,,,,,,unmatched,,,0.9632234330211561,0.0,,,,,False
one sit,bts,Sponsored Products,2026,2,ONE SIT,bts,43811.0,0.0,456.0,1311890.0,1,,,,,,,,unmatched,,,1.0408344936203235,0.0,,,,,False
oster,,CRM,2026,1,oster,,0.0,116.0,0.0,89980.0,8,ELECTROHOGAR,OSTER,AON OSTER 2026,750000.0,0.0,750000.0,1.0,probable,aon oster 2026,1.0,,,0.11997333333333333,,,1.0,True
oster,,CRM,2026,2,oster,,0.0,593.0,0.0,501247.0,28,ELECTROHOGAR,OSTER,AON OSTER 2026,750000.0,0.0,750000.0,1.0,probable,aon oster 2026,1.0,,,0.6683293333333333,,,1.0,True
oster,,CRM,2026,3,oster,,0.0,751.0,0.0,879941.0,31,ELECTROHOGAR,OSTER,AON MARZO OSTER 2026,750000.0,0.0,750000.0,1.0,probable,aon marzo oster 2026,1.0,,,1.1732546666666666,,,1.0,True
oster,,CRM,2026,4,oster,,0.0,2812.0,0.0,2056667.0,30,,,,,,,,unmatched,,,,,,,,,False
oster,,CRM,2026,5,oster,,0.0,367.0,0.0,482870.0,24,ELECTROHOGAR,OSTER,AON MAYO OSTER 2026,800000.0,61538.0,738462.0,1.0,probable,aon mayo oster 2026,1.0,,,0.6035875,,,0.9230775,True
oster,,Retail Display,2024,12,oster,,374566.0,0.0,572.0,0.0,3,,,,,,,,unmatched,,,0.15271006978743398,0.0,,,,,False
oster,2agtggdqv,CRM,2025,3,oster,2AGTggDQv,0.0,54103.0,436.0,388897.0,1,ELECTROHOGAR,OSTER,Campaña Marzo,300000.0,32653.0,267347.0,1.0,probable,campana marzo,1.0,,,1.2963233333333333,,688.0733944954128,0.8911566666666667,True
oster,32zxopq d,CRM,2025,2,oster,32ZxoPq-d,0.0,53927.0,494.0,490931.0,1,ELECTROHOGAR,OSTER,Campaña Febrero,300000.0,48485.0,251515.0,1.0,probable,campana febrero,1.0,,,1.6364366666666668,,607.2874493927126,0.8383833333333334,True
oster,6189516 010423,CRM,2023,8,oster,6189516-010423,0.0,27664.0,4635.0,1341740.0,1,,,,,,,,unmatched,,,,,,,,,False
oster,6189516 011139,CRM,2023,10,oster,6189516-011139,0.0,105249.0,148.0,689046.0,1,,,,,,,,unmatched,,,,,,,,,False
oster,6189516 011253,CRM,2023,10,oster,6189516-011253,0.0,85830.0,83.0,1481690.0,1,,,,,,,,unmatched,,,,,,,,,False
oster,6189516 011400,CRM,2023,10,oster,6189516-011400,0.0,100948.0,311.0,614714.0,1,,,,,,,,unmatched,,,,,,,,,False
oster,7tvlvm7hl,CRM,2024,4,oster,7tvLvM7HL,0.0,100852.0,682.0,1882763.0,1,,,,,,,,unmatched,,,,,,,,,False
oster,ao,Retail Display,2025,11,oster,ao,79391.0,0.0,174.0,0.0,17,ELECTROHOGAR,OSTER,Black Noviembre 2025,199055.0,159244.0,39811.0,1.0,probable,black noviembre 2025,1.0,0.21916841959416056,0.0,0.0,2507.274124271013,1143.9942528735633,0.2,True
oster,ao,Retail Display,2025,12,oster,ao,135640.0,0.0,197.0,0.0,21,ELECTROHOGAR,OSTER,AON Diciembre 2025,350000.0,280000.0,70000.0,1.0,probable,aon diciembre 2025,1.0,0.14523739309938072,0.0,0.0,2580.3597758773226,1776.6497461928934,0.2,True
oster,aon oster,Sponsored Products,2026,4,OSTER,aon_oster,112674.0,0.0,3396.0,1058530.0,1,,,,,,,,unmatched,,,3.0140050055913523,0.0,,,,,False
oster,aon oster 2026,CRM,2026,3,oster,aon_oster_2026,0.0,35349.0,0.0,1078048.0,31,ELECTROHOGAR,OSTER,AON MARZO OSTER 2026,750000.0,0.0,750000.0,1.0,probable,aon marzo oster 2026,1.0,,,1.4373973333333334,,,1.0,True
oster,aon oster 2026,CRM,2026,4,oster,aon_oster_2026,0.0,52904.0,0.0,963237.0,22,,,,,,,,unmatched,,,,,,,,,False
oster,aon oster 2026,CRM,2026,5,oster,aon_oster_2026,0.0,42335.0,0.0,672425.0,21,ELECTROHOGAR,OSTER,AON MAYO OSTER 2026,800000.0,61538.0,738462.0,1.0,probable,aon mayo oster 2026,1.0,,,0.84053125,,,0.9230775,True
oster,black friday,Retail Display,2025,11,oster,black_friday,66828.0,0.0,273.0,0.0,3,ELECTROHOGAR,OSTER,Black Noviembre 2025,199055.0,159244.0,39811.0,1.0,probable,black noviembre 2025,1.0,0.40851140240617706,0.0,0.0,2978.6167474711197,729.1391941391942,0.2,True
oster,black friday,Retail Display,2025,12,oster,black_friday,7614.0,0.0,31.0,0.0,1,ELECTROHOGAR,OSTER,AON Diciembre 2025,350000.0,280000.0,70000.0,1.0,probable,aon diciembre 2025,1.0,0.40714473338586815,0.0,0.0,45967.95376937221,11290.322580645161,0.2,True
oster,black week,Retail Display,2025,3,oster,black_week,66987.0,0.0,357.0,0.0,6,ELECTROHOGAR,OSTER,Black Marzo 2025,300000.0,240000.0,60000.0,1.0,probable,black marzo 2025,1.0,0.5329392270141967,0.0,0.0,4478.480899278964,840.3361344537815,0.2,True
oster,black week,Retail Display,2025,4,oster,black_week,154665.0,0.0,699.0,0.0,8,,,,,,,,unmatched,,,0.4519445252642809,0.0,,,,,False
oster,black week,Sponsored Products,2026,3,OSTER,black_week,96881.0,0.0,2180.0,5366870.0,1,ELECTROHOGAR,OSTER,AON MARZO OSTER 2026,250000.0,206000.0,44000.0,1.0,probable,aon marzo oster 2026,1.0,2.2501832144589753,0.0,21.46748,2580.485337682311,114.6788990825688,0.176,True
oster,cg4cvvsde,CRM,2024,2,oster,CG4CVVsDe,0.0,101347.0,566.0,2735322.0,1,,,,,,,,unmatched,,,,,,,,,False
oster,cyber day,Retail Display,2025,6,oster,cyber_day,105764.0,0.0,547.0,0.0,3,,,,,,,,unmatched,,,0.5171892137211149,0.0,,,,,False
oster,cyber monday,Retail Display,2024,9,oster,cyber_monday,34536.0,0.0,237.0,0.0,1,,,,,,,,unmatched,,,0.6862404447533009,0.0,,,,,False
oster,cyber monday,Retail Display,2024,10,oster,cyber_monday,121086.0,0.0,409.0,0.0,2,,,,,,,,unmatched,,,0.33777645640288717,0.0,,,,,False
oster,cyber monday,Retail Display,2025,10,oster,cyber_monday,182548.0,0.0,625.0,0.0,3,,,,,,,,unmatched,,,0.34237570392444727,0.0,,,,,False
oster,dtjucwyef,CRM,2025,6,oster,dtJucwYEf,0.0,53925.0,258.0,258128.0,1,ELECTROHOGAR,OSTER,Campaña Junio,400000.0,55172.0,344828.0,1.0,probable,campana junio,1.0,,,0.64532,,1550.3875968992247,0.86207,True
oster,elcp4qjx9,CRM,2025,9,oster,elcP4Qjx9,0.0,101238.0,614.0,1201500.0,1,ELECTROHOGAR,OSTER,Diamond Party,1700000.0,139130.0,1560870.0,2.0,probable,diamond party,1.0,,,0.706764705882353,,2768.729641693811,0.9181588235294118,True
oster,electrodomesticos,Google,2025,10,oster,electrodomesticos,7131.0,0.0,80.0,0.0,2,,,,,,,,unmatched,,,1.1218622914037302,0.0,,,,,False
oster,electrodomesticos,Google,2025,11,oster,electrodomesticos,18276.0,0.0,197.0,0.0,2,,,,,,,,unmatched,,,1.0779163930838258,0.0,,,,,False
oster,electroweek,Sponsored Products,2026,4,OSTER,electroweek,4618.0,0.0,73.0,0.0,1,,,,,,,,unmatched,,,1.580770896491988,0.0,,,,,False
oster,ewxbmxkhy,CRM,2025,11,oster,EwXBmxKhy,0.0,450575.0,0.0,8325029.0,1,,,,,,,,unmatched,,,,,,,,,False
oster,gzdcl0rkx,CRM,2025,4,oster,GZDCL0rKx,0.0,53760.0,340.0,556627.0,1,ELECTROHOGAR,OSTER,Campaña abril,300000.0,50000.0,250000.0,1.0,probable,campana abril,1.0,,,1.8554233333333334,,882.3529411764706,0.8333333333333334,True
oster,i4bqa5zce,CRM,2024,4,oster,i4BQA5zCE,0.0,83416.0,767.0,2909700.0,1,,,,,,,,unmatched,,,,,,,,,False
oster,je0lzmr t,CRM,2025,7,oster,JE0LzMR-T,0.0,53971.0,247.0,679563.0,1,ELECTROHOGAR,OSTER,Campaña Julio,400000.0,44444.0,355556.0,1.0,probable,campana julio,1.0,,,1.6989075,,1619.4331983805669,0.88889,True
oster,jr8aizs3u,CRM,2024,12,oster,JR8aIZS3U,0.0,102037.0,471.0,3144516.0,1,,,,,,,,unmatched,,,,,,,,,False
oster,onqcres0z,CRM,2025,11,oster,oNQcrES0Z,0.0,54129.0,0.0,320490.0,1,,,,,,,,unmatched,,,,,,,,,False
oster,s8b5fyh1t,CRM,2025,1,oster,s8b5Fyh1t,0.0,54067.0,640.0,706418.0,1,ELECTROHOGAR,OSTER,Campaña Enero,300000.0,44444.0,255556.0,1.0,probable,campana enero,1.0,,,2.3547266666666666,,468.75,0.8518533333333334,True
oster,syggtil1f,CRM,2025,6,oster,syGGTil1F,0.0,106342.0,226.0,3054560.0,1,ELECTROHOGAR,OSTER,Campaña Junio,400000.0,55172.0,344828.0,1.0,probable,campana junio,1.0,,,7.6364,,1769.9115044247787,0.86207,True
oster,tactica,Retail Display,2025,10,oster,tactica,140978.0,0.0,277.0,0.0,17,,,,,,,,unmatched,,,0.19648455787427827,0.0,,,,,False
oster,uljdougfb,CRM,2025,10,oster,UljDOUGfb,0.0,106257.0,206.0,3647639.0,1,ELECTROHOGAR,OSTER,Cyber Octubre 2025,1000000.0,27119.0,972881.0,1.0,probable,cyber octubre 2025,1.0,,,3.647639,,4854.368932038835,0.972881,True
oster,vvehdxrr3,CRM,2024,12,oster,vveHDxRR3,0.0,53810.0,1866.0,2465254.0,1,,,,,,,,unmatched,,,,,,,,,False
oster,vzryiopbt,CRM,2025,6,oster,vZryiopbT,0.0,106075.0,173.0,2140614.0,1,ELECTROHOGAR,OSTER,Campaña Junio,400000.0,55172.0,344828.0,1.0,probable,campana junio,1.0,,,5.351535,,2312.1387283236995,0.86207,True
oster,wanlclufj,CRM,2025,10,oster,WanLCLUFJ,0.0,106254.0,241.0,1704331.0,1,ELECTROHOGAR,OSTER,Cyber Octubre 2025,1000000.0,27119.0,972881.0,1.0,probable,cyber octubre 2025,1.0,,,1.704331,,4149.377593360996,0.972881,True
oster,xxgljau4s,CRM,2025,8,oster,xxGlJAu4s,0.0,54041.0,251.0,1281550.0,1,ELECTROHOGAR,OSTER,Campaña Agosto,400000.0,53333.0,346667.0,1.0,probable,campana agosto,1.0,,,3.203875,,1593.6254980079682,0.8666675,True
oster,ygpjd4j42,CRM,2025,9,oster,ygpjD4j42,0.0,53932.0,219.0,309550.0,1,ELECTROHOGAR,OSTER,Diamond Party,1700000.0,139130.0,1560870.0,2.0,probable,diamond party,1.0,,,0.18208823529411763,,7762.557077625571,0.9181588235294118,True
oster,zevi68ixp,CRM,2024,8,oster,ZevI68Ixp,0.0,101717.0,494.0,1664759.0,1,,,,,,,,unmatched,,,,,,,,,False
p imperial,dabp7ht5s,CRM,2025,10,p_imperial,DabP7Ht5S,0.0,106199.0,220.0,0.0,1,,,,,,,,unmatched,,,,,,,,,False
p santu home deco,df75kjbg0,CRM,2025,10,p_santu home & deco,Df75KjBG0,0.0,22204.0,156.0,0.0,1,,,,,,,,unmatched,,,,,,,,,False
palermo,6189516 009508,CRM,2023,5,palermo,6189516-009508,0.0,105388.0,70.0,154250.0,1,,,,,,,,unmatched,,,,,,,,,False
palermo,6189516 009522,CRM,2023,5,palermo,6189516-009522,0.0,105332.0,184.0,281466.0,1,,,,,,,,unmatched,,,,,,,,,False
palermo,6189516 009644,CRM,2023,5,palermo,6189516-009644,0.0,27625.0,6952.0,275040.0,1,,,,,,,,unmatched,,,,,,,,,False
pamesa,aon marzo 2026,Sponsored Products,2026,3,PAMESA,aon_marzo_2026,0.0,0.0,0.0,991563.0,1,,,,,,,,unmatched,,,,,,,,,False
pamesa,df6xafm6o,CRM,2025,3,pamesa,Df6XaFM6O,0.0,13.0,3.0,2303541.0,1,,,,,,,,unmatched,,,,,,,,,False
pamesa,q1xxbvcfu,CRM,2025,2,pamesa,q1xxbvCFu,0.0,13.0,2.0,1999860.0,1,,,,,,,,unmatched,,,,,,,,,False
parksolar,6189516 007620,CRM,2023,1,parksolar,6189516-007620,0.0,54033.0,11806.0,2581070.0,1,,,,,,,,unmatched,,,,,,,,,False
paso,fax2pycmu,CRM,2025,7,paso,fAX2pYCmu,0.0,34.0,2.0,256118.0,1,,,,,,,,unmatched,,,,,,,,,False
pato,co brand,Retail Display,2024,5,pato,co_brand,76337.0,0.0,105.0,0.0,6,,,,,,,,unmatched,,,0.13754797804472274,0.0,,,,,False
pato,co brand,Retail Display,2024,6,pato,co_brand,137261.0,0.0,147.0,0.0,1,,,,,,,,unmatched,,,0.10709524191139508,0.0,,,,,False
pato purific,dziclvaze,CRM,2024,4,pato purific,dziCLVAzE,0.0,16.0,1.0,49128.0,1,,,,,,,,unmatched,,,,,,,,,False
pato purific,jbtuqb0cq,CRM,2024,4,pato purific,jbTuQB0cQ,0.0,14.0,0.0,45868.0,1,,,,,,,,unmatched,,,,,,,,,False
pato purific,sj6u116hz,CRM,2024,3,pato purific,SJ6u116hZ,0.0,101014.0,178.0,102268.0,1,,,,,,,,unmatched,,,,,,,,,False
pedrollo,0ic7a5spl,CRM,2024,6,pedrollo,0IC7A5sPl,0.0,106349.0,233.0,0.0,1,,,,,,,,unmatched,,,,,,,,,False
pedrollo,gnapc550a,CRM,2024,7,pedrollo,GNApC550a,0.0,8.0,0.0,909370.0,1,,,,,,,,unmatched,,,,,,,,,False
pedrollo,i7vzi9xzn,CRM,2025,2,pedrollo,i7vzI9XZn,0.0,27228.0,285.0,1147318.0,1,PLOMERIA / GASFITERIA,PEDROLLO,Lanzamiento kit bombas febrero,800000.0,48485.0,751515.0,1.0,probable,lanzamiento kit bombas febrero,1.0,,,1.4341475,,2807.0175438596493,0.93939375,True
pedrollo,khcbcp lu,CRM,2024,1,pedrollo,khCBcp-lu,0.0,52340.0,153.0,1884224.0,1,,,,,,,,unmatched,,,,,,,,,False
pedrollo,qguxda5og,CRM,2025,2,pedrollo,qGuxDA5OG,0.0,101241.0,501.0,2126224.0,1,PLOMERIA / GASFITERIA,PEDROLLO,Lanzamiento kit bombas febrero,800000.0,48485.0,751515.0,1.0,probable,lanzamiento kit bombas febrero,1.0,,,2.65778,,1596.8063872255489,0.93939375,True
pedrollo,xkj1gdfok,CRM,2024,1,pedrollo,XKj1gdFoK,0.0,52266.0,176.0,2729679.0,1,,,,,,,,unmatched,,,,,,,,,False
petizoos,amwj6ujkg,CRM,2024,6,petizoos,AMWJ6uJkg,0.0,668.0,19.0,12232284.0,1,,,,,,,,unmatched,,,,,,,,,False
petizoos,pajyp7yv6,CRM,2024,7,petizoos,PAJyP7YV6,0.0,97162.0,496.0,8263622.0,1,,,,,,,,unmatched,,,,,,,,,False
pets friends,6189516 009575,CRM,2023,5,pets & friends,6189516-009575,0.0,52102.0,47.0,374311.0,1,,,,,,,,unmatched,,,,,,,,,False
pets friends,6189516 009940,CRM,2023,6,pets & friends,6189516-009940,0.0,101195.0,198.0,1077412.0,1,,,,,,,,unmatched,,,,,,,,,False
pgic flowmark,gasfiteria,Retail Display,2024,10,pgic-flowmark,gasfiteria,184659.0,0.0,274.0,0.0,17,,,,,,,,unmatched,,,0.1483816115109472,0.0,,,,,False
pgic flowmark,gasfiteria,Retail Display,2024,11,pgic-flowmark,gasfiteria,8.0,0.0,0.0,0.0,1,,,,,,,,unmatched,,,0.0,0.0,,,,,False
philips,6189516 010002,CRM,2023,7,philips,6189516-010002,0.0,52112.0,164.0,2244916.0,1,,,,,,,,unmatched,,,,,,,,,False
philips,6189516 010003,CRM,2023,7,philips,6189516-010003,0.0,52161.0,142.0,1633716.0,1,,,,,,,,unmatched,,,,,,,,,False
philips,ipmkfsua7,CRM,2024,10,philips,iPmKFsua7,0.0,50599.0,193.0,872143.0,1,,,,,,,,unmatched,,,,,,,,,False
philips,yheuy2kjs,CRM,2024,10,philips,yhEUY2kJs,0.0,43765.0,163.0,974888.0,1,,,,,,,,unmatched,,,,,,,,,False
philips hue,ngcmt9qbd,CRM,2024,8,philips hue,nGCMT9qBD,0.0,46132.0,2275.0,27990.0,1,,,,,,,,unmatched,,,,,,,,,False
phillips,co brand,Google,2024,10,phillips,co_brand,14797.0,0.0,136.0,0.0,2,,,,,,,,unmatched,,,0.9191052240318983,0.0,,,,,False
pimares,aon marzo 2026 muebles,Sponsored Products,2026,3,PIMARES,aon_marzo_2026_muebles,0.0,0.0,0.0,89990.0,1,,,,,,,,unmatched,,,,,,,,,False
pimares,black week,Sponsored Products,2026,3,PIMARES,black_week,0.0,0.0,0.0,89990.0,1,,,,,,,,unmatched,,,,,,,,,False
pisoforte,aon marzo 2026,Sponsored Products,2026,3,PISOFORTE,aon_marzo_2026,0.0,0.0,0.0,210204.0,1,,,,,,,,unmatched,,,,,,,,,False
pizarreno cedral,6189516 009514,CRM,2023,5,pizarreno cedral,6189516-009514,0.0,101415.0,457.0,22080580.0,1,,,,,,,,unmatched,,,,,,,,,False
pizarreno cedral,6189516 011640,CRM,2023,10,pizarreno cedral,6189516-011640,0.0,85861.0,86.0,5015150.0,1,,,,,,,,unmatched,,,,,,,,,False
pizarreno cedral,6189516 011656,CRM,2023,11,pizarreno cedral,6189516-011656,0.0,101241.0,724.0,11289506.0,1,,,,,,,,unmatched,,,,,,,,,False
pizarreno cedral,6189516 012186,CRM,2023,12,pizarreno cedral,6189516-012186,0.0,101222.0,344.0,4950962.0,1,,,,,,,,unmatched,,,,,,,,,False
pizarreno cedral,6189516 012294,CRM,2023,12,pizarreno cedral,6189516-012294,0.0,6628.0,0.0,839264.0,1,,,,,,,,unmatched,,,,,,,,,False
pizarreno cedral,7gkjxjr68,Otros,2025,3,pizarreno cedral,7GkJxjr68,0.0,2000.0,0.0,0.0,1,TABIQUERIA/TECHUMBRE/AISLACION,PIZARREÑO CEDRAL,Concurso RAM 700,4490000.0,1112500.0,3377500.0,5.0,probable,concurso ram 700,1.0,,,0.0,,,0.7522271714922049,False
pizarreno cedral,afecwy1 d,CRM,2025,10,pizarreno cedral,AFEcwY1-D,0.0,106120.0,133.0,1160453.0,1,TABIQUERIA/TECHUMBRE/AISLACION,PIZARREÑO CEDRAL,Cyber Octubre 2025,1000000.0,27119.0,972881.0,1.0,probable,cyber octubre 2025,1.0,,,1.160453,,7518.796992481203,0.972881,True
pizarreno cedral,czmkfwbkg,CRM,2025,4,pizarreno cedral,cZMkfwbkG,0.0,60022.0,261.0,5241047.0,1,TABIQUERIA/TECHUMBRE/AISLACION,PIZARREÑO CEDRAL,Concurso RAM 700,1710000.0,100000.0,1610000.0,3.0,probable,concurso ram 700,1.0,,,3.064939766081871,,6551.724137931034,0.9415204678362573,True
pizarreno cedral,dvpfvtaxb,CRM,2025,3,pizarreno cedral,DvpfVTAxb,0.0,42693.0,611.0,10897284.0,1,TABIQUERIA/TECHUMBRE/AISLACION,PIZARREÑO CEDRAL,Concurso RAM 700,2010000.0,65306.0,1944694.0,3.0,probable,concurso ram 700,1.0,,,5.421534328358209,,3289.6890343698856,0.9675094527363184,True
pizarreno cedral,edvuvatgh,CRM,2025,5,pizarreno cedral,EdvuvATgH,0.0,26956.0,316.0,3097989.0,1,TABIQUERIA/TECHUMBRE/AISLACION,PIZARREÑO CEDRAL,Concurso RAM 700,2010000.0,46376.0,1963624.0,3.0,probable,concurso ram 700,1.0,,,1.5412880597014926,,6360.7594936708865,0.9769273631840796,True
pizarreno cedral,f1bsxql5c,CRM,2025,4,pizarreno cedral,F1bSXQl5c,0.0,2006.0,0.0,952869.0,1,TABIQUERIA/TECHUMBRE/AISLACION,PIZARREÑO CEDRAL,Concurso RAM 700,1710000.0,100000.0,1610000.0,3.0,probable,concurso ram 700,1.0,,,0.5572333333333334,,,0.9415204678362573,True
pizarreno cedral,femitrge0,CRM,2025,4,pizarreno cedral,fEmItrge0,0.0,33539.0,369.0,3881300.0,1,TABIQUERIA/TECHUMBRE/AISLACION,PIZARREÑO CEDRAL,Concurso RAM 700,1710000.0,100000.0,1610000.0,3.0,probable,concurso ram 700,1.0,,,2.269766081871345,,4634.1463414634145,0.9415204678362573,True
pizarreno cedral,hxuvaswm7,CRM,2025,5,pizarreno cedral,HxUvaSwM7,0.0,2993.0,0.0,701456.0,1,TABIQUERIA/TECHUMBRE/AISLACION,PIZARREÑO CEDRAL,Concurso RAM 700,2010000.0,46376.0,1963624.0,3.0,probable,concurso ram 700,1.0,,,0.3489830845771144,,,0.9769273631840796,True
pizarreno cedral,kmsfkuqbj,CRM,2024,6,pizarreno cedral,kMsfkUQbj,0.0,102029.0,808.0,5021839.0,1,,,,,,,,unmatched,,,,,,,,,False
pizarreno cedral,qrjodn5xb,CRM,2025,5,pizarreno cedral,QRJOdN5XB,0.0,56620.0,184.0,5506864.0,1,TABIQUERIA/TECHUMBRE/AISLACION,PIZARREÑO CEDRAL,Concurso RAM 700,2010000.0,46376.0,1963624.0,3.0,probable,concurso ram 700,1.0,,,2.739733333333333,,10923.91304347826,0.9769273631840796,True
pizarreno cedral,rbczh5k6b,CRM,2024,5,pizarreno cedral,RbCzH5K6b,0.0,94073.0,409.0,28208111.0,1,,,,,,,,unmatched,,,,,,,,,False
pizarreno cedral,ych69qjsl,CRM,2025,4,pizarreno cedral,YCH69qJSL,0.0,57242.0,52.0,5071736.0,1,TABIQUERIA/TECHUMBRE/AISLACION,PIZARREÑO CEDRAL,Concurso RAM 700,1710000.0,100000.0,1610000.0,3.0,probable,concurso ram 700,1.0,,,2.9659274853801167,,32884.61538461538,0.9415204678362573,True
pluss,6189516 009524,CRM,2023,5,pluss,6189516-009524,0.0,105389.0,76.0,0.0,1,,,,,,,,unmatched,,,,,,,,,False
pluss,6189516 009535,CRM,2023,5,pluss,6189516-009535,0.0,105222.0,46.0,0.0,1,,,,,,,,unmatched,,,,,,,,,False
poli,6189516 007787,CRM,2023,1,poli,6189516-007787,0.0,101372.0,147.0,3861860.0,1,,,,,,,,unmatched,,,,,,,,,False
poli,6189516 007838,CRM,2023,1,poli,6189516-007838,0.0,100904.0,172.0,2973336.0,1,,,,,,,,unmatched,,,,,,,,,False
poli,6189516 007911,CRM,2023,1,poli,6189516-007911,0.0,101209.0,147.0,2632832.0,1,,,,,,,,unmatched,,,,,,,,,False
poli,6189516 008065,CRM,2023,2,poli,6189516-008065,0.0,46827.0,7176.0,1535013.0,1,,,,,,,,unmatched,,,,,,,,,False
poli,6189516 008106,CRM,2023,2,poli,6189516-008106,0.0,101308.0,97.0,1430911.0,1,,,,,,,,unmatched,,,,,,,,,False
poli,6189516 008230,CRM,2023,2,poli,6189516-008230,0.0,48032.0,8137.0,1902340.0,1,,,,,,,,unmatched,,,,,,,,,False
poli,6189516 008395,CRM,2023,3,poli,6189516-008395,0.0,101262.0,155.0,2940220.0,1,,,,,,,,unmatched,,,,,,,,,False
poli,casasegura,Retail Display,2025,12,poli,casasegura,85870.0,0.0,75.0,0.0,6,FERRETERIA,POLI,Casa Segura,250000.0,200000.0,50000.0,1.0,probable,casa segura,1.0,0.08734132991731687,0.0,0.0,2911.377663910562,3333.3333333333335,0.2,True
poli,casasegura,Retail Display,2026,1,poli,casasegura,106625.0,0.0,101.0,0.0,31,FERRETERIA,POLI,Casa Segura,250000.0,200000.0,50000.0,1.0,probable,casa segura,1.0,0.0947245017584994,0.0,0.0,2344.6658851113716,2475.2475247524753,0.2,True
polpaico,hs5wxhb0c,CRM,2025,1,polpaico,Hs5Wxhb0c,0.0,102032.0,255.0,5711711.0,1,,,,,,,,unmatched,,,,,,,,,False
polpaico,z9bxjjw27,CRM,2024,11,polpaico,Z9BxjjW27,0.0,51291.0,229.0,4515279.0,1,,,,,,,,unmatched,,,,,,,,,False
pool blaster,27fg8tule,CRM,2025,1,pool blaster,27fG8tuLE,0.0,0.0,0.0,179990.0,1,,,,,,,,unmatched,,,,,,,,,False
pool blaster,bftcdkf7a,CRM,2025,2,pool blaster,bFTCdkF7A,0.0,2.0,1.0,359980.0,1,,,,,,,,unmatched,,,,,,,,,False
promerco churu,regalones de la casa,Retail Display,2025,6,promerco-churu,regalones_de_la_casa,98702.0,0.0,156.0,0.0,18,,,,,,,,unmatched,,,0.1580515085813864,0.0,,,,,False
promerco churu,regalones de la casa,Retail Display,2025,7,promerco-churu,regalones_de_la_casa,60865.0,0.0,77.0,0.0,19,,,,,,,,unmatched,,,0.12650948821161587,0.0,,,,,False
puma safety,mgw71aeft,CRM,2025,1,puma safety,mgw71aEFt,0.0,53996.0,704.0,0.0,1,,,,,,,,unmatched,,,,,,,,,False
pyramid,black week,Sponsored Products,2026,3,PYRAMID,black_week,50963.0,0.0,556.0,3421760.0,1,,,,,,,,unmatched,,,1.090987579224143,0.0,,,,,False
quix,black marzo 2026,CRM,2026,3,quix,Black Marzo 2026,0.0,18.0,0.0,173902.0,1,,,,,,,,unmatched,,,,,,,,,False
quix,black week,Sponsored Products,2026,3,QUIX,black_week,12386.0,0.0,88.0,32670.0,1,,,,,,,,unmatched,,,0.7104795737122558,0.0,,,,,False
quix,hu0ajearn,CRM,2026,4,quix,hu0AJEarN,0.0,66.0,0.0,531440.0,1,,,,,,,,unmatched,,,,,,,,,False
quix,jf1j1ta7d,CRM,2025,10,quix,jF1j1tA7d,0.0,11.0,4.0,142520.0,1,,,,,,,,unmatched,,,,,,,,,False
quix,nd0wdi6id,CRM,2025,10,quix,Nd0wdi6id,0.0,21.0,4.0,208851.0,1,,,,,,,,unmatched,,,,,,,,,False
raf,dormitorio,Google,2026,2,raf,dormitorio,16511.0,0.0,232.0,1462728.0,1,,,,,,,,unmatched,,,1.4051238568227242,0.0,,,,,False
raid,4dk3g60zw,CRM,2024,2,raid,4dk3G60zW,0.0,101114.0,613.0,671071.0,1,,,,,,,,unmatched,,,,,,,,,False
raid,aseo,Sponsored Products,2025,2,raid,aseo,168866.0,0.0,221.0,0.0,26,,,,,,,,unmatched,,,0.13087299989340662,0.0,,,,,False
raid,bienvenida primavera,Retail Display,2024,12,raid,bienvenida_primavera,371792.0,0.0,440.0,0.0,23,,,,,,,,unmatched,,,0.11834574170503938,0.0,,,,,False
raid,bienvenida primavera,Retail Display,2025,1,raid,bienvenida_primavera,289107.0,0.0,401.0,0.0,22,JARDIN,RAID,Banner Raid Temporada Insectos,400000.0,320000.0,80000.0,1.0,probable,banner raid temporada insectos,1.0,0.13870297156416136,0.0,0.0,1383.5707886699388,997.5062344139651,0.2,True
raid,campana insecticidas verano,CRM,2026,1,raid,Campaña insecticidas Verano ,0.0,202646.0,968.0,4526944.0,1,,,,,,,,unmatched,,,,,,,,,False
raid,eavnodyyi,CRM,2024,2,raid,eAvnoDYYi,0.0,101607.0,389.0,1152697.0,1,,,,,,,,unmatched,,,,,,,,,False
raid,hihyutz9c,CRM,2024,1,raid,hiHyuTZ9C,0.0,100080.0,297.0,852029.0,1,,,,,,,,unmatched,,,,,,,,,False
raid,krhcqvkqk,CRM,2025,1,raid,KrhCqvKqk,0.0,102191.0,646.0,1613665.0,1,JARDIN,RAID,Bonificado Raid Promo Shopper,0.0,44444.0,-44444.0,1.0,probable,bonificado raid promo shopper,1.0,,,,,0.0,,False
raid,primavera,Retail Display,2024,11,raid,primavera,165809.0,0.0,252.0,0.0,9,,,,,,,,unmatched,,,0.1519820998860134,0.0,,,,,False
raid,pva xp7en,CRM,2025,11,raid,pVa-Xp7eN,0.0,101261.0,202.0,800835.0,1,JARDIN,RAID,Campaña insecticidas Verano,700000.0,34783.0,665217.0,1.0,probable,campana insecticidas verano,1.0,,,1.14405,,3465.3465346534654,0.95031,True
rasch,6189516 007656,CRM,2023,1,rasch,6189516-007656,0.0,100837.0,115.0,36990.0,1,,,,,,,,unmatched,,,,,,,,,False
rasch,6189516 007717,CRM,2023,1,rasch,6189516-007717,0.0,101366.0,300.0,498460.0,1,,,,,,,,unmatched,,,,,,,,,False
rasch,6189516 007771,CRM,2023,1,rasch,6189516-007771,0.0,49126.0,71.0,350910.0,1,,,,,,,,unmatched,,,,,,,,,False
rasch,6189516 007772,CRM,2023,1,rasch,6189516-007772,0.0,41978.0,111.0,23980.0,1,,,,,,,,unmatched,,,,,,,,,False
reckitt,aseo,Google,2025,5,reckitt,aseo,44832.0,0.0,707.0,0.0,8,,,,,,,,unmatched,,,1.5769985724482511,0.0,,,,,False
reckitt,cyber day,Retail Display,2025,6,reckitt,cyber_day,101007.0,0.0,205.0,0.0,3,,,,,,,,unmatched,,,0.20295623075628424,0.0,,,,,False
reckitt,cyber monday,Meta,2025,10,reckitt,cyber_monday,195013.0,0.0,8785.0,0.0,4,,,,,,,,unmatched,,,4.5048278832693205,0.0,,,,,False
reckitt,cyber monday,Retail Display,2024,9,reckitt,cyber_monday,10150.0,0.0,30.0,0.0,1,,,,,,,,unmatched,,,0.2955665024630542,0.0,,,,,False
reckitt,cyber monday,Retail Display,2024,10,reckitt,cyber_monday,268512.0,0.0,459.0,0.0,2,,,,,,,,unmatched,,,0.17094208080085804,0.0,,,,,False
reckitt,cyber monday,Retail Display,2025,10,reckitt,cyber_monday,72572.0,0.0,277.0,0.0,3,,,,,,,,unmatched,,,0.3816899079534807,0.0,,,,,False
revor,aon tricolor 2026,CRM,2026,1,revor,AON TRICOLOR 2026,0.0,101261.0,248.0,2833506.0,1,,,,,,,,unmatched,,,,,,,,,False
rex,6189516 009738,CRM,2023,6,rex,6189516-009738,0.0,101278.0,191.0,612542.0,1,,,,,,,,unmatched,,,,,,,,,False
rex,6189516 009800,CRM,2023,6,rex,6189516-009800,0.0,101746.0,220.0,180404.0,1,,,,,,,,unmatched,,,,,,,,,False
rex,6189516 009846,CRM,2023,6,rex,6189516-009846,0.0,53975.0,5981.0,262670.0,1,,,,,,,,unmatched,,,,,,,,,False
rex,6189516 010848,CRM,2023,8,rex,6189516-010848,0.0,101276.0,112.0,463667.0,1,,,,,,,,unmatched,,,,,,,,,False
rex,6189516 010943,CRM,2023,9,rex,6189516-010943,0.0,102057.0,256.0,557347.0,1,,,,,,,,unmatched,,,,,,,,,False
rex,hbv31luqx,CRM,2025,1,rex,hBv31LUQx,0.0,101366.0,624.0,2431317.0,1,PINTURA Y ACCESORIOS,REX,PDQ HICK TACK,100000.0,44444.0,55556.0,1.0,probable,pdq hick tack,1.0,,,24.31317,,160.25641025641025,0.55556,True
rex,inwsvs2mk,CRM,2025,4,rex,inWSVS2MK,0.0,53976.0,367.0,414129.0,1,,,,,,,,unmatched,,,,,,,,,False
rex,tractores,Google,2025,12,rex,tractores,4025.0,0.0,107.0,284580.0,1,,,,,,,,unmatched,,,2.658385093167702,0.0,,,,,False
reyplast,6189516 010586,CRM,2023,8,reyplast,6189516-010586,0.0,101166.0,160.0,6477718.0,1,,,,,,,,unmatched,,,,,,,,,False
rheem,,CRM,2025,8,rheem,,0.0,4241.0,0.0,4463355.0,34,BANOS Y COCINAS,RHEEM,Campaña Chile Pinta,1000000.0,106666.0,893334.0,2.0,probable,campana chile pinta,1.0,,,4.463355,,,0.893334,True
rheem,,CRM,2025,9,rheem,,0.0,5486.0,0.0,5333490.0,53,BANOS Y COCINAS,RHEEM,Always On Septiembre,1350000.0,69565.0,1280435.0,1.0,probable,always on septiembre,1.0,,,3.9507333333333334,,,0.9484703703703704,True
rheem,,CRM,2025,10,rheem,,0.0,9497.0,0.0,7956813.0,57,,,,,,,,unmatched,,,,,,,,,False
rheem,,CRM,2025,11,rheem,,0.0,4079.0,0.0,5692830.0,59,BANOS Y COCINAS,RHEEM,Always On Noviembre 2025,800000.0,34783.0,765217.0,1.0,probable,always on noviembre 2025,1.0,,,7.1160375,,,0.95652125,True
rheem,,CRM,2025,12,rheem,,0.0,1342.0,0.0,1755940.0,61,BANOS Y COCINAS,RHEEM,Always On Diciembre 2025,800000.0,57143.0,742857.0,1.0,probable,always on diciembre 2025,1.0,,,2.194925,,,0.92857125,True
rheem,,CRM,2026,1,rheem,,0.0,1674.0,0.0,1606008.0,62,,,,,,,,unmatched,,,,,,,,,False
rheem,,CRM,2026,2,rheem,,0.0,1226.0,0.0,3855800.0,56,,,,,,,,unmatched,,,,,,,,,False
rheem,,CRM,2026,3,rheem,,0.0,10400.0,0.0,8899226.0,62,BANOS Y COCINAS,RHEEM,AON MARZO RHEEM 2026,1000000.0,53333.0,946667.0,1.0,probable,aon marzo rheem 2026,1.0,,,8.899226,,,0.946667,True
rheem,,CRM,2026,4,rheem,,0.0,15953.0,0.0,11997612.0,52,,,,,,,,unmatched,,,,,,,,,False
rheem,,CRM,2026,5,rheem,,0.0,12612.0,0.0,9606900.0,45,,,,,,,,unmatched,,,,,,,,,False
rheem,1c9emgths,CRM,2025,8,rheem,1c9emGtHS,0.0,101350.0,362.0,2432936.0,1,BANOS Y COCINAS,RHEEM,Campaña Chile Pinta,1000000.0,106666.0,893334.0,2.0,probable,campana chile pinta,1.0,,,2.432936,,2762.4309392265195,0.893334,True
rheem,38pgqh eg,CRM,2025,10,rheem,38pGqh-eg,0.0,106001.0,142.0,311960.0,1,,,,,,,,unmatched,,,,,,,,,False
rheem,53nnaqx8m,CRM,2025,6,rheem,53NNaQx8m,0.0,58.0,0.0,6056665.0,1,,,,,,,,unmatched,,,,,,,,,False
rheem,6189516 011143,CRM,2023,10,rheem,6189516-011143,0.0,105181.0,189.0,1139683.0,1,,,,,,,,unmatched,,,,,,,,,False
rheem,6189516 011160,CRM,2023,10,rheem,6189516-011160,0.0,93524.0,64.0,667860.0,1,,,,,,,,unmatched,,,,,,,,,False
rheem,6189516 012287,CRM,2023,12,rheem,6189516-012287,0.0,1079243.0,49595.0,16355047.0,1,,,,,,,,unmatched,,,,,,,,,False
rheem,7eknlnum4,CRM,2024,8,rheem,7EknLNuM4,0.0,101997.0,375.0,3656378.0,1,,,,,,,,unmatched,,,,,,,,,False
rheem,aon abril rheem chile 2026,Sponsored Products,2026,4,RHEEM,aon_abril_rheem_chile_2026,14611.0,0.0,441.0,5978690.0,1,,,,,,,,unmatched,,,3.018273903223599,0.0,,,,,False
rheem,aon marzo rheem 2026,Sponsored Products,2026,3,RHEEM,aon_marzo_rheem_2026,21102.0,0.0,398.0,3206870.0,1,,,,,,,,unmatched,,,1.8860771490853947,0.0,,,,,False
rheem,aon rheem febrero 2026,Sponsored Products,2026,2,RHEEM,aon_rheem_febrero_2026,10166.0,0.0,137.0,2157910.0,1,,,,,,,,unmatched,,,1.347629352744442,0.0,,,,,False
rheem,b61y30ftj,CRM,2025,7,rheem,B61y30fTj,0.0,32.0,0.0,5837903.0,1,BANOS Y COCINAS,RHEEM,Always On,1000000.0,44444.0,955556.0,1.0,probable,always on,1.0,,,5.837903,,,0.955556,True
rheem,black marzo rheem splendid 2026,CRM,2026,4,rheem,Black Marzo RHEEM/SPLENDID 2026,0.0,135094.0,431.0,4465810.0,1,,,,,,,,unmatched,,,,,,,,,False
rheem,black week,Sponsored Products,2026,3,RHEEM,black_week,0.0,0.0,0.0,279990.0,1,,,,,,,,unmatched,,,,,,,,,False
rheem,cabeceras,Retail Display,2024,6,rheem,cabeceras,173982.0,0.0,454.0,0.0,5,,,,,,,,unmatched,,,0.26094653469899187,0.0,,,,,False
rheem,cabeceras,Retail Display,2024,7,rheem,cabeceras,159599.0,0.0,388.0,0.0,3,,,,,,,,unmatched,,,0.243109292664741,0.0,,,,,False
rheem,cabeceras,Retail Display,2024,8,rheem,cabeceras,536715.0,0.0,865.0,0.0,5,,,,,,,,unmatched,,,0.16116560930847845,0.0,,,,,False
rheem,e2g7cjqop,CRM,2025,6,rheem,E2G7cJqOp,0.0,25.0,0.0,2074463.0,1,,,,,,,,unmatched,,,,,,,,,False
rheem,fcg8pybxs,CRM,2025,11,rheem,FCg8pyBxs,0.0,6.0,0.0,874910.0,1,BANOS Y COCINAS,RHEEM,Always On Noviembre 2025,800000.0,34783.0,765217.0,1.0,probable,always on noviembre 2025,1.0,,,1.0936375,,,0.95652125,True
rheem,fyexldyol,CRM,2025,7,rheem,FYExLdyOL,0.0,101288.0,429.0,2495748.0,1,BANOS Y COCINAS,RHEEM,Always On,1000000.0,44444.0,955556.0,1.0,probable,always on,1.0,,,2.495748,,2331.002331002331,0.955556,True
rheem,gabinetes,Retail Display,2024,7,rheem,gabinetes,221083.0,0.0,1015.0,0.0,29,,,,,,,,unmatched,,,0.45910359457760214,0.0,,,,,False
rheem,gabinetes,Retail Display,2024,8,rheem,gabinetes,111835.0,0.0,375.0,0.0,2,,,,,,,,unmatched,,,0.3353154200384495,0.0,,,,,False
rheem,gabinetes,Retail Display,2024,10,rheem,gabinetes,156320.0,0.0,248.0,0.0,11,,,,,,,,unmatched,,,0.1586489252814739,0.0,,,,,False
rheem,gabinetes,Retail Display,2024,11,rheem,gabinetes,36554.0,0.0,42.0,0.0,1,,,,,,,,unmatched,,,0.11489850631941785,0.0,,,,,False
rheem,gwsfignqq,CRM,2025,1,rheem,GwsFIgNQQ,0.0,101367.0,419.0,2291722.0,1,PLOMERIA / GASFITERIA,RHEEM,Tactico Bombas,50000.0,44444.0,5556.0,1.0,probable,tactico bombas,1.0,,,45.83444,,119.33174224343675,0.11112,True
rheem,hhic8jx4h,CRM,2025,9,rheem,hHIc8jX4H,0.0,53974.0,217.0,666950.0,1,BANOS Y COCINAS,RHEEM,Always On Septiembre,1350000.0,69565.0,1280435.0,1.0,probable,always on septiembre,1.0,,,0.49403703703703705,,6221.198156682028,0.9484703703703704,True
rheem,ihgok0nyj,CRM,2025,10,rheem,ihgok0nyj,0.0,106111.0,10.0,862008.0,1,,,,,,,,unmatched,,,,,,,,,False
rheem,iiplqvngy,CRM,2025,10,rheem,IipLqVnGY,0.0,106182.0,373.0,755960.0,1,,,,,,,,unmatched,,,,,,,,,False
rheem,j5v5c2g3t,CRM,2024,6,rheem,J5v5c2G3t,0.0,54014.0,2473.0,2927644.0,1,,,,,,,,unmatched,,,,,,,,,False
rheem,jk4k77zji,CRM,2025,5,rheem,JK4k77ZJI,0.0,101403.0,419.0,3394435.0,1,,,,,,,,unmatched,,,,,,,,,False
rheem,kb86ea2x,CRM,2025,2,rheem,kb86ea2X-,0.0,101104.0,400.0,1381931.0,1,PLOMERIA / GASFITERIA,RHEEM,Tactico Bombas,50000.0,48485.0,1515.0,1.0,probable,tactico bombas,1.0,,,27.63862,,125.0,0.0303,True
rheem,mv1e0spjz,CRM,2024,4,rheem,MV1e0spjZ,0.0,44696.0,2924.0,3762735.0,1,,,,,,,,unmatched,,,,,,,,,False
rheem,nay09oqqy,CRM,2025,10,rheem,nAY09oqqY,0.0,24777.0,186.0,230078.0,1,,,,,,,,unmatched,,,,,,,,,False
rheem,py6md9p5r,CRM,2025,2,rheem,Py6Md9P5r,0.0,102047.0,483.0,1653360.0,1,PLOMERIA / GASFITERIA,RHEEM,Tactico Bombas,50000.0,48485.0,1515.0,1.0,probable,tactico bombas,1.0,,,33.0672,,103.51966873706004,0.0303,True
rheem,rotsulunk,CRM,2024,7,rheem,rOtSULunK,0.0,28.0,1.0,3044134.0,1,,,,,,,,unmatched,,,,,,,,,False
rheem,ssrfrjcgk,CRM,2025,10,rheem,SSrfRJCGk,0.0,21.0,0.0,2625848.0,1,,,,,,,,unmatched,,,,,,,,,False
rheem,temffotyp,CRM,2025,5,rheem,tEmFfoTYp,0.0,32421.0,340.0,929974.0,1,,,,,,,,unmatched,,,,,,,,,False
rheem,termos,Retail Display,2024,8,rheem,termos,210091.0,0.0,491.0,0.0,6,,,,,,,,unmatched,,,0.2337082502344222,0.0,,,,,False
rheem,twt6cidl7,CRM,2025,6,rheem,TWT6cIDL7,0.0,8.0,1.0,729870.0,1,,,,,,,,unmatched,,,,,,,,,False
rheem,uofxhh9uf,CRM,2025,4,rheem,UofXhh9UF,0.0,53975.0,356.0,587950.0,1,,,,,,,,unmatched,,,,,,,,,False
rheem,uswo7qq8x,CRM,2025,4,rheem,UsWo7qQ8x,0.0,101841.0,416.0,5274728.0,1,,,,,,,,unmatched,,,,,,,,,False
rheem,vl7gbpdfz,CRM,2025,1,rheem,vl7GBpdfz,0.0,33.0,0.0,1684335.0,1,PLOMERIA / GASFITERIA,RHEEM,Tactico Bombas,50000.0,44444.0,5556.0,1.0,probable,tactico bombas,1.0,,,33.6867,,,0.11112,True
rheem,vnxyohkcp,CRM,2024,8,rheem,VnXYOHkCp,0.0,99863.0,363.0,5703103.0,1,,,,,,,,unmatched,,,,,,,,,False
rheem,vurrtrw6w,CRM,2025,6,rheem,vUrrTRW6w,0.0,101490.0,460.0,8191839.0,1,,,,,,,,unmatched,,,,,,,,,False
rheem,whfugty3v,CRM,2025,9,rheem,WhFUGTy3v,0.0,101258.0,559.0,2417476.0,1,BANOS Y COCINAS,RHEEM,Always On Septiembre,1350000.0,69565.0,1280435.0,1.0,probable,always on septiembre,1.0,,,1.790722962962963,,2415.026833631485,0.9484703703703704,True
rheem,wknr7jtev,CRM,2025,10,rheem,WKnr7jTEv,0.0,101255.0,365.0,1141968.0,1,,,,,,,,unmatched,,,,,,,,,False
rheem,x,CRM,2024,10,rheem,X,0.0,122.0,0.0,3296821.0,1,,,,,,,,unmatched,,,,,,,,,False
rheem,yyhqqm641,CRM,2024,7,rheem,YYHQqM641,0.0,99474.0,406.0,3345578.0,1,,,,,,,,unmatched,,,,,,,,,False
rheem,ziasezixc,CRM,2025,12,rheem,ZiaSEZIxC,0.0,54084.0,0.0,269990.0,1,BANOS Y COCINAS,RHEEM,Always On Diciembre 2025,800000.0,57143.0,742857.0,1.0,probable,always on diciembre 2025,1.0,,,0.3374875,,,0.92857125,True
robert bosch bosch,aon pro q1,Retail Display,2026,1,robert_bosch-bosch,aon_pro_q1,192587.0,0.0,157.0,0.0,18,,,,,,,,unmatched,,,0.08152159803101974,0.0,,,,,False
roch ltda,6189516 010617,CRM,2023,8,roch ltda,6189516-010617,0.0,101246.0,234.0,2800843.0,1,,,,,,,,unmatched,,,,,,,,,False
roch ltda,6189516 010851,CRM,2023,8,roch ltda,6189516-010851,0.0,54259.0,4838.0,1804903.0,1,,,,,,,,unmatched,,,,,,,,,False
roch ltda,6189516 010865,CRM,2023,9,roch ltda,6189516-010865,0.0,101472.0,115.0,1362258.0,1,,,,,,,,unmatched,,,,,,,,,False
roch ltda,6189516 010957,CRM,2023,9,roch ltda,6189516-010957,0.0,16220.0,0.0,0.0,1,,,,,,,,unmatched,,,,,,,,,False
roch ltda,6189516 011131,CRM,2023,9,roch ltda,6189516-011131,0.0,101340.0,444.0,238980.0,1,,,,,,,,unmatched,,,,,,,,,False
rosen,,CRM,2025,8,rosen,,0.0,40696.0,0.0,18103367.0,29,,,,,,,,unmatched,,,,,,,,,False
rosen,,CRM,2025,9,rosen,,0.0,46490.0,0.0,41950218.0,57,MUEBLES,ROSEN,Trigger Marca 6 meses,900000.0,0.0,900000.0,1.0,probable,trigger marca 6 meses,1.0,,,46.611353333333334,,,1.0,True
rosen,,CRM,2025,10,rosen,,0.0,31155.0,0.0,72164001.0,57,,,,,,,,unmatched,,,,,,,,,False
rosen,,CRM,2025,11,rosen,,0.0,25684.0,0.0,23092006.0,60,,,,,,,,unmatched,,,,,,,,,False
rosen,,CRM,2025,12,rosen,,0.0,12303.0,0.0,17571884.0,62,,,,,,,,unmatched,,,,,,,,,False
rosen,,CRM,2026,1,rosen,,0.0,13106.0,0.0,20216928.0,62,,,,,,,,unmatched,,,,,,,,,False
rosen,,CRM,2026,2,rosen,,0.0,12524.0,0.0,20152990.0,56,MUEBLES,ROSEN,AON Trigger,900000.0,0.0,900000.0,1.0,probable,aon trigger,1.0,,,22.392211111111113,,,1.0,True
rosen,,CRM,2026,3,rosen,,0.0,63060.0,0.0,27490505.0,62,MUEBLES,ROSEN,AON Trigger,900000.0,0.0,900000.0,1.0,probable,aon trigger,1.0,,,30.545005555555555,,,1.0,True
rosen,,CRM,2026,4,rosen,,0.0,58528.0,0.0,26762451.0,52,,,,,,,,unmatched,,,,,,,,,False
rosen,,CRM,2026,5,rosen,,0.0,48976.0,0.0,13954882.0,45,,,,,,,,unmatched,,,,,,,,,False
rosen,6189516 009416,CRM,2023,5,rosen,6189516-009416,0.0,105359.0,87.0,2123910.0,1,,,,,,,,unmatched,,,,,,,,,False
rosen,6189516 009536,CRM,2023,5,rosen,6189516-009536,0.0,105162.0,82.0,0.0,1,,,,,,,,unmatched,,,,,,,,,False
rosen,6189516 010262,CRM,2023,7,rosen,6189516-010262,0.0,101653.0,163.0,5484850.0,1,,,,,,,,unmatched,,,,,,,,,False
rosen,6189516 010310,CRM,2023,7,rosen,6189516-010310,0.0,102144.0,157.0,7131740.0,1,,,,,,,,unmatched,,,,,,,,,False
rosen,6189516 011603,CRM,2023,10,rosen,6189516-011603,0.0,13142.0,0.0,1787920.0,1,,,,,,,,unmatched,,,,,,,,,False
rosen,6189516 012273,CRM,2023,12,rosen,6189516-012273,0.0,101389.0,258.0,3573152.0,1,,,,,,,,unmatched,,,,,,,,,False
rosen,7ukt8hgko,CRM,2025,11,rosen,7UkT8hgKO,0.0,101382.0,968.0,6743042.0,1,,,,,,,,unmatched,,,,,,,,,False
rosen,ao,Google,2025,12,rosen,ao,173531.0,0.0,2304.0,5231780.0,15,MUEBLES,ROSEN,AON Diciembre 2025,550000.0,0.0,550000.0,1.0,probable,aon diciembre 2025,1.0,1.3277166615763178,0.0,9.512327272727273,3169.462516783745,238.71527777777777,1.0,True
rosen,ao,Retail Display,2025,8,rosen,ao,97380.0,0.0,601.0,0.0,13,MUEBLES,ROSEN,Rosen Week,300000.0,240000.0,60000.0,1.0,probable,rosen week,1.0,0.6171698500718833,0.0,0.0,3080.7147258163895,499.16805324459233,0.2,True
rosen,aon diciembre,CRM,2025,12,rosen,AON Diciembre,0.0,54141.0,0.0,1763900.0,1,,,,,,,,unmatched,,,,,,,,,False
rosen,black marzo 2026,CRM,2026,3,rosen,Black Marzo 2026,0.0,1787208.0,1456.0,166447172.0,2,MUEBLES,ROSEN,AON Trigger,900000.0,0.0,900000.0,1.0,probable,aon trigger,1.0,,,184.94130222222222,,618.1318681318681,1.0,True
rosen,black week,Sponsored Products,2026,3,ROSEN,black_week,44470.0,0.0,890.0,7074800.0,1,MUEBLES,ROSEN,AON Marzo 2026,600000.0,494400.0,105600.0,1.0,probable,aon marzo 2026,1.0,2.0013492241960873,0.0,11.791333333333334,13492.241960872498,674.1573033707865,0.176,True
rosen,bzrlbutuo,CRM,2025,10,rosen,BzRlbUtUO,0.0,106171.0,195.0,22617728.0,1,,,,,,,,unmatched,,,,,,,,,False
rosen,cyber monday,Retail Display,2025,10,rosen,cyber_monday,145719.0,0.0,610.0,0.0,3,MUEBLES,ROSEN,Cyber Octubre 2025,1300000.0,320000.0,980000.0,2.0,probable,cyber octubre 2025,1.0,0.4186139075892643,0.0,0.0,8921.279997803993,2131.1475409836066,0.7538461538461538,True
rosen,dormitorio,Retail Display,2025,1,rosen,dormitorio,261344.0,0.0,1421.0,0.0,18,MUEBLES,ROSEN,AON Enero 2025,300000.0,240000.0,60000.0,1.0,probable,aon enero 2025,1.0,0.5437278070282846,0.0,0.0,1147.912330108975,211.118930330753,0.2,True
rosen,dormitorio,Retail Display,2025,2,rosen,dormitorio,172980.0,0.0,643.0,0.0,22,MUEBLES,ROSEN,AON Febrero 2025,400000.0,320000.0,80000.0,1.0,probable,aon febrero 2025,1.0,0.37171927390449766,0.0,0.0,2312.4060585038733,622.0839813374805,0.2,True
rosen,dormitorio black week,Retail Display,2025,3,rosen,dormitorio_black_week,65591.0,0.0,440.0,0.0,3,MUEBLES,ROSEN,Black Marzo 2025,400000.0,320000.0,80000.0,1.0,probable,black marzo 2025,1.0,0.6708237410620359,0.0,0.0,6098.397646018509,909.0909090909091,0.2,True
rosen,dormitorio black week,Retail Display,2025,4,rosen,dormitorio_black_week,229094.0,0.0,1224.0,0.0,8,,,,,,,,unmatched,,,0.5342785057661921,0.0,,,,,False
rosen,fw785jgbb,CRM,2025,8,rosen,FW785jgBb,0.0,31088.0,230.0,1979837.0,1,,,,,,,,unmatched,,,,,,,,,False
rosen,hxbjmowww,CRM,2024,12,rosen,HXbJmOwww,0.0,53940.0,1746.0,1479950.0,1,,,,,,,,unmatched,,,,,,,,,False
rosen,i v9shpi5,CRM,2025,10,rosen,I-v9SHPI5,0.0,53946.0,172.0,17676722.0,1,,,,,,,,unmatched,,,,,,,,,False
rosen,ip48l3fjb,CRM,2024,5,rosen,IP48l3FJB,0.0,54140.0,3124.0,15817666.0,1,,,,,,,,unmatched,,,,,,,,,False
rosen,iut4g2t8f,CRM,2025,11,rosen,iuT4g2T8F,0.0,101312.0,766.0,12840995.0,1,,,,,,,,unmatched,,,,,,,,,False
rosen,j0axhslqw,CRM,2025,11,rosen,J0AxHSLQw,0.0,475299.0,0.0,58572571.0,1,,,,,,,,unmatched,,,,,,,,,False
rosen,knip0wnc,CRM,2025,10,rosen,kNiP0wnc-,0.0,106271.0,111.0,9328041.0,1,,,,,,,,unmatched,,,,,,,,,False
rosen,lso9qwaxd,CRM,2025,1,rosen,lSO9qWaXd,0.0,54036.0,832.0,2129920.0,1,MUEBLES,ROSEN,AON Enero 2025,400000.0,44444.0,355556.0,1.0,probable,aon enero 2025,1.0,,,5.3248,,480.7692307692308,0.88889,True
rosen,mrgv m5lr,CRM,2025,4,rosen,mrGv-M5lr,0.0,54150.0,357.0,971678.0,1,MUEBLES,ROSEN,AON ABRIL 2025,500000.0,50000.0,450000.0,1.0,probable,aon abril 2025,1.0,,,1.943356,,1400.5602240896358,0.9,True
rosen,ouur597in,CRM,2024,11,rosen,ouUr597iN,0.0,53932.0,1569.0,3245266.0,1,,,,,,,,unmatched,,,,,,,,,False
rosen,pokjqgymo,CRM,2024,7,rosen,PoKJQGymo,0.0,52424.0,2249.0,2964946.0,1,,,,,,,,unmatched,,,,,,,,,False
rosen,ptcvjmkug,CRM,2025,5,rosen,PtCVJMkUG,0.0,53896.0,354.0,5792357.0,1,,,,,,,,unmatched,,,,,,,,,False
rosen,q l1ldgnq,CRM,2024,10,rosen,Q-L1ldGNq,0.0,49842.0,2008.0,4444862.0,1,,,,,,,,unmatched,,,,,,,,,False
rosen,ub7svqgvw,CRM,2025,11,rosen,UB7sVQGvw,0.0,54057.0,0.0,4552167.0,1,,,,,,,,unmatched,,,,,,,,,False
rosen,x,CRM,2024,10,rosen,X,0.0,133218.0,1303.0,7438782.0,2,,,,,,,,unmatched,,,,,,,,,False
rosen,xqu0q583a,CRM,2024,9,rosen,xqu0q583a,0.0,37105.0,1612.0,5408526.0,1,,,,,,,,unmatched,,,,,,,,,False
rosen,xwyh8mj o,CRM,2025,6,rosen,xWYH8mj-o,0.0,106234.0,400.0,20742263.0,1,MUEBLES,ROSEN,Trigger de Navecgación y Carro Abandonado Marca 6M,900000.0,0.0,900000.0,1.0,probable,trigger de navecgacion y carro abandonado marca 6m,1.0,,,23.046958888888888,,2250.0,1.0,True
rosen,yvpvw9jdi,CRM,2024,8,rosen,yvPvw9JDI,0.0,54207.0,1562.0,1512570.0,1,,,,,,,,unmatched,,,,,,,,,False
rosen,zqgbhzgmy,CRM,2025,8,rosen,zQGBhzgmy,0.0,53921.0,231.0,1707410.0,1,,,,,,,,unmatched,,,,,,,,,False
rta design,nycfvus2o,CRM,2024,12,rta design,nYCFVUS2O,0.0,101990.0,620.0,0.0,1,,,,,,,,unmatched,,,,,,,,,False
rust oleum,6189516 009819,CRM,2023,6,rust-oleum,6189516-009819,0.0,101952.0,235.0,919331.0,1,,,,,,,,unmatched,,,,,,,,,False
rust oleum,6189516 010103,CRM,2023,7,rust-oleum,6189516-010103,0.0,52041.0,92.0,1034540.0,1,,,,,,,,unmatched,,,,,,,,,False
rust oleum,6189516 010104,CRM,2023,7,rust-oleum,6189516-010104,0.0,52148.0,94.0,560303.0,1,,,,,,,,unmatched,,,,,,,,,False
rust oleum,6189516 010905,CRM,2023,9,rust-oleum,6189516-010905,0.0,101882.0,186.0,1655518.0,1,,,,,,,,unmatched,,,,,,,,,False
rust oleum,6189516 011552,CRM,2023,10,rust-oleum,6189516-011552,0.0,101974.0,375.0,2897772.0,1,,,,,,,,unmatched,,,,,,,,,False
rust oleum,lgggzdj54,CRM,2025,1,rust-oleum,LgGGZDJ54,0.0,101104.0,764.0,3632466.0,1,,,,,,,,unmatched,,,,,,,,,False
rust oleum,rju08gilm,CRM,2025,3,rust-oleum,rju08GiLM,0.0,100791.0,538.0,3239255.0,1,,,,,,,,unmatched,,,,,,,,,False
rust oleum,sqj yh1xc,CRM,2024,12,rust-oleum,SQJ-Yh1xC,0.0,101980.0,519.0,1743064.0,1,,,,,,,,unmatched,,,,,,,,,False
rust oleum,x2wqdwzhn,CRM,2025,1,rust-oleum,x2wqdWzHn,0.0,102435.0,683.0,4050060.0,1,,,,,,,,unmatched,,,,,,,,,False
rust oleum,z61 v8xox,CRM,2025,2,rust-oleum,Z61-V8xoX,0.0,101210.0,481.0,1455555.0,1,PINTURA Y ACCESORIOS,RUST OLEUM,PDQ táctico,0.0,48485.0,-48485.0,1.0,probable,pdq tactico,1.0,,,,,0.0,,False
safecom,6189516 011047,CRM,2023,9,safecom,6189516-011047,0.0,101222.0,63.0,221410.0,1,,,,,,,,unmatched,,,,,,,,,False
samsung,1ehqivweh,CRM,2024,4,samsung,1eHqIVWEh,0.0,101332.0,404.0,4770509.0,1,,,,,,,,unmatched,,,,,,,,,False
samsung,1m2boxoe8,CRM,2024,7,samsung,1M2BOxoe8,0.0,1124100.0,28086.0,40131707.0,1,,,,,,,,unmatched,,,,,,,,,False
samsung,2jlhueesp,CRM,2024,7,samsung,2JLHUEeSp,0.0,101228.0,444.0,4723944.0,1,,,,,,,,unmatched,,,,,,,,,False
samsung,4gcrkhnqb,CRM,2024,4,samsung,4GCRkhNqb,0.0,1124795.0,33046.0,52856241.0,1,,,,,,,,unmatched,,,,,,,,,False
samsung,6189516 007689,CRM,2023,1,samsung,6189516-007689,0.0,101656.0,204.0,15152764.0,1,,,,,,,,unmatched,,,,,,,,,False
samsung,6189516 007801,CRM,2023,1,samsung,6189516-007801,0.0,50349.0,113.0,11749720.0,1,,,,,,,,unmatched,,,,,,,,,False
samsung,6189516 007802,CRM,2023,1,samsung,6189516-007802,0.0,50302.0,171.0,5622024.0,1,,,,,,,,unmatched,,,,,,,,,False
samsung,6189516 007828,CRM,2023,1,samsung,6189516-007828,0.0,991280.0,108274.0,115364887.0,1,,,,,,,,unmatched,,,,,,,,,False
samsung,6189516 007875,CRM,2023,1,samsung,6189516-007875,0.0,101128.0,212.0,9423916.0,1,,,,,,,,unmatched,,,,,,,,,False
samsung,6189516 008151,CRM,2023,2,samsung,6189516-008151,0.0,1013186.0,102098.0,70209188.0,1,,,,,,,,unmatched,,,,,,,,,False
samsung,6189516 008262,CRM,2023,2,samsung,6189516-008262,0.0,986343.0,99624.0,81903424.0,1,,,,,,,,unmatched,,,,,,,,,False
samsung,6189516 008543,CRM,2023,3,samsung,6189516-008543,0.0,101201.0,115.0,21247812.0,1,,,,,,,,unmatched,,,,,,,,,False
samsung,6189516 008676,CRM,2023,3,samsung,6189516-008676,0.0,982971.0,96106.0,96534158.0,1,,,,,,,,unmatched,,,,,,,,,False
samsung,6189516 008951,CRM,2023,4,samsung,6189516-008951,0.0,101374.0,103.0,10549620.0,1,,,,,,,,unmatched,,,,,,,,,False
samsung,6189516 008978,CRM,2023,4,samsung,6189516-008978,0.0,1102628.0,90140.0,60144132.0,1,,,,,,,,unmatched,,,,,,,,,False
samsung,6189516 009411,CRM,2023,5,samsung,6189516-009411,0.0,104870.0,146.0,20305524.0,1,,,,,,,,unmatched,,,,,,,,,False
samsung,6189516 009447,CRM,2023,5,samsung,6189516-009447,0.0,105343.0,197.0,7668568.0,1,,,,,,,,unmatched,,,,,,,,,False
samsung,6189516 009589,CRM,2023,5,samsung,6189516-009589,0.0,1065555.0,93613.0,226639130.0,1,,,,,,,,unmatched,,,,,,,,,False
samsung,6189516 009901,CRM,2023,6,samsung,6189516-009901,0.0,100222.0,257.0,20494907.0,1,,,,,,,,unmatched,,,,,,,,,False
samsung,6189516 010369,CRM,2023,7,samsung,6189516-010369,0.0,1125949.0,68529.0,64101685.0,1,,,,,,,,unmatched,,,,,,,,,False
samsung,6189516 010659,CRM,2023,8,samsung,6189516-010659,0.0,101189.0,207.0,4054956.0,1,,,,,,,,unmatched,,,,,,,,,False
samsung,6189516 010671,CRM,2023,8,samsung,6189516-010671,0.0,54158.0,4409.0,3399844.0,1,,,,,,,,unmatched,,,,,,,,,False
samsung,6189516 011145,CRM,2023,10,samsung,6189516-011145,0.0,105277.0,230.0,15115960.0,1,,,,,,,,unmatched,,,,,,,,,False
samsung,6189516 011190,CRM,2023,10,samsung,6189516-011190,0.0,105247.0,471.0,14766032.0,1,,,,,,,,unmatched,,,,,,,,,False
samsung,6189516 011248,CRM,2023,10,samsung,6189516-011248,0.0,85466.0,379.0,8029593.0,1,,,,,,,,unmatched,,,,,,,,,False
samsung,6189516 011311,CRM,2023,10,samsung,6189516-011311,0.0,35578.0,4911.0,17153182.0,1,,,,,,,,unmatched,,,,,,,,,False
samsung,6189516 011887,CRM,2023,11,samsung,6189516-011887,0.0,101374.0,235.0,18328994.0,1,,,,,,,,unmatched,,,,,,,,,False
samsung,6189516 011978,CRM,2023,11,samsung,6189516-011978,0.0,101224.0,159.0,5087710.0,1,,,,,,,,unmatched,,,,,,,,,False
samsung,6189516 012184,CRM,2023,12,samsung,6189516-012184,0.0,1250000.0,12273.0,33038023.0,1,,,,,,,,unmatched,,,,,,,,,False
samsung,6cgnycuug,CRM,2024,5,samsung,6CGnycuUG,0.0,2872.0,0.0,779970.0,1,,,,,,,,unmatched,,,,,,,,,False
samsung,7nt0zyqss,CRM,2025,10,samsung,7nT0ZyqsS,0.0,389890.0,932.0,74525542.0,1,,,,,,,,unmatched,,,,,,,,,False
samsung,8qraiofcs,CRM,2024,8,samsung,8QRAIofCS,0.0,1124294.0,26156.0,33805887.0,1,,,,,,,,unmatched,,,,,,,,,False
samsung,8yewxioo2,CRM,2025,1,samsung,8yEWxioo2,0.0,54087.0,644.0,6607753.0,1,,,,,,,,unmatched,,,,,,,,,False
samsung,9wmn9sybk,CRM,2024,7,samsung,9Wmn9SYbK,0.0,101970.0,408.0,5936109.0,1,,,,,,,,unmatched,,,,,,,,,False
samsung,aaskzf5ku,CRM,2025,5,samsung,AaSkzf5KU,0.0,101303.0,289.0,18407396.0,1,,,,,,,,unmatched,,,,,,,,,False
samsung,aon samsung,Sponsored Products,2026,4,SAMSUNG,aon_samsung,130628.0,0.0,3975.0,22299340.0,1,,,,,,,,unmatched,,,3.0429923140521176,0.0,,,,,False
samsung,bdnrsfodb,CRM,2025,6,samsung,bDNrSfODB,0.0,316714.0,1568.0,45152905.0,1,ELECTROHOGAR,SAMSUNG,Campaña Junio,1000000.0,55172.0,944828.0,1.0,probable,campana junio,1.0,,,45.152905,,637.7551020408164,0.944828,True
samsung,bh4tizeao,CRM,2024,6,samsung,Bh4TIzeAO,0.0,106433.0,210.0,15789341.0,1,,,,,,,,unmatched,,,,,,,,,False
samsung,bifsdsflz,CRM,2025,11,samsung,biFsdSflz,0.0,101382.0,223.0,1646950.0,1,ELECTROHOGAR,SAMSUNG,AON Noviembre 2025,1300000.0,34783.0,1265217.0,1.0,probable,aon noviembre 2025,1.0,,,1.2668846153846154,,5829.596412556054,0.9732438461538462,True
samsung,bkvcdt5v6,CRM,2024,6,samsung,BKVcDt5v6,0.0,36637.0,2154.0,12703949.0,1,,,,,,,,unmatched,,,,,,,,,False
samsung,black marzo samsung 2026,CRM,2026,3,samsung,Black Marzo SAMSUNG 2026,0.0,134810.0,263.0,15616709.0,1,ELECTROHOGAR,SAMSUNG,AON MARZO SAMSUNG 2026,1500000.0,53333.0,1446667.0,1.0,probable,aon marzo samsung 2026,1.0,,,10.411139333333333,,5703.42205323194,0.9644446666666666,True
samsung,black week,Meta,2025,3,samsung,black_week,82209.0,0.0,4413.0,622060.0,6,,,,,,,,unmatched,,,5.368025398678976,0.0,,,,,False
samsung,black week,Meta,2025,4,samsung,black_week,142268.0,0.0,6339.0,117250.0,8,,,,,,,,unmatched,,,4.455675204543538,0.0,,,,,False
samsung,black week,Meta,2025,11,samsung,black_week,119602.0,0.0,6077.0,437890.0,3,,,,,,,,unmatched,,,5.081018712061671,0.0,,,,,False
samsung,black week,Meta,2025,12,samsung,black_week,22683.0,0.0,1110.0,0.0,1,,,,,,,,unmatched,,,4.893532601507737,0.0,,,,,False
samsung,black week,Sponsored Products,2026,3,SAMSUNG,black_week,151916.0,0.0,5706.0,58291220.0,1,ELECTROHOGAR,SAMSUNG,AON MARZO SAMSUNG 2026,500000.0,412000.0,88000.0,1.0,probable,aon marzo samsung 2026,1.0,3.7560230653782356,0.0,116.58244,3291.2925564127545,87.62705923589205,0.176,True
samsung,cdrqxwzji,CRM,2025,11,samsung,CDRQxWzJI,0.0,101381.0,319.0,2587760.0,1,ELECTROHOGAR,SAMSUNG,AON Noviembre 2025,1300000.0,34783.0,1265217.0,1.0,probable,aon noviembre 2025,1.0,,,1.9905846153846154,,4075.2351097178685,0.9732438461538462,True
samsung,cyber day,Google,2025,6,samsung,cyber_day,117446.0,0.0,1466.0,0.0,3,,,,,,,,unmatched,,,1.2482332305910802,0.0,,,,,False
samsung,cyber day,Retail Display,2024,6,samsung,cyber_day,294656.0,0.0,1400.0,0.0,3,,,,,,,,unmatched,,,0.4751303214596003,0.0,,,,,False
samsung,cyber day,Retail Display,2025,6,samsung,cyber_day,109622.0,0.0,417.0,0.0,3,,,,,,,,unmatched,,,0.3803980952728467,0.0,,,,,False
samsung,cyber monday,Google,2025,10,samsung,cyber_monday,113287.0,0.0,1811.0,9339356.0,6,,,,,,,,unmatched,,,1.5985947196059564,0.0,,,,,False
samsung,cyber monday,Google,2025,12,samsung,cyber_monday,22769.0,0.0,426.0,559990.0,1,,,,,,,,unmatched,,,1.8709649084281261,0.0,,,,,False
samsung,eek1wwfb3,CRM,2025,1,samsung,eek1WWFB3,0.0,54057.0,726.0,5884800.0,1,,,,,,,,unmatched,,,,,,,,,False
samsung,gkb7ltnfw,CRM,2025,2,samsung,GKb7LTNFw,0.0,54031.0,622.0,6150551.0,1,,,,,,,,unmatched,,,,,,,,,False
samsung,glh2n5m8u,CRM,2024,6,samsung,Glh2N5M8u,0.0,933723.0,32010.0,106381740.0,1,,,,,,,,unmatched,,,,,,,,,False
samsung,gtojxao4e,CRM,2025,3,samsung,GtoJxAO4E,0.0,29239.0,459.0,4506698.0,1,,,,,,,,unmatched,,,,,,,,,False
samsung,ia9x vvvl,CRM,2024,2,samsung,Ia9x-vVvL,0.0,102286.0,566.0,13617607.0,1,,,,,,,,unmatched,,,,,,,,,False
samsung,iblgb0xdz,CRM,2024,1,samsung,ibLgb0xdz,0.0,101719.0,647.0,15485119.0,1,,,,,,,,unmatched,,,,,,,,,False
samsung,igpyswcje,CRM,2025,11,samsung,IGpysWCJE,0.0,53917.0,0.0,1339960.0,1,ELECTROHOGAR,SAMSUNG,AON Noviembre 2025,1300000.0,34783.0,1265217.0,1.0,probable,aon noviembre 2025,1.0,,,1.0307384615384616,,,0.9732438461538462,True
samsung,ilagshc n,CRM,2024,11,samsung,ilaGShc-N,0.0,54047.0,1869.0,17791847.0,1,,,,,,,,unmatched,,,,,,,,,False
samsung,imcsmpd2s,CRM,2025,10,samsung,iMcSMpd2S,0.0,106159.0,181.0,12731045.0,1,,,,,,,,unmatched,,,,,,,,,False
samsung,ixflmcvkm,CRM,2025,4,samsung,IxfLmCvkm,0.0,54095.0,365.0,3969860.0,1,ELECTROHOGAR,SAMSUNG,AON ABRIL 2025,1000000.0,50000.0,950000.0,1.0,probable,aon abril 2025,1.0,,,3.96986,,2739.72602739726,0.95,True
samsung,j wdzqsyz,CRM,2025,3,samsung,J-WdZQSyz,0.0,53975.0,488.0,3461392.0,1,,,,,,,,unmatched,,,,,,,,,False
samsung,jhwkyvzs8,CRM,2024,2,samsung,JHwkYvZS8,0.0,97320.0,555.0,6164024.0,1,,,,,,,,unmatched,,,,,,,,,False
samsung,jt6lpghjh,CRM,2025,10,samsung,Jt6LpGHJh,0.0,53921.0,20.0,1714623.0,1,,,,,,,,unmatched,,,,,,,,,False
samsung,jtwnilhsc,CRM,2024,6,samsung,jTwnIlHsC,0.0,103988.0,272.0,10954143.0,1,,,,,,,,unmatched,,,,,,,,,False
samsung,kampnmecl,CRM,2024,11,samsung,kamPnmECl,0.0,1031.0,0.0,0.0,1,,,,,,,,unmatched,,,,,,,,,False
samsung,kwtwincir,CRM,2024,7,samsung,KwtWINcir,0.0,101252.0,565.0,16369140.0,1,,,,,,,,unmatched,,,,,,,,,False
samsung,lanzamiento,Meta,2024,11,samsung,lanzamiento,345394.0,0.0,10347.0,0.0,12,,,,,,,,unmatched,,,2.995709247989253,0.0,,,,,False
samsung,lanzamiento,Meta,2024,12,samsung,lanzamiento,316783.0,0.0,7057.0,0.0,9,,,,,,,,unmatched,,,2.227707926246042,0.0,,,,,False
samsung,lanzamiento,Retail Display,2024,11,samsung,lanzamiento,228785.0,0.0,427.0,0.0,11,,,,,,,,unmatched,,,0.18663811001595385,0.0,,,,,False
samsung,lanzamiento,Retail Display,2024,12,samsung,lanzamiento,154754.0,0.0,300.0,0.0,6,,,,,,,,unmatched,,,0.19385605541698436,0.0,,,,,False
samsung,linea blanca,Google,2024,9,samsung,linea_blanca,198427.0,0.0,2785.0,6406120.0,55,,,,,,,,unmatched,,,1.403538832920923,0.0,,,,,False
samsung,linea blanca,Google,2024,10,samsung,linea_blanca,318754.0,0.0,4231.0,11820974.0,42,,,,,,,,unmatched,,,1.3273558920044926,0.0,,,,,False
samsung,linea blanca,Google,2024,11,samsung,linea_blanca,256010.0,0.0,2956.0,9118796.0,48,,,,,,,,unmatched,,,1.1546423967813757,0.0,,,,,False
samsung,linea blanca,Google,2024,12,samsung,linea_blanca,13500.0,0.0,193.0,0.0,4,,,,,,,,unmatched,,,1.4296296296296296,0.0,,,,,False
samsung,linea blanca,Google,2025,1,samsung,linea_blanca,268714.0,0.0,3342.0,7477471.0,44,ELECTROHOGAR,SAMSUNG,AON ENERO 2025,1000000.0,0.0,1000000.0,1.0,probable,aon enero 2025,1.0,1.2437014818729206,0.0,7.477471,3721.428730918374,299.22202274087374,1.0,True
samsung,linea blanca,Google,2025,2,samsung,linea_blanca,329480.0,0.0,3830.0,5494780.0,56,ELECTROHOGAR,SAMSUNG,AON Febrero 2025,1000000.0,0.0,1000000.0,1.0,probable,aon febrero 2025,1.0,1.162437780745417,0.0,5.49478,3035.0855894136216,261.0966057441253,1.0,True
samsung,linea blanca,Google,2025,3,samsung,linea_blanca,323851.0,0.0,4159.0,1232720.0,62,ELECTROHOGAR,SAMSUNG,Black Marzo 2025,300000.0,0.0,300000.0,1.0,probable,black marzo 2025,1.0,1.2842325637407326,0.0,4.109066666666667,926.351933450877,72.1327242125511,1.0,True
samsung,linea blanca,Google,2025,4,samsung,linea_blanca,96625.0,0.0,1166.0,1104263.0,16,ELECTROHOGAR,SAMSUNG,AON ABRIL 2025,500000.0,0.0,500000.0,1.0,probable,aon abril 2025,1.0,1.2067270375161707,0.0,2.208526,5174.6442432082795,428.8164665523156,1.0,True
samsung,linea blanca,Meta,2024,1,samsung,linea_blanca,858628.0,0.0,6469.0,0.0,15,,,,,,,,unmatched,,,0.753411256096936,0.0,,,,,False
samsung,linea blanca,Meta,2024,2,samsung,linea_blanca,541861.0,0.0,7975.0,0.0,11,,,,,,,,unmatched,,,1.471779663050118,0.0,,,,,False
samsung,linea blanca,Meta,2024,3,samsung,linea_blanca,501316.0,0.0,5754.0,0.0,29,,,,,,,,unmatched,,,1.1477790455521069,0.0,,,,,False
samsung,linea blanca,Meta,2024,4,samsung,linea_blanca,531570.0,0.0,7222.0,0.0,6,,,,,,,,unmatched,,,1.3586169272156066,0.0,,,,,False
samsung,linea blanca,Meta,2025,4,samsung,linea_blanca,459327.0,0.0,11106.0,0.0,8,,,,,,,,unmatched,,,2.417885297402504,0.0,,,,,False
samsung,linea blanca,Meta,2025,5,samsung,linea_blanca,418214.0,0.0,9318.0,287990.0,24,,,,,,,,unmatched,,,2.2280459286394048,0.0,,,,,False
samsung,linea blanca,Meta,2025,7,samsung,linea_blanca,774457.0,0.0,13474.0,369990.0,28,,,,,,,,unmatched,,,1.7397996273518088,0.0,,,,,False
samsung,linea blanca,Meta,2025,8,samsung,linea_blanca,662398.0,0.0,7097.0,0.0,5,,,,,,,,unmatched,,,1.0714102397652165,0.0,,,,,False
samsung,linea blanca,Meta,2025,9,samsung,linea_blanca,414631.0,0.0,8577.0,639970.0,28,,,,,,,,unmatched,,,2.068586285154752,0.0,,,,,False
samsung,linea blanca,Meta,2025,10,samsung,linea_blanca,301581.0,0.0,11175.0,369980.0,17,,,,,,,,unmatched,,,3.7054721617078,0.0,,,,,False
samsung,ovagp3ro8,CRM,2025,9,samsung,oVagp3RO8,0.0,53998.0,197.0,9707808.0,1,ELECTROHOGAR,SAMSUNG,AON Septiembre,700000.0,69565.0,630435.0,1.0,probable,aon septiembre,1.0,,,13.868297142857143,,3553.299492385787,0.9006214285714286,True
samsung,pazeakrxn,CRM,2024,12,samsung,PaZeakrXn,0.0,53989.0,1822.0,12727060.0,1,,,,,,,,unmatched,,,,,,,,,False
samsung,pk9kzo9r2,CRM,2025,6,samsung,Pk9KZo9R2,0.0,4964.0,0.0,7233780.0,1,ELECTROHOGAR,SAMSUNG,Campaña Junio,1000000.0,55172.0,944828.0,1.0,probable,campana junio,1.0,,,7.23378,,,0.944828,True
samsung,qn7drg bq,CRM,2025,8,samsung,qn7DRG-BQ,0.0,101359.0,400.0,5127357.0,1,ELECTROHOGAR,SAMSUNG,Always On Agosto,800000.0,53333.0,746667.0,1.0,probable,always on agosto,1.0,,,6.40919625,,2000.0,0.93333375,True
samsung,rad8pqseh,CRM,2024,2,samsung,rAd8PQSeH,0.0,101638.0,418.0,6191375.0,1,,,,,,,,unmatched,,,,,,,,,False
samsung,reuzm usf,CRM,2025,6,samsung,rEuzM-USF,0.0,101364.0,321.0,8842191.0,1,ELECTROHOGAR,SAMSUNG,Campaña Junio,1000000.0,55172.0,944828.0,1.0,probable,campana junio,1.0,,,8.842191,,3115.264797507788,0.944828,True
samsung,rwetxqnvc,CRM,2025,7,samsung,rWetxqNVc,0.0,53930.0,237.0,2690292.0,1,ELECTROHOGAR,SAMSUNG,AON Julio,500000.0,44444.0,455556.0,1.0,probable,aon julio,1.0,,,5.380584,,2109.7046413502107,0.911112,True
samsung,s i,CRM,2023,1,samsung,s/i,0.0,166.0,2.0,0.0,5,,,,,,,,unmatched,,,,,,,,,False
samsung,s i,CRM,2023,2,samsung,s/i,0.0,192.0,3.0,0.0,4,,,,,,,,unmatched,,,,,,,,,False
samsung,s i,CRM,2023,3,samsung,s/i,0.0,163.0,0.0,0.0,4,,,,,,,,unmatched,,,,,,,,,False
samsung,s i,CRM,2023,4,samsung,s/i,0.0,127.0,0.0,0.0,4,,,,,,,,unmatched,,,,,,,,,False
samsung,s i,CRM,2023,5,samsung,s/i,0.0,181.0,0.0,0.0,5,,,,,,,,unmatched,,,,,,,,,False
samsung,s i,CRM,2023,6,samsung,s/i,0.0,200.0,3.0,0.0,4,,,,,,,,unmatched,,,,,,,,,False
samsung,s i,CRM,2023,7,samsung,s/i,0.0,210.0,5.0,0.0,5,,,,,,,,unmatched,,,,,,,,,False
samsung,s i,CRM,2023,8,samsung,s/i,0.0,139.0,0.0,0.0,4,,,,,,,,unmatched,,,,,,,,,False
samsung,s i,CRM,2023,9,samsung,s/i,0.0,99.0,2.0,0.0,4,,,,,,,,unmatched,,,,,,,,,False
samsung,s i,CRM,2023,10,samsung,s/i,0.0,202.0,5.0,0.0,4,,,,,,,,unmatched,,,,,,,,,False
samsung,s i,CRM,2023,11,samsung,s/i,0.0,60.0,0.0,0.0,2,,,,,,,,unmatched,,,,,,,,,False
samsung,tl1rj6zlj,CRM,2025,6,samsung,tl1rj6zLJ,0.0,16928.0,298.0,5032878.0,1,ELECTROHOGAR,SAMSUNG,Campaña Junio,1000000.0,55172.0,944828.0,1.0,probable,campana junio,1.0,,,5.032878,,3355.7046979865772,0.944828,True
samsung,tpix0atj9,CRM,2025,2,samsung,tpiX0aTJ9,0.0,327651.0,1883.0,26711122.0,1,,,,,,,,unmatched,,,,,,,,,False
samsung,txcqz172v,CRM,2024,3,samsung,TXcqZ172V,0.0,101277.0,421.0,22652584.0,1,,,,,,,,unmatched,,,,,,,,,False
samsung,unkfnpsw6,CRM,2024,5,samsung,UNKFNpsW6,0.0,1107632.0,34471.0,42376644.0,1,,,,,,,,unmatched,,,,,,,,,False
samsung,unmmryiag,CRM,2024,1,samsung,UNMMrYIag,0.0,1124057.0,51752.0,62519869.0,1,,,,,,,,unmatched,,,,,,,,,False
samsung,uqo5m3on6,CRM,2024,9,samsung,Uqo5M3on6,0.0,1124367.0,26368.0,34508984.0,1,,,,,,,,unmatched,,,,,,,,,False
samsung,vvdt2 hdj,CRM,2024,11,samsung,VvDt2-Hdj,0.0,91945.0,1021.0,18007377.0,1,,,,,,,,unmatched,,,,,,,,,False
samsung,w389suka4,CRM,2025,3,samsung,W389suKa4,0.0,101265.0,426.0,37390341.0,1,,,,,,,,unmatched,,,,,,,,,False
samsung,wssasdzd,CRM,2025,6,samsung,wsSaSDzD,0.0,106038.0,211.0,37119436.0,1,ELECTROHOGAR,SAMSUNG,Campaña Junio,1000000.0,55172.0,944828.0,1.0,probable,campana junio,1.0,,,37.119436,,4739.336492890995,0.944828,True
samsung,x,CRM,2024,10,samsung,X,0.0,1206973.0,28850.0,128673925.0,3,,,,,,,,unmatched,,,,,,,,,False
samsung,x18ipgxf7,CRM,2025,1,samsung,x18IPGXf7,0.0,101307.0,542.0,7258313.0,1,,,,,,,,unmatched,,,,,,,,,False
samsung,ykdcvpyu1,CRM,2024,4,samsung,ykdCvPYu1,0.0,51900.0,3058.0,6711767.0,1,,,,,,,,unmatched,,,,,,,,,False
samsung,ykm4vanaz,CRM,2025,6,samsung,ykM4VAnaZ,0.0,106116.0,250.0,24595936.0,1,ELECTROHOGAR,SAMSUNG,Campaña Junio,1000000.0,55172.0,944828.0,1.0,probable,campana junio,1.0,,,24.595936,,4000.0,0.944828,True
samsung,z bpd77hj,CRM,2025,2,samsung,z-BpD77hj,0.0,53944.0,476.0,5393414.0,1,,,,,,,,unmatched,,,,,,,,,False
samsung,zd1l3krhm,CRM,2024,10,samsung,Zd1L3kRHm,0.0,1124394.0,25662.0,54109002.0,1,,,,,,,,unmatched,,,,,,,,,False
san lorenzo,kj bzyql8,CRM,2025,3,san lorenzo,Kj-BzyqL8,0.0,1.0,1.0,20890.0,1,,,,,,,,unmatched,,,,,,,,,False
scaldasonno,ecsxnxpx6,CRM,2024,6,scaldasonno,ECSXnxPX6,0.0,31690.0,2406.0,1156608.0,1,,,,,,,,unmatched,,,,,,,,,False
scaldasonno,njcjm4kja,CRM,2024,6,scaldasonno,njcjm4KJA,0.0,106072.0,268.0,1903562.0,1,,,,,,,,unmatched,,,,,,,,,False
scaldasonno,vihk5amgz,CRM,2024,5,scaldasonno,Vihk5amgz,0.0,101092.0,670.0,5786507.0,1,,,,,,,,unmatched,,,,,,,,,False
scaldasonno,wqvphk2qh,CRM,2025,6,scaldasonno,wqvPHK2QH,0.0,97.0,2.0,6581870.0,1,,,,,,,,unmatched,,,,,,,,,False
scanavini,,Retail Display,2026,1,scanavini,,115453.0,0.0,86.0,0.0,23,FERRETERIA,SCANAVINI,Campaña Cerradura,300000.0,240000.0,60000.0,1.0,probable,campana cerradura,1.0,0.07448918607571912,0.0,0.0,2598.459979385551,3488.3720930232557,0.2,True
scanavini,6vtierayt,CRM,2025,1,scanavini,6VTiEraYT,0.0,102185.0,447.0,6591352.0,1,,,,,,,,unmatched,,,,,,,,,False
scanavini,vacaciones,Retail Display,2025,1,scanavini,vacaciones,140623.0,0.0,203.0,0.0,29,FERRETERIA,SCANAVINI,Tactico Seguridad,300000.0,240000.0,60000.0,1.0,probable,tactico seguridad,1.0,0.14435760864154512,0.0,0.0,2133.363674505593,1477.8325123152708,0.2,True
schneider,ao,Google,2025,5,schneider,ao,43422.0,0.0,1294.0,0.0,12,,,,,,,,unmatched,,,2.980056192713371,0.0,,,,,False
schneider,ao,Google,2025,6,schneider,ao,41202.0,0.0,1072.0,0.0,6,,,,,,,,unmatched,,,2.601815445852143,0.0,,,,,False
schneider,ao,Meta,2025,9,schneider,ao,112302.0,0.0,2667.0,0.0,8,,,,,,,,unmatched,,,2.3748463963241973,0.0,,,,,False
schneider,ao,Meta,2025,10,schneider,ao,340466.0,0.0,6983.0,0.0,9,,,,,,,,unmatched,,,2.051012435896683,0.0,,,,,False
schneider,ao,Meta,2025,12,schneider,ao,108719.0,0.0,2555.0,0.0,3,,,,,,,,unmatched,,,2.3500951995511365,0.0,,,,,False
schneider,ao,Retail Display,2025,6,schneider,ao,150354.0,0.0,161.0,0.0,14,ELECTRICIDAD,SCHNEIDER,Campaña Junio Schneider,350000.0,280000.0,70000.0,1.0,probable,campana junio schneider,1.0,0.10708062306290488,0.0,0.0,2327.8396318022797,2173.913043478261,0.2,True
schneider,aon,Retail Display,2025,8,schneider,aon,127573.0,0.0,293.0,0.0,13,ELECTRICIDAD,SCHNEIDER,Campaña Agosto Schneider,350000.0,280000.0,70000.0,1.0,probable,campana agosto schneider,1.0,0.2296724228480948,0.0,0.0,2743.527235386798,1194.5392491467576,0.2,True
schneider,black friday,Retail Display,2024,11,schneider,black_friday,131041.0,0.0,540.0,0.0,2,,,,,,,,unmatched,,,0.4120847673628864,0.0,,,,,False
schneider,black friday,Retail Display,2024,12,schneider,black_friday,67266.0,0.0,166.0,0.0,2,,,,,,,,unmatched,,,0.2467814349002468,0.0,,,,,False
schneider,black friday,Retail Display,2025,11,schneider,black_friday,130095.0,0.0,170.0,0.0,4,ELECTRICIDAD,SCHNEIDER,Black Noviembre 2025,400000.0,320000.0,80000.0,1.0,probable,black noviembre 2025,1.0,0.13067373842192245,0.0,0.0,3074.676198162881,2352.9411764705883,0.2,True
schneider,black friday,Retail Display,2025,12,schneider,black_friday,12186.0,0.0,5.0,0.0,1,ELECTRICIDAD,SCHNEIDER,Campaña Diciembre Schneider,350000.0,280000.0,70000.0,1.0,probable,campana diciembre schneider,1.0,0.041030690956835716,0.0,0.0,28721.483669784997,70000.0,0.2,True
schneider,black week,Retail Display,2026,3,schneider,black_week,124340.0,0.0,119.0,0.0,7,,,,,,,,unmatched,,,0.09570532411130771,0.0,,,,,False
schneider,black week,Retail Display,2026,4,schneider,black_week,67977.0,0.0,58.0,0.0,5,ELECTRICIDAD,SCHNEIDER,Black Marzo 2026,500000.0,400000.0,100000.0,1.0,probable,black marzo 2026,1.0,0.08532297688924195,0.0,0.0,7355.42904217603,8620.689655172413,0.2,True
schneider,co brand,Retail Display,2024,5,schneider,co_brand,54236.0,0.0,117.0,0.0,6,,,,,,,,unmatched,,,0.21572387344199426,0.0,,,,,False
schneider,co brand,Retail Display,2024,6,schneider,co_brand,326503.0,0.0,589.0,0.0,11,,,,,,,,unmatched,,,0.1803965047794354,0.0,,,,,False
schneider,co brand,Retail Display,2024,7,schneider,co_brand,331064.0,0.0,911.0,0.0,23,,,,,,,,unmatched,,,0.27517338037358335,0.0,,,,,False
schneider,co brand,Retail Display,2024,8,schneider,co_brand,298234.0,0.0,625.0,0.0,18,,,,,,,,unmatched,,,0.20956698431433035,0.0,,,,,False
schneider,co brand,Retail Display,2024,9,schneider,co_brand,160466.0,0.0,357.0,0.0,13,,,,,,,,unmatched,,,0.22247703563371682,0.0,,,,,False
schneider,co brand,Retail Display,2024,10,schneider,co_brand,266185.0,0.0,399.0,0.0,11,,,,,,,,unmatched,,,0.14989574919698706,0.0,,,,,False
schneider,co brand,Retail Display,2024,11,schneider,co_brand,179155.0,0.0,338.0,0.0,16,,,,,,,,unmatched,,,0.18866344785241831,0.0,,,,,False
schneider,cyber day,Retail Display,2025,6,schneider,cyber_day,288092.0,0.0,750.0,0.0,3,ELECTRICIDAD,SCHNEIDER,Campaña Junio Schneider,350000.0,280000.0,70000.0,1.0,probable,campana junio schneider,1.0,0.2603335045749275,0.0,0.0,1214.889688016328,466.6666666666667,0.2,True
schneider,cyber day,Sponsored Products,2024,6,schneider,cyber_day,353401.0,0.0,1703.0,0.0,3,,,,,,,,unmatched,,,0.4818888458153769,0.0,,,,,False
schneider,cyber monday,Meta,2025,10,schneider,cyber_monday,330297.0,0.0,8956.0,0.0,3,,,,,,,,unmatched,,,2.7114990447990746,0.0,,,,,False
schneider,cyber monday,Retail Display,2024,9,schneider,cyber_monday,81214.0,0.0,242.0,0.0,1,,,,,,,,unmatched,,,0.2979781811017805,0.0,,,,,False
schneider,cyber monday,Retail Display,2024,10,schneider,cyber_monday,146629.0,0.0,540.0,0.0,2,,,,,,,,unmatched,,,0.36827639825682507,0.0,,,,,False
schneider,cyber monday,Retail Display,2025,10,schneider,cyber_monday,182760.0,0.0,613.0,0.0,3,,,,,,,,unmatched,,,0.3354125629240534,0.0,,,,,False
schneider electric,6189516 008766,CRM,2023,4,schneider electric,6189516-008766,0.0,100538.0,580.0,3584050.0,1,,,,,,,,unmatched,,,,,,,,,False
schneider electric,6189516 009312,CRM,2023,5,schneider electric,6189516-009312,0.0,101345.0,123.0,3681540.0,1,,,,,,,,unmatched,,,,,,,,,False
schneider electric,6189516 009356,CRM,2024,5,schneider electric,6189516-009356,0.0,54031.0,2342.0,773156.0,1,,,,,,,,unmatched,,,,,,,,,False
schneider electric,6189516 009394,CRM,2023,5,schneider electric,6189516-009394,0.0,101129.0,379.0,2324624.0,1,,,,,,,,unmatched,,,,,,,,,False
schneider electric,6189516 009415,CRM,2023,5,schneider electric,6189516-009415,0.0,103200.0,68.0,463592.0,1,,,,,,,,unmatched,,,,,,,,,False
schneider electric,6189516 009533,CRM,2023,5,schneider electric,6189516-009533,0.0,105189.0,83.0,3995892.0,1,,,,,,,,unmatched,,,,,,,,,False
schneider electric,6189516 009977,CRM,2023,6,schneider electric,6189516-009977,0.0,101362.0,109.0,3353779.0,1,,,,,,,,unmatched,,,,,,,,,False
schneider electric,6189516 010026,CRM,2023,7,schneider electric,6189516-010026,0.0,101051.0,152.0,3735065.0,1,,,,,,,,unmatched,,,,,,,,,False
schneider electric,6189516 010442,CRM,2023,8,schneider electric,6189516-010442,0.0,102001.0,119.0,4147108.0,1,,,,,,,,unmatched,,,,,,,,,False
schneider electric,6189516 011142,CRM,2023,10,schneider electric,6189516-011142,0.0,105253.0,291.0,7510021.0,1,,,,,,,,unmatched,,,,,,,,,False
schneider electric,6189516 011252,CRM,2023,10,schneider electric,6189516-011252,0.0,74188.0,30.0,1957606.0,1,,,,,,,,unmatched,,,,,,,,,False
schneider electric,6189516 011944,CRM,2023,11,schneider electric,6189516-011944,0.0,101147.0,212.0,3632531.0,1,,,,,,,,unmatched,,,,,,,,,False
schneider electric,6189516 011974,CRM,2023,11,schneider electric,6189516-011974,0.0,27786.0,5722.0,5685703.0,1,,,,,,,,unmatched,,,,,,,,,False
schneider electric,8ebihkhu0,CRM,2024,1,schneider electric,8EbIhKHu0,0.0,49924.0,115.0,3237252.0,1,,,,,,,,unmatched,,,,,,,,,False
schneider electric,aon abril,CRM,2026,4,schneider electric,AON ABRIL,0.0,5036.0,0.0,308075.0,1,,,,,,,,unmatched,,,,,,,,,False
schneider electric,aon abril,Sponsored Products,2026,4,SCHNEIDER ELECTRIC,aon_abril,34556.0,0.0,857.0,537496.0,1,,,,,,,,unmatched,,,2.4800324111586987,0.0,,,,,False
schneider electric,black marzo 2026,CRM,2026,4,schneider electric,Black Marzo 2026,0.0,205170.0,266.0,2932421.0,2,,,,,,,,unmatched,,,,,,,,,False
schneider electric,black week,Sponsored Products,2026,3,SCHNEIDER ELECTRIC,black_week,32080.0,0.0,594.0,332239.0,1,,,,,,,,unmatched,,,1.8516209476309227,0.0,,,,,False
schneider electric,bmpz9wkgq,CRM,2024,6,schneider electric,bMPz9wKgq,0.0,105823.0,133.0,875312.0,1,,,,,,,,unmatched,,,,,,,,,False
schneider electric,dwrhmgkzh,CRM,2024,4,schneider electric,DWRhmgkZh,0.0,102061.0,329.0,10308379.0,1,,,,,,,,unmatched,,,,,,,,,False
schneider electric,e9je3qe1f,CRM,2025,6,schneider electric,e9je3qe1f,0.0,106283.0,153.0,4332594.0,1,,,,,,,,unmatched,,,,,,,,,False
schneider electric,k6lpdqs3g,CRM,2024,4,schneider electric,K6lpdQS3g,0.0,101003.0,430.0,3971256.0,1,,,,,,,,unmatched,,,,,,,,,False
schneider electric,ntbqbmsbs,CRM,2024,10,schneider electric,nTBQBmsBs,0.0,80632.0,320.0,6711822.0,1,,,,,,,,unmatched,,,,,,,,,False
schneider electric,pdzwpnlpe,CRM,2024,1,schneider electric,pDZwPNlpE,0.0,49755.0,124.0,3404727.0,1,,,,,,,,unmatched,,,,,,,,,False
schneider electric,qakyfsoap,CRM,2024,12,schneider electric,qakyfSoap,0.0,101324.0,296.0,8091865.0,1,,,,,,,,unmatched,,,,,,,,,False
schneider electric,rbaebwdit,CRM,2025,12,schneider electric,RBaeBWDit,0.0,101261.0,201.0,1713670.0,1,,,,,,,,unmatched,,,,,,,,,False
schneider electric,szdofwa1d,CRM,2025,5,schneider electric,SzDOfWa1D,0.0,53954.0,319.0,1018190.0,1,,,,,,,,unmatched,,,,,,,,,False
schneider electric,weyfjyvvc,CRM,2024,2,schneider electric,weYfjyvvc,0.0,101705.0,382.0,6191428.0,1,,,,,,,,unmatched,,,,,,,,,False
schneider electric,x,CRM,2024,9,schneider electric,X,0.0,101762.0,103.0,3898095.0,1,,,,,,,,unmatched,,,,,,,,,False
schneider electric,yeg2gmdfx,CRM,2025,10,schneider electric,yeG2gmDFX,0.0,106354.0,216.0,2807944.0,1,,,,,,,,unmatched,,,,,,,,,False
schneider electric,yqiiz5wgh,CRM,2024,6,schneider electric,YqiIZ5wgH,0.0,106228.0,200.0,3647441.0,1,,,,,,,,unmatched,,,,,,,,,False
schneider electric,yvozprywu,CRM,2025,6,schneider electric,yVozpRywU,0.0,106147.0,125.0,3441744.0,1,,,,,,,,unmatched,,,,,,,,,False
scotch,6189516 008367,CRM,2023,3,scotch,6189516-008367,0.0,48225.0,7387.0,882553.0,1,,,,,,,,unmatched,,,,,,,,,False
scotch,6189516 008467,CRM,2023,3,scotch,6189516-008467,0.0,54050.0,8146.0,812051.0,1,,,,,,,,unmatched,,,,,,,,,False
scotch,6189516 008536,CRM,2023,3,scotch,6189516-008536,0.0,29705.0,4683.0,536012.0,1,,,,,,,,unmatched,,,,,,,,,False
scotch,6189516 010209,CRM,2023,7,scotch,6189516-010209,0.0,47936.0,7692.0,1018575.0,1,,,,,,,,unmatched,,,,,,,,,False
scotch,6189516 010356,CRM,2023,7,scotch,6189516-010356,0.0,54042.0,4249.0,331920.0,1,,,,,,,,unmatched,,,,,,,,,False
scotch,6189516 011494,CRM,2023,10,scotch,6189516-011494,0.0,52477.0,4468.0,1030485.0,1,,,,,,,,unmatched,,,,,,,,,False
scotch,akqp4przw,CRM,2025,9,scotch,aKqp4PrZw,0.0,33372.0,161.0,439606.0,1,,,,,,,,unmatched,,,,,,,,,False
scotch,aon 3m,Sponsored Products,2026,4,SCOTCH,aon_3m,19665.0,0.0,446.0,355200.0,1,,,,,,,,unmatched,,,2.267988812611238,0.0,,,,,False
scotch,aon febrero,Sponsored Products,2026,2,SCOTCH,aon_febrero,49061.0,0.0,810.0,393180.0,1,,,,,,,,unmatched,,,1.6510058906259555,0.0,,,,,False
scotch,aon marzo,Sponsored Products,2026,3,SCOTCH,aon_marzo,44626.0,0.0,902.0,1051021.0,1,,,,,,,,unmatched,,,2.021243221440416,0.0,,,,,False
scotch,black week,Sponsored Products,2026,3,SCOTCH,black_week,21960.0,0.0,424.0,264617.0,1,,,,,,,,unmatched,,,1.9307832422586522,0.0,,,,,False
scotch,l qfogoii,CRM,2025,8,scotch,L-qfogOiI,0.0,31193.0,253.0,501230.0,1,,,,,,,,unmatched,,,,,,,,,False
scotch brite,aon marzo,Sponsored Products,2026,3,SCOTCH BRITE,aon_marzo,0.0,0.0,0.0,12591.0,1,,,,,,,,unmatched,,,,,,,,,False
scotchbrite,dziclvaze,CRM,2024,4,scotchbrite,dziCLVAzE,0.0,5.0,0.0,15563.0,1,,,,,,,,unmatched,,,,,,,,,False
scotchbrite,jbtuqb0cq,CRM,2024,4,scotchbrite,jbTuQB0cQ,0.0,6.0,0.0,16440.0,1,,,,,,,,unmatched,,,,,,,,,False
scotchbrite,o1xk9jlpu,CRM,2025,7,scotchbrite,O1xk9JlpU,0.0,29.0,0.0,129424.0,1,,,,,,,,unmatched,,,,,,,,,False
scotchgard,dziclvaze,CRM,2024,4,scotchgard,dziCLVAzE,0.0,17769.0,618.0,67960.0,1,,,,,,,,unmatched,,,,,,,,,False
scotchgard,jbtuqb0cq,CRM,2024,4,scotchgard,jbTuQB0cQ,0.0,29141.0,85.0,101940.0,1,,,,,,,,unmatched,,,,,,,,,False
scotchgard,o1xk9jlpu,CRM,2025,7,scotchgard,O1xk9JlpU,0.0,101351.0,392.0,239314.0,1,,,,,,,,unmatched,,,,,,,,,False
seguros falabella,automotriz,Retail Display,2025,2,seguros_falabella,automotriz,115388.0,0.0,108.0,0.0,15,,,,,,,,unmatched,,,0.09359725448053524,0.0,,,,,False
sensi dacqua,aon febrero 2026,Sponsored Products,2026,2,SENSI DACQUA,aon_febrero_2026,0.0,0.0,0.0,79990.0,1,,,,,,,,unmatched,,,,,,,,,False
sensi dacqua,aon marzo stretto 2026,Sponsored Products,2026,3,SENSI DACQUA,aon_marzo_stretto_2026,0.0,0.0,0.0,99990.0,1,,,,,,,,unmatched,,,,,,,,,False
siegen,aon marzo thomas electrodomesticos 2026,Sponsored Products,2026,3,SIEGEN,aon_marzo_thomas_electrodomesticos_2026,0.0,0.0,0.0,20990.0,1,,,,,,,,unmatched,,,,,,,,,False
sika,2i1un2nuw,CRM,2024,12,sika,2i1UN2NuW,0.0,101908.0,360.0,2214789.0,1,,,,,,,,unmatched,,,,,,,,,False
sika,8dxn1f3ep,CRM,2024,3,sika,8DXN1f3EP,0.0,101267.0,399.0,6552055.0,1,,,,,,,,unmatched,,,,,,,,,False
sika,beh0ni6bs,CRM,2024,10,sika,beH0NI6Bs,0.0,52509.0,229.0,1111058.0,1,,,,,,,,unmatched,,,,,,,,,False
sika,it9maz0fv,CRM,2024,2,sika,It9mAZ0fv,0.0,101202.0,305.0,5142591.0,1,,,,,,,,unmatched,,,,,,,,,False
sika,kqpdh6p1v,CRM,2024,5,sika,kqpdh6p1v,0.0,101264.0,291.0,6189701.0,1,,,,,,,,unmatched,,,,,,,,,False
sika,ng7ejuxzx,CRM,2024,10,sika,NG7ejUxZX,0.0,52630.0,202.0,990803.0,1,,,,,,,,unmatched,,,,,,,,,False
sika,obicivmwi,CRM,2024,1,sika,OBIcIVmWi,0.0,51138.0,74.0,1321767.0,1,,,,,,,,unmatched,,,,,,,,,False
sika,onwabp76v,CRM,2024,11,sika,oNWabp76v,0.0,50882.0,2264.0,2775540.0,1,,,,,,,,unmatched,,,,,,,,,False
sika,pqovvq2cw,CRM,2024,8,sika,PQovVq2cW,0.0,50392.0,202.0,3374917.0,1,,,,,,,,unmatched,,,,,,,,,False
sika,r9huzaghl,CRM,2024,9,sika,R9HUZAgHL,0.0,101336.0,702.0,20550986.0,1,,,,,,,,unmatched,,,,,,,,,False
sika,rx8r cfxz,CRM,2024,8,sika,rX8r-cFxz,0.0,50343.0,208.0,2121058.0,1,,,,,,,,unmatched,,,,,,,,,False
sika,sgkxymz4g,CRM,2024,10,sika,sGKxYMZ4G,0.0,54012.0,2071.0,3440266.0,1,,,,,,,,unmatched,,,,,,,,,False
sika,uqerahnis,CRM,2024,6,sika,uqErAhNIs,0.0,101232.0,531.0,4536651.0,1,,,,,,,,unmatched,,,,,,,,,False
sika,vvrvps9pn,CRM,2024,4,sika,vvrVPs9pn,0.0,101265.0,430.0,3658810.0,1,,,,,,,,unmatched,,,,,,,,,False
sika,wsks5c1ut,CRM,2024,11,sika,wskS5c1ut,0.0,70080.0,279.0,10527551.0,1,,,,,,,,unmatched,,,,,,,,,False
sika,x 4xc3jts,CRM,2024,1,sika,x-4XC3jtS,0.0,51290.0,86.0,345673.0,1,,,,,,,,unmatched,,,,,,,,,False
simoniz,6189516 008025,CRM,2023,2,simoniz,6189516-008025,0.0,101213.0,192.0,652779.0,1,,,,,,,,unmatched,,,,,,,,,False
simoniz,kotyhrpfo,CRM,2025,9,simoniz,KOTyhrPfO,0.0,42.0,0.0,268528.0,1,,,,,,,,unmatched,,,,,,,,,False
simoniz,m41p1yhxn,CRM,2025,9,simoniz,M41P1YhxN,0.0,132.0,2.0,877508.0,1,,,,,,,,unmatched,,,,,,,,,False
simplisima,concurso,Retail Display,2025,3,simplisima,concurso,192317.0,0.0,175.0,0.0,14,,,,,,,,unmatched,,,0.09099559581316263,0.0,,,,,False
simplisima,concurso,Retail Display,2025,4,simplisima,concurso,220321.0,0.0,478.0,0.0,22,,,,,,,,unmatched,,,0.2169561684995983,0.0,,,,,False
simplisima,concurso,Retail Display,2025,5,simplisima,concurso,183552.0,0.0,227.0,0.0,22,,,,,,,,unmatched,,,0.12367067642956764,0.0,,,,,False
simplisima,concurso,Retail Display,2025,6,simplisima,concurso,8800.0,0.0,12.0,0.0,5,,,,,,,,unmatched,,,0.13636363636363638,0.0,,,,,False
simplisima,cyber monday,Retail Display,2025,10,simplisima,cyber_monday,91757.0,0.0,174.0,0.0,3,,,,,,,,unmatched,,,0.18963130878298112,0.0,,,,,False
sin marca,,Otros,2024,5,sin_marca,,47938.0,0.0,712.0,0.0,2,,,,,,,,unmatched,,,1.4852517835537569,0.0,,,,,False
sindelen,6189516 012259,CRM,2023,12,sindelen,6189516-012259,0.0,101269.0,209.0,4416605.0,1,,,,,,,,unmatched,,,,,,,,,False
sindelen,bmztxuo8s,CRM,2024,4,sindelen,BmzTxUo8S,0.0,53955.0,2814.0,4813197.0,1,,,,,,,,unmatched,,,,,,,,,False
sindelen,clfm7hwvq,CRM,2024,8,sindelen,cLfm7hwvq,0.0,77.0,2.0,5136165.0,1,,,,,,,,unmatched,,,,,,,,,False
sindelen,cyber day,Retail Display,2024,6,sindelen,cyber_day,294076.0,0.0,846.0,0.0,2,,,,,,,,unmatched,,,0.28768073559215984,0.0,,,,,False
sindelen,cyber monday,Retail Display,2024,9,sindelen,cyber_monday,33982.0,0.0,236.0,0.0,1,,,,,,,,unmatched,,,0.6944853157554,0.0,,,,,False
sindelen,cyber monday,Retail Display,2024,10,sindelen,cyber_monday,168766.0,0.0,440.0,0.0,2,,,,,,,,unmatched,,,0.2607160209994904,0.0,,,,,False
sindelen,dadb10y q,CRM,2023,12,sindelen,daDb10y-Q,0.0,101168.0,201.0,2299482.0,1,,,,,,,,unmatched,,,,,,,,,False
sindelen,dfyk0f1rx,CRM,2024,8,sindelen,dFYK0f1rX,0.0,54058.0,2340.0,2509607.0,1,,,,,,,,unmatched,,,,,,,,,False
sindelen,ilu19jn7r,CRM,2024,1,sindelen,Ilu19JN7r,0.0,102257.0,298.0,6920865.0,1,,,,,,,,unmatched,,,,,,,,,False
sindelen,khat9o5et,CRM,2025,6,sindelen,KHat9O5Et,0.0,106158.0,176.0,7372964.0,1,,,,,,,,unmatched,,,,,,,,,False
sindelen,mgkkw0ceb,CRM,2025,10,sindelen,MGkkW0ceb,0.0,106149.0,103.0,4488101.0,1,ELECTROHOGAR,SINDELEN,Cyber Octubre 2025,700000.0,27119.0,672881.0,1.0,probable,cyber octubre 2025,1.0,,,6.411572857142857,,6796.116504854369,0.9612585714285714,True
sindelen,o1c8b6vb6,CRM,2024,7,sindelen,O1C8b6vb6,0.0,48464.0,2379.0,3814480.0,1,,,,,,,,unmatched,,,,,,,,,False
sindelen,ojjc2qdoi,CRM,2025,6,sindelen,OJjc2QdoI,0.0,106149.0,217.0,9716754.0,1,,,,,,,,unmatched,,,,,,,,,False
sindelen,pja0xzn9s,CRM,2024,8,sindelen,PJA0xZN9s,0.0,48.0,1.0,3346691.0,1,,,,,,,,unmatched,,,,,,,,,False
sindelen,qci2rs5bg,CRM,2024,6,sindelen,QcI2Rs5bG,0.0,106244.0,353.0,4508335.0,1,,,,,,,,unmatched,,,,,,,,,False
sindelen,r7kcqzihi,CRM,2024,6,sindelen,R7kCQZIHi,0.0,4988.0,0.0,613880.0,1,,,,,,,,unmatched,,,,,,,,,False
sindelen,vxcexwydm,CRM,2024,6,sindelen,vXCExwydM,0.0,33543.0,2050.0,1310925.0,1,,,,,,,,unmatched,,,,,,,,,False
sindelen,x,CRM,2024,9,sindelen,X,0.0,105839.0,176.0,2722211.0,1,,,,,,,,unmatched,,,,,,,,,False
sindelen,x,CRM,2024,10,sindelen,X,0.0,105256.0,154.0,6214916.0,1,,,,,,,,unmatched,,,,,,,,,False
sindelen,xv1xdn64y,CRM,2024,6,sindelen,Xv1xdN64Y,0.0,105984.0,342.0,4415775.0,1,,,,,,,,unmatched,,,,,,,,,False
sipa,6189516 008821,CRM,2023,4,sipa,6189516-008821,0.0,100358.0,281.0,18175044.0,1,,,,,,,,unmatched,,,,,,,,,False
sipa,6189516 008957,CRM,2023,4,sipa,6189516-008957,0.0,101355.0,210.0,15015000.0,1,,,,,,,,unmatched,,,,,,,,,False
sipa,6189516 008989,CRM,2023,4,sipa,6189516-008989,0.0,10897.0,2789.0,6040094.0,1,,,,,,,,unmatched,,,,,,,,,False
sipa,6189516 008996,CRM,2023,4,sipa,6189516-008996,0.0,9921.0,2519.0,4955057.0,1,,,,,,,,unmatched,,,,,,,,,False
sipa,6189516 009143,CRM,2023,4,sipa,6189516-009143,0.0,38261.0,3905.0,6059361.0,1,,,,,,,,unmatched,,,,,,,,,False
sipa,kj05wnqub,CRM,2024,2,sipa,Kj05wnquB,0.0,101112.0,324.0,36049109.0,1,,,,,,,,unmatched,,,,,,,,,False
skechers,co brand,Retail Display,2024,12,skechers,co_brand,162007.0,0.0,446.0,0.0,20,,,,,,,,unmatched,,,0.27529674643688234,0.0,,,,,False
skechers work,0b3ng0mgq,CRM,2025,1,skechers work,0B3nG0mGQ,0.0,102069.0,653.0,1340230.0,1,,,,,,,,unmatched,,,,,,,,,False
skechers work,6189516 011592,CRM,2023,10,skechers work,6189516-011592,0.0,46542.0,214.0,220004.0,1,,,,,,,,unmatched,,,,,,,,,False
skechers work,6189516 011593,CRM,2023,10,skechers work,6189516-011593,0.0,55749.0,205.0,411730.0,1,,,,,,,,unmatched,,,,,,,,,False
skechers work,6189516 012230,CRM,2023,12,skechers work,6189516-012230,0.0,54033.0,3698.0,60480.0,1,,,,,,,,unmatched,,,,,,,,,False
skechers work,7hgoi2pis,CRM,2025,2,skechers work,7hGOi2PIs,0.0,101132.0,922.0,1272315.0,1,,,,,,,,unmatched,,,,,,,,,False
skechers work,aon skechers,Sponsored Products,2026,4,SKECHERS WORK,aon_skechers,65272.0,0.0,1059.0,890062.0,1,,,,,,,,unmatched,,,1.6224414756710381,0.0,,,,,False
skechers work,aon skechers marzo,Sponsored Products,2026,3,SKECHERS WORK,aon_skechers_marzo,206419.0,0.0,3753.0,4850550.0,1,,,,,,,,unmatched,,,1.8181465853434036,0.0,,,,,False
skechers work,black marzo 2026,CRM,2026,4,skechers work,Black Marzo 2026,0.0,329550.0,0.0,3690589.0,1,,,,,,,,unmatched,,,,,,,,,False
skechers work,hktwj1bca,CRM,2024,3,skechers work,HKtWJ1BcA,0.0,102125.0,572.0,4681860.0,1,,,,,,,,unmatched,,,,,,,,,False
skechers work,iopigvpau,CRM,2024,12,skechers work,ioPigVpaU,0.0,102205.0,918.0,1841150.0,1,,,,,,,,unmatched,,,,,,,,,False
skechers work,mie3pbidt,CRM,2024,6,skechers work,MiE3PBidT,0.0,106241.0,229.0,739845.0,1,,,,,,,,unmatched,,,,,,,,,False
skechers work,nw77gq0kt,CRM,2024,5,skechers work,nW77Gq0kt,0.0,46669.0,242.0,800853.0,1,,,,,,,,unmatched,,,,,,,,,False
skechers work,pfizpdu08,CRM,2025,1,skechers work,pfizpDU08,0.0,102001.0,649.0,691551.0,1,,,,,,,,unmatched,,,,,,,,,False
skechers work,scq9cbkrj,CRM,2024,5,skechers work,ScQ9CbKRj,0.0,43889.0,232.0,432440.0,1,,,,,,,,unmatched,,,,,,,,,False
skechers work,z6mp1qv w,CRM,2024,12,skechers work,Z6Mp1qV-W,0.0,101848.0,838.0,1546488.0,1,,,,,,,,unmatched,,,,,,,,,False
socoda,black week,Retail Display,2025,3,socoda,black_week,143833.0,0.0,485.0,0.0,5,BANOS Y COCINAS,SOCODA,Black Marzo 2025,500000.0,400000.0,100000.0,1.0,probable,black marzo 2025,1.0,0.3371966099573811,0.0,0.0,3476.2537109008363,1030.9278350515465,0.2,True
socoda,black week,Retail Display,2025,4,socoda,black_week,186785.0,0.0,559.0,0.0,8,,,,,,,,unmatched,,,0.29927456701555266,0.0,,,,,False
soft,,CRM,2025,7,soft,,0.0,143.0,0.0,0.0,3,,,,,,,,unmatched,,,,,,,,,False
soft,,CRM,2025,8,soft,,0.0,469.0,0.0,0.0,28,,,,,,,,unmatched,,,,,,,,,False
soft,,CRM,2025,9,soft,,0.0,976.0,0.0,9990.0,28,,,,,,,,unmatched,,,,,,,,,False
soft,black marzo 2026,CRM,2026,3,soft,Black Marzo 2026,0.0,16.0,1.0,197469.0,1,,,,,,,,unmatched,,,,,,,,,False
soft,black week,Sponsored Products,2026,3,SOFT,black_week,6321.0,0.0,47.0,48760.0,1,,,,,,,,unmatched,,,0.7435532352475874,0.0,,,,,False
soft,hu0ajearn,CRM,2026,4,soft,hu0AJEarN,0.0,27.0,0.0,344209.0,1,,,,,,,,unmatched,,,,,,,,,False
soft,jf1j1ta7d,CRM,2025,10,soft,jF1j1tA7d,0.0,12.0,3.0,143802.0,1,,,,,,,,unmatched,,,,,,,,,False
soft,nd0wdi6id,CRM,2025,10,soft,Nd0wdi6id,0.0,10.0,0.0,184290.0,1,,,,,,,,unmatched,,,,,,,,,False
softys elite,cyber day,Retail Display,2024,6,softys-elite,cyber_day,291300.0,0.0,681.0,0.0,3,,,,,,,,unmatched,,,0.23377960865087538,0.0,,,,,False
sonax,0liw1rkjw,CRM,2025,1,sonax,0LiW1rKjW,0.0,168.0,2.0,1373614.0,1,,,,,,,,unmatched,,,,,,,,,False
sonax,6189516 007910,CRM,2023,1,sonax,6189516-007910,0.0,101118.0,147.0,1562387.0,1,,,,,,,,unmatched,,,,,,,,,False
sonax,jikcdv03v,CRM,2025,2,sonax,JIKcdv03v,0.0,130.0,2.0,1082625.0,1,,,,,,,,unmatched,,,,,,,,,False
splendid,,CRM,2023,12,splendid,,0.0,1079243.0,0.0,115799948.0,1,,,,,,,,unmatched,,,,,,,,,False
splendid,,CRM,2025,8,splendid,,0.0,4671.0,0.0,19364974.0,37,,,,,,,,unmatched,,,,,,,,,False
splendid,,CRM,2025,9,splendid,,0.0,5294.0,0.0,22778236.0,57,BANOS Y COCINAS,SPLENDID,Always On Septiembre,3650000.0,139130.0,3510870.0,3.0,probable,always on septiembre,1.0,,,6.240612602739726,,,0.9618821917808219,True
splendid,,CRM,2025,10,splendid,,0.0,11822.0,0.0,35456887.0,57,,,,,,,,unmatched,,,,,,,,,False
splendid,,CRM,2025,11,splendid,,0.0,6612.0,0.0,22444790.0,60,BANOS Y COCINAS,SPLENDID,Always On Noviembre 2025,3920000.0,69566.0,3850434.0,3.0,probable,always on noviembre 2025,1.0,,,5.725711734693878,,,0.9822535714285714,True
splendid,,CRM,2025,12,splendid,,0.0,3067.0,0.0,16200924.0,61,BANOS Y COCINAS,SPLENDID,Always On Diciembre 2025,3920000.0,114286.0,3805714.0,3.0,probable,always on diciembre 2025,1.0,,,4.132888775510204,,,0.9708454081632653,True
splendid,,CRM,2026,1,splendid,,0.0,3616.0,0.0,21973165.0,62,,,,,,,,unmatched,,,,,,,,,False
splendid,,CRM,2026,2,splendid,,0.0,2884.0,0.0,12759434.0,56,,,,,,,,unmatched,,,,,,,,,False
splendid,,CRM,2026,3,splendid,,0.0,11225.0,0.0,24603684.0,62,,,,,,,,unmatched,,,,,,,,,False
splendid,,CRM,2026,4,splendid,,0.0,17494.0,0.0,25804611.0,53,,,,,,,,unmatched,,,,,,,,,False
splendid,,CRM,2026,5,splendid,,0.0,13233.0,0.0,26001002.0,44,BANOS Y COCINAS,SPLENDID,AON MAYO RHHEM BYC2026,2070000.0,61538.0,2008462.0,2.0,probable,aon mayo rhhem byc2026,1.0,,,12.560870531400965,,,0.970271497584541,True
splendid,0cpztyhco,CRM,2024,8,splendid,0cPZTyHcO,0.0,49933.0,198.0,16699565.0,1,,,,,,,,unmatched,,,,,,,,,False
splendid,149fwfh5s,CRM,2025,1,splendid,149FWfH5s,0.0,54056.0,737.0,13197609.0,1,,,,,,,,unmatched,,,,,,,,,False
splendid,1cbtef70h,CRM,2025,9,splendid,1cBtEF70h,0.0,37363.0,167.0,9928339.0,1,BANOS Y COCINAS,SPLENDID,Always On Septiembre,3650000.0,139130.0,3510870.0,3.0,probable,always on septiembre,1.0,,,2.7200928767123287,,21856.2874251497,0.9618821917808219,True
splendid,1enwtm1pu,CRM,2025,1,splendid,1eNWtM1Pu,0.0,101767.0,416.0,18113663.0,1,,,,,,,,unmatched,,,,,,,,,False
splendid,2gvvkafui,CRM,2024,6,splendid,2GvVkaFui,0.0,106364.0,536.0,48893567.0,1,,,,,,,,unmatched,,,,,,,,,False
splendid,4svz05mkt,CRM,2024,3,splendid,4Svz05MKt,0.0,101178.0,336.0,27566932.0,1,,,,,,,,unmatched,,,,,,,,,False
splendid,53nnaqx8m,CRM,2025,6,splendid,53NNaQx8m,0.0,106306.0,223.0,57687044.0,1,,,,,,,,unmatched,,,,,,,,,False
splendid,6189516 007861,CRM,2023,1,splendid,6189516-007861,0.0,100715.0,159.0,14242840.0,1,,,,,,,,unmatched,,,,,,,,,False
splendid,6189516 008010,CRM,2023,2,splendid,6189516-008010,0.0,101266.0,208.0,22101968.0,1,,,,,,,,unmatched,,,,,,,,,False
splendid,6189516 008663,CRM,2023,3,splendid,6189516-008663,0.0,100843.0,201.0,14124646.0,1,,,,,,,,unmatched,,,,,,,,,False
splendid,6189516 008780,CRM,2023,4,splendid,6189516-008780,0.0,101280.0,78.0,10969096.0,1,,,,,,,,unmatched,,,,,,,,,False
splendid,6189516 008851,CRM,2023,4,splendid,6189516-008851,0.0,101259.0,169.0,18166280.0,1,,,,,,,,unmatched,,,,,,,,,False
splendid,6189516 009408,CRM,2023,5,splendid,6189516-009408,0.0,105288.0,155.0,8633831.0,1,,,,,,,,unmatched,,,,,,,,,False
splendid,6189516 009518,CRM,2023,5,splendid,6189516-009518,0.0,104300.0,132.0,8946266.0,1,,,,,,,,unmatched,,,,,,,,,False
splendid,6189516 010799,CRM,2023,8,splendid,6189516-010799,0.0,101840.0,175.0,22039699.0,1,,,,,,,,unmatched,,,,,,,,,False
splendid,6189516 011104,CRM,2023,9,splendid,6189516-011104,0.0,100626.0,342.0,20389889.0,1,,,,,,,,unmatched,,,,,,,,,False
splendid,6189516 011148,CRM,2023,10,splendid,6189516-011148,0.0,105233.0,111.0,5855690.0,1,,,,,,,,unmatched,,,,,,,,,False
splendid,6189516 011170,CRM,2023,9,splendid,6189516-011170,0.0,101282.0,348.0,18760881.0,1,,,,,,,,unmatched,,,,,,,,,False
splendid,6189516 011244,CRM,2023,10,splendid,6189516-011244,0.0,86402.0,56.0,12751767.0,1,,,,,,,,unmatched,,,,,,,,,False
splendid,6189516 011572,CRM,2023,10,splendid,6189516-011572,0.0,102014.0,331.0,12122128.0,1,,,,,,,,unmatched,,,,,,,,,False
splendid,6189516 012010,CRM,2023,11,splendid,6189516-012010,0.0,101265.0,261.0,15722978.0,1,,,,,,,,unmatched,,,,,,,,,False
splendid,6189516 012261,CRM,2023,12,splendid,6189516-012261,0.0,53892.0,3208.0,5812478.0,1,,,,,,,,unmatched,,,,,,,,,False
splendid,6189516 012293,CRM,2023,12,splendid,6189516-012293,0.0,101266.0,179.0,10379335.0,1,,,,,,,,unmatched,,,,,,,,,False
splendid,6189516 012322,CRM,2023,12,splendid,6189516-012322,0.0,101224.0,130.0,10247791.0,1,,,,,,,,unmatched,,,,,,,,,False
splendid,7f5lozdss,CRM,2023,12,splendid,7f5LoZDsS,0.0,101357.0,300.0,14357461.0,1,,,,,,,,unmatched,,,,,,,,,False
splendid,8gji64bgt,CRM,2024,12,splendid,8gJI64BGt,0.0,101967.0,377.0,23793806.0,1,,,,,,,,unmatched,,,,,,,,,False
splendid,a7fg5cajf,CRM,2024,10,splendid,A7FG5cajF,0.0,52933.0,2091.0,17228361.0,1,,,,,,,,unmatched,,,,,,,,,False
splendid,ac,Retail Display,2025,1,splendid,ac,344186.0,0.0,1720.0,0.0,17,,,,,,,,unmatched,,,0.4997297972607834,0.0,,,,,False
splendid,aire acondicionado,Retail Display,2024,10,splendid,aire_acondicionado,83690.0,0.0,574.0,0.0,7,,,,,,,,unmatched,,,0.6858644999402557,0.0,,,,,False
splendid,aire acondicionado,Retail Display,2024,11,splendid,aire_acondicionado,550347.0,0.0,2651.0,0.0,21,,,,,,,,unmatched,,,0.4816960935555204,0.0,,,,,False
splendid,aire acondicionado,Retail Display,2024,12,splendid,aire_acondicionado,516807.0,0.0,1822.0,0.0,24,,,,,,,,unmatched,,,0.35254940432308385,0.0,,,,,False
splendid,alyegw3pv,CRM,2025,8,splendid,AlyeGw3Pv,0.0,101278.0,437.0,19270588.0,1,,,,,,,,unmatched,,,,,,,,,False
splendid,ao,Retail Display,2025,9,splendid,ao,821521.0,0.0,1097.0,0.0,26,BANOS Y COCINAS,SPLENDID,Always On Septiembre,1000000.0,800000.0,200000.0,1.0,probable,always on septiembre,1.0,0.13353280074398585,0.0,0.0,1217.2543367728883,911.5770282588878,0.2,True
splendid,b61y30ftj,CRM,2025,7,splendid,B61y30fTj,0.0,101541.0,361.0,36462931.0,1,,,,,,,,unmatched,,,,,,,,,False
splendid,black friday,Retail Display,2024,11,splendid,black_friday,42156.0,0.0,221.0,0.0,2,,,,,,,,unmatched,,,0.5242432868393585,0.0,,,,,False
splendid,black friday,Retail Display,2024,12,splendid,black_friday,358768.0,0.0,790.0,0.0,2,,,,,,,,unmatched,,,0.22019801097087813,0.0,,,,,False
splendid,black week,Retail Display,2025,3,splendid,black_week,90338.0,0.0,325.0,0.0,6,,,,,,,,unmatched,,,0.35976001239788347,0.0,,,,,False
splendid,black week,Retail Display,2025,4,splendid,black_week,171617.0,0.0,326.0,0.0,8,ELECTROHOGAR,SPLENDID,AON ABRIL 2025,2000000.0,800000.0,1200000.0,2.0,probable,aon abril 2025,1.0,0.18995787130645564,0.0,0.0,11653.857135365379,6134.9693251533745,0.6,True
splendid,black week,Sponsored Products,2026,3,SPLENDID,black_week,87535.0,0.0,2065.0,20803567.0,1,BANOS Y COCINAS,SPLENDID,AON MARZO RHEEM 2026,1000000.0,824000.0,176000.0,1.0,probable,aon marzo rheem 2026,1.0,2.3590563774490203,0.0,20.803567,11424.001827840293,484.26150121065376,0.176,True
splendid,bombas,Retail Display,2025,1,splendid,bombas,382422.0,0.0,793.0,0.0,17,,,,,,,,unmatched,,,0.2073625471337946,0.0,,,,,False
splendid,bombas,Retail Display,2025,2,splendid,bombas,248252.0,0.0,568.0,0.0,28,,,,,,,,unmatched,,,0.22879976797770007,0.0,,,,,False
splendid,bqumovces,CRM,2024,8,splendid,BqUMOVCeS,0.0,49364.0,209.0,24280009.0,1,,,,,,,,unmatched,,,,,,,,,False
splendid,calefont,Retail Display,2025,4,splendid,calefont,384618.0,0.0,1059.0,0.0,21,ELECTROHOGAR,SPLENDID,AON ABRIL 2025,2000000.0,800000.0,1200000.0,2.0,probable,aon abril 2025,1.0,0.2753381277007316,0.0,0.0,5199.964640240446,1888.5741265344666,0.6,True
splendid,ctqhp3jaq,CRM,2024,11,splendid,ctqHp3jaq,0.0,100698.0,450.0,20502387.0,1,,,,,,,,unmatched,,,,,,,,,False
splendid,ddemkhpm2,CRM,2024,6,splendid,ddEMkhpm2,0.0,54058.0,2519.0,30870624.0,1,,,,,,,,unmatched,,,,,,,,,False
splendid,dgsu4z6mn,CRM,2024,6,splendid,dGSU4z6mN,0.0,106385.0,186.0,11135137.0,1,,,,,,,,unmatched,,,,,,,,,False
splendid,drdu1e73b,CRM,2024,6,splendid,drdU1E73B,0.0,54094.0,1539.0,9353677.0,1,,,,,,,,unmatched,,,,,,,,,False
splendid,e2g7cjqop,CRM,2025,6,splendid,E2G7cJqOp,0.0,106444.0,171.0,27512324.0,1,,,,,,,,unmatched,,,,,,,,,False
splendid,fcg8pybxs,CRM,2025,11,splendid,FCg8pyBxs,0.0,101206.0,375.0,11747923.0,1,BANOS Y COCINAS,SPLENDID,Always On Noviembre 2025,3920000.0,69566.0,3850434.0,3.0,probable,always on noviembre 2025,1.0,,,2.996919132653061,,10453.333333333334,0.9822535714285714,True
splendid,fhloioqkr,CRM,2025,3,splendid,fhloIoqKR,0.0,101219.0,537.0,22755403.0,1,,,,,,,,unmatched,,,,,,,,,False
splendid,filtros,Retail Display,2025,5,splendid,filtros,577.0,0.0,0.0,0.0,4,,,,,,,,unmatched,,,0.0,0.0,,,,,False
splendid,filtros,Retail Display,2025,6,splendid,filtros,426326.0,0.0,541.0,0.0,12,,,,,,,,unmatched,,,0.12689819527779211,0.0,,,,,False
splendid,filtros,Retail Display,2025,7,splendid,filtros,202084.0,0.0,332.0,0.0,24,,,,,,,,unmatched,,,0.16428811781239483,0.0,,,,,False
splendid,glfakxqd,CRM,2025,10,splendid,-gLfAKXqD,0.0,20736.0,174.0,5802601.0,1,,,,,,,,unmatched,,,,,,,,,False
splendid,gmbyll5uw,CRM,2025,12,splendid,GMbyLl5uW,0.0,101418.0,385.0,11664675.0,1,BANOS Y COCINAS,SPLENDID,Always On Diciembre 2025,3920000.0,114286.0,3805714.0,3.0,probable,always on diciembre 2025,1.0,,,2.9756823979591838,,10181.818181818182,0.9708454081632653,True
splendid,hlaggtze5,CRM,2025,9,splendid,hLagGtzE5,0.0,101274.0,292.0,18452760.0,1,BANOS Y COCINAS,SPLENDID,Always On Septiembre,3650000.0,139130.0,3510870.0,3.0,probable,always on septiembre,1.0,,,5.055550684931507,,12500.0,0.9618821917808219,True
splendid,ihgok0nyj,CRM,2025,10,splendid,ihgok0nyj,0.0,135.0,135.0,15928810.0,1,,,,,,,,unmatched,,,,,,,,,False
splendid,iiplqvngy,CRM,2025,10,splendid,IipLqVnGY,0.0,79.0,8.0,8678716.0,1,,,,,,,,unmatched,,,,,,,,,False
splendid,jacllsjbl,CRM,2025,2,splendid,JAcLLsjbL,0.0,101225.0,513.0,22247916.0,1,,,,,,,,unmatched,,,,,,,,,False
splendid,kauf4tsyk,CRM,2024,11,splendid,kAuf4tSYK,0.0,101315.0,410.0,18415927.0,1,,,,,,,,unmatched,,,,,,,,,False
splendid,lavamanos,Retail Display,2025,5,splendid,lavamanos,110530.0,0.0,171.0,0.0,24,,,,,,,,unmatched,,,0.1547091287433276,0.0,,,,,False
splendid,lavamanos,Retail Display,2025,6,splendid,lavamanos,4872.0,0.0,6.0,0.0,5,,,,,,,,unmatched,,,0.12315270935960591,0.0,,,,,False
splendid,ou4hrzve2,CRM,2024,10,splendid,ou4hRzvE2,0.0,102186.0,544.0,24169596.0,1,,,,,,,,unmatched,,,,,,,,,False
splendid,ppi,Retail Display,2025,6,splendid,ppi,88300.0,0.0,139.0,0.0,6,,,,,,,,unmatched,,,0.15741789354473387,0.0,,,,,False
splendid,ppi,Retail Display,2025,7,splendid,ppi,141058.0,0.0,308.0,0.0,31,,,,,,,,unmatched,,,0.21834989862326137,0.0,,,,,False
splendid,ps0mfspjv,CRM,2024,11,splendid,ps0MfSPJV,0.0,101320.0,386.0,23754202.0,1,,,,,,,,unmatched,,,,,,,,,False
splendid,qlmgpguyw,CRM,2024,1,splendid,Qlmgpguyw,0.0,101752.0,333.0,17794905.0,1,,,,,,,,unmatched,,,,,,,,,False
splendid,renovaciones,Retail Display,2025,1,splendid,renovaciones,173260.0,0.0,316.0,0.0,17,,,,,,,,unmatched,,,0.18238485513101696,0.0,,,,,False
splendid,renovaciones,Retail Display,2025,2,splendid,renovaciones,106140.0,0.0,141.0,0.0,28,,,,,,,,unmatched,,,0.13284341435839458,0.0,,,,,False
splendid,rotsulunk,CRM,2024,7,splendid,rOtSULunK,0.0,101924.0,320.0,39641523.0,1,,,,,,,,unmatched,,,,,,,,,False
splendid,ssrfrjcgk,CRM,2025,10,splendid,SSrfRJCGk,0.0,101343.0,483.0,14405871.0,1,,,,,,,,unmatched,,,,,,,,,False
splendid,tmu6xz8wb,CRM,2025,2,splendid,tmU6XZ8wb,0.0,101180.0,498.0,18221173.0,1,,,,,,,,unmatched,,,,,,,,,False
splendid,twt6cidl7,CRM,2025,6,splendid,TWT6cIDL7,0.0,54145.0,276.0,11581274.0,1,,,,,,,,unmatched,,,,,,,,,False
splendid,uswo7qq8x,CRM,2025,4,splendid,UsWo7qQ8x,0.0,249.0,5.0,34060588.0,1,ELECTROHOGAR,SPLENDID,AON ABRIL 2025,2000000.0,100000.0,1900000.0,2.0,probable,aon abril 2025,1.0,,,17.030294,,400000.0,0.95,True
splendid,vl7gbpdfz,CRM,2025,1,splendid,vl7GBpdfz,0.0,101305.0,452.0,24178388.0,1,,,,,,,,unmatched,,,,,,,,,False
splendid,vssdrejdx,CRM,2025,11,splendid,VsSdreJDx,0.0,101374.0,636.0,14307533.0,1,BANOS Y COCINAS,SPLENDID,Always On Noviembre 2025,3920000.0,69566.0,3850434.0,3.0,probable,always on noviembre 2025,1.0,,,3.6498808673469387,,6163.522012578616,0.9822535714285714,True
splendid,vy0rnrdqa,CRM,2025,1,splendid,vY0RNrDQA,0.0,54030.0,738.0,11761223.0,1,,,,,,,,unmatched,,,,,,,,,False
splendid,wxxwsjzkb,CRM,2024,12,splendid,wxxwsJzKb,0.0,53912.0,1880.0,21112517.0,1,,,,,,,,unmatched,,,,,,,,,False
splendid,x,CRM,2024,9,splendid,X,0.0,101147.0,302.0,65877753.0,1,,,,,,,,unmatched,,,,,,,,,False
splendid,x,CRM,2024,10,splendid,X,0.0,158471.0,937.0,73338493.0,2,,,,,,,,unmatched,,,,,,,,,False
splendid,x7pzyp8ke,CRM,2025,8,splendid,X7pzYP8Ke,0.0,54040.0,227.0,8943753.0,1,,,,,,,,unmatched,,,,,,,,,False
splendid,xkly6ch4u,CRM,2025,1,splendid,xklY6Ch4u,0.0,101260.0,650.0,25503136.0,1,,,,,,,,unmatched,,,,,,,,,False
splendid,xt4ymwmjy,CRM,2024,2,splendid,xT4Ymwmjy,0.0,48580.0,4553.0,17097238.0,1,,,,,,,,unmatched,,,,,,,,,False
splendid,xtsxueinn,CRM,2024,6,splendid,xtsxueINN,0.0,101071.0,380.0,26978581.0,1,,,,,,,,unmatched,,,,,,,,,False
splendid,y8zsi9uov,CRM,2025,7,splendid,Y8ZsI9uoV,0.0,101322.0,435.0,18295366.0,1,,,,,,,,unmatched,,,,,,,,,False
splendid,yzbioi4vs,CRM,2025,4,splendid,YZBioI4vS,0.0,101198.0,617.0,26188125.0,1,ELECTROHOGAR,SPLENDID,AON ABRIL 2025,2000000.0,100000.0,1900000.0,2.0,probable,aon abril 2025,1.0,,,13.0940625,,3241.4910858995136,0.95,True
splendid,zasqfodme,CRM,2024,1,splendid,ZAsQFoDME,0.0,103433.0,323.0,17117233.0,1,,,,,,,,unmatched,,,,,,,,,False
splendid,zirmhqpsz,CRM,2024,7,splendid,zirMhQpSz,0.0,101351.0,463.0,53926878.0,1,,,,,,,,unmatched,,,,,,,,,False
splendid rheem,ao,Retail Display,2025,11,splendid-rheem,ao,199459.0,0.0,231.0,0.0,25,,,,,,,,unmatched,,,0.11581327490862783,0.0,,,,,False
splendid rheem,ao,Retail Display,2025,12,splendid-rheem,ao,166202.0,0.0,171.0,0.0,8,,,,,,,,unmatched,,,0.102886848533712,0.0,,,,,False
splendid rheem,aon marzo rheem 2026,Retail Display,2026,3,splendid-rheem,aon_marzo_rheem_2026,153852.0,0.0,187.0,0.0,24,,,,,,,,unmatched,,,0.12154538127551154,0.0,,,,,False
splendid rheem,aon rheem 2026,Retail Display,2026,1,splendid-rheem,aon_rheem_2026,115435.0,0.0,207.0,0.0,24,,,,,,,,unmatched,,,0.17932169619266253,0.0,,,,,False
splendid rheem,aon rheem febrero 2026,Retail Display,2026,2,splendid-rheem,aon_rheem_febrero_2026,115398.0,0.0,51.0,0.0,12,,,,,,,,unmatched,,,0.04419487339468622,0.0,,,,,False
splendid rheem,calefont,Retail Display,2025,6,splendid-rheem,calefont,156421.0,0.0,206.0,0.0,10,,,,,,,,unmatched,,,0.131695872037642,0.0,,,,,False
splendid rheem,calefont,Retail Display,2025,7,splendid-rheem,calefont,214859.0,0.0,308.0,0.0,24,,,,,,,,unmatched,,,0.14334982476880187,0.0,,,,,False
splendid rheem,calefont ppi,Retail Display,2025,6,splendid-rheem,calefont_ppi,59441.0,0.0,78.0,0.0,4,,,,,,,,unmatched,,,0.13122255682104944,0.0,,,,,False
stanford,aon enero muebles,Sponsored Products,2026,1,STANFORD,aon_enero_muebles,8264.0,0.0,346.0,107980.0,1,,,,,,,,unmatched,,,4.186834462729913,0.0,,,,,False
stanford,aon febrero 2026,Sponsored Products,2026,2,STANFORD,aon_febrero_2026,0.0,0.0,0.0,114980.0,1,,,,,,,,unmatched,,,,,,,,,False
stanford,aon febrero muebles 2026,Sponsored Products,2026,2,STANFORD,aon_febrero_muebles_2026,6248.0,0.0,109.0,489960.0,1,,,,,,,,unmatched,,,1.7445582586427657,0.0,,,,,False
stanford,black week,Sponsored Products,2026,3,STANFORD,black_week,1883.0,0.0,33.0,284960.0,1,,,,,,,,unmatched,,,1.7525225703664364,0.0,,,,,False
stanley,,CRM,2025,7,stanley,,0.0,82.0,0.0,227977.0,4,,,,,,,,unmatched,,,,,,,,,False
stanley,,CRM,2025,8,stanley,,0.0,464.0,0.0,3117470.0,31,,,,,,,,unmatched,,,,,,,,,False
stanley,,CRM,2025,9,stanley,,0.0,511.0,0.0,3888907.0,28,,,,,,,,unmatched,,,,,,,,,False
stanley,,CRM,2025,10,stanley,,0.0,1053.0,0.0,4672462.0,29,,,,,,,,unmatched,,,,,,,,,False
stanley,,CRM,2025,11,stanley,,0.0,785.0,0.0,5702381.0,30,,,,,,,,unmatched,,,,,,,,,False
stanley,,CRM,2025,12,stanley,,0.0,509.0,0.0,3450265.0,31,,,,,,,,unmatched,,,,,,,,,False
stanley,,CRM,2026,1,stanley,,0.0,419.0,0.0,1914184.0,31,,,,,,,,unmatched,,,,,,,,,False
stanley,,CRM,2026,2,stanley,,0.0,450.0,0.0,1676987.0,28,,,,,,,,unmatched,,,,,,,,,False
stanley,,CRM,2026,3,stanley,,0.0,776.0,0.0,4363911.0,31,,,,,,,,unmatched,,,,,,,,,False
stanley,,CRM,2026,4,stanley,,0.0,988.0,0.0,3145490.0,30,,,,,,,,unmatched,,,,,,,,,False
stanley,,CRM,2026,5,stanley,,0.0,476.0,0.0,2005409.0,24,,,,,,,,unmatched,,,,,,,,,False
stanley,2iwm2louf,CRM,2024,8,stanley,2IwM2LoUF,0.0,195.0,11.0,3821562.0,1,,,,,,,,unmatched,,,,,,,,,False
stanley,3hdtbjpun,CRM,2024,4,stanley,3HDTBjpUn,0.0,165.0,4.0,2704789.0,1,,,,,,,,unmatched,,,,,,,,,False
stanley,3jw60weq3,CRM,2024,6,stanley,3jW60WEQ3,0.0,106112.0,389.0,7014500.0,1,,,,,,,,unmatched,,,,,,,,,False
stanley,5we3vqee1,CRM,2024,10,stanley,5wE3Vqee1,0.0,102108.0,720.0,6578224.0,1,,,,,,,,unmatched,,,,,,,,,False
stanley,6189516 008024,CRM,2023,2,stanley,6189516-008024,0.0,101228.0,154.0,2918942.0,1,,,,,,,,unmatched,,,,,,,,,False
stanley,6189516 008411,CRM,2023,3,stanley,6189516-008411,0.0,101196.0,218.0,6957265.0,1,,,,,,,,unmatched,,,,,,,,,False
stanley,6189516 008544,CRM,2023,3,stanley,6189516-008544,0.0,100734.0,147.0,2830770.0,1,,,,,,,,unmatched,,,,,,,,,False
stanley,6189516 008673,CRM,2023,3,stanley,6189516-008673,0.0,100508.0,117.0,2450159.0,1,,,,,,,,unmatched,,,,,,,,,False
stanley,6189516 008913,CRM,2023,4,stanley,6189516-008913,0.0,101462.0,258.0,4825717.0,1,,,,,,,,unmatched,,,,,,,,,False
stanley,6189516 009031,CRM,2023,4,stanley,6189516-009031,0.0,101565.0,68.0,4675967.0,1,,,,,,,,unmatched,,,,,,,,,False
stanley,6189516 009178,CRM,2023,5,stanley,6189516-009178,0.0,98453.0,85.0,2850584.0,1,,,,,,,,unmatched,,,,,,,,,False
stanley,6189516 009378,CRM,2023,5,stanley,6189516-009378,0.0,98925.0,191.0,6245840.0,1,,,,,,,,unmatched,,,,,,,,,False
stanley,6189516 009844,CRM,2023,6,stanley,6189516-009844,0.0,101826.0,165.0,2875917.0,1,,,,,,,,unmatched,,,,,,,,,False
stanley,6189516 010159,CRM,2023,7,stanley,6189516-010159,0.0,101096.0,84.0,1284053.0,1,,,,,,,,unmatched,,,,,,,,,False
stanley,6189516 010529,CRM,2023,8,stanley,6189516-010529,0.0,101187.0,82.0,4635357.0,1,,,,,,,,unmatched,,,,,,,,,False
stanley,6189516 011231,CRM,2023,10,stanley,6189516-011231,0.0,89337.0,142.0,3442835.0,1,,,,,,,,unmatched,,,,,,,,,False
stanley,6189516 011980,CRM,2023,11,stanley,6189516-011980,0.0,101213.0,183.0,1608315.0,1,,,,,,,,unmatched,,,,,,,,,False
stanley,84gcu iwn,CRM,2024,6,stanley,84Gcu-iWN,0.0,764769.0,20566.0,30731617.0,1,,,,,,,,unmatched,,,,,,,,,False
stanley,8gmcikf2v,CRM,2024,7,stanley,8GmCiKf2V,0.0,24285.0,1344.0,9372280.0,1,,,,,,,,unmatched,,,,,,,,,False
stanley,94ml3y6q2,CRM,2024,8,stanley,94mL3Y6q2,0.0,370.0,18.0,17132258.0,1,,,,,,,,unmatched,,,,,,,,,False
stanley,aon trigger,CRM,2025,7,stanley,aon_trigger,0.0,5470.0,0.0,732281.0,8,,,,,,,,unmatched,,,,,,,,,False
stanley,aon trigger,CRM,2025,8,stanley,aon_trigger,0.0,12056.0,0.0,1757712.0,29,,,,,,,,unmatched,,,,,,,,,False
stanley,aon trigger,CRM,2025,9,stanley,aon_trigger,0.0,8410.0,0.0,1511835.0,29,,,,,,,,unmatched,,,,,,,,,False
stanley,aon trigger,CRM,2025,10,stanley,aon_trigger,0.0,16600.0,0.0,3840680.0,28,,,,,,,,unmatched,,,,,,,,,False
stanley,aon trigger,CRM,2025,11,stanley,aon_trigger,0.0,16891.0,0.0,4399814.0,30,,,,,,,,unmatched,,,,,,,,,False
stanley,aon trigger,CRM,2025,12,stanley,aon_trigger,0.0,23644.0,0.0,4972357.0,31,,,,,,,,unmatched,,,,,,,,,False
stanley,aon trigger,CRM,2026,1,stanley,aon_trigger,0.0,18572.0,0.0,4918487.0,30,,,,,,,,unmatched,,,,,,,,,False
stanley,aon trigger,CRM,2026,2,stanley,aon_trigger,0.0,21814.0,0.0,3074664.0,28,,,,,,,,unmatched,,,,,,,,,False
stanley,aon trigger,CRM,2026,3,stanley,aon_trigger,0.0,21902.0,0.0,1679361.0,31,,,,,,,,unmatched,,,,,,,,,False
stanley,aon trigger,CRM,2026,4,stanley,aon_trigger,0.0,26792.0,0.0,4247006.0,23,,,,,,,,unmatched,,,,,,,,,False
stanley,aon trigger,CRM,2026,5,stanley,aon_trigger,0.0,19436.0,0.0,2126644.0,21,,,,,,,,unmatched,,,,,,,,,False
stanley,bgg0qoxuh,CRM,2024,5,stanley,bGg0QOxUh,0.0,101241.0,842.0,16670536.0,1,,,,,,,,unmatched,,,,,,,,,False
stanley,bkgoghi8n,CRM,2024,12,stanley,bkgoghi8N,0.0,295.0,5.0,4935512.0,1,,,,,,,,unmatched,,,,,,,,,False
stanley,delhdb08f,CRM,2024,8,stanley,DelHdb08F,0.0,265.0,19.0,9381196.0,1,,,,,,,,unmatched,,,,,,,,,False
stanley,eu42oo3gw,CRM,2025,6,stanley,eu42oO3Gw,0.0,106128.0,489.0,7975802.0,1,,,,,,,,unmatched,,,,,,,,,False
stanley,fdxp4lieu,CRM,2024,12,stanley,FDxP4lIEu,0.0,327.0,4.0,5268978.0,1,,,,,,,,unmatched,,,,,,,,,False
stanley,igznwqqlm,CRM,2025,10,stanley,IGzNWQqlM,0.0,227.0,8.0,4896855.0,1,,,,,,,,unmatched,,,,,,,,,False
stanley,iyttkq5xe,CRM,2024,7,stanley,IYTtkq5xe,0.0,24208.0,1259.0,4803456.0,1,,,,,,,,unmatched,,,,,,,,,False
stanley,jar66174,CRM,2024,6,stanley,-jAr66174,0.0,105216.0,562.0,14587515.0,1,,,,,,,,unmatched,,,,,,,,,False
stanley,kn0q22ang,CRM,2024,2,stanley,kn0Q22aNG,0.0,101225.0,360.0,4526111.0,1,,,,,,,,unmatched,,,,,,,,,False
stanley,mqwwjmtxe,CRM,2025,6,stanley,MqwwjmTXe,0.0,29944.0,324.0,3209977.0,1,,,,,,,,unmatched,,,,,,,,,False
stanley,puv70awa1,CRM,2024,7,stanley,PuV70AwA1,0.0,101777.0,805.0,11170561.0,1,,,,,,,,unmatched,,,,,,,,,False
stanley,rv0ldwfsl,CRM,2025,4,stanley,rv0LDwfSl,0.0,29766.0,313.0,5282588.0,1,,,,,,,,unmatched,,,,,,,,,False
stanley,s4mbmyqe,CRM,2024,6,stanley,s4mBMyQE-,0.0,101949.0,864.0,8081235.0,1,,,,,,,,unmatched,,,,,,,,,False
stanley,tuximoitq,CRM,2024,4,stanley,TuXImOitq,0.0,279.0,11.0,4412459.0,1,,,,,,,,unmatched,,,,,,,,,False
stanley,uiz d xc,CRM,2025,4,stanley,uIz-d--xC,0.0,29481.0,404.0,2482602.0,1,,,,,,,,unmatched,,,,,,,,,False
stanley,uyfszoicv,CRM,2024,7,stanley,uyfSZoICV,0.0,326.0,16.0,8323719.0,1,,,,,,,,unmatched,,,,,,,,,False
stanley,x,CRM,2024,9,stanley,X,0.0,158472.0,3200.0,9849913.0,2,,,,,,,,unmatched,,,,,,,,,False
stanley,x,CRM,2024,10,stanley,X,0.0,106276.0,790.0,15238965.0,2,,,,,,,,unmatched,,,,,,,,,False
stanley,xvj9rdtwd,CRM,2024,9,stanley,XvJ9rdTwd,0.0,170.0,7.0,3031979.0,1,,,,,,,,unmatched,,,,,,,,,False
stanley,xxxxxx,CRM,2024,9,stanley,XXXXXX,0.0,101510.0,494.0,3673412.0,1,,,,,,,,unmatched,,,,,,,,,False
stanley,zc702ltrn,CRM,2025,4,stanley,zC702ltrn,0.0,101345.0,752.0,4604760.0,1,,,,,,,,unmatched,,,,,,,,,False
stanley,ziewzt5gv,CRM,2025,5,stanley,ZIeWzT5gv,0.0,29989.0,240.0,8037223.0,1,,,,,,,,unmatched,,,,,,,,,False
star capital,piscinas,Retail Display,2024,12,star_capital,piscinas,201040.0,0.0,724.0,0.0,20,,,,,,,,unmatched,,,0.36012733784321527,0.0,,,,,False
star capital,piscinas,Retail Display,2025,1,star_capital,piscinas,56738.0,0.0,304.0,0.0,18,,,,,,,,unmatched,,,0.5357961154781629,0.0,,,,,False
starlink,0eijxxmcp,CRM,2024,5,starlink,0eijXXMcp,0.0,101311.0,269.0,1956930.0,1,,,,,,,,unmatched,,,,,,,,,False
starlink,7t9qimdxo,CRM,2024,7,starlink,7t9qIMDXo,0.0,94298.0,678.0,1010970.0,1,,,,,,,,unmatched,,,,,,,,,False
starlink,campana starlink,CRM,2026,2,starlink,campana_starlink,0.0,1186.0,0.0,0.0,17,CASA INTELIGENTE,STARLINK,Trigger,1100000.0,0.0,1100000.0,1.0,probable,trigger,1.0,,,0.0,,,1.0,True
starlink,campana starlink,CRM,2026,3,starlink,campana_starlink,0.0,978.0,0.0,0.0,31,CASA INTELIGENTE,STARLINK,Trigger,1100000.0,0.0,1100000.0,1.0,probable,trigger,1.0,,,0.0,,,1.0,True
starlink,campana starlink,CRM,2026,4,starlink,campana_starlink,0.0,511.0,0.0,0.0,30,CASA INTELIGENTE,STARLINK,Trigger,1100000.0,0.0,1100000.0,1.0,probable,trigger,1.0,,,0.0,,,1.0,True
starlink,campana starlink,CRM,2026,5,starlink,campana_starlink,0.0,368.0,0.0,0.0,24,,,,,,,,unmatched,,,,,,,,,False
starlink,cyber monday,Retail Display,2025,10,starlink,cyber_monday,146773.0,0.0,394.0,0.0,3,CASA INTELIGENTE,STARLINK,Cyber Octubre 2025,400000.0,320000.0,80000.0,1.0,probable,cyber octubre 2025,1.0,0.26844174337241866,0.0,0.0,2725.296887029631,1015.2284263959391,0.2,True
starlink,jgbbqeudg,CRM,2025,3,starlink,jgbBQEUDg,0.0,101151.0,1200.0,2484859.0,1,CASA INTELIGENTE,STARLINK,Plan de medios Starlink Mini,300000.0,32653.0,267347.0,1.0,probable,plan de medios starlink mini,1.0,,,8.282863333333333,,250.0,0.8911566666666667,True
starlink,lcfjzb wb,CRM,2024,6,starlink,lcfjZb-WB,0.0,106252.0,205.0,269990.0,1,,,,,,,,unmatched,,,,,,,,,False
stihl,8dfomohwg,CRM,2024,11,stihl,8DfomOhwG,0.0,101171.0,686.0,10251776.0,1,,,,,,,,unmatched,,,,,,,,,False
stihl,acqfery53,CRM,2024,9,stihl,aCqfery53,0.0,102007.0,384.0,0.0,1,,,,,,,,unmatched,,,,,,,,,False
stihl,aon enero,CRM,2026,1,stihl,AON Enero,0.0,107983.0,12.0,3258680.0,2,JARDIN,STIHL,AON Enero 2026,1200000.0,110344.0,1089656.0,2.0,probable,aon enero 2026,1.0,,,2.7155666666666667,,100000.0,0.9080466666666667,True
stihl,aon stihl,Google,2026,4,stihl,aon_stihl,242251.0,0.0,7576.0,11752285.0,17,JARDIN,STIHL,AON Abril 2026,900000.0,0.0,900000.0,1.0,probable,aon abril 2026,1.0,3.1273348716826765,0.0,13.058094444444444,3715.154942600856,118.79619852164731,1.0,True
stihl,aon stihl,Google,2026,5,stihl,aon_stihl,107512.0,0.0,2512.0,1814070.0,3,JARDIN,STIHL,AON Mayo 2026,900000.0,0.0,900000.0,1.0,probable,aon mayo 2026,1.0,2.336483369298311,0.0,2.015633333333333,8371.158568345858,358.28025477707007,1.0,True
stihl,aon stihl,Sponsored Products,2026,4,STIHL,aon_stihl,51121.0,0.0,1284.0,6433172.0,1,JARDIN,STIHL,AON Abril 2026,500000.0,412000.0,88000.0,1.0,probable,aon abril 2026,1.0,2.5116879560258996,0.0,12.866344,9780.716339664717,389.4080996884735,0.176,True
stihl,apogu9hxl,CRM,2025,4,stihl,apOGU9hxL,0.0,29991.0,161.0,6781756.0,1,JARDIN,STIHL,Multa Fillrate - Jardín Fest,450000.0,100000.0,350000.0,2.0,probable,multa fillrate jardin fest,1.0,,,15.07056888888889,,2795.031055900621,0.7777777777777778,True
stihl,black week marzo 2026,CRM,2026,3,stihl,Black Week Marzo 2026,0.0,117172.0,346.0,3448905.0,1,JARDIN,STIHL,AON Trigger,900000.0,0.0,900000.0,1.0,probable,aon trigger,1.0,,,3.832116666666667,,2601.156069364162,1.0,True
stihl,esqh3cjrd,CRM,2024,3,stihl,eSqH3cJRd,0.0,101393.0,492.0,16578529.0,1,,,,,,,,unmatched,,,,,,,,,False
stihl,jardin fest,Google,2025,4,stihl,jardin_fest,80319.0,0.0,2364.0,0.0,9,JARDIN,STIHL,Multa Fillrate - Jardín Fest,500000.0,0.0,500000.0,2.0,probable,multa fillrate jardin fest,1.0,2.943263735853285,0.0,0.0,6225.177106288675,211.50592216582064,1.0,True
stihl,jardin fest,Google,2025,5,stihl,jardin_fest,22533.0,0.0,566.0,0.0,2,,,,,,,,unmatched,,,2.5118714773887185,0.0,,,,,False
stihl,jardin fest,Meta,2025,4,stihl,jardin_fest,124881.0,0.0,4964.0,0.0,9,,,,,,,,unmatched,,,3.9749841849440664,0.0,,,,,False
stihl,jardin fest,Meta,2025,5,stihl,jardin_fest,25521.0,0.0,1001.0,0.0,2,,,,,,,,unmatched,,,3.922260099525881,0.0,,,,,False
stihl,jardin fest,Retail Display,2025,4,stihl,jardin_fest,124842.0,0.0,357.0,0.0,8,JARDIN,STIHL,Multa Fillrate - Jardín Fest,1100000.0,240000.0,860000.0,2.0,probable,multa fillrate jardin fest,1.0,0.28596145527947325,0.0,0.0,8811.137277518783,3081.2324929971987,0.7818181818181819,True
stihl,jardin fest,Retail Display,2025,5,stihl,jardin_fest,12242.0,0.0,50.0,0.0,2,,,,,,,,unmatched,,,0.40842999509884004,0.0,,,,,False
stihl,ojepykjxv,CRM,2025,4,stihl,OJEpYkjXV,0.0,30031.0,155.0,3273307.0,1,JARDIN,STIHL,Multa Fillrate - Jardín Fest,450000.0,100000.0,350000.0,2.0,probable,multa fillrate jardin fest,1.0,,,7.274015555555556,,2903.2258064516127,0.7777777777777778,True
stihl,pagy6es k,CRM,2025,6,stihl,Pagy6Es-k,0.0,106337.0,79.0,4027561.0,1,,,,,,,,unmatched,,,,,,,,,False
stihl,tublo24xk,CRM,2025,5,stihl,TuBlo24Xk,0.0,399151.0,1755.0,28307011.0,1,JARDIN,STIHL,Cyber Junio 2025,1048539.0,23188.0,1025351.0,1.0,probable,cyber junio 2025,1.0,,,26.996621966374164,,597.4581196581197,0.9778854196172007,True
stihl trex,jardin,Retail Display,2024,11,stihl-trex,jardin,115390.0,0.0,285.0,0.0,16,,,,,,,,unmatched,,,0.24698847387121933,0.0,,,,,False
stretto,5iaqjualg,CRM,2025,6,stretto,5iAQJuAlg,0.0,106305.0,147.0,6323706.0,1,,,,,,,,unmatched,,,,,,,,,False
stretto,6189516 007986,CRM,2023,2,stretto,6189516-007986,0.0,101400.0,932.0,13032509.0,1,,,,,,,,unmatched,,,,,,,,,False
stretto,7vboygjet,CRM,2025,3,stretto,7VBOygjet,0.0,101228.0,742.0,23221255.0,1,BANOS Y COCINAS,STRETTO,Black Marzo 2025,0.0,32653.0,-32653.0,1.0,probable,black marzo 2025,1.0,,,,,0.0,,False
stretto,8qtijaqaq,CRM,2025,1,stretto,8qTIJaQaq,0.0,101251.0,1084.0,23606476.0,1,BANOS Y COCINAS,STRETTO,email bonificado,0.0,44444.0,-44444.0,1.0,probable,email bonificado,1.0,,,,,0.0,,False
stretto,aon stretto,Sponsored Products,2026,4,STRETTO,aon_stretto,138676.0,0.0,2493.0,3804271.0,1,,,,,,,,unmatched,,,1.7977155383772245,0.0,,,,,False
stretto,black week,Sponsored Products,2026,3,STRETTO,black_week,164269.0,0.0,3498.0,14555206.0,1,BANOS Y COCINAS,STRETTO,AON MARZO STRETTO 2026,200000.0,164800.0,35200.0,1.0,probable,aon marzo stretto 2026,1.0,2.1294340380716994,0.0,72.77603,1217.5151732828472,57.17552887364208,0.176,True
stretto,cyber monday,Retail Display,2024,9,stretto,cyber_monday,72866.0,0.0,212.0,0.0,1,,,,,,,,unmatched,,,0.29094502236982955,0.0,,,,,False
stretto,cyber monday,Retail Display,2024,10,stretto,cyber_monday,144344.0,0.0,523.0,0.0,2,,,,,,,,unmatched,,,0.3623288810064845,0.0,,,,,False
stretto,fhailo8t1,CRM,2025,6,stretto,fhAilO8T1,0.0,106284.0,233.0,20902024.0,1,,,,,,,,unmatched,,,,,,,,,False
stretto,h2vmlu2xo,CRM,2025,10,stretto,h2VmlU2xO,0.0,101156.0,856.0,11198114.0,1,,,,,,,,unmatched,,,,,,,,,False
stretto,rlg7lzzcb,CRM,2024,5,stretto,rlg7lzZCb,0.0,91833.0,460.0,12477970.0,1,,,,,,,,unmatched,,,,,,,,,False
stretto,rswes2wiu,CRM,2025,10,stretto,RsWes2wiU,0.0,106153.0,137.0,6251324.0,1,,,,,,,,unmatched,,,,,,,,,False
stretto,ufbbyxs1z,CRM,2025,11,stretto,uFBByxs1z,0.0,101360.0,871.0,16690528.0,1,BANOS Y COCINAS,STRETTO,Black Noviembre 2025,1200000.0,34783.0,1165217.0,1.0,probable,black noviembre 2025,1.0,,,13.908773333333333,,1377.7267508610792,0.9710141666666666,True
stretto,umadb1 bw,CRM,2024,6,stretto,uMADB1-Bw,0.0,106190.0,196.0,2071606.0,1,,,,,,,,unmatched,,,,,,,,,False
stretto,vhtfbhkd,CRM,2024,6,stretto,-VhtFBhkd,0.0,106301.0,654.0,27215509.0,1,,,,,,,,unmatched,,,,,,,,,False
stretto,x,CRM,2024,9,stretto,X,0.0,105891.0,679.0,24007136.0,1,,,,,,,,unmatched,,,,,,,,,False
stretto,x,CRM,2024,10,stretto,X,0.0,106208.0,199.0,13092461.0,1,,,,,,,,unmatched,,,,,,,,,False
stretto,yxogxl4hj,CRM,2025,8,stretto,yxOGxL4HJ,0.0,54088.0,231.0,3224543.0,1,PISOS Y MUROS,STRETTO,Black Out Julio 2025,200000.0,53333.0,146667.0,1.0,probable,black out julio 2025,1.0,,,16.122715,,865.8008658008658,0.733335,True
sumup,6189516 008336,CRM,2023,3,sumup,6189516-008336,0.0,30541.0,151.0,23990.0,1,,,,,,,,unmatched,,,,,,,,,False
sumup,6189516 008337,CRM,2023,3,sumup,6189516-008337,0.0,30606.0,48.0,0.0,1,,,,,,,,unmatched,,,,,,,,,False
sumup,6189516 008588,CRM,2023,3,sumup,6189516-008588,0.0,42139.0,4228.0,0.0,1,,,,,,,,unmatched,,,,,,,,,False
sumup,6189516 008812,CRM,2023,4,sumup,6189516-008812,0.0,1125967.0,88986.0,29990.0,1,,,,,,,,unmatched,,,,,,,,,False
sumup,6189516 009449,CRM,2023,5,sumup,6189516-009449,0.0,103674.0,104.0,21990.0,1,,,,,,,,unmatched,,,,,,,,,False
sumup,6189516 009520,CRM,2023,5,sumup,6189516-009520,0.0,98487.0,58.0,0.0,1,,,,,,,,unmatched,,,,,,,,,False
sumup,6189516 010114,CRM,2023,7,sumup,6189516-010114,0.0,101224.0,134.0,0.0,1,,,,,,,,unmatched,,,,,,,,,False
sumup,6189516 010201,CRM,2023,7,sumup,6189516-010201,0.0,12560.0,0.0,0.0,1,,,,,,,,unmatched,,,,,,,,,False
sumup,6189516 010412,CRM,2023,8,sumup,6189516-010412,0.0,102219.0,120.0,59980.0,1,,,,,,,,unmatched,,,,,,,,,False
sumup,6189516 010871,CRM,2023,9,sumup,6189516-010871,0.0,12578.0,0.0,0.0,1,,,,,,,,unmatched,,,,,,,,,False
sumup,6189516 010966,CRM,2023,9,sumup,6189516-010966,0.0,98910.0,183.0,19990.0,1,,,,,,,,unmatched,,,,,,,,,False
sumup,6189516 011415,CRM,2023,10,sumup,6189516-011415,0.0,13522.0,0.0,39980.0,1,,,,,,,,unmatched,,,,,,,,,False
super ceramica,aon marzo 2026,Sponsored Products,2026,3,SUPER CERAMICA,aon_marzo_2026,63445.0,0.0,848.0,626743.0,1,,,,,,,,unmatched,,,1.3365907478918748,0.0,,,,,False
super ceramica,tactico febrero 2026,Sponsored Products,2026,2,SUPER CERAMICA,tactico_febrero_2026,75889.0,0.0,454.0,1114250.0,1,,,,,,,,unmatched,,,0.5982421694843785,0.0,,,,,False
tajamar,tc,Retail Display,2025,12,tajamar,tc,8271.0,0.0,3.0,0.0,2,,,,,,,,unmatched,,,0.03627130939426913,0.0,,,,,False
tcl,ao,Google,2025,12,tcl,ao,100570.0,0.0,1643.0,1768628.0,14,ELECTROHOGAR,TCL,AON TCL 2025,357348.0,0.0,357348.0,1.0,probable,aon tcl 2025,1.0,1.633687978522422,0.0,4.9493155131692355,3553.226608332505,217.49726110772977,1.0,True
teka,,CRM,2026,1,teka,,0.0,70.0,0.0,2219830.0,8,ELECTROHOGAR,TEKA,AON Teka 2026,2100000.0,55172.0,2044828.0,2.0,probable,aon teka 2026,1.0,,,1.0570619047619048,,,0.9737276190476191,True
teka,,CRM,2026,2,teka,,0.0,480.0,0.0,13067785.0,28,ELECTROHOGAR,TEKA,AON TEKA FEBRERO 2026,2100000.0,76190.0,2023810.0,2.0,probable,aon teka febrero 2026,1.0,,,6.222754761904762,,,0.9637190476190476,True
teka,,CRM,2026,3,teka,,0.0,608.0,0.0,12602942.0,31,ELECTROHOGAR,TEKA,AON MARZO TEKA 2026,900000.0,0.0,900000.0,1.0,probable,aon marzo teka 2026,1.0,,,14.003268888888888,,,1.0,True
teka,,CRM,2026,4,teka,,0.0,197.0,0.0,2190513.0,7,ELECTROHOGAR,TEKA,Black Marzo TEKA EMPOTRADOS 2026,1700000.0,27586.0,1672414.0,1.0,probable,black marzo teka empotrados 2026,1.0,,,1.2885370588235294,,,0.9837729411764706,True
teka,,Retail Display,2024,12,teka,,254198.0,0.0,728.0,0.0,6,,,,,,,,unmatched,,,0.28639092361072865,0.0,,,,,False
teka,2cnfswpjh,CRM,2025,6,teka,2CnfSwPJH,0.0,106299.0,165.0,4968746.0,1,,,,,,,,unmatched,,,,,,,,,False
teka,6189516 009406,CRM,2023,5,teka,6189516-009406,0.0,105303.0,263.0,7904576.0,1,,,,,,,,unmatched,,,,,,,,,False
teka,6189516 009517,CRM,2023,5,teka,6189516-009517,0.0,100958.0,188.0,4188665.0,1,,,,,,,,unmatched,,,,,,,,,False
teka,6189516 009528,CRM,2023,5,teka,6189516-009528,0.0,105236.0,103.0,2961120.0,1,,,,,,,,unmatched,,,,,,,,,False
teka,7eqfxsjdr,CRM,2024,12,teka,7eQFxsjdr,0.0,102137.0,677.0,6426803.0,1,,,,,,,,unmatched,,,,,,,,,False
teka,aldiuha4x,CRM,2025,9,teka,alDIuhA4X,0.0,54182.0,230.0,1208961.0,1,ELECTROHOGAR,TEKA,AON Septiembre,500000.0,69565.0,430435.0,1.0,probable,aon septiembre,1.0,,,2.417922,,2173.913043478261,0.86087,True
teka,aon teka 2026,CRM,2026,2,teka,aon_teka_2026,0.0,5315.0,0.0,2254024.0,27,ELECTROHOGAR,TEKA,AON TEKA FEBRERO 2026,2100000.0,76190.0,2023810.0,2.0,probable,aon teka febrero 2026,1.0,,,1.0733447619047618,,,0.9637190476190476,True
teka,aon teka 2026,CRM,2026,3,teka,aon_teka_2026,0.0,27686.0,0.0,17083724.0,31,ELECTROHOGAR,TEKA,AON MARZO TEKA 2026,900000.0,0.0,900000.0,1.0,probable,aon marzo teka 2026,1.0,,,18.981915555555556,,,1.0,True
teka,aon teka 2026,CRM,2026,4,teka,aon_teka_2026,0.0,7442.0,0.0,3357860.0,5,ELECTROHOGAR,TEKA,Black Marzo TEKA EMPOTRADOS 2026,1700000.0,27586.0,1672414.0,1.0,probable,black marzo teka empotrados 2026,1.0,,,1.9752117647058824,,,0.9837729411764706,True
teka,bd8sg2q2f,CRM,2024,7,teka,Bd8Sg2q2f,0.0,101220.0,722.0,16511072.0,1,,,,,,,,unmatched,,,,,,,,,False
teka,black marzo teka empotrados 2026,CRM,2026,3,teka,Black Marzo TEKA EMPOTRADOS 2026,0.0,322197.0,0.0,32671900.0,1,ELECTROHOGAR,TEKA,AON MARZO TEKA 2026,900000.0,0.0,900000.0,1.0,probable,aon marzo teka 2026,1.0,,,36.30211111111111,,,1.0,True
teka,black week,Sponsored Products,2026,3,TEKA,black_week,206107.0,0.0,3875.0,22371012.0,1,,,,,,,,unmatched,,,1.8800914088313352,0.0,,,,,False
teka,bupey4sc7,CRM,2024,8,teka,bUPEY4sC7,0.0,53998.0,1624.0,4801029.0,1,,,,,,,,unmatched,,,,,,,,,False
teka,byc,Retail Display,2025,12,teka,byc,114492.0,0.0,234.0,0.0,16,,,,,,,,unmatched,,,0.20438109212870767,0.0,,,,,False
teka,byc black friday,Retail Display,2025,11,teka,byc_black_friday,97545.0,0.0,245.0,0.0,4,,,,,,,,unmatched,,,0.2511661284535343,0.0,,,,,False
teka,byc black friday,Retail Display,2025,12,teka,byc_black_friday,9161.0,0.0,24.0,0.0,1,,,,,,,,unmatched,,,0.2619801331732344,0.0,,,,,False
teka,byc semana marca,Retail Display,2025,11,teka,byc_semana_marca,120380.0,0.0,272.0,0.0,8,,,,,,,,unmatched,,,0.2259511546768566,0.0,,,,,False
teka,clfm7hwvq,CRM,2024,8,teka,cLfm7hwvq,0.0,118.0,5.0,17051774.0,1,,,,,,,,unmatched,,,,,,,,,False
teka,cyber monday,Retail Display,2024,9,teka,cyber_monday,35960.0,0.0,131.0,0.0,1,,,,,,,,unmatched,,,0.364293659621802,0.0,,,,,False
teka,cyber monday,Retail Display,2024,10,teka,cyber_monday,176612.0,0.0,332.0,0.0,2,,,,,,,,unmatched,,,0.18798269653251196,0.0,,,,,False
teka,do6pqa0ge,CRM,2025,10,teka,dO6PQa0gE,0.0,22679.0,169.0,2917110.0,1,ELECTROHOGAR,TEKA,Cyber Octubre 2025,500000.0,27119.0,472881.0,1.0,probable,cyber octubre 2025,1.0,,,5.83422,,2958.579881656805,0.945762,True
teka,electro black week,Retail Display,2025,3,teka,electro_black_week,47910.0,0.0,173.0,0.0,5,ELECTROHOGAR,TEKA,Black Marzo 2025,300000.0,240000.0,60000.0,1.0,probable,black marzo 2025,1.0,0.3610937173867668,0.0,0.0,6261.740763932373,1734.1040462427745,0.2,True
teka,electro black week,Retail Display,2025,4,teka,electro_black_week,144007.0,0.0,234.0,0.0,8,,,,,,,,unmatched,,,0.1624921010784198,0.0,,,,,False
teka,electroweek,Retail Display,2025,8,teka,electroweek,179004.0,0.0,726.0,0.0,5,ELECTROHOGAR,TEKA,Electroweek Agosto,1100000.0,400000.0,700000.0,2.0,probable,electroweek agosto,1.0,0.4055775289937655,0.0,0.0,6145.114075663114,1515.1515151515152,0.6363636363636364,True
teka,electroweek,Retail Display,2025,9,teka,electroweek,124160.0,0.0,421.0,0.0,7,ELECTROHOGAR,TEKA,AON Septiembre,1300000.0,400000.0,900000.0,2.0,probable,aon septiembre,1.0,0.3390786082474227,0.0,0.0,10470.360824742269,3087.8859857482184,0.6923076923076923,True
teka,empotrados,Retail Display,2025,12,teka,empotrados,132298.0,0.0,159.0,0.0,21,,,,,,,,unmatched,,,0.1201832227244554,0.0,,,,,False
teka,empotrados black friday,Retail Display,2025,11,teka,empotrados_black_friday,64222.0,0.0,277.0,0.0,4,,,,,,,,unmatched,,,0.431316371336925,0.0,,,,,False
teka,empotrados black friday,Retail Display,2025,12,teka,empotrados_black_friday,33356.0,0.0,101.0,0.0,1,,,,,,,,unmatched,,,0.30279410001199186,0.0,,,,,False
teka,esnbijesh,CRM,2025,11,teka,esNBiJesH,0.0,53977.0,0.0,2058831.0,1,,,,,,,,unmatched,,,,,,,,,False
teka,i vknzta5,CRM,2025,11,teka,I-VkNzTA5,0.0,101396.0,177.0,5806905.0,1,,,,,,,,unmatched,,,,,,,,,False
teka,k3vmidp93,CRM,2025,9,teka,K3VMiDP93,0.0,32887.0,220.0,1614920.0,1,ELECTROHOGAR,TEKA,AON Septiembre,500000.0,69565.0,430435.0,1.0,probable,aon septiembre,1.0,,,3.22984,,2272.7272727272725,0.86087,True
teka,l0dnqfiul,CRM,2025,11,teka,l0DnQfIul,0.0,101304.0,718.0,4506355.0,1,,,,,,,,unmatched,,,,,,,,,False
teka,lkxpbm2lv,CRM,2025,11,teka,LKxPbM2lV,0.0,475308.0,0.0,26657096.0,1,,,,,,,,unmatched,,,,,,,,,False
teka,pja0xzn9s,CRM,2024,8,teka,PJA0xZN9s,0.0,47.0,7.0,4349160.0,1,,,,,,,,unmatched,,,,,,,,,False
teka,semana marca,Retail Display,2025,11,teka,semana_marca,125205.0,0.0,476.0,0.0,8,,,,,,,,unmatched,,,0.3801765105227427,0.0,,,,,False
teka,semanateka,Retail Display,2025,9,teka,semanateka,205355.0,0.0,170.0,0.0,6,ELECTROHOGAR,TEKA,AON Septiembre,1300000.0,400000.0,900000.0,2.0,probable,aon septiembre,1.0,0.08278347252319154,0.0,0.0,6330.500840008765,7647.058823529412,0.6923076923076923,True
teka,umqghri5x,CRM,2025,1,teka,UmqghRi5x,0.0,101304.0,779.0,8950362.0,1,BANOS Y COCINAS,TEKA,Campaña Enero,2000000.0,88888.0,1911112.0,2.0,probable,campana enero,1.0,,,4.475181,,2567.3940949935813,0.955556,True
teka,wt8gvyqic,CRM,2025,3,teka,wt8GvYQiC,0.0,101201.0,528.0,4156870.0,1,ELECTROHOGAR,TEKA,Black Marzo 2025,1800000.0,65306.0,1734694.0,2.0,probable,black marzo 2025,1.0,,,2.309372222222222,,3409.090909090909,0.9637188888888889,True
teka,x,CRM,2024,9,teka,X,0.0,106212.0,181.0,8529576.0,1,,,,,,,,unmatched,,,,,,,,,False
teka,x,CRM,2024,10,teka,X,0.0,106047.0,154.0,3319279.0,1,,,,,,,,unmatched,,,,,,,,,False
teka,ywsbjgmjh,CRM,2025,4,teka,YwsBjGMJH,0.0,54060.0,348.0,2306170.0,1,,,,,,,,unmatched,,,,,,,,,False
teka bano,black friday,Retail Display,2024,11,teka-baño,black_friday,155255.0,0.0,1187.0,0.0,2,,,,,,,,unmatched,,,0.7645486457763034,0.0,,,,,False
teka bano,black friday,Retail Display,2024,12,teka-baño,black_friday,211128.0,0.0,1129.0,0.0,2,,,,,,,,unmatched,,,0.5347466939486946,0.0,,,,,False
teka byc,cyber day,Retail Display,2025,6,teka_byc,cyber_day,297798.0,0.0,1294.0,0.0,3,,,,,,,,unmatched,,,0.4345227301728017,0.0,,,,,False
teka byc,cyber monday,Retail Display,2025,10,teka_byc,cyber_monday,182135.0,0.0,724.0,0.0,3,,,,,,,,unmatched,,,0.3975073434540313,0.0,,,,,False
teka electro,cyber monday,Retail Display,2025,10,teka_electro,cyber_monday,183043.0,0.0,438.0,0.0,3,,,,,,,,unmatched,,,0.23928803614451247,0.0,,,,,False
tenki,6189516 009417,CRM,2023,5,tenki,6189516-009417,0.0,1121301.0,98203.0,6716785.0,1,,,,,,,,unmatched,,,,,,,,,False
tenki,6189516 010290,CRM,2023,7,tenki,6189516-010290,0.0,54068.0,3376.0,0.0,1,,,,,,,,unmatched,,,,,,,,,False
tenki,b7kmdbirx,CRM,2025,6,tenki,b7kmDBirx,0.0,16363.0,301.0,1199910.0,1,,,,,,,,unmatched,,,,,,,,,False
termohome,ao,Retail Display,2025,9,termohome,ao,83387.0,0.0,257.0,0.0,19,,,,,,,,unmatched,,,0.3082015182222648,0.0,,,,,False
termohome,ao,Retail Display,2025,10,termohome,ao,80974.0,0.0,208.0,0.0,23,PUERTAS/VENTANAS/MOLDURAS,TERMOHOME,Tactico Termohome,200000.0,160000.0,40000.0,1.0,probable,tactico termohome,1.0,0.2568725763825426,0.0,0.0,2469.928619062909,961.5384615384615,0.2,True
termohome,ao,Retail Display,2025,11,termohome,ao,39689.0,0.0,99.0,0.0,11,,,,,,,,unmatched,,,0.2494393912671017,0.0,,,,,False
termohome,ao,Retail Display,2025,12,termohome,ao,39465.0,0.0,99.0,0.0,15,PUERTAS/VENTANAS/MOLDURAS,TERMOHOME,Tactico Termohome,200000.0,160000.0,40000.0,1.0,probable,tactico termohome,1.0,0.25085518814139107,0.0,0.0,5067.781578613962,2020.20202020202,0.2,True
termohome,black friday,Retail Display,2025,11,termohome,black_friday,60795.0,0.0,118.0,0.0,3,,,,,,,,unmatched,,,0.19409490912081587,0.0,,,,,False
termohome,black friday,Retail Display,2025,12,termohome,black_friday,26525.0,0.0,54.0,0.0,1,PUERTAS/VENTANAS/MOLDURAS,TERMOHOME,Tactico Termohome,200000.0,160000.0,40000.0,1.0,probable,tactico termohome,1.0,0.20358152686145145,0.0,0.0,7540.056550424129,3703.703703703704,0.2,True
termohome,black week,Retail Display,2026,3,termohome,black_week,40412.0,0.0,47.0,0.0,2,,,,,,,,unmatched,,,0.11630208848856777,0.0,,,,,False
termohome,black week,Retail Display,2026,4,termohome,black_week,36526.0,0.0,58.0,0.0,5,PUERTAS/VENTANAS/MOLDURAS,TERMOHOME,AON MARZO - BLACK,200000.0,160000.0,40000.0,1.0,probable,aon marzo black,1.0,0.15879099819306797,0.0,0.0,5475.55166182993,3448.2758620689656,0.2,True
termohome,cyber day,Retail Display,2025,6,termohome,cyber_day,91195.0,0.0,317.0,0.0,3,,,,,,,,unmatched,,,0.3476067766873184,0.0,,,,,False
termohome,cyber monday,Retail Display,2024,9,termohome,cyber_monday,94315.0,0.0,170.0,0.0,1,,,,,,,,unmatched,,,0.1802470444786089,0.0,,,,,False
termohome,cyber monday,Retail Display,2024,10,termohome,cyber_monday,166994.0,0.0,308.0,0.0,2,,,,,,,,unmatched,,,0.1844377642310502,0.0,,,,,False
termohome,pgouf4tcy,CRM,2024,6,termohome,pgOUf4tcy,0.0,106213.0,445.0,9114473.0,1,,,,,,,,unmatched,,,,,,,,,False
termohome,tactico sp,Sponsored Products,2026,2,TERMOHOME,tactico_sp,58562.0,0.0,717.0,405990.0,1,PUERTAS/VENTANAS/MOLDURAS,TERMOHOME,Tactico Termohome Febrero,200000.0,164800.0,35200.0,1.0,probable,tactico termohome febrero,1.0,1.2243434308937535,0.0,2.02995,3415.183907653427,278.9400278940028,0.176,True
termohome,x,CRM,2024,10,termohome,X,0.0,318574.0,685.0,2960600.0,2,,,,,,,,unmatched,,,,,,,,,False
tesa,6189516 007773,CRM,2023,1,tesa,6189516-007773,0.0,110741.0,1220.0,2483288.0,1,,,,,,,,unmatched,,,,,,,,,False
tesa,6189516 011150,CRM,2023,10,tesa,6189516-011150,0.0,105336.0,171.0,1590486.0,1,,,,,,,,unmatched,,,,,,,,,False
tesa,6189516 011254,CRM,2023,10,tesa,6189516-011254,0.0,74812.0,58.0,1229958.0,1,,,,,,,,unmatched,,,,,,,,,False
tesa,6189516 011676,CRM,2023,11,tesa,6189516-011676,0.0,101223.0,173.0,2060982.0,1,,,,,,,,unmatched,,,,,,,,,False
tesa,6189516 011884,CRM,2023,11,tesa,6189516-011884,0.0,50219.0,4448.0,1184822.0,1,,,,,,,,unmatched,,,,,,,,,False
tesa,6189516 012047,CRM,2023,11,tesa,6189516-012047,0.0,100348.0,179.0,2884081.0,1,,,,,,,,unmatched,,,,,,,,,False
tesa,6189516 012351,CRM,2023,12,tesa,6189516-012351,0.0,101370.0,181.0,3114711.0,1,,,,,,,,unmatched,,,,,,,,,False
tesa,b372xrojd,CRM,2024,4,tesa,b372XRojD,0.0,5538.0,13.0,113910.0,1,,,,,,,,unmatched,,,,,,,,,False
tesa,djirp9re0,CRM,2024,7,tesa,djIRp9Re0,0.0,101221.0,726.0,3514066.0,1,,,,,,,,unmatched,,,,,,,,,False
tesa,gk5h6hptp,CRM,2024,7,tesa,GK5h6HPtp,0.0,101176.0,544.0,5241942.0,1,,,,,,,,unmatched,,,,,,,,,False
tesa,hwtx5xalk,CRM,2024,4,tesa,HWTX5xaLK,0.0,101300.0,199.0,3968071.0,1,,,,,,,,unmatched,,,,,,,,,False
tesa,nonoyuait,CRM,2024,7,tesa,noNOYUaiT,0.0,101217.0,230.0,2688300.0,1,,,,,,,,unmatched,,,,,,,,,False
tesa,oo4v4vuao,CRM,2024,4,tesa,OO4V4VUaO,0.0,74205.0,128.0,3702055.0,1,,,,,,,,unmatched,,,,,,,,,False
tesa,qmdgiz8ex,CRM,2024,3,tesa,qmDgiz8ex,0.0,102055.0,157.0,3818472.0,1,,,,,,,,unmatched,,,,,,,,,False
the pink stuff,bawumcj7k,CRM,2024,7,the pink stuff,BAwuMcj7k,0.0,102356.0,249.0,1836054.0,1,,,,,,,,unmatched,,,,,,,,,False
thermohome,black week,Retail Display,2025,3,thermohome,black_week,116025.0,0.0,437.0,0.0,6,,,,,,,,unmatched,,,0.376642964878259,0.0,,,,,False
thermohome,black week,Retail Display,2025,4,thermohome,black_week,108119.0,0.0,514.0,0.0,8,,,,,,,,unmatched,,,0.4754021032380987,0.0,,,,,False
thermos,6189516 008394,CRM,2023,3,thermos,6189516-008394,0.0,101192.0,213.0,3122552.0,1,,,,,,,,unmatched,,,,,,,,,False
thomas,,CRM,2025,8,thomas,,0.0,58202.0,0.0,21573494.0,51,ELECTROHOGAR,THOMAS,Always On Agosto,750000.0,0.0,750000.0,1.0,probable,always on agosto,1.0,,,28.764658666666666,,,1.0,True
thomas,,CRM,2025,9,thomas,,0.0,39794.0,0.0,20759311.0,57,ELECTROHOGAR,THOMAS,Always On Septiembre,1750000.0,69565.0,1680435.0,2.0,probable,always on septiembre,1.0,,,11.862463428571429,,,0.9602485714285715,True
thomas,,CRM,2025,10,thomas,,0.0,63866.0,0.0,32261355.0,57,,,,,,,,unmatched,,,,,,,,,False
thomas,,CRM,2025,11,thomas,,0.0,43766.0,0.0,23546480.0,60,ELECTROHOGAR,THOMAS,Always On Noviembre 2025,2000000.0,34783.0,1965217.0,2.0,probable,always on noviembre 2025,1.0,,,11.77324,,,0.9826085,True
thomas,,CRM,2025,12,thomas,,0.0,48907.0,0.0,18918260.0,62,ELECTROHOGAR,THOMAS,Always On Diciembre,750000.0,0.0,750000.0,1.0,probable,always on diciembre,1.0,,,25.224346666666666,,,1.0,True
thomas,,CRM,2026,1,thomas,,0.0,44887.0,0.0,17865926.0,62,ELECTROHOGAR,THOMAS,Always On Enero,750000.0,0.0,750000.0,1.0,probable,always on enero,1.0,,,23.821234666666665,,,1.0,True
thomas,,CRM,2026,2,thomas,,0.0,30979.0,0.0,13320415.0,56,,,,,,,,unmatched,,,,,,,,,False
thomas,,CRM,2026,3,thomas,,0.0,30013.0,0.0,12758739.0,61,,,,,,,,unmatched,,,,,,,,,False
thomas,,CRM,2026,4,thomas,,0.0,53343.0,0.0,11642916.0,52,,,,,,,,unmatched,,,,,,,,,False
thomas,,CRM,2026,5,thomas,,0.0,44424.0,0.0,7718339.0,45,ELECTROHOGAR,THOMAS,Always On Mayo,750000.0,0.0,750000.0,1.0,probable,always on mayo,1.0,,,10.291118666666666,,,1.0,True
thomas,4etw8nfn9,CRM,2025,10,thomas,4Etw8nfN9,0.0,101458.0,293.0,5695051.0,1,,,,,,,,unmatched,,,,,,,,,False
thomas,aon thomas lb,Sponsored Products,2026,4,THOMAS,aon_thomas_lb,51037.0,0.0,1001.0,3479920.0,1,,,,,,,,unmatched,,,1.9613221780277055,0.0,,,,,False
thomas,black friday,Retail Display,2025,11,thomas,black_friday,106843.0,0.0,371.0,0.0,4,,,,,,,,unmatched,,,0.3472384714019636,0.0,,,,,False
thomas,black friday,Retail Display,2025,12,thomas,black_friday,63310.0,0.0,160.0,0.0,1,ELECTROHOGAR,THOMAS,AON Thomas LB 2025,500000.0,400000.0,100000.0,1.0,probable,aon thomas lb 2025,1.0,0.25272468804296316,0.0,0.0,7897.6465013426005,3125.0,0.2,True
thomas,black week,Sponsored Products,2026,3,THOMAS,black_week,128242.0,0.0,2208.0,16569350.0,1,,,,,,,,unmatched,,,1.7217448261879882,0.0,,,,,False
thomas,electrodomesticos,Retail Display,2025,2,thomas,electrodomesticos,192331.0,0.0,425.0,0.0,16,,,,,,,,unmatched,,,0.2209732180459728,0.0,,,,,False
thomas,electrodomesticos,Retail Display,2025,3,thomas,electrodomesticos,216233.0,0.0,597.0,0.0,27,,,,,,,,unmatched,,,0.27609106843081305,0.0,,,,,False
thomas,icxis6g y,CRM,2025,10,thomas,icxIs6g-y,0.0,22967.0,166.0,6337118.0,1,,,,,,,,unmatched,,,,,,,,,False
thomas,kiku5ufdf,CRM,2025,9,thomas,kIKU5ufdf,0.0,101398.0,980.0,13462249.0,1,ELECTROHOGAR,THOMAS,Always On Septiembre,1750000.0,69565.0,1680435.0,2.0,probable,always on septiembre,1.0,,,7.6927137142857145,,1785.7142857142858,0.9602485714285715,True
thomas,la5xgkdal,CRM,2025,11,thomas,la5XgkDAl,0.0,101341.0,489.0,8842799.0,1,ELECTROHOGAR,THOMAS,Always On Noviembre 2025,2000000.0,34783.0,1965217.0,2.0,probable,always on noviembre 2025,1.0,,,4.4213995,,4089.9795501022495,0.9826085,True
thomas,linea blanca,Google,2025,2,thomas,linea_blanca,170108.0,0.0,7975.0,17042322.0,17,ELECTROHOGAR,THOMAS,LB Febrero,1000000.0,0.0,1000000.0,1.0,probable,lb febrero,1.0,4.6881980859218855,0.0,17.042322,5878.618289557222,125.39184952978056,1.0,True
thomas,linea blanca,Google,2025,3,thomas,linea_blanca,242564.0,0.0,5135.0,4701354.0,31,ELECTROHOGAR,THOMAS,LB Marzo,1000000.0,0.0,1000000.0,1.0,probable,lb marzo,1.0,2.1169670684850184,0.0,4.701354,4122.623307663132,194.74196689386562,1.0,True
thomas,linea blanca,Google,2025,4,thomas,linea_blanca,78808.0,0.0,1272.0,1915890.0,10,ELECTROHOGAR,THOMAS,AON ABRIL 2025 LB,1000000.0,0.0,1000000.0,1.0,probable,aon abril 2025 lb,1.0,1.614049335092884,0.0,1.91589,12689.067099786824,786.1635220125786,1.0,True
thomas,linea blanca,Google,2025,5,thomas,linea_blanca,553250.0,0.0,6353.0,4714460.0,28,ELECTROHOGAR,THOMAS,AON Mayo 2025 LB,1000000.0,0.0,1000000.0,2.0,probable,aon mayo 2025 lb,1.0,1.1483054676909172,0.0,4.71446,1807.501129688206,157.40594994490792,1.0,True
thomas,linea blanca,Google,2025,6,thomas,linea_blanca,572122.0,0.0,7971.0,1568690.0,14,ELECTROHOGAR,THOMAS,AON Junio 2025 LB,1000000.0,0.0,1000000.0,1.0,probable,aon junio 2025 lb,1.0,1.3932343101646154,0.0,1.56869,1747.8789488955154,125.45477355413374,1.0,True
thomas,linea blanca,Google,2025,7,thomas,linea_blanca,461458.0,0.0,4794.0,1856335.0,21,ELECTROHOGAR,THOMAS,AON Julio 2025,1500000.0,0.0,1500000.0,2.0,probable,aon julio 2025,1.0,1.0388811116071235,0.0,1.2375566666666666,3250.566682124917,312.89111389236547,1.0,True
thomas,linea blanca,Meta,2025,7,thomas,linea_blanca,564870.0,0.0,9230.0,12990.0,11,,,,,,,,unmatched,,,1.6340042841715794,0.0,,,,,False
thomas,linea blanca,Retail Display,2025,2,thomas,linea_blanca,248544.0,0.0,469.0,0.0,16,,,,,,,,unmatched,,,0.1886989828762714,0.0,,,,,False
thomas,linea blanca,Retail Display,2025,3,thomas,linea_blanca,558508.0,0.0,1184.0,0.0,30,,,,,,,,unmatched,,,0.21199338236873957,0.0,,,,,False
thomas,linea blanca,Retail Display,2025,4,thomas,linea_blanca,446774.0,0.0,1140.0,0.0,8,ELECTROHOGAR,THOMAS,AON ABRIL 2025 LB,1000000.0,800000.0,200000.0,1.0,probable,aon abril 2025 lb,1.0,0.2551625654133857,0.0,0.0,2238.268117661278,877.1929824561404,0.2,True
thomas,linea blanca,Retail Display,2025,5,thomas,linea_blanca,184154.0,0.0,587.0,0.0,23,ELECTROHOGAR,THOMAS,AON Mayo 2025 LB,500000.0,400000.0,100000.0,1.0,probable,aon mayo 2025 lb,1.0,0.3187549550919339,0.0,0.0,2715.118867904037,851.7887563884157,0.2,True
thomas,linea blanca,Retail Display,2025,6,thomas,linea_blanca,440152.0,0.0,559.0,0.0,12,,,,,,,,unmatched,,,0.12700158127192424,0.0,,,,,False
thomas,linea blanca,Retail Display,2025,7,thomas,linea_blanca,223670.0,0.0,445.0,0.0,28,ELECTROHOGAR,THOMAS,AON Julio 2025,500000.0,400000.0,100000.0,1.0,probable,aon julio 2025,1.0,0.19895381588948005,0.0,0.0,2235.4361335896633,1123.5955056179776,0.2,True
thomas,linea blanca,Retail Display,2025,8,thomas,linea_blanca,190333.0,0.0,368.0,0.0,5,,,,,,,,unmatched,,,0.19334534736488154,0.0,,,,,False
thomas,linea blanca,Retail Display,2025,11,thomas,linea_blanca,204104.0,0.0,406.0,0.0,22,,,,,,,,unmatched,,,0.19891819856543724,0.0,,,,,False
thomas,linea blanca,Retail Display,2025,12,thomas,linea_blanca,192522.0,0.0,178.0,0.0,16,ELECTROHOGAR,THOMAS,AON Thomas LB 2025,500000.0,400000.0,100000.0,1.0,probable,aon thomas lb 2025,1.0,0.09245696595713736,0.0,0.0,2597.1057853128473,2808.9887640449438,0.2,True
thomas,m3nfgm2yr,CRM,2025,10,thomas,m3nFgM2yr,0.0,106422.0,159.0,6139816.0,1,,,,,,,,unmatched,,,,,,,,,False
thomas,upsd5ku7u,CRM,2025,6,thomas,UpsD5ku7u,0.0,101356.0,369.0,12980046.0,1,ELECTROHOGAR,THOMAS,Lanzamiento LB,1000000.0,55172.0,944828.0,1.0,probable,lanzamiento lb,1.0,,,12.980046,,2710.027100271003,0.944828,True
thomas,vwbzbz0rn,CRM,2025,10,thomas,vwBzBZ0rn,0.0,106290.0,216.0,5330687.0,1,,,,,,,,unmatched,,,,,,,,,False
thor,black week,Sponsored Products,2026,3,THOR,black_week,0.0,0.0,0.0,99990.0,1,,,,,,,,unmatched,,,,,,,,,False
tidy cat,4fghjkjad,CRM,2024,6,tidy cat,4FGhJKjAd,0.0,8.0,0.0,180208.0,1,,,,,,,,unmatched,,,,,,,,,False
tidy cat,jbv1xjm4r,CRM,2024,7,tidy cat,jBV1xJm4R,0.0,1.0,0.0,14990.0,1,,,,,,,,unmatched,,,,,,,,,False
tomahawk power,black week,Sponsored Products,2026,3,TOMAHAWK POWER,black_week,19180.0,0.0,233.0,0.0,1,,,,,,,,unmatched,,,1.2148070907194994,0.0,,,,,False
top shoe skechers work,ao,Google,2025,5,top_shoe-skechers_work,ao,118551.0,0.0,1658.0,0.0,17,,,,,,,,unmatched,,,1.3985542087371678,0.0,,,,,False
topex,,Sponsored Products,2026,4,TOPEX,,0.0,0.0,0.0,53000.0,1,,,,,,,,unmatched,,,,,,,,,False
topex,black week,Sponsored Products,2026,3,TOPEX,black_week,0.0,0.0,0.0,344240.0,1,,,,,,,,unmatched,,,,,,,,,False
topex,izjjxrufe,CRM,2025,8,topex,IZJJXRUFE,0.0,2028.0,21.0,303887.0,1,,,,,,,,unmatched,,,,,,,,,False
topex,tactico febrero,Sponsored Products,2026,2,TOPEX,tactico_febrero,0.0,0.0,0.0,100210.0,1,,,,,,,,unmatched,,,,,,,,,False
topsafe,aon skechers,Sponsored Products,2026,4,TOPSAFE,aon_skechers,0.0,0.0,0.0,59990.0,1,,,,,,,,unmatched,,,,,,,,,False
topshoes skechers,cyber day,Google,2025,6,topshoes-skechers,cyber_day,52840.0,0.0,759.0,511790.0,3,,,,,,,,unmatched,,,1.4364118092354277,0.0,,,,,False
topshoes skechers,cyber day,Retail Display,2025,6,topshoes-skechers,cyber_day,97063.0,0.0,410.0,0.0,3,,,,,,,,unmatched,,,0.42240606616321363,0.0,,,,,False
torre,5nh7ubmqr,CRM,2024,3,torre,5NH7UBmqr,0.0,101111.0,386.0,211240.0,1,,,,,,,,unmatched,,,,,,,,,False
torre,fatxrf1yk,CRM,2024,3,torre,fATxrf1Yk,0.0,102246.0,362.0,326240.0,1,,,,,,,,unmatched,,,,,,,,,False
torre,oficina,Retail Display,2024,7,torre,oficina,161632.0,0.0,889.0,0.0,27,,,,,,,,unmatched,,,0.5500148485448426,0.0,,,,,False
torre,oficina,Retail Display,2024,8,torre,oficina,273503.0,0.0,1274.0,0.0,1,,,,,,,,unmatched,,,0.4658084189204506,0.0,,,,,False
torre,vmap3pe95,CRM,2024,7,torre,vMAP3pe95,0.0,54038.0,2589.0,0.0,1,,,,,,,,unmatched,,,,,,,,,False
total tools,tc,Retail Display,2025,9,total_tools,tc,291328.0,0.0,827.0,0.0,7,HERRAMIENTAS Y MAQUINARIAS,TOTAL TOOLS,Táctico Septiembre,700000.0,0.0,700000.0,1.0,probable,tactico septiembre,1.0,0.28387247363796136,0.0,0.0,2402.7899824253077,846.4328899637243,1.0,True
toyama,ivj23ze91,CRM,2025,6,toyama,iVJ23Ze91,0.0,105881.0,75.0,681970.0,1,,,,,,,,unmatched,,,,,,,,,False
toyama,jardin fest,Google,2025,4,toyama,jardin_fest,47397.0,0.0,1030.0,0.0,9,JARDIN,TOYAMA,Multa Fillrate - Jardín Fest,500000.0,0.0,500000.0,2.0,probable,multa fillrate jardin fest,1.0,2.173133320674304,0.0,0.0,10549.19087705973,485.43689320388347,1.0,True
toyama,jardin fest,Google,2025,5,toyama,jardin_fest,45753.0,0.0,954.0,1630980.0,10,JARDIN,TOYAMA,Cyber Junio 2025,800000.0,0.0,800000.0,1.0,probable,cyber junio 2025,1.0,2.0851091731689726,0.0,2.038725,17485.192227832056,838.5744234800839,1.0,True
toyama,jardin fest,Google,2025,6,toyama,jardin_fest,69795.0,0.0,2062.0,11525770.0,5,,,,,,,,unmatched,,,2.954366358621678,0.0,,,,,False
toyama,jardin fest,Meta,2025,4,toyama,jardin_fest,151245.0,0.0,4022.0,0.0,6,,,,,,,,unmatched,,,2.659261463188866,0.0,,,,,False
toyama,jardin fest,Meta,2025,5,toyama,jardin_fest,107890.0,0.0,1955.0,0.0,2,,,,,,,,unmatched,,,1.812030772082677,0.0,,,,,False
toyama,jardin fest,Retail Display,2025,4,toyama,jardin_fest,49510.0,0.0,174.0,0.0,5,JARDIN,TOYAMA,Multa Fillrate - Jardín Fest,140000.0,112000.0,28000.0,1.0,probable,multa fillrate jardin fest,1.0,0.351444152696425,0.0,0.0,2827.7115734195113,804.5977011494252,0.2,True
toyama,jardin fest,Retail Display,2025,5,toyama,jardin_fest,12483.0,0.0,25.0,0.0,2,,,,,,,,unmatched,,,0.20027237042377632,0.0,,,,,False
toyama,n5r3zlbin,CRM,2025,6,toyama,n5R3zLbiN,0.0,16460.0,302.0,122518.0,1,,,,,,,,unmatched,,,,,,,,,False
toyotomi,,Otros,2026,5,toyotomi,,92653.0,0.0,121.0,0.0,20,,,,,,,,unmatched,,,0.13059479995251097,0.0,,,,,False
toyotomi,6189516 009158,CRM,2023,5,toyotomi,6189516-009158,0.0,102026.0,294.0,23496024.0,1,,,,,,,,unmatched,,,,,,,,,False
toyotomi,6189516 009298,CRM,2023,5,toyotomi,6189516-009298,0.0,101157.0,218.0,47669277.0,1,,,,,,,,unmatched,,,,,,,,,False
toyotomi,6189516 009400,CRM,2023,5,toyotomi,6189516-009400,0.0,105281.0,196.0,24779120.0,1,,,,,,,,unmatched,,,,,,,,,False
toyotomi,6189516 009510,CRM,2023,5,toyotomi,6189516-009510,0.0,105416.0,208.0,22577615.0,1,,,,,,,,unmatched,,,,,,,,,False
toyotomi,6189516 009613,CRM,2023,5,toyotomi,6189516-009613,0.0,48876.0,9407.0,35605322.0,1,,,,,,,,unmatched,,,,,,,,,False
toyotomi,6189516 009717,CRM,2023,6,toyotomi,6189516-009717,0.0,101239.0,207.0,50194109.0,1,,,,,,,,unmatched,,,,,,,,,False
toyotomi,6189516 010290,CRM,2023,7,toyotomi,6189516-010290,0.0,54068.0,4419.0,3453545.0,1,,,,,,,,unmatched,,,,,,,,,False
toyotomi,6lxozzdmp,CRM,2025,6,toyotomi,6LxoZZDMp,0.0,54050.0,282.0,15272462.0,1,BANOS Y COCINAS,TOYOTOMI,Campaña PPI Calefon,0.0,110344.0,-110344.0,2.0,probable,campana ppi calefon,1.0,,,,,0.0,,False
toyotomi,aon toyotomi,Sponsored Products,2026,4,TOYOTOMI,aon_toyotomi,5208.0,0.0,99.0,359990.0,1,,,,,,,,unmatched,,,1.9009216589861753,0.0,,,,,False
toyotomi,black week,Sponsored Products,2026,3,TOYOTOMI,black_week,46037.0,0.0,930.0,2199880.0,1,ELECTROHOGAR,TOYOTOMI,AON MARZO TOYOTOMI 2026,300000.0,247200.0,52800.0,1.0,probable,aon marzo toyotomi 2026,1.0,2.0201142559245824,0.0,7.332933333333333,6516.497599756717,322.5806451612903,0.176,True
toyotomi,calefont,Retail Display,2025,7,toyotomi,calefont,73344.0,0.0,99.0,0.0,11,,,,,,,,unmatched,,,0.1349803664921466,0.0,,,,,False
toyotomi,co brand,Google,2024,12,toyotomi,co_brand,61802.0,0.0,1860.0,2861750.0,20,,,,,,,,unmatched,,,3.009611339438853,0.0,,,,,False
toyotomi,co brand,Google,2025,1,toyotomi,co_brand,321366.0,0.0,5788.0,9659317.0,57,ELECTROHOGAR,TOYOTOMI,Campaña AC Toyotomi Enero,1000000.0,0.0,1000000.0,1.0,probable,campana ac toyotomi enero,1.0,1.8010617177921746,0.0,9.659317,3111.7168586595967,172.77125086385627,1.0,True
toyotomi,co brand,Google,2025,2,toyotomi,co_brand,140468.0,0.0,2564.0,3663162.0,27,ELECTROHOGAR,TOYOTOMI,Campaña AC Toyotomi Febrero,1000000.0,0.0,1000000.0,1.0,probable,campana ac toyotomi febrero,1.0,1.8253267648147622,0.0,3.663162,7119.059145143378,390.01560062402496,1.0,True
toyotomi,co brand,Google,2025,3,toyotomi,co_brand,26068.0,0.0,465.0,1355490.0,4,,,,,,,,unmatched,,,1.7837962252570199,0.0,,,,,False
toyotomi,co brand,Google,2025,6,toyotomi,co_brand,133284.0,0.0,1771.0,6518580.0,17,BANOS Y COCINAS,TOYOTOMI,Tactico Junio 2025,500000.0,0.0,500000.0,1.0,probable,tactico junio 2025,1.0,1.3287416344047298,0.0,13.03716,3751.3880135650193,282.326369282891,1.0,True
toyotomi,co brand,Google,2025,7,toyotomi,co_brand,44892.0,0.0,555.0,339980.0,12,,,,,,,,unmatched,,,1.2363004544239509,0.0,,,,,False
toyotomi,cyber day,Google,2025,6,toyotomi,cyber_day,131147.0,0.0,2118.0,0.0,3,BANOS Y COCINAS,TOYOTOMI,Tactico Junio 2025,500000.0,0.0,500000.0,1.0,probable,tactico junio 2025,1.0,1.6149816617993549,0.0,0.0,3812.5157266273723,236.07176581680832,1.0,True
toyotomi,cyber day,Retail Display,2024,6,toyotomi,cyber_day,297330.0,0.0,1305.0,0.0,3,,,,,,,,unmatched,,,0.4389062657653113,0.0,,,,,False
toyotomi,cyber day,Retail Display,2025,6,toyotomi,cyber_day,104808.0,0.0,386.0,0.0,3,BANOS Y COCINAS,TOYOTOMI,Campaña PPI Calefon,150000.0,120000.0,30000.0,1.0,probable,campana ppi calefon,1.0,0.3682924967559728,0.0,0.0,1431.1884588962675,388.60103626943004,0.2,True
toyotomi,e2784qzll,CRM,2025,7,toyotomi,e2784qZll,0.0,34685.0,226.0,3241260.0,1,BANOS Y COCINAS,TOYOTOMI,Always On Julio,400000.0,44444.0,355556.0,1.0,probable,always on julio,1.0,,,8.10315,,1769.9115044247787,0.88889,True
toyotomi,ha55povry,CRM,2025,6,toyotomi,ha55povRy,0.0,101263.0,494.0,53316900.0,1,BANOS Y COCINAS,TOYOTOMI,Campaña PPI Calefon,0.0,110344.0,-110344.0,2.0,probable,campana ppi calefon,1.0,,,,,0.0,,False
toyotomi,kyx9einom,CRM,2025,8,toyotomi,KYx9eiNOM,0.0,386586.0,1289.0,28417347.0,1,BANOS Y COCINAS,TOYOTOMI,Always On Agosto,400000.0,53333.0,346667.0,1.0,probable,always on agosto,1.0,,,71.0433675,,310.3180760279286,0.8666675,True
toyotomi,lkaj0dxdo,CRM,2025,2,toyotomi,lKAJ0DXdo,0.0,53927.0,513.0,376980.0,1,ELECTROHOGAR,TOYOTOMI,Campaña AC Toyotomi Febrero,0.0,48485.0,-48485.0,1.0,probable,campana ac toyotomi febrero,1.0,,,,,0.0,,False
toyotomi,mjswszcep,CRM,2025,1,toyotomi,MjsWSzcep,0.0,102043.0,651.0,3483820.0,1,ELECTROHOGAR,TOYOTOMI,Campaña AC Toyotomi Enero,0.0,44444.0,-44444.0,1.0,probable,campana ac toyotomi enero,1.0,,,,,0.0,,False
toyotomi,ppi,Retail Display,2025,8,toyotomi,ppi,62752.0,0.0,68.0,0.0,12,,,,,,,,unmatched,,,0.10836308006119327,0.0,,,,,False
toyotomi,qitntobq8,CRM,2024,6,toyotomi,QITntObQ8,0.0,106072.0,194.0,35435603.0,1,,,,,,,,unmatched,,,,,,,,,False
toyotomi,relanzamiento toyotomi,Meta,2026,5,toyotomi,relanzamiento_toyotomi,1824526.0,0.0,38069.0,14350626.0,11,,,,,,,,unmatched,,,2.0865145248683765,0.0,,,,,False
toyotomi,zpua0yz0m,CRM,2024,1,toyotomi,zPUA0yZ0m,0.0,101717.0,622.0,2464505.0,1,,,,,,,,unmatched,,,,,,,,,False
toyotomi,zs0jmnmec,CRM,2024,5,toyotomi,zs0JMNMeC,0.0,101267.0,402.0,41397954.0,1,,,,,,,,unmatched,,,,,,,,,False
toyotomi calefont,,Retail Display,2025,6,toyotomi_calefont,,31416.0,0.0,98.0,0.0,8,,,,,,,,unmatched,,,0.31194295900178254,0.0,,,,,False
toyotomi calefont,,Retail Display,2025,7,toyotomi_calefont,,22504.0,0.0,56.0,0.0,3,,,,,,,,unmatched,,,0.2488446498400284,0.0,,,,,False
traper,4wqqd8iap,CRM,2024,7,traper,4WqQd8IAP,0.0,101092.0,381.0,1444656.0,1,,,,,,,,unmatched,,,,,,,,,False
traper,6189516 009484,CRM,2023,5,traper,6189516-009484,0.0,52140.0,141.0,1294559.0,1,,,,,,,,unmatched,,,,,,,,,False
traper,6189516 009877,CRM,2023,6,traper,6189516-009877,0.0,80580.0,125.0,1385574.0,1,,,,,,,,unmatched,,,,,,,,,False
traper,amwj6ujkg,CRM,2024,6,traper,AMWJ6uJkg,0.0,126.0,0.0,1474137.0,1,,,,,,,,unmatched,,,,,,,,,False
traper,d7isfyfpv,CRM,2025,5,traper,d7IsFyFPV,0.0,123.0,0.0,1238054.0,1,,,,,,,,unmatched,,,,,,,,,False
traper,kxwmus55g,CRM,2024,5,traper,kxwMus55G,0.0,134.0,2.0,1677230.0,1,,,,,,,,unmatched,,,,,,,,,False
traper,mbccwpzp9,CRM,2025,7,traper,mbCcwpZp9,0.0,1.0,0.0,11698.0,1,,,,,,,,unmatched,,,,,,,,,False
traper,pajyp7yv6,CRM,2024,7,traper,PAJyP7YV6,0.0,105.0,0.0,1094248.0,1,,,,,,,,unmatched,,,,,,,,,False
traper,qlglgyfjm,CRM,2025,7,traper,QlGlgYFJm,0.0,109.0,2.0,1358778.0,1,,,,,,,,unmatched,,,,,,,,,False
traper,regalones,Retail Display,2024,5,traper,regalones,29609.0,0.0,104.0,0.0,3,,,,,,,,unmatched,,,0.3512445540207369,0.0,,,,,False
traper,regalones,Retail Display,2024,6,traper,regalones,151931.0,0.0,331.0,0.0,30,,,,,,,,unmatched,,,0.2178620558016468,0.0,,,,,False
traper,regalones,Retail Display,2024,7,traper,regalones,353589.0,0.0,919.0,0.0,29,,,,,,,,unmatched,,,0.2599062753649011,0.0,,,,,False
traper,tg5yhxjky,CRM,2025,7,traper,tg5YHxJKY,0.0,24.0,0.0,242150.0,1,,,,,,,,unmatched,,,,,,,,,False
traper,xbdvs4tpp,CRM,2025,8,traper,xBDvS4tpp,0.0,60.0,2.0,774971.0,1,,,,,,,,unmatched,,,,,,,,,False
traper,xnh1difgh,CRM,2025,6,traper,xnh1DiFgh,0.0,18884.0,323.0,196529.0,1,,,,,,,,unmatched,,,,,,,,,False
trex,6189516 009513,CRM,2023,5,trex,6189516-009513,0.0,104075.0,127.0,0.0,1,,,,,,,,unmatched,,,,,,,,,False
trex,6189516 009539,CRM,2023,5,trex,6189516-009539,0.0,104907.0,70.0,249990.0,1,,,,,,,,unmatched,,,,,,,,,False
trex,aon marzo 2026,Sponsored Products,2026,3,TREX,aon_marzo_2026,25372.0,0.0,569.0,784980.0,1,,,,,,,,unmatched,,,2.2426296705029167,0.0,,,,,False
trex,aon stihl,Sponsored Products,2026,4,TREX,aon_stihl,13413.0,0.0,209.0,1350972.0,1,,,,,,,,unmatched,,,1.5581898158502945,0.0,,,,,False
trex,tactico febrero 2026,Sponsored Products,2026,2,TREX,tactico_febrero_2026,22455.0,0.0,445.0,4364960.0,1,,,,,,,,unmatched,,,1.9817412602983746,0.0,,,,,False
trex,tactico tractores,Google,2026,1,trex,tactico_tractores,36467.0,0.0,1025.0,11461260.0,5,,,,,,,,unmatched,,,2.8107604135245565,0.0,,,,,False
trex,tractores,Google,2025,11,trex,tractores,12529.0,0.0,315.0,6971980.0,3,JARDIN,TREX,Tactico Tractores,300000.0,0.0,300000.0,1.0,probable,tactico tractores,1.0,2.514167132253173,0.0,23.239933333333333,23944.448878601645,952.3809523809524,1.0,True
trex,tractores,Google,2026,2,trex,tractores,9885.0,0.0,289.0,3941910.0,2,,,,,,,,unmatched,,,2.9236216489630755,0.0,,,,,False
trex,tractores,Google,2026,3,trex,tractores,41060.0,0.0,1351.0,4934920.0,3,,,,,,,,unmatched,,,3.290306867998052,0.0,,,,,False
tuhome,,CRM,2025,9,tuhome,,0.0,14727.0,0.0,3090223.0,30,,,,,,,,unmatched,,,,,,,,,False
tuhome,,CRM,2025,10,tuhome,,0.0,48642.0,0.0,8067594.0,57,,,,,,,,unmatched,,,,,,,,,False
tuhome,,CRM,2025,11,tuhome,,0.0,39754.0,0.0,7724154.0,60,,,,,,,,unmatched,,,,,,,,,False
tuhome,,CRM,2025,12,tuhome,,0.0,40694.0,0.0,2794021.0,62,,,,,,,,unmatched,,,,,,,,,False
tuhome,,CRM,2026,1,tuhome,,0.0,37000.0,0.0,6812385.0,62,,,,,,,,unmatched,,,,,,,,,False
tuhome,,CRM,2026,2,tuhome,,0.0,36413.0,0.0,6741042.0,55,,,,,,,,unmatched,,,,,,,,,False
tuhome,,CRM,2026,3,tuhome,,0.0,65665.0,0.0,7991508.0,62,MUEBLES,TUHOME,AON Trigger,900000.0,0.0,900000.0,1.0,probable,aon trigger,1.0,,,8.879453333333334,,,1.0,True
tuhome,,CRM,2026,4,tuhome,,0.0,60200.0,0.0,5602118.0,52,,,,,,,,unmatched,,,,,,,,,False
tuhome,,CRM,2026,5,tuhome,,0.0,49484.0,0.0,3003503.0,44,,,,,,,,unmatched,,,,,,,,,False
tuhome,0rvmuenmi,CRM,2025,10,tuhome,0RvmUENmI,0.0,101144.0,736.0,4334031.0,1,,,,,,,,unmatched,,,,,,,,,False
tuhome,0uznzdo09,CRM,2025,8,tuhome,0UznZDO09,0.0,101083.0,531.0,1647103.0,1,,,,,,,,unmatched,,,,,,,,,False
tuhome,2a zc5sx6,CRM,2024,12,tuhome,2a-zc5Sx6,0.0,101308.0,551.0,2722579.0,1,,,,,,,,unmatched,,,,,,,,,False
tuhome,3ckispkwo,CRM,2025,1,tuhome,3ckIspkWO,0.0,101070.0,592.0,2092828.0,1,MUEBLES,TUHOME,AON Enero 2025,1900000.0,88888.0,1811112.0,2.0,probable,aon enero 2025,1.0,,,1.1014884210526317,,3209.4594594594596,0.9532168421052631,True
tuhome,40ijryr8x,CRM,2024,1,tuhome,40IjrYR8X,0.0,40781.0,3978.0,2129383.0,1,,,,,,,,unmatched,,,,,,,,,False
tuhome,6189516 007762,CRM,2023,1,tuhome,6189516-007762,0.0,101124.0,159.0,6040483.0,1,,,,,,,,unmatched,,,,,,,,,False
tuhome,6189516 008000,CRM,2023,2,tuhome,6189516-008000,0.0,101233.0,250.0,4657570.0,1,,,,,,,,unmatched,,,,,,,,,False
tuhome,6189516 008118,CRM,2023,2,tuhome,6189516-008118,0.0,100999.0,434.0,1262660.0,1,,,,,,,,unmatched,,,,,,,,,False
tuhome,6189516 008238,CRM,2023,2,tuhome,6189516-008238,0.0,100326.0,195.0,1467354.0,1,,,,,,,,unmatched,,,,,,,,,False
tuhome,6189516 008382,CRM,2023,3,tuhome,6189516-008382,0.0,101303.0,242.0,4817875.0,1,,,,,,,,unmatched,,,,,,,,,False
tuhome,6189516 008412,CRM,2023,3,tuhome,6189516-008412,0.0,101254.0,243.0,1206400.0,1,,,,,,,,unmatched,,,,,,,,,False
tuhome,6189516 008413,CRM,2023,3,tuhome,6189516-008413,0.0,101307.0,8.0,895548.0,1,,,,,,,,unmatched,,,,,,,,,False
tuhome,6189516 008439,CRM,2023,3,tuhome,6189516-008439,0.0,99001.0,144.0,2887720.0,1,,,,,,,,unmatched,,,,,,,,,False
tuhome,6189516 008530,CRM,2023,3,tuhome,6189516-008530,0.0,101312.0,158.0,5035285.0,1,,,,,,,,unmatched,,,,,,,,,False
tuhome,6189516 008838,CRM,2023,4,tuhome,6189516-008838,0.0,101415.0,269.0,2486130.0,1,,,,,,,,unmatched,,,,,,,,,False
tuhome,6189516 008940,CRM,2023,4,tuhome,6189516-008940,0.0,101402.0,235.0,2813957.0,1,,,,,,,,unmatched,,,,,,,,,False
tuhome,6189516 009048,CRM,2023,4,tuhome,6189516-009048,0.0,54108.0,57.0,714960.0,1,,,,,,,,unmatched,,,,,,,,,False
tuhome,6189516 009052,CRM,2023,4,tuhome,6189516-009052,0.0,49053.0,7.0,929930.0,1,,,,,,,,unmatched,,,,,,,,,False
tuhome,6189516 009248,CRM,2023,5,tuhome,6189516-009248,0.0,101306.0,153.0,1817430.0,1,,,,,,,,unmatched,,,,,,,,,False
tuhome,6189516 009395,CRM,2023,5,tuhome,6189516-009395,0.0,101067.0,95.0,3661921.0,1,,,,,,,,unmatched,,,,,,,,,False
tuhome,6189516 009503,CRM,2023,5,tuhome,6189516-009503,0.0,30576.0,0.0,891900.0,1,,,,,,,,unmatched,,,,,,,,,False
tuhome,6189516 009505,CRM,2023,5,tuhome,6189516-009505,0.0,105273.0,152.0,1942955.0,1,,,,,,,,unmatched,,,,,,,,,False
tuhome,6189516 009521,CRM,2023,5,tuhome,6189516-009521,0.0,105490.0,128.0,2834984.0,1,,,,,,,,unmatched,,,,,,,,,False
tuhome,6189516 009745,CRM,2023,6,tuhome,6189516-009745,0.0,101257.0,109.0,3236959.0,1,,,,,,,,unmatched,,,,,,,,,False
tuhome,6189516 009757,CRM,2023,6,tuhome,6189516-009757,0.0,102011.0,113.0,2694603.0,1,,,,,,,,unmatched,,,,,,,,,False
tuhome,6189516 009926,CRM,2023,6,tuhome,6189516-009926,0.0,26978.0,0.0,2132830.0,1,,,,,,,,unmatched,,,,,,,,,False
tuhome,6189516 010004,CRM,2023,7,tuhome,6189516-010004,0.0,101279.0,182.0,6270476.0,1,,,,,,,,unmatched,,,,,,,,,False
tuhome,6189516 010019,CRM,2023,7,tuhome,6189516-010019,0.0,52183.0,87.0,3657236.0,1,,,,,,,,unmatched,,,,,,,,,False
tuhome,6189516 010020,CRM,2023,7,tuhome,6189516-010020,0.0,52196.0,112.0,944910.0,1,,,,,,,,unmatched,,,,,,,,,False
tuhome,6189516 010188,CRM,2023,7,tuhome,6189516-010188,0.0,53153.0,6184.0,3536690.0,1,,,,,,,,unmatched,,,,,,,,,False
tuhome,6189516 010200,CRM,2023,7,tuhome,6189516-010200,0.0,101330.0,192.0,8210146.0,1,,,,,,,,unmatched,,,,,,,,,False
tuhome,6189516 010457,CRM,2023,8,tuhome,6189516-010457,0.0,101784.0,88.0,4064331.0,1,,,,,,,,unmatched,,,,,,,,,False
tuhome,6189516 010748,CRM,2023,8,tuhome,6189516-010748,0.0,54136.0,4426.0,2870759.0,1,,,,,,,,unmatched,,,,,,,,,False
tuhome,6189516 010794,CRM,2023,8,tuhome,6189516-010794,0.0,53957.0,6001.0,4019996.0,1,,,,,,,,unmatched,,,,,,,,,False
tuhome,6189516 011163,CRM,2023,10,tuhome,6189516-011163,0.0,96769.0,630.0,5150701.0,1,,,,,,,,unmatched,,,,,,,,,False
tuhome,6189516 011169,CRM,2023,9,tuhome,6189516-011169,0.0,101207.0,471.0,10884811.0,1,,,,,,,,unmatched,,,,,,,,,False
tuhome,6189516 011193,CRM,2023,10,tuhome,6189516-011193,0.0,105301.0,197.0,2813244.0,1,,,,,,,,unmatched,,,,,,,,,False
tuhome,6189516 011242,CRM,2023,10,tuhome,6189516-011242,0.0,105276.0,164.0,1229621.0,1,,,,,,,,unmatched,,,,,,,,,False
tuhome,6189516 011260,CRM,2023,9,tuhome,6189516-011260,0.0,53878.0,4815.0,5321131.0,1,,,,,,,,unmatched,,,,,,,,,False
tuhome,6189516 011366,CRM,2023,10,tuhome,6189516-011366,0.0,51268.0,3580.0,1060707.0,1,,,,,,,,unmatched,,,,,,,,,False
tuhome,6189516 011476,CRM,2023,10,tuhome,6189516-011476,0.0,101291.0,437.0,2987845.0,1,,,,,,,,unmatched,,,,,,,,,False
tuhome,6189516 011650,CRM,2023,10,tuhome,6189516-011650,0.0,53972.0,3253.0,1301920.0,1,,,,,,,,unmatched,,,,,,,,,False
tuhome,6189516 011923,CRM,2023,11,tuhome,6189516-011923,0.0,53976.0,4863.0,1789647.0,1,,,,,,,,unmatched,,,,,,,,,False
tuhome,6189516 012289,CRM,2023,12,tuhome,6189516-012289,0.0,101288.0,416.0,2930267.0,1,,,,,,,,unmatched,,,,,,,,,False
tuhome,6189516 012354,CRM,2023,12,tuhome,6189516-012354,0.0,54250.0,4120.0,823231.0,1,,,,,,,,unmatched,,,,,,,,,False
tuhome,6zdamyblx,CRM,2024,5,tuhome,6ZdAMybLx,0.0,101190.0,498.0,6828565.0,1,,,,,,,,unmatched,,,,,,,,,False
tuhome,adw7f99tq,CRM,2025,4,tuhome,AdW7f99TQ,0.0,101331.0,482.0,2205274.0,1,MUEBLES,TUHOME,AON ABRIL 2025,1900000.0,100000.0,1800000.0,2.0,probable,aon abril 2025,1.0,,,1.1606705263157895,,3941.908713692946,0.9473684210526315,True
tuhome,aon byc,Sponsored Products,2026,4,TUHOME,aon_byc,49466.0,0.0,1278.0,226970.0,1,,,,,,,,unmatched,,,2.583592770792059,0.0,,,,,False
tuhome,aon enero muebles,CRM,2026,2,tuhome,AON Enero Muebles,0.0,53998.0,0.0,641420.0,1,,,,,,,,unmatched,,,,,,,,,False
tuhome,aon enero muebles,Meta,2026,1,tuhome,aon_enero_muebles,396383.0,0.0,16442.0,0.0,9,,,,,,,,unmatched,,,4.1480083656463576,0.0,,,,,False
tuhome,aon febrero 2026,Meta,2026,2,tuhome,aon_febrero_2026,262466.0,0.0,8582.0,0.0,17,,,,,,,,unmatched,,,3.269756844696075,0.0,,,,,False
tuhome,aon febrero 2026,Sponsored Products,2026,2,TUHOME,aon_febrero_2026,152456.0,0.0,2368.0,2041620.0,1,,,,,,,,unmatched,,,1.5532350317468646,0.0,,,,,False
tuhome,aon febrero 2026 byc,Sponsored Products,2026,2,TUHOME,aon_febrero_2026_byc,128003.0,0.0,1887.0,1528840.0,1,,,,,,,,unmatched,,,1.4741841988078404,0.0,,,,,False
tuhome,aon muebles,Sponsored Products,2026,4,TUHOME,aon_muebles,55585.0,0.0,889.0,489950.0,1,,,,,,,,unmatched,,,1.5993523432580732,0.0,,,,,False
tuhome,bares,Retail Display,2024,6,tuhome,bares,216119.0,0.0,381.0,0.0,3,,,,,,,,unmatched,,,0.1762917651849213,0.0,,,,,False
tuhome,bdhkzbd7t,CRM,2025,1,tuhome,bdhKzBD7T,0.0,155019.0,1518.0,2763517.0,1,MUEBLES,TUHOME,AON Enero 2025,1900000.0,88888.0,1811112.0,2.0,probable,aon enero 2025,1.0,,,1.4544826315789474,,1251.6469038208168,0.9532168421052631,True
tuhome,bjkvpqlm6,CRM,2024,3,tuhome,BJkVpqlM6,0.0,101788.0,492.0,1022390.0,1,,,,,,,,unmatched,,,,,,,,,False
tuhome,black,Retail Display,2024,7,tuhome,black,28951.0,0.0,207.0,0.0,1,,,,,,,,unmatched,,,0.7150012089392421,0.0,,,,,False
tuhome,black,Retail Display,2024,8,tuhome,black,150965.0,0.0,1170.0,0.0,4,,,,,,,,unmatched,,,0.7750140761103568,0.0,,,,,False
tuhome,black week,Sponsored Products,2026,3,TUHOME,black_week,175250.0,0.0,3344.0,3900050.0,1,,,,,,,,unmatched,,,1.9081312410841655,0.0,,,,,False
tuhome,bneoa53yy,CRM,2024,10,tuhome,bNeOA53yY,0.0,48573.0,208.0,1328014.0,1,,,,,,,,unmatched,,,,,,,,,False
tuhome,bt7dbpvkr,CRM,2025,11,tuhome,Bt7DBpVKR,0.0,101109.0,223.0,434970.0,1,,,,,,,,unmatched,,,,,,,,,False
tuhome,copa america,Retail Display,2024,6,tuhome,copa_america,193310.0,0.0,455.0,0.0,3,,,,,,,,unmatched,,,0.23537323470073976,0.0,,,,,False
tuhome,copa america,Retail Display,2024,7,tuhome,copa_america,26250.0,0.0,78.0,0.0,1,,,,,,,,unmatched,,,0.29714285714285715,0.0,,,,,False
tuhome,d25o9ekli,CRM,2024,8,tuhome,D25o9eKLi,0.0,1066697.0,28720.0,11961927.0,1,,,,,,,,unmatched,,,,,,,,,False
tuhome,dnj2eawxh,CRM,2024,8,tuhome,dnJ2eAwxH,0.0,101227.0,742.0,2676105.0,1,,,,,,,,unmatched,,,,,,,,,False
tuhome,dtute vby,CRM,2025,4,tuhome,DTUte-VbY,0.0,54073.0,315.0,1284810.0,1,MUEBLES,TUHOME,AON ABRIL 2025,1900000.0,100000.0,1800000.0,2.0,probable,aon abril 2025,1.0,,,0.6762157894736842,,6031.746031746032,0.9473684210526315,True
tuhome,e0qzkntcu,CRM,2024,12,tuhome,e0qzknTcU,0.0,101128.0,562.0,2388440.0,1,,,,,,,,unmatched,,,,,,,,,False
tuhome,enpdqkomd,CRM,2025,11,tuhome,enpDqkoMD,0.0,469254.0,0.0,4502015.0,1,,,,,,,,unmatched,,,,,,,,,False
tuhome,evw3qgwmy,CRM,2025,2,tuhome,eVW3qGwMy,0.0,341910.0,143.0,26261538.0,1,,,,,,,,unmatched,,,,,,,,,False
tuhome,fdgvecye6,CRM,2024,7,tuhome,fdgVecYE6,0.0,1124159.0,28656.0,13256925.0,1,,,,,,,,unmatched,,,,,,,,,False
tuhome,fmfmzajji,CRM,2024,6,tuhome,fmfMzAjJI,0.0,106202.0,244.0,1578850.0,1,,,,,,,,unmatched,,,,,,,,,False
tuhome,fqtymmfpk,CRM,2025,11,tuhome,fqTymmfPk,0.0,101096.0,875.0,1158266.0,1,,,,,,,,unmatched,,,,,,,,,False
tuhome,gxkkkoxy,CRM,2025,10,tuhome,-Gxkkkoxy,0.0,101289.0,269.0,1532900.0,1,,,,,,,,unmatched,,,,,,,,,False
tuhome,gz k7ni2u,CRM,2024,7,tuhome,GZ-k7nI2u,0.0,2984.0,0.0,69990.0,1,,,,,,,,unmatched,,,,,,,,,False
tuhome,hagogkcqq,CRM,2025,2,tuhome,HAgoGkcqq,0.0,101866.0,546.0,5565908.0,1,,,,,,,,unmatched,,,,,,,,,False
tuhome,hriwbannk,CRM,2024,9,tuhome,HRiwbAnNK,0.0,1127962.0,27022.0,8491503.0,1,,,,,,,,unmatched,,,,,,,,,False
tuhome,ijhpnply9,CRM,2024,12,tuhome,iJHPNplY9,0.0,102112.0,374.0,1205443.0,1,,,,,,,,unmatched,,,,,,,,,False
tuhome,iqdhltxsb,CRM,2024,8,tuhome,iQDHlTXSB,0.0,1090614.0,28033.0,16229087.0,1,,,,,,,,unmatched,,,,,,,,,False
tuhome,izpj1dgfo,CRM,2025,3,tuhome,IZpj1dgFO,0.0,352275.0,2000.0,8877780.0,1,,,,,,,,unmatched,,,,,,,,,False
tuhome,j0hcfciq9,CRM,2024,7,tuhome,J0hcfCiQ9,0.0,53934.0,2439.0,847512.0,1,,,,,,,,unmatched,,,,,,,,,False
tuhome,jjnyn9sn4,CRM,2024,10,tuhome,JjNyN9Sn4,0.0,1124262.0,25668.0,7966840.0,1,,,,,,,,unmatched,,,,,,,,,False
tuhome,jvoabf6zn,CRM,2025,10,tuhome,jvoABF6Zn,0.0,106283.0,186.0,1346380.0,1,,,,,,,,unmatched,,,,,,,,,False
tuhome,kepnuqpeb,CRM,2024,6,tuhome,KEPNuQPeB,0.0,53880.0,2284.0,650924.0,1,,,,,,,,unmatched,,,,,,,,,False
tuhome,ksilg0zon,CRM,2025,6,tuhome,KSIlg0ZoN,0.0,101435.0,18.0,2344427.0,1,MUEBLES,TUHOME,AON Junio 2025,2700000.0,165516.0,2534484.0,3.0,probable,aon junio 2025,1.0,,,0.8683062962962963,,150000.0,0.9386977777777777,True
tuhome,kvtknzzp6,CRM,2025,7,tuhome,KvtkNZzP6,0.0,101117.0,492.0,1998894.0,1,BANOS Y COCINAS,TUHOME,AON Julio 2025,1900000.0,88888.0,1811112.0,2.0,probable,aon julio 2025,1.0,,,1.0520494736842105,,3861.788617886179,0.9532168421052631,True
tuhome,lnz6gfbts,CRM,2024,4,tuhome,lnZ6gFbts,0.0,53947.0,2661.0,1292959.0,1,,,,,,,,unmatched,,,,,,,,,False
tuhome,lthqaz0qh,CRM,2025,6,tuhome,lThQaz0QH,0.0,467175.0,1644.0,4813449.0,1,MUEBLES,TUHOME,AON Junio 2025,2700000.0,165516.0,2534484.0,3.0,probable,aon junio 2025,1.0,,,1.7827588888888888,,1642.3357664233577,0.9386977777777777,True
tuhome,m7vz0mfcp,CRM,2024,6,tuhome,m7Vz0MFCp,0.0,106063.0,361.0,765880.0,1,,,,,,,,unmatched,,,,,,,,,False
tuhome,muebles,Retail Display,2024,5,tuhome,muebles,333712.0,0.0,1258.0,0.0,3,,,,,,,,unmatched,,,0.3769717600805485,0.0,,,,,False
tuhome,n76kpzxfn,CRM,2024,11,tuhome,n76KPzXfn	,0.0,101153.0,471.0,3666493.0,1,,,,,,,,unmatched,,,,,,,,,False
tuhome,navsls4c6,CRM,2024,9,tuhome,nAVslS4c6,0.0,101197.0,504.0,11869828.0,1,,,,,,,,unmatched,,,,,,,,,False
tuhome,nycfvus2o,CRM,2024,12,tuhome,nYCFVUS2O,0.0,6.0,2.0,552940.0,1,,,,,,,,unmatched,,,,,,,,,False
tuhome,ochk5hxas,CRM,2025,10,tuhome,OcHk5HxaS,0.0,101400.0,751.0,1761850.0,1,,,,,,,,unmatched,,,,,,,,,False
tuhome,ofdbx03ui,CRM,2025,11,tuhome,oFDbX03uI,0.0,101230.0,341.0,732931.0,1,,,,,,,,unmatched,,,,,,,,,False
tuhome,pccsium1x,CRM,2025,2,tuhome,PcCSiUM1X,0.0,101179.0,720.0,3202020.0,1,,,,,,,,unmatched,,,,,,,,,False
tuhome,pfzwzpblq,CRM,2025,6,tuhome,pfzwzPBlq,0.0,106349.0,194.0,2175790.0,1,MUEBLES,TUHOME,AON Junio 2025,2700000.0,165516.0,2534484.0,3.0,probable,aon junio 2025,1.0,,,0.8058481481481482,,13917.525773195875,0.9386977777777777,True
tuhome,pj12yihpb,CRM,2025,10,tuhome,PJ12yIHpB,0.0,106146.0,148.0,2444489.0,1,,,,,,,,unmatched,,,,,,,,,False
tuhome,pl8j7z6fh,CRM,2024,1,tuhome,pl8j7z6Fh,0.0,101902.0,298.0,2362232.0,1,,,,,,,,unmatched,,,,,,,,,False
tuhome,qogl5bsr3,CRM,2025,3,tuhome,QOGl5BSR3,0.0,100397.0,382.0,7125866.0,1,,,,,,,,unmatched,,,,,,,,,False
tuhome,qsrq4cxud,CRM,2025,7,tuhome,QSrq4cxUd,0.0,437595.0,1403.0,6185140.0,1,BANOS Y COCINAS,TUHOME,AON Julio 2025,1900000.0,88888.0,1811112.0,2.0,probable,aon julio 2025,1.0,,,3.255336842105263,,1354.24091233072,0.9532168421052631,True
tuhome,qvypcjdta,CRM,2024,7,tuhome,qvyPCjdta,0.0,101168.0,893.0,1530604.0,1,,,,,,,,unmatched,,,,,,,,,False
tuhome,r01jgu6sd,CRM,2025,5,tuhome,R01Jgu6Sd,0.0,101135.0,420.0,6215596.0,1,,,,,,,,unmatched,,,,,,,,,False
tuhome,r4n3nx6ks,CRM,2024,7,tuhome,r4n3nx6KS,0.0,103824.0,521.0,6535627.0,1,,,,,,,,unmatched,,,,,,,,,False
tuhome,tgecmbxlf,CRM,2024,5,tuhome,tGECMbXLF,0.0,1125132.0,35578.0,30067376.0,1,,,,,,,,unmatched,,,,,,,,,False
tuhome,tuy1otwwr,CRM,2025,6,tuhome,Tuy1OtwWr,0.0,106307.0,211.0,2087253.0,1,MUEBLES,TUHOME,AON Junio 2025,2700000.0,165516.0,2534484.0,3.0,probable,aon junio 2025,1.0,,,0.7730566666666666,,12796.208530805687,0.9386977777777777,True
tuhome,urttd ldy,CRM,2025,3,tuhome,URttd-LDY,0.0,101256.0,452.0,5636684.0,1,,,,,,,,unmatched,,,,,,,,,False
tuhome,vk1jctztb,CRM,2025,5,tuhome,vk1jctztb,0.0,389137.0,1936.0,19577366.0,1,,,,,,,,unmatched,,,,,,,,,False
tuhome,wfp lwcqy,CRM,2024,3,tuhome,wfp-lwcqY,0.0,53973.0,2819.0,1610405.0,1,,,,,,,,unmatched,,,,,,,,,False
tuhome,x8f pajbi,CRM,2024,3,tuhome,X8F-Pajbi,0.0,101280.0,431.0,2985430.0,1,,,,,,,,unmatched,,,,,,,,,False
tuhome,xqlbymsyx,CRM,2025,7,tuhome,XqLBymsYx,0.0,101123.0,376.0,2460800.0,1,BANOS Y COCINAS,TUHOME,AON Julio 2025,1900000.0,88888.0,1811112.0,2.0,probable,aon julio 2025,1.0,,,1.295157894736842,,5053.191489361702,0.9532168421052631,True
tuhome,xtx2esd32,CRM,2025,3,tuhome,xtx2esD32,0.0,312747.0,1987.0,7537379.0,1,,,,,,,,unmatched,,,,,,,,,False
tuhome,y 4hqsyfq,CRM,2024,12,tuhome,Y-4HQsyfQ,0.0,1128127.0,23416.0,12107861.0,1,,,,,,,,unmatched,,,,,,,,,False
tuhome,ykldlxfty,CRM,2024,2,tuhome,YKlDLxftY,0.0,101450.0,558.0,2126755.0,1,,,,,,,,unmatched,,,,,,,,,False
tuhome,yrglndexo,CRM,2024,4,tuhome,yrGlnDExO,0.0,99532.0,398.0,1970149.0,1,,,,,,,,unmatched,,,,,,,,,False
tuhome,ze78xvjk7,CRM,2024,11,tuhome,ze78xVjK7,0.0,1124403.0,25882.0,19746576.0,1,,,,,,,,unmatched,,,,,,,,,False
tuhome,zuwhpumry,CRM,2024,10,tuhome,zUWHpuMRy,0.0,48530.0,297.0,1490122.0,1,,,,,,,,unmatched,,,,,,,,,False
tvilum,6189516 008701,CRM,2023,3,tvilum,6189516-008701,0.0,100511.0,219.0,1314460.0,1,,,,,,,,unmatched,,,,,,,,,False
tvilum,6189516 008749,CRM,2023,4,tvilum,6189516-008749,0.0,100635.0,547.0,4478033.0,1,,,,,,,,unmatched,,,,,,,,,False
tx,,Sponsored Products,2026,4,TX,,48510.0,0.0,862.0,487960.0,1,,,,,,,,unmatched,,,1.776953205524634,0.0,,,,,False
tx,black friday,Retail Display,2025,11,tx,black_friday,66633.0,0.0,83.0,0.0,3,OBRA GRUESA,TX,Black Noviembre 2025,20106.0,16085.0,4021.0,1.0,probable,black noviembre 2025,1.0,0.12456290426665466,0.0,0.0,301.7423799018504,242.24096385542168,0.19999005272058093,True
tx,black friday,Retail Display,2025,12,tx,black_friday,8357.0,0.0,14.0,0.0,1,,,,,,,,unmatched,,,0.16752423118343904,0.0,,,,,False
tx,black marzo 2026,CRM,2026,3,tx,Black Marzo 2026,0.0,320536.0,0.0,813990.0,1,OBRA GRUESA,TX,Email - Catalogo Mes del Maestro,0.0,53333.0,-53333.0,1.0,probable,email catalogo mes del maestro,1.0,,,,,,,False
tx,black week,Retail Display,2026,3,tx,black_week,103242.0,0.0,84.0,0.0,7,,,,,,,,unmatched,,,0.08136223629918056,0.0,,,,,False
tx,black week,Retail Display,2026,4,tx,black_week,50634.0,0.0,34.0,0.0,5,OBRA GRUESA,TX,Black Marzo 2026,400000.0,320000.0,80000.0,1.0,probable,black marzo 2026,1.0,0.06714855630603941,0.0,0.0,7899.8301536516965,11764.70588235294,0.2,True
tx,black week,Sponsored Products,2026,3,TX,black_week,48340.0,0.0,997.0,1696080.0,1,,,,,,,,unmatched,,,2.0624741414977246,0.0,,,,,False
ugreen,cyber monday,Retail Display,2025,10,ugreen,cyber_monday,65131.0,0.0,149.0,0.0,1,ELECTRICIDAD,UGREEN,Cyber Octubre 2025,200000.0,160000.0,40000.0,1.0,probable,cyber octubre 2025,1.0,0.22876971027621257,0.0,0.0,3070.734366123658,1342.2818791946308,0.2,True
ultu,6189516 009759,CRM,2023,6,ultu,6189516-009759,0.0,101465.0,77.0,0.0,1,,,,,,,,unmatched,,,,,,,,,False
unilever,co brand,Google,2024,10,unilever,co_brand,81568.0,0.0,820.0,0.0,16,,,,,,,,unmatched,,,1.005296194586112,0.0,,,,,False
unilever,co brand,Google,2025,4,unilever,co_brand,19442.0,0.0,211.0,0.0,7,,,,,,,,unmatched,,,1.0852792922538834,0.0,,,,,False
unilever,co brand,Google,2025,5,unilever,co_brand,15886.0,0.0,221.0,59940.0,5,,,,,,,,unmatched,,,1.3911620294599019,0.0,,,,,False
unilever,co brand,Google,2025,12,unilever,co_brand,57015.0,0.0,631.0,386214.0,7,,,,,,,,unmatched,,,1.1067263000964658,0.0,,,,,False
unilever,cyber monday,Retail Display,2024,9,unilever,cyber_monday,15626.0,0.0,105.0,0.0,1,,,,,,,,unmatched,,,0.6719569947523358,0.0,,,,,False
unilever,cyber monday,Retail Display,2024,10,unilever,cyber_monday,144965.0,0.0,287.0,0.0,2,,,,,,,,unmatched,,,0.19797882247439036,0.0,,,,,False
unilever omo,black friday,Retail Display,2024,11,unilever-omo,black_friday,8190.0,0.0,50.0,0.0,2,,,,,,,,unmatched,,,0.6105006105006106,0.0,,,,,False
unilever omo,black friday,Retail Display,2024,12,unilever-omo,black_friday,274829.0,0.0,658.0,0.0,2,,,,,,,,unmatched,,,0.23942160397920162,0.0,,,,,False
unilever omo,black week,Meta,2026,3,unilever-omo,black_week,97066.0,0.0,5300.0,0.0,4,,,,,,,,unmatched,,,5.460202336554509,0.0,,,,,False
unilever omo,black week,Retail Display,2025,3,unilever-omo,black_week,79355.0,0.0,128.0,0.0,7,,,,,,,,unmatched,,,0.16130048516161552,0.0,,,,,False
unilever omo,black week,Retail Display,2025,4,unilever-omo,black_week,131496.0,0.0,240.0,0.0,8,,,,,,,,unmatched,,,0.18251505749224312,0.0,,,,,False
unilever omo drive quix,cyber day,Retail Display,2025,6,unilever-omo-drive-quix,cyber_day,152702.0,0.0,478.0,0.0,3,,,,,,,,unmatched,,,0.3130279891553483,0.0,,,,,False
unilever omo drive quix,cyber monday,Retail Display,2025,10,unilever-omo-drive-quix,cyber_monday,91627.0,0.0,355.0,0.0,3,,,,,,,,unmatched,,,0.3874403832931341,0.0,,,,,False
ursus trotter,aon febrero electrodomesticos 2026,Retail Display,2026,4,ursus_trotter,aon_febrero_electrodomesticos_2026,173093.0,0.0,232.0,0.0,21,ELECTROHOGAR,URSUS TROTTER,AON ABRIL URSUS TROTTER 2026,450000.0,360000.0,90000.0,1.0,probable,aon abril ursus trotter 2026,1.0,0.13403199436141264,0.0,0.0,2599.758511320504,1939.655172413793,0.2,True
ursus trotter,aon ursus trotter,Sponsored Products,2026,4,URSUS TROTTER,aon_ursus_trotter,123031.0,0.0,2494.0,4050240.0,1,,,,,,,,unmatched,,,2.0271313733936975,0.0,,,,,False
ursus trotter,avuiizmj0,CRM,2024,6,ursus trotter,AvUIiZMj0,0.0,102660.0,266.0,10973235.0,1,,,,,,,,unmatched,,,,,,,,,False
ursus trotter,black friday,Retail Display,2025,11,ursus_trotter,black_friday,202122.0,0.0,395.0,0.0,3,ELECTROHOGAR,URSUS TROTTER,Black Noviembre 2025,600000.0,480000.0,120000.0,1.0,probable,black noviembre 2025,1.0,0.19542652457426704,0.0,0.0,2968.5041707483597,1518.987341772152,0.2,True
ursus trotter,black friday,Retail Display,2025,12,ursus_trotter,black_friday,22087.0,0.0,26.0,0.0,1,,,,,,,,unmatched,,,0.11771630370806356,0.0,,,,,False
ursus trotter,black out,Retail Display,2025,7,ursus_trotter,black_out,64399.0,0.0,193.0,0.0,2,,,,,,,,unmatched,,,0.2996940946287986,0.0,,,,,False
ursus trotter,black out,Retail Display,2025,8,ursus_trotter,black_out,139049.0,0.0,310.0,0.0,5,,,,,,,,unmatched,,,0.22294299131960676,0.0,,,,,False
ursus trotter,black week,Sponsored Products,2026,3,URSUS TROTTER,black_week,86364.0,0.0,2341.0,19997690.0,1,ELECTROHOGAR,URSUS TROTTER,AON MARZO URSUS TROTTER 2026,300000.0,247200.0,52800.0,1.0,probable,aon marzo ursus trotter 2026,1.0,2.710620165809828,0.0,66.65896666666667,3473.6695845491176,128.15036309269544,0.176,True
ursus trotter,ckhhdvkcu,CRM,2025,6,ursus trotter,cKhHdvkcU,0.0,106074.0,149.0,5956293.0,1,,,,,,,,unmatched,,,,,,,,,False
ursus trotter,cyber monday,Retail Display,2025,10,ursus_trotter,cyber_monday,256474.0,0.0,781.0,0.0,3,ELECTROHOGAR,URSUS TROTTER,Cyber Octubre 2025,700000.0,560000.0,140000.0,1.0,probable,cyber octubre 2025,1.0,0.3045142977455805,0.0,0.0,2729.3214906774174,896.2868117797696,0.2,True
ursus trotter,electro lb,Google,2025,3,ursus_trotter,electro_lb,155301.0,0.0,2351.0,0.0,7,ELECTROHOGAR,URSUS TROTTER,Black Marzo 2025,1000000.0,0.0,1000000.0,1.0,probable,black marzo 2025,1.0,1.513834424762236,0.0,0.0,6439.108569809595,425.3509145044662,1.0,True
ursus trotter,electro lb,Google,2025,4,ursus_trotter,electro_lb,149840.0,0.0,2048.0,0.0,7,,,,,,,,unmatched,,,1.3667912439935932,0.0,,,,,False
ursus trotter,electrodomesticos,Retail Display,2025,6,ursus_trotter,electrodomesticos,112826.0,0.0,151.0,0.0,6,ELECTROHOGAR,URSUS TROTTER,Always On Junio,1000000.0,0.0,1000000.0,1.0,probable,always on junio,1.0,0.13383439987236984,0.0,0.0,8863.205289560916,6622.516556291391,1.0,True
ursus trotter,kmlo1nnsd,CRM,2025,6,ursus trotter,Kmlo1nnSd,0.0,106209.0,223.0,11848025.0,1,,,,,,,,unmatched,,,,,,,,,False
ursus trotter,okcdtpudx,CRM,2025,6,ursus trotter,OkCdTPudx,0.0,101343.0,569.0,21216726.0,1,,,,,,,,unmatched,,,,,,,,,False
ursus trotter,pdu6kj9dh,CRM,2025,7,ursus trotter,pDu6KJ9DH,0.0,54043.0,249.0,5247068.0,1,,,,,,,,unmatched,,,,,,,,,False
ursus trotter,pkzkxcd99,CRM,2025,6,ursus trotter,PKzkXCD99,0.0,106108.0,131.0,12641015.0,1,,,,,,,,unmatched,,,,,,,,,False
ursus trotter,ursus always on,Retail Display,2025,6,ursus_trotter,ursus_always_on,165521.0,0.0,237.0,0.0,14,ELECTROHOGAR,URSUS TROTTER,Always On Junio,1000000.0,0.0,1000000.0,1.0,probable,always on junio,1.0,0.14318424852435643,0.0,0.0,6041.529473601538,4219.4092827004215,1.0,True
van beek,black,Retail Display,2024,8,van_beek,black,108376.0,0.0,434.0,0.0,3,,,,,,,,unmatched,,,0.40045766590389015,0.0,,,,,False
van beek,black week,Sponsored Products,2026,3,VAN BEEK,black_week,55153.0,0.0,502.0,0.0,1,,,,,,,,unmatched,,,0.9101952749623774,0.0,,,,,False
van beek,cyber day,Retail Display,2024,6,van_beek,cyber_day,303713.0,0.0,1483.0,0.0,3,,,,,,,,unmatched,,,0.4882899316130689,0.0,,,,,False
van beek,cyber day,Retail Display,2025,6,van_beek,cyber_day,107308.0,0.0,212.0,0.0,2,,,,,,,,unmatched,,,0.1975621575278637,0.0,,,,,False
van beek,cyber monday,Retail Display,2025,10,van_beek,cyber_monday,111715.0,0.0,405.0,0.0,3,HERRAMIENTAS Y MAQUINARIAS,VAN BEEK,Cyber Octubre 2025,300000.0,240000.0,60000.0,1.0,probable,cyber octubre 2025,1.0,0.36252965134494025,0.0,0.0,2685.404824777335,740.7407407407408,0.2,True
van beek,jardin black week,Retail Display,2025,3,van_beek,jardin_black_week,76192.0,0.0,319.0,0.0,6,HERRAMIENTAS Y MAQUINARIAS,VAN BEEK,Black Marzo 2025,300000.0,240000.0,60000.0,2.0,probable,black marzo 2025,1.0,0.4186791264174716,0.0,0.0,3937.4212515749687,940.4388714733542,0.2,True
van beek,jardin black week,Retail Display,2025,4,van_beek,jardin_black_week,81445.0,0.0,304.0,0.0,8,,,,,,,,unmatched,,,0.3732580268893118,0.0,,,,,False
van beek,npo4d24s2,CRM,2024,6,van beek,NPO4d24S2,0.0,106287.0,188.0,0.0,1,,,,,,,,unmatched,,,,,,,,,False
van beek power tools,6189516 007891,CRM,2023,1,van beek power tools,6189516-007891,0.0,6754.0,19.0,166990.0,1,,,,,,,,unmatched,,,,,,,,,False
van beek power tools,6189516 007896,CRM,2023,1,van beek power tools,6189516-007896,0.0,95363.0,171.0,0.0,1,,,,,,,,unmatched,,,,,,,,,False
van beek power tools,6189516 008550,CRM,2023,3,van beek power tools,6189516-008550,0.0,101332.0,145.0,189990.0,1,,,,,,,,unmatched,,,,,,,,,False
van beek power tools,8dqwdtcbl,CRM,2024,4,van beek power tools,8DqwdTCbL,0.0,42414.0,1712.0,0.0,1,,,,,,,,unmatched,,,,,,,,,False
van beek power tools,sz6oirhl1,CRM,2024,6,van beek power tools,SZ6oIrHl1,0.0,54006.0,2189.0,319980.0,1,,,,,,,,unmatched,,,,,,,,,False
van beek power tools,tpjwkfdjq,CRM,2024,7,van beek power tools,TPJWKFdJq,0.0,91697.0,682.0,336990.0,1,,,,,,,,unmatched,,,,,,,,,False
van beek power tools,vm9xskisi,CRM,2024,4,van beek power tools,VM9xSKISi,0.0,101280.0,320.0,0.0,1,,,,,,,,unmatched,,,,,,,,,False
van beek power tools,x,CRM,2024,9,van beek power tools,X,0.0,105362.0,0.0,0.0,1,,,,,,,,unmatched,,,,,,,,,False
van beek power tools,x,CRM,2024,10,van beek power tools,X,0.0,106229.0,606.0,281504.0,1,,,,,,,,unmatched,,,,,,,,,False
van beek power tools,yfuhgc8r2,CRM,2025,2,van beek power tools,YFuHgC8R2,0.0,101181.0,0.0,0.0,1,,,,,,,,unmatched,,,,,,,,,False
vanish,5dwgcygcl,CRM,2025,6,vanish,5dwGcygCL,0.0,106243.0,163.0,160960.0,1,,,,,,,,unmatched,,,,,,,,,False
vanish,aseo,Retail Display,2025,3,vanish,aseo,97321.0,0.0,124.0,0.0,29,ASEO,VANISH,Banners BTS Marzo,250000.0,200000.0,50000.0,1.0,probable,banners bts marzo,1.0,0.12741340512325192,0.0,0.0,2568.8186516784663,2016.1290322580646,0.2,True
vanish,aseo,Sponsored Products,2025,4,vanish,aseo,115390.0,0.0,194.0,0.0,15,ASEO,VANISH,Temporada de Casa - 3x2 Aseo,300000.0,247200.0,52800.0,1.0,probable,temporada de casa 3x2 aseo,1.0,0.16812548747725106,0.0,0.0,2599.878672328625,1546.3917525773195,0.176,True
vanish,tactico aseo,Retail Display,2025,2,vanish,tactico_aseo,96166.0,0.0,80.0,0.0,23,ASEO,VANISH,Banners BTS Febrero,250000.0,200000.0,50000.0,1.0,probable,banners bts febrero,1.0,0.08318948484911508,0.0,0.0,2599.671401534846,3125.0,0.2,True
vanish pink stuff,3x2,Retail Display,2025,4,vanish_pink_stuff,3x2,49496.0,0.0,353.0,0.0,15,,,,,,,,unmatched,,,0.7131889445611767,0.0,,,,,False
vanish pink stuff,3x2,Retail Display,2025,5,vanish_pink_stuff,3x2,8211.0,0.0,55.0,0.0,5,,,,,,,,unmatched,,,0.669833150651565,0.0,,,,,False
vekkahome,,CRM,2026,4,vekkahome,,0.0,1582.0,0.0,9112581.0,29,,,,,,,,unmatched,,,,,,,,,False
vekkahome,,CRM,2026,5,vekkahome,,0.0,1153.0,0.0,5745808.0,24,,,,,,,,unmatched,,,,,,,,,False
vekkahome,62gu0wyfc,CRM,2024,3,vekkahome,62Gu0WYfc,0.0,101368.0,776.0,5597788.0,1,,,,,,,,unmatched,,,,,,,,,False
vekkahome,aon abril vekka chile 2026,CRM,2026,5,vekkahome,aon_abril_vekka_chile_2026,0.0,47446.0,0.0,6727749.0,20,,,,,,,,unmatched,,,,,,,,,False
vekkahome,aon vekka home,Sponsored Products,2026,4,VEKKAHOME,aon_vekka_home,176870.0,0.0,6166.0,7647510.0,1,,,,,,,,unmatched,,,3.4861762876689095,0.0,,,,,False
vekkahome,black marzo 2026 muebles,CRM,2026,3,vekkahome,Black Marzo 2026 Muebles,0.0,101899.0,542.0,8383636.0,1,MUEBLES,VEKKAHOME,AON Marzo 2026 Muebles,1200000.0,53333.0,1146667.0,1.0,probable,aon marzo 2026 muebles,1.0,,,6.986363333333333,,2214.0221402214024,0.9555558333333334,True
vekkahome,black week,Sponsored Products,2026,3,VEKKAHOME,black_week,310089.0,0.0,10296.0,20828640.0,1,,,,,,,,unmatched,,,3.320337064520186,0.0,,,,,False
vekkahome,cwmbcku6d,CRM,2024,4,vekkahome,cWMBcku6D,0.0,99515.0,420.0,6571891.0,1,,,,,,,,unmatched,,,,,,,,,False
vekkahome,fadh5g6rf,CRM,2025,10,vekkahome,faDh5G6rf,0.0,106070.0,272.0,2990660.0,1,MUEBLES,VEKKAHOME,Cyber Octubre 2025,1200000.0,27119.0,1172881.0,1.0,probable,cyber octubre 2025,1.0,,,2.4922166666666667,,4411.764705882353,0.9774008333333334,True
vekkahome,jkatylg0t,CRM,2024,1,vekkahome,JkaTylG0t,0.0,101611.0,493.0,4652404.0,1,,,,,,,,unmatched,,,,,,,,,False
vekkahome,kv6v4ifp3,CRM,2025,5,vekkahome,kV6V4iFp3,0.0,30811.0,352.0,3619094.0,1,,,,,,,,unmatched,,,,,,,,,False
vekkahome,kviqsi9bi,CRM,2024,2,vekkahome,kViQSi9Bi,0.0,101293.0,619.0,12574142.0,1,,,,,,,,unmatched,,,,,,,,,False
vekkahome,lbrv4apvb,CRM,2025,8,vekkahome,LBrV4Apvb,0.0,101269.0,309.0,4278575.0,1,,,,,,,,unmatched,,,,,,,,,False
vekkahome,moesqpg5s,CRM,2025,6,vekkahome,MoEsqpG5s,0.0,106362.0,229.0,4141497.0,1,,,,,,,,unmatched,,,,,,,,,False
vekkahome,nngqnhwpl,CRM,2025,6,vekkahome,NNgQnhWPL,0.0,106276.0,305.0,8908888.0,1,,,,,,,,unmatched,,,,,,,,,False
vekkahome,psk8mpycj,CRM,2024,6,vekkahome,pSk8MpyCJ,0.0,101299.0,678.0,3777125.0,1,,,,,,,,unmatched,,,,,,,,,False
vekkahome,sjx165ldr,CRM,2025,3,vekkahome,Sjx165ldr,0.0,101233.0,583.0,9433351.0,1,MUEBLES,VEKKAHOME,Black Marzo 2025,1200000.0,65306.0,1134694.0,2.0,probable,black marzo 2025,1.0,,,7.861125833333333,,2058.319039451115,0.9455783333333333,True
vekkahome,srq4v19nw,CRM,2024,11,vekkahome,srQ4v19Nw,0.0,54009.0,2047.0,1778610.0,1,,,,,,,,unmatched,,,,,,,,,False
vekkahome,udwo3r0dg,CRM,2025,2,vekkahome,udwO3R0dg,0.0,101068.0,574.0,7200915.0,1,MUEBLES,VEKKAHOME,BTS 2025,900000.0,48485.0,851515.0,1.0,probable,bts 2025,1.0,,,8.001016666666667,,1567.9442508710802,0.9461277777777778,True
vekkahome,vr8kfcih6,CRM,2024,6,vekkahome,vR8KfCIH6,0.0,106135.0,310.0,1280850.0,1,,,,,,,,unmatched,,,,,,,,,False
vekkahome,vub9ko3ea,CRM,2025,9,vekkahome,vuB9kO3ea,0.0,101428.0,643.0,5570313.0,1,MUEBLES,VEKKAHOME,AON Septiembre 2025,1000000.0,69565.0,930435.0,1.0,probable,aon septiembre 2025,1.0,,,5.570313,,1555.2099533437015,0.930435,True
vekkahome,x6ltab7bx,CRM,2024,5,vekkahome,x6ltab7BX,0.0,101080.0,559.0,5245747.0,1,,,,,,,,unmatched,,,,,,,,,False
vekkahome,xbapssmy7,CRM,2024,3,vekkahome,xBapsSmY7,0.0,101158.0,621.0,8903003.0,1,,,,,,,,unmatched,,,,,,,,,False
vekkahome,xbk93e2og,CRM,2025,12,vekkahome,XBk93E2Og,0.0,101364.0,569.0,6825485.0,1,,,,,,,,unmatched,,,,,,,,,False
vekkahome,zqhumvqiw,CRM,2025,10,vekkahome,Zqhumvqiw,0.0,106272.0,225.0,5441322.0,1,MUEBLES,VEKKAHOME,Cyber Octubre 2025,1200000.0,27119.0,1172881.0,1.0,probable,cyber octubre 2025,1.0,,,4.534435,,5333.333333333333,0.9774008333333334,True
vekkahome muebles,cyber day,Retail Display,2025,6,vekkahome_muebles,cyber_day,115847.0,0.0,1037.0,0.0,3,,,,,,,,unmatched,,,0.8951461841912178,0.0,,,,,False
veloti,4j0pyjgh3,CRM,2024,9,veloti,4j0PYJGH3,0.0,102100.0,569.0,43001703.0,1,,,,,,,,unmatched,,,,,,,,,False
veloti,6189516 007826,CRM,2023,1,veloti,6189516-007826,0.0,100770.0,147.0,4995413.0,1,,,,,,,,unmatched,,,,,,,,,False
veloti,6189516 007930,CRM,2023,1,veloti,6189516-007930,0.0,53993.0,5631.0,1843565.0,1,,,,,,,,unmatched,,,,,,,,,False
veloti,6189516 007972,CRM,2023,2,veloti,6189516-007972,0.0,100739.0,113.0,715550.0,1,,,,,,,,unmatched,,,,,,,,,False
veloti,6189516 007987,CRM,2023,2,veloti,6189516-007987,0.0,101166.0,102.0,1255790.0,1,,,,,,,,unmatched,,,,,,,,,False
veloti,6189516 008064,CRM,2023,2,veloti,6189516-008064,0.0,101150.0,196.0,3816780.0,1,,,,,,,,unmatched,,,,,,,,,False
veloti,casasegura,Retail Display,2026,1,veloti,casasegura,192462.0,0.0,234.0,0.0,26,FERRETERIA,VELOTI,Casa Segura,250000.0,200000.0,50000.0,1.0,probable,casa segura,1.0,0.12158244224833993,0.0,0.0,1298.957716328418,1068.3760683760684,0.2,True
veloti,es2smyocu,CRM,2024,10,veloti,es2sMyOcu,0.0,102206.0,643.0,12675009.0,1,,,,,,,,unmatched,,,,,,,,,False
veloti,kuybtk7fv,CRM,2024,8,veloti,KUyBTk7fV,0.0,101125.0,576.0,10692963.0,1,,,,,,,,unmatched,,,,,,,,,False
veloti,qa26qxmhw,CRM,2024,12,veloti,Qa26QxMHW,0.0,102210.0,653.0,9763465.0,1,,,,,,,,unmatched,,,,,,,,,False
veloti,vrv42kngy,CRM,2024,11,veloti,Vrv42knGy,0.0,101418.0,861.0,12114014.0,1,,,,,,,,unmatched,,,,,,,,,False
ventis ninja,cyber monday,Google,2025,10,ventis-ninja,cyber_monday,119186.0,0.0,3963.0,0.0,6,,,,,,,,unmatched,,,3.3250549561190073,0.0,,,,,False
ventis ninja,cyber monday,Meta,2025,10,ventis-ninja,cyber_monday,81299.0,0.0,6143.0,0.0,3,,,,,,,,unmatched,,,7.556058500104553,0.0,,,,,False
ventus,,CRM,2026,1,ventus,,0.0,67.0,0.0,1103470.0,10,,,,,,,,unmatched,,,,,,,,,False
ventus,,CRM,2026,2,ventus,,0.0,166.0,0.0,2959930.0,28,,,,,,,,unmatched,,,,,,,,,False
ventus,,CRM,2026,3,ventus,,0.0,183.0,0.0,49990.0,31,,,,,,,,unmatched,,,,,,,,,False
ventus,,CRM,2026,4,ventus,,0.0,326.0,0.0,2379920.0,30,,,,,,,,unmatched,,,,,,,,,False
ventus,,CRM,2026,5,ventus,,0.0,125.0,0.0,129980.0,23,ELECTROHOGAR,VENTUS,AON MAYO VENTUS 2026,800000.0,61538.0,738462.0,1.0,probable,aon mayo ventus 2026,1.0,,,0.162475,,,0.9230775,True
ventus,5jlgdhnhc,CRM,2025,6,ventus,5jLgdhnHc,0.0,105988.0,159.0,1947011.0,1,,,,,,,,unmatched,,,,,,,,,False
ventus,6189516 008581,CRM,2023,3,ventus,6189516-008581,0.0,100812.0,80.0,59990.0,1,,,,,,,,unmatched,,,,,,,,,False
ventus,6189516 011146,CRM,2023,10,ventus,6189516-011146,0.0,105306.0,260.0,639990.0,1,,,,,,,,unmatched,,,,,,,,,False
ventus,6189516 011256,CRM,2023,10,ventus,6189516-011256,0.0,75499.0,149.0,479990.0,1,,,,,,,,unmatched,,,,,,,,,False
ventus,6189516 012018,CRM,2023,11,ventus,6189516-012018,0.0,101146.0,224.0,811518.0,1,,,,,,,,unmatched,,,,,,,,,False
ventus,78gm0wafi,CRM,2024,5,ventus,78gm0wAfi,0.0,101256.0,527.0,5445949.0,1,,,,,,,,unmatched,,,,,,,,,False
ventus,8tazoaumh,CRM,2025,8,ventus,8tAZoAUMh,0.0,53931.0,248.0,1219940.0,1,,,,,,,,unmatched,,,,,,,,,False
ventus,9a9j0tmfv,CRM,2024,11,ventus,9a9j0tMFV,0.0,102196.0,529.0,5815937.0,1,,,,,,,,unmatched,,,,,,,,,False
ventus,aon libero ventus 2026,CRM,2026,1,ventus,aon_libero/ventus_2026,0.0,3775.0,0.0,1839970.0,10,,,,,,,,unmatched,,,,,,,,,False
ventus,aon libero ventus 2026,CRM,2026,2,ventus,aon_libero/ventus_2026,0.0,8208.0,0.0,3339930.0,28,,,,,,,,unmatched,,,,,,,,,False
ventus,aon libero ventus 2026,CRM,2026,3,ventus,aon_libero/ventus_2026,0.0,11960.0,0.0,751960.0,31,,,,,,,,unmatched,,,,,,,,,False
ventus,aon libero ventus 2026,CRM,2026,4,ventus,aon_libero/ventus_2026,0.0,21515.0,0.0,1174950.0,22,,,,,,,,unmatched,,,,,,,,,False
ventus,aon libero ventus 2026,CRM,2026,5,ventus,aon_libero/ventus_2026,0.0,14032.0,0.0,1019920.0,21,ELECTROHOGAR,VENTUS,AON MAYO VENTUS 2026,800000.0,61538.0,738462.0,1.0,probable,aon mayo ventus 2026,1.0,,,1.2749,,,0.9230775,True
ventus,aon ventus,Retail Display,2026,5,ventus,aon_ventus,80607.0,0.0,101.0,0.0,14,ELECTROHOGAR,VENTUS,AON MAYO VENTUS 2026,300000.0,240000.0,60000.0,1.0,probable,aon mayo ventus 2026,1.0,0.12529929162479686,0.0,0.0,3721.7611373702034,2970.29702970297,0.2,True
ventus,bfpe4pur2,CRM,2025,2,ventus,BFPE4pUr2,0.0,54057.0,40.0,149990.0,1,,,,,,,,unmatched,,,,,,,,,False
ventus,ceo9bwx3w,CRM,2025,6,ventus,CEO9BwX3w,0.0,106258.0,162.0,2629900.0,1,,,,,,,,unmatched,,,,,,,,,False
ventus,co brand,Retail Display,2024,5,ventus,co_brand,220553.0,0.0,362.0,0.0,5,,,,,,,,unmatched,,,0.16413288415936306,0.0,,,,,False
ventus,cyber monday,Retail Display,2024,9,ventus,cyber_monday,67137.0,0.0,154.0,0.0,1,,,,,,,,unmatched,,,0.229381712021687,0.0,,,,,False
ventus,cyber monday,Retail Display,2024,10,ventus,cyber_monday,141493.0,0.0,298.0,0.0,2,,,,,,,,unmatched,,,0.21061112563872417,0.0,,,,,False
ventus,hlfvv6kzk,CRM,2025,3,ventus,hLfvv6KZk,0.0,54053.0,443.0,274970.0,1,,,,,,,,unmatched,,,,,,,,,False
ventus,hswcmvaaz,CRM,2025,5,ventus,HswCmVaaz,0.0,54052.0,361.0,1349950.0,1,ELECTROHOGAR,VENTUS,Cyber Junio 2025,400000.0,23188.0,376812.0,1.0,probable,cyber junio 2025,1.0,,,3.374875,,1108.03324099723,0.94203,True
ventus,hu0ajearn,CRM,2025,7,ventus,hu0AJEarN,0.0,54097.0,249.0,1769940.0,1,,,,,,,,unmatched,,,,,,,,,False
ventus,lxvtxjgtk,CRM,2025,4,ventus,lxvTxJgTK,0.0,53995.0,348.0,1606930.0,1,,,,,,,,unmatched,,,,,,,,,False
ventus,mbccwpzp9,CRM,2025,6,ventus,mbCcwpZp9,0.0,54125.0,276.0,59990.0,1,,,,,,,,unmatched,,,,,,,,,False
ventus,mberh739l,CRM,2025,10,ventus,mbERh739L,0.0,54044.0,189.0,869970.0,1,,,,,,,,unmatched,,,,,,,,,False
ventus,meiyoqgwe,CRM,2025,1,ventus,MEIYoQGWe,0.0,33157.0,699.0,579990.0,1,,,,,,,,unmatched,,,,,,,,,False
ventus,nbj54xxuz,CRM,2024,12,ventus,NBJ54xXuZ,0.0,54045.0,1753.0,1246491.0,1,,,,,,,,unmatched,,,,,,,,,False
ventus,po1re4ohp,CRM,2024,6,ventus,pO1rE4ohP,0.0,102535.0,165.0,899950.0,1,,,,,,,,unmatched,,,,,,,,,False
ventus,qmhbnmqf0,CRM,2024,5,ventus,QmhBnMqf0,0.0,2450.0,0.0,2387548.0,1,,,,,,,,unmatched,,,,,,,,,False
ventus,semana marca,Retail Display,2024,9,ventus,semana_marca,302168.0,0.0,615.0,0.0,7,,,,,,,,unmatched,,,0.20352916258505202,0.0,,,,,False
ventus,x,CRM,2024,9,ventus,X,0.0,105259.0,232.0,124980.0,1,,,,,,,,unmatched,,,,,,,,,False
ventus,x,CRM,2024,10,ventus,X,0.0,106268.0,125.0,595950.0,1,,,,,,,,unmatched,,,,,,,,,False
ventus bbq grill,,Otros,2026,5,ventus-bbq_grill,,85190.0,0.0,112.0,0.0,12,,,,,,,,unmatched,,,0.13147082990961378,0.0,,,,,False
ventus bbq grill,aon ventus,Retail Display,2026,4,ventus-bbq_grill,aon_ventus,115388.0,0.0,109.0,0.0,16,,,,,,,,unmatched,,,0.09446389572572537,0.0,,,,,False
ventus bbq grill,cyber monday,Retail Display,2025,10,ventus-bbq_grill,cyber_monday,147038.0,0.0,436.0,0.0,3,,,,,,,,unmatched,,,0.2965219875134319,0.0,,,,,False
ventus bbq grill,parrillas,Retail Display,2025,9,ventus-bbq_grill,parrillas,205917.0,0.0,291.0,0.0,20,,,,,,,,unmatched,,,0.14131907516135142,0.0,,,,,False
ventus blanik,cyber monday,Retail Display,2025,10,ventus-blanik,cyber_monday,147897.0,0.0,571.0,0.0,3,,,,,,,,unmatched,,,0.38607950127453566,0.0,,,,,False
ventus libero,aon libero,Sponsored Products,2026,5,ventus-libero,aon_libero,77816.0,0.0,81.0,0.0,13,,,,,,,,unmatched,,,0.10409170350570576,0.0,,,,,False
ventus libero,semana marca,Retail Display,2024,9,ventus-libero,semana_marca,301154.0,0.0,804.0,0.0,7,,,,,,,,unmatched,,,0.2669730436919317,0.0,,,,,False
vigahome,lanzamiento filtro,Retail Display,2025,5,vigahome,lanzamiento_filtro,73718.0,0.0,138.0,0.0,26,PLOMERIA / GASFITERIA,VIGAHOME,Tactico Mayo Vigahome,200000.0,160000.0,40000.0,1.0,probable,tactico mayo vigahome,1.0,0.18719986977400363,0.0,0.0,2713.041590927589,1449.2753623188405,0.2,True
vigahome,lanzamiento filtro,Retail Display,2025,6,vigahome,lanzamiento_filtro,7014.0,0.0,7.0,0.0,1,,,,,,,,unmatched,,,0.09980039920159679,0.0,,,,,False
vigahome,lukst2sid,CRM,2025,5,vigahome,LukSt2Sid,0.0,101369.0,1079.0,1983081.0,1,,,,,,,,unmatched,,,,,,,,,False
vigahome,viadecohome,Retail Display,2025,3,vigahome,viadecohome,129347.0,0.0,224.0,0.0,22,,,,,,,,unmatched,,,0.1731775765962875,0.0,,,,,False
vigahome,vnlcvlfi3,CRM,2025,9,vigahome,vnlcvlfi3,0.0,101390.0,769.0,2299695.0,1,PLOMERIA / GASFITERIA,VIGAHOME,Táctico Septiembre,0.0,69565.0,-69565.0,1.0,probable,tactico septiembre,1.0,,,,,0.0,,False
vileda,2lddcjjx0,CRM,2025,6,vileda,2LDdcJJx0,0.0,52597.0,455.0,759627.0,1,,,,,,,,unmatched,,,,,,,,,False
vileda,6189516 011245,CRM,2023,10,vileda,6189516-011245,0.0,79612.0,91.0,22960.0,1,,,,,,,,unmatched,,,,,,,,,False
vileda,aseo,Retail Display,2024,7,vileda,aseo,50664.0,0.0,313.0,0.0,14,,,,,,,,unmatched,,,0.6177956734564978,0.0,,,,,False
vileda,aseo,Retail Display,2024,8,vileda,aseo,15752.0,0.0,102.0,0.0,5,,,,,,,,unmatched,,,0.6475368207211782,0.0,,,,,False
vileda,black friday,Retail Display,2024,11,vileda,black_friday,5937.0,0.0,45.0,0.0,2,,,,,,,,unmatched,,,0.7579585649317837,0.0,,,,,False
vileda,black friday,Retail Display,2024,12,vileda,black_friday,156570.0,0.0,454.0,0.0,2,,,,,,,,unmatched,,,0.28996614932618,0.0,,,,,False
vileda,black week,Sponsored Products,2026,3,VILEDA,black_week,11011.0,0.0,285.0,800670.0,1,ASEO,VILEDA,AON Marzo 2026,145181.0,119629.0,25552.0,1.0,probable,aon marzo 2026,1.0,2.588320770138952,0.0,5.51497785522899,13185.087639633095,509.40701754385964,0.17600099186532672,True
vileda,i0t9yz0qq,CRM,2025,10,vileda,I0T9yZ0QQ,0.0,106262.0,349.0,365311.0,1,ASEO,VILEDA,Cyber Octubre 2025,600000.0,27119.0,572881.0,1.0,probable,cyber octubre 2025,1.0,,,0.6088516666666667,,1719.1977077363897,0.9548016666666667,True
vileda,qncysylwn,CRM,2024,7,vileda,qnCYsYLWN,0.0,102680.0,578.0,428142.0,1,,,,,,,,unmatched,,,,,,,,,False
vileda,sbsqnuekk,CRM,2025,10,vileda,sbsqnUeKk,0.0,106187.0,562.0,699511.0,1,ASEO,VILEDA,Cyber Octubre 2025,600000.0,27119.0,572881.0,1.0,probable,cyber octubre 2025,1.0,,,1.1658516666666667,,1067.6156583629893,0.9548016666666667,True
vileda,t1upfhrfd,CRM,2025,4,vileda,T1UpfhRFD,0.0,101312.0,681.0,1278082.0,1,ASEO,VILEDA,Mensajería Vileda - Dr Beckmann Black,750000.0,50000.0,700000.0,1.0,probable,mensajeria vileda dr beckmann black,1.0,,,1.7041093333333333,,1101.3215859030836,0.9333333333333333,True
vileda,x5eyjdgn8,CRM,2025,12,vileda,x5eYJdGn8,0.0,101421.0,549.0,804267.0,1,,,,,,,,unmatched,,,,,,,,,False
vinilit,6189516 007614,CRM,2023,1,vinilit,6189516-007614,0.0,100881.0,231.0,6132102.0,1,,,,,,,,unmatched,,,,,,,,,False
vinilit,6189516 007648,CRM,2023,1,vinilit,6189516-007648,0.0,35710.0,7376.0,9328396.0,1,,,,,,,,unmatched,,,,,,,,,False
virutex,6189516 009768,CRM,2023,6,virutex,6189516-009768,0.0,101996.0,73.0,1755923.0,1,,,,,,,,unmatched,,,,,,,,,False
virutex,6189516 010090,CRM,2023,7,virutex,6189516-010090,0.0,101255.0,43.0,2287317.0,1,,,,,,,,unmatched,,,,,,,,,False
virutex,6189516 010219,CRM,2023,7,virutex,6189516-010219,0.0,101224.0,108.0,2169774.0,1,,,,,,,,unmatched,,,,,,,,,False
virutex,6189516 010255,CRM,2023,7,virutex,6189516-010255,0.0,38187.0,4311.0,1466299.0,1,,,,,,,,unmatched,,,,,,,,,False
virutex,6189516 010311,CRM,2023,7,virutex,6189516-010311,0.0,12777.0,0.0,640956.0,1,,,,,,,,unmatched,,,,,,,,,False
virutex,6189516 010443,CRM,2023,8,virutex,6189516-010443,0.0,101980.0,69.0,2562486.0,1,,,,,,,,unmatched,,,,,,,,,False
virutex,6189516 010597,CRM,2023,8,virutex,6189516-010597,0.0,101224.0,96.0,3157925.0,1,,,,,,,,unmatched,,,,,,,,,False
virutex,6189516 010669,CRM,2023,8,virutex,6189516-010669,0.0,101069.0,42.0,934765.0,1,,,,,,,,unmatched,,,,,,,,,False
volca,campana hazlo todo con volcan,CRM,2026,4,volca,Campaña Hazlo Todo con Volcan,0.0,29887.0,89.0,0.0,1,,,,,,,,unmatched,,,,,,,,,False
volcan,6189516 009080,CRM,2023,4,volcan,6189516-009080,0.0,100807.0,91.0,0.0,1,,,,,,,,unmatched,,,,,,,,,False
volcan,6189516 009197,CRM,2023,5,volcan,6189516-009197,0.0,45000.0,6383.0,2655711.0,1,,,,,,,,unmatched,,,,,,,,,False
volcan,6189516 009206,CRM,2023,5,volcan,6189516-009206,0.0,101911.0,208.0,1549281.0,1,,,,,,,,unmatched,,,,,,,,,False
volcan,6189516 010181,CRM,2023,7,volcan,6189516-010181,0.0,101206.0,148.0,1419331.0,1,,,,,,,,unmatched,,,,,,,,,False
volcan,6189516 010367,CRM,2023,7,volcan,6189516-010367,0.0,102134.0,101.0,2669621.0,1,,,,,,,,unmatched,,,,,,,,,False
volcan,6189516 010641,CRM,2023,8,volcan,6189516-010641,0.0,53917.0,5579.0,1713714.0,1,,,,,,,,unmatched,,,,,,,,,False
volcan,6189516 011439,CRM,2023,10,volcan,6189516-011439,0.0,101300.0,451.0,5968029.0,1,,,,,,,,unmatched,,,,,,,,,False
volcan,6189516 011634,CRM,2023,10,volcan,6189516-011634,0.0,101385.0,285.0,7020692.0,1,,,,,,,,unmatched,,,,,,,,,False
volcan,6189516 011741,CRM,2023,11,volcan,6189516-011741,0.0,99296.0,302.0,2145210.0,1,,,,,,,,unmatched,,,,,,,,,False
volcan,6189516 012105,CRM,2023,12,volcan,6189516-012105,0.0,99844.0,412.0,5349009.0,1,,,,,,,,unmatched,,,,,,,,,False
volcan,black marzo 2026,CRM,2026,3,volcan,Black Marzo 2026,0.0,30059.0,95.0,12064992.0,1,TABIQUERIA/TECHUMBRE/AISLACION,VOLCAN,Campaña Hazlo Todo con Volcan,4700000.0,159999.0,4540001.0,5.0,probable,campana hazlo todo con volcan,1.0,,,2.5670195744680853,,49473.68421052631,0.9659576595744681,True
volcan,black week,Retail Display,2026,3,volcan,black_week,129056.0,0.0,106.0,0.0,6,TABIQUERIA/TECHUMBRE/AISLACION,VOLCAN,Campaña Hazlo Todo con Volcan,400000.0,320000.0,80000.0,1.0,probable,campana hazlo todo con volcan,1.0,0.08213488718075874,0.0,0.0,3099.429704934292,3773.5849056603774,0.2,True
volcan,black week,Retail Display,2026,4,volcan,black_week,63259.0,0.0,51.0,0.0,5,,,,,,,,unmatched,,,0.08062093931298313,0.0,,,,,False
volcan,black week,Sponsored Products,2026,3,VOLCAN,black_week,54434.0,0.0,1190.0,2166639.0,1,TABIQUERIA/TECHUMBRE/AISLACION,VOLCAN,Campaña Hazlo Todo con Volcan,350000.0,288400.0,61600.0,1.0,probable,campana hazlo todo con volcan,1.0,2.1861336664584634,0.0,6.190397142857143,6429.8049013484215,294.11764705882354,0.176,True
volcan,briilfbgr,CRM,2025,7,volcan,bRIiLfbGr,0.0,107.0,2.0,1347662.0,1,TABIQUERIA/TECHUMBRE/AISLACION,VOLCAN,Campaña Aislanglass Jul/Ago,1000000.0,88888.0,911112.0,2.0,probable,campana aislanglass jul ago,1.0,,,1.347662,,500000.0,0.911112,True
volcan,cic76vb0n,CRM,2024,7,volcan,CIC76vb0N,0.0,101263.0,457.0,5370955.0,1,,,,,,,,unmatched,,,,,,,,,False
volcan,co brand,Retail Display,2024,7,volcan,co_brand,780590.0,0.0,1251.0,0.0,30,,,,,,,,unmatched,,,0.1602633905123048,0.0,,,,,False
volcan,cyber day,Retail Display,2024,6,volcan,cyber_day,503849.0,0.0,1938.0,0.0,3,,,,,,,,unmatched,,,0.38463904860384757,0.0,,,,,False
volcan,cyber day,Retail Display,2025,6,volcan,cyber_day,94979.0,0.0,280.0,0.0,3,,,,,,,,unmatched,,,0.29480200886511754,0.0,,,,,False
volcan,cyber monday,Retail Display,2025,10,volcan,cyber_monday,109820.0,0.0,331.0,0.0,3,TABIQUERIA/TECHUMBRE/AISLACION,VOLCAN,Cyber Octubre 2025,300000.0,240000.0,60000.0,1.0,probable,cyber octubre 2025,1.0,0.30140229466399565,0.0,0.0,2731.742851939537,906.3444108761329,0.2,True
volcan,fcg8pybxs,CRM,2025,8,volcan,FCg8pyBxs,0.0,132.0,132.0,2074756.0,1,TABIQUERIA/TECHUMBRE/AISLACION,VOLCAN,Campaña Aislanglass Jul/Ago,1000000.0,53333.0,946667.0,1.0,probable,campana aislanglass jul ago,1.0,,,2.074756,,7575.757575757576,0.946667,True
volcan,h4jnvn3qh,CRM,2024,7,volcan,h4jNvN3qH,0.0,103464.0,335.0,5256929.0,1,,,,,,,,unmatched,,,,,,,,,False
volcan,hazlo todo con volcan,Retail Display,2026,3,volcan,hazlo_todo_con_volcan,153857.0,0.0,69.0,0.0,21,TABIQUERIA/TECHUMBRE/AISLACION,VOLCAN,Campaña Hazlo Todo con Volcan,400000.0,320000.0,80000.0,1.0,probable,campana hazlo todo con volcan,1.0,0.044846838297899996,0.0,0.0,2599.816712921739,5797.101449275362,0.2,True
volcan,hazlo todo con volcan,Retail Display,2026,4,volcan,hazlo_todo_con_volcan,153891.0,0.0,68.0,0.0,21,,,,,,,,unmatched,,,0.044187119454678965,0.0,,,,,False
volcan,hazlo todo con volcan,Sponsored Products,2026,3,VOLCAN,hazlo_todo_con_volcan,92694.0,0.0,2665.0,2071852.0,1,TABIQUERIA/TECHUMBRE/AISLACION,VOLCAN,Campaña Hazlo Todo con Volcan,350000.0,288400.0,61600.0,1.0,probable,campana hazlo todo con volcan,1.0,2.875051243877705,0.0,5.919577142857142,3775.8646730101195,131.33208255159474,0.176,True
volcan,hazlo todo con volcan,Sponsored Products,2026,4,VOLCAN,hazlo_todo_con_volcan,37040.0,0.0,1371.0,1244851.0,1,,,,,,,,unmatched,,,3.701403887688985,0.0,,,,,False
volcan,irp4ia0il,CRM,2025,6,volcan,IRP4Ia0iL,0.0,17513.0,308.0,3216368.0,1,,,,,,,,unmatched,,,,,,,,,False
volcan,jthsxnccb,CRM,2025,2,volcan,jthSxNccB,0.0,102223.0,557.0,5549221.0,1,TABIQUERIA/TECHUMBRE/AISLACION,VOLCAN,Táctico Febrero,900000.0,96970.0,803030.0,2.0,probable,tactico febrero,1.0,,,6.1658011111111115,,1615.7989228007182,0.8922555555555556,True
volcan,lanzamiento,CRM,2025,12,volcan,lanzamiento,0.0,131359.0,388.0,5241951.0,2,,,,,,,,unmatched,,,,,,,,,False
volcan,lanzamiento,Retail Display,2025,12,volcan,lanzamiento,324234.0,0.0,313.0,0.0,16,TABIQUERIA/TECHUMBRE/AISLACION,VOLCAN,Campaña VolcoglassX,400000.0,320000.0,80000.0,2.0,probable,campana volcoglassx,1.0,0.09653521839165541,0.0,0.0,1233.6769123534236,1277.9552715654952,0.2,True
volcan,lqwka052t,CRM,2025,2,volcan,lQwkA052t,0.0,101988.0,621.0,3636712.0,1,TABIQUERIA/TECHUMBRE/AISLACION,VOLCAN,Táctico Febrero,900000.0,96970.0,803030.0,2.0,probable,tactico febrero,1.0,,,4.040791111111111,,1449.2753623188405,0.8922555555555556,True
volcan,multivendor,Retail Display,2025,3,volcan,multivendor,295158.0,0.0,475.0,0.0,25,TABIQUERIA/TECHUMBRE/AISLACION,VOLCAN,Táctico Marzo,700000.0,560000.0,140000.0,1.0,probable,tactico marzo,1.0,0.1609307557308289,0.0,0.0,2371.6111370859,1473.6842105263158,0.2,True
volcan,sin campana,CRM,2025,12,volcan,sin campaña,0.0,30016.0,116.0,6143089.0,1,,,,,,,,unmatched,,,,,,,,,False
volcan,tba1w7pvi,CRM,2024,3,volcan,tbA1W7pVi,0.0,28153.0,363.0,7112438.0,1,,,,,,,,unmatched,,,,,,,,,False
volcan,tc,Retail Display,2025,7,volcan,tc,258953.0,0.0,571.0,0.0,23,TABIQUERIA/TECHUMBRE/AISLACION,VOLCAN,Campaña Aislanglass Jul/Ago,600000.0,480000.0,120000.0,1.0,probable,campana aislanglass jul ago,1.0,0.22050333458195118,0.0,0.0,2317.022780195634,1050.7880910683011,0.2,True
volcan,tc,Retail Display,2025,8,volcan,tc,413860.0,0.0,483.0,0.0,16,TABIQUERIA/TECHUMBRE/AISLACION,VOLCAN,Campaña Aislanglass Jul/Ago,600000.0,480000.0,120000.0,1.0,probable,campana aislanglass jul ago,1.0,0.11670613250857778,0.0,0.0,1449.7656212245686,1242.2360248447205,0.2,True
volcan,tr3wssglh,CRM,2024,4,volcan,Tr3wSSgLH,0.0,24590.0,286.0,4792954.0,1,,,,,,,,unmatched,,,,,,,,,False
volcan,vdt4l12yl,CRM,2024,4,volcan,vdT4l12yL,0.0,25050.0,295.0,5196740.0,1,,,,,,,,unmatched,,,,,,,,,False
volcan,volcan multivendor,Retail Display,2025,2,volcan,volcan_multivendor,297604.0,0.0,507.0,0.0,13,TABIQUERIA/TECHUMBRE/AISLACION,VOLCAN,Táctico Febrero,700000.0,560000.0,140000.0,1.0,probable,tactico febrero,1.0,0.17036061343261516,0.0,0.0,2352.118923132754,1380.670611439842,0.2,True
volcan,zhczu90z6,CRM,2025,10,volcan,zhczu90z6,0.0,106264.0,335.0,6064453.0,1,TABIQUERIA/TECHUMBRE/AISLACION,VOLCAN,Cyber Octubre 2025,1000000.0,27119.0,972881.0,1.0,probable,cyber octubre 2025,1.0,,,6.064453,,2985.0746268656717,0.972881,True
volcan,zpy2ximbo,CRM,2025,3,volcan,ZPy2XIMBO,0.0,27388.0,185.0,7469755.0,1,TABIQUERIA/TECHUMBRE/AISLACION,VOLCAN,Táctico Marzo,900000.0,32653.0,867347.0,1.0,probable,tactico marzo,1.0,,,8.299727777777777,,4864.864864864865,0.9637188888888889,True
volcanboard,6189516 011328,CRM,2023,10,volcanboard,6189516-011328,0.0,51268.0,6167.0,7985810.0,1,,,,,,,,unmatched,,,,,,,,,False
volcanboard,6189516 011841,CRM,2023,11,volcanboard,6189516-011841,0.0,99541.0,332.0,16685617.0,1,,,,,,,,unmatched,,,,,,,,,False
volcanboard,6189516 011857,CRM,2023,11,volcanboard,6189516-011857,0.0,109702.0,242.0,3012627.0,1,,,,,,,,unmatched,,,,,,,,,False
volcanboard,6189516 011906,CRM,2023,11,volcanboard,6189516-011906,0.0,100228.0,236.0,1681021.0,1,,,,,,,,unmatched,,,,,,,,,False
volcanboard,6189516 012071,CRM,2023,11,volcanboard,6189516-012071,0.0,99072.0,227.0,2798162.0,1,,,,,,,,unmatched,,,,,,,,,False
volcanboard,6189516 012128,CRM,2023,12,volcanboard,6189516-012128,0.0,7202.0,0.0,3682544.0,1,,,,,,,,unmatched,,,,,,,,,False
volcanboard,6189516 012245,CRM,2023,12,volcanboard,6189516-012245,0.0,53997.0,4348.0,2506009.0,1,,,,,,,,unmatched,,,,,,,,,False
volcanboard,campana hazlo todo con volcan,CRM,2026,4,volcanboard,Campaña Hazlo Todo con Volcan,0.0,797.0,4.0,47338629.0,4,,,,,,,,unmatched,,,,,,,,,False
volcanboard,hazlo todo con volcan,Sponsored Products,2026,3,VOLCANBOARD,hazlo_todo_con_volcan,19547.0,0.0,511.0,155215.0,1,,,,,,,,unmatched,,,2.6142118995242236,0.0,,,,,False
volcanboard,hazlo todo con volcan,Sponsored Products,2026,4,VOLCANBOARD,hazlo_todo_con_volcan,38509.0,0.0,1290.0,2233849.0,1,,,,,,,,unmatched,,,3.3498662650289543,0.0,,,,,False
volcanboard,jthsxnccb,CRM,2025,2,volcanboard,jthSxNccB,0.0,163.0,5.0,7847450.0,1,,,,,,,,unmatched,,,,,,,,,False
volcanboard,lqwka052t,CRM,2025,2,volcanboard,lQwkA052t,0.0,129.0,0.0,9015058.0,1,,,,,,,,unmatched,,,,,,,,,False
volcanboard,zpy2ximbo,CRM,2025,3,volcanboard,ZPy2XIMBO,0.0,237.0,1.0,16308078.0,1,,,,,,,,unmatched,,,,,,,,,False
volcanita,black week,Sponsored Products,2026,3,VOLCANITA,black_week,0.0,0.0,0.0,1385320.0,1,,,,,,,,unmatched,,,,,,,,,False
volcanita,campana hazlo todo con volcan,CRM,2026,4,volcanita,Campaña Hazlo Todo con Volcan,0.0,988.0,10.0,59423562.0,4,,,,,,,,unmatched,,,,,,,,,False
volcanita,hazlo todo con volcan,Sponsored Products,2026,3,VOLCANITA,hazlo_todo_con_volcan,129725.0,0.0,3140.0,15648316.0,1,,,,,,,,unmatched,,,2.4205049142416653,0.0,,,,,False
volcanita,hazlo todo con volcan,Sponsored Products,2026,4,VOLCANITA,hazlo_todo_con_volcan,52146.0,0.0,2050.0,8536914.0,1,,,,,,,,unmatched,,,3.931269896061059,0.0,,,,,False
volcanita,jthsxnccb,CRM,2025,2,volcanita,jthSxNccB,0.0,184.0,4.0,12691429.0,1,,,,,,,,unmatched,,,,,,,,,False
volcanita,lqwka052t,CRM,2025,2,volcanita,lQwkA052t,0.0,155.0,3.0,8758907.0,1,,,,,,,,unmatched,,,,,,,,,False
volcanita,zpy2ximbo,CRM,2025,3,volcanita,ZPy2XIMBO,0.0,232.0,2.0,14557148.0,1,,,,,,,,unmatched,,,,,,,,,False
wagner,6189516 010782,CRM,2023,8,wagner,6189516-010782,0.0,102066.0,201.0,999550.0,1,,,,,,,,unmatched,,,,,,,,,False
wd 40,ukzp4d2zd,CRM,2025,1,wd-40,UKZP4D2Zd,0.0,54050.0,33.0,3939124.0,1,ACCESORIOS AUTOMOVILES,WD-40,Sobre Ruedas 2025,500000.0,44444.0,455556.0,1.0,probable,sobre ruedas 2025,1.0,,,7.878248,,15151.515151515152,0.911112,True
wd40,co brand,Retail Display,2024,12,wd40,co_brand,257493.0,0.0,266.0,0.0,20,,,,,,,,unmatched,,,0.10330377913185988,0.0,,,,,False
wd40,sobre ruedas,Retail Display,2025,1,wd40,sobre_ruedas,125842.0,0.0,199.0,0.0,26,,,,,,,,unmatched,,,0.15813480396052193,0.0,,,,,False
wd40,sobre ruedas,Retail Display,2025,2,wd40,sobre_ruedas,146345.0,0.0,158.0,0.0,26,,,,,,,,unmatched,,,0.10796405753527624,0.0,,,,,False
weber,6189516 007642,CRM,2023,1,weber,6189516-007642,0.0,101732.0,143.0,7231905.0,1,,,,,,,,unmatched,,,,,,,,,False
weber,6189516 008116,CRM,2023,2,weber,6189516-008116,0.0,51296.0,73.0,3020918.0,1,,,,,,,,unmatched,,,,,,,,,False
weber,6189516 008136,CRM,2023,2,weber,6189516-008136,0.0,46457.0,8621.0,4854513.0,1,,,,,,,,unmatched,,,,,,,,,False
weber,6189516 008280,CRM,2023,2,weber,6189516-008280,0.0,101619.0,135.0,11750570.0,1,,,,,,,,unmatched,,,,,,,,,False
weber,6189516 009616,CRM,2023,5,weber,6189516-009616,0.0,27727.0,4659.0,1431852.0,1,,,,,,,,unmatched,,,,,,,,,False
weber,6189516 009645,CRM,2023,5,weber,6189516-009645,0.0,27712.0,6001.0,2793205.0,1,,,,,,,,unmatched,,,,,,,,,False
weber,6189516 010951,CRM,2023,9,weber,6189516-010951,0.0,101983.0,76.0,4716211.0,1,,,,,,,,unmatched,,,,,,,,,False
weber,6189516 012032,CRM,2023,11,weber,6189516-012032,0.0,101299.0,261.0,7050085.0,1,,,,,,,,unmatched,,,,,,,,,False
weber,eipok5f3n,CRM,2024,2,weber,eIpOK5f3N,0.0,48470.0,1916.0,63432999.0,1,,,,,,,,unmatched,,,,,,,,,False
weber,ppo739ws5,CRM,2025,10,weber,pPo739Ws5,0.0,3007.0,0.0,316663.0,1,,,,,,,,unmatched,,,,,,,,,False
weber,qwl cudgm,CRM,2024,1,weber,qWl-CUDGm,0.0,56178.0,2480.0,80041346.0,1,,,,,,,,unmatched,,,,,,,,,False
wenco,6189516 007716,CRM,2023,1,wenco,6189516-007716,0.0,101114.0,214.0,7089078.0,1,,,,,,,,unmatched,,,,,,,,,False
wenco,6189516 007829,CRM,2023,1,wenco,6189516-007829,0.0,22000.0,8865.0,6643483.0,1,,,,,,,,unmatched,,,,,,,,,False
wenco,6189516 007837,CRM,2023,1,wenco,6189516-007837,0.0,100820.0,338.0,8524741.0,1,,,,,,,,unmatched,,,,,,,,,False
wintec,6189516 009615,CRM,2023,5,wintec,6189516-009615,0.0,27535.0,7502.0,7471633.0,1,,,,,,,,unmatched,,,,,,,,,False
wintec,6189516 010458,CRM,2023,8,wintec,6189516-010458,0.0,102036.0,135.0,9501221.0,1,,,,,,,,unmatched,,,,,,,,,False
yale,6189516 008216,CRM,2023,2,yale,6189516-008216,0.0,101670.0,193.0,648093.0,1,,,,,,,,unmatched,,,,,,,,,False
yale,casa segura,CRM,2025,12,yale,Casa Segura,0.0,8.0,1.0,926901.0,1,,,,,,,,unmatched,,,,,,,,,False
yale,casa segura,CRM,2026,1,yale,Casa Segura,0.0,19.0,1.0,940090.0,1,,,,,,,,unmatched,,,,,,,,,False
zecto,repelentes,Google,2025,12,zecto,repelentes,19008.0,0.0,728.0,62813.0,3,,,,,,,,unmatched,,,3.82996632996633,0.0,,,,,False
zee dreams,6189516 009448,CRM,2023,5,zee dreams,6189516-009448,0.0,105170.0,119.0,1003240.0,1,,,,,,,,unmatched,,,,,,,,,False
